Date,County,State,Vehicle Primary Use,Battery Electric Vehicles (BEVs),Plug-In Hybrid Electric Vehicles (PHEVs),Electric Vehicle (EV) Total,Non-Electric Vehicle Total,Total Vehicles,Percent Electric Vehicles,year,month,numeric_date,county_encoded,months_since_start,ev_total_lag1,ev_total_lag2,ev_total_lag3,ev_total_roll_mean_3,ev_total_pct_change_1,ev_total_pct_change_3,cumulative_ev,ev_growth_slope
2018-05-31,Ada,ID,Passenger,0.0,2.0,2.0,341.0,343.0,0.58,2018,5,24221,0,5,2.0,2.0,2.0,2.0,0.0,0.0,10.0,1.8571428571428568
2018-06-30,Ada,ID,Passenger,0.0,2.0,2.0,332.0,334.0,0.6,2018,6,24222,0,6,2.0,2.0,2.0,2.0,0.0,0.0,12.0,1.9999999999999996
2018-07-31,Ada,ID,Passenger,0.0,2.0,2.0,329.0,331.0,0.6,2018,7,24223,0,7,2.0,2.0,2.0,2.0,0.0,0.0,14.0,1.9999999999999996
2018-08-31,Ada,ID,Passenger,0.0,2.0,2.0,325.0,327.0,0.61,2018,8,24224,0,8,2.0,2.0,2.0,2.0,0.0,0.0,16.0,1.9999999999999998
2018-09-30,Ada,ID,Passenger,0.0,2.0,2.0,327.0,329.0,0.61,2018,9,24225,0,9,2.0,2.0,2.0,2.0,0.0,0.0,18.0,2.0000000000000004
2018-10-31,Ada,ID,Passenger,0.0,2.0,2.0,326.0,328.0,0.61,2018,10,24226,0,10,2.0,2.0,2.0,2.0,0.0,0.0,20.0,2.0000000000000004
2018-11-30,Ada,ID,Passenger,0.0,2.0,2.0,325.0,327.0,0.61,2018,11,24227,0,11,2.0,2.0,2.0,2.0,0.0,0.0,22.0,2.0
2018-12-31,Ada,ID,Passenger,0.0,2.0,2.0,324.0,326.0,0.61,2018,12,24228,0,12,2.0,2.0,2.0,2.0,0.0,0.0,24.0,2.0000000000000004
2019-01-31,Ada,ID,Passenger,0.0,2.0,2.0,322.0,324.0,0.62,2019,1,24229,0,13,2.0,2.0,2.0,2.0,0.0,0.0,26.0,2.0000000000000004
2019-02-28,Ada,ID,Passenger,0.0,2.0,2.0,320.0,322.0,0.62,2019,2,24230,0,14,2.0,2.0,2.0,2.0,0.0,0.0,28.0,2.0000000000000018
2019-03-31,Ada,ID,Passenger,0.0,2.0,2.0,321.0,323.0,0.62,2019,3,24231,0,15,2.0,2.0,2.0,2.0,0.0,0.0,30.0,2.0000000000000013
2019-04-30,Ada,ID,Passenger,0.0,2.0,2.0,322.0,324.0,0.62,2019,4,24232,0,16,2.0,2.0,2.0,2.0,0.0,0.0,32.0,2.0000000000000018
2019-05-31,Ada,ID,Passenger,0.0,2.0,2.0,323.0,325.0,0.62,2019,5,24233,0,17,2.0,2.0,2.0,2.0,0.0,0.0,34.0,2.0
2019-06-30,Ada,ID,Passenger,0.0,2.0,2.0,321.0,323.0,0.62,2019,6,24234,0,18,2.0,2.0,2.0,2.0,0.0,0.0,36.0,2.0000000000000004
2019-07-31,Ada,ID,Passenger,0.0,2.0,2.0,319.0,321.0,0.62,2019,7,24235,0,19,2.0,2.0,2.0,2.0,0.0,0.0,38.0,2.000000000000004
2019-08-31,Ada,ID,Passenger,0.0,2.0,2.0,318.0,320.0,0.62,2019,8,24236,0,20,2.0,2.0,2.0,2.0,0.0,0.0,40.0,1.9999999999999996
2019-09-30,Ada,ID,Passenger,0.0,2.0,2.0,315.0,317.0,0.63,2019,9,24237,0,21,2.0,2.0,2.0,2.0,0.0,0.0,42.0,2.000000000000002
2019-10-31,Ada,ID,Passenger,0.0,2.0,2.0,312.0,314.0,0.64,2019,10,24238,0,22,2.0,2.0,2.0,2.0,0.0,0.0,44.0,2.0000000000000027
2019-11-30,Ada,ID,Passenger,0.0,1.0,1.0,306.0,307.0,0.33,2019,11,24239,0,23,2.0,2.0,2.0,2.0,-0.5,-0.5,45.0,1.8571428571428579
2019-12-31,Ada,ID,Passenger,0.0,1.0,1.0,302.0,303.0,0.33,2019,12,24240,0,24,1.0,2.0,2.0,1.6666666666666667,0.0,-0.5,46.0,1.62857142857143
2020-01-31,Ada,ID,Passenger,0.0,1.0,1.0,299.0,300.0,0.33,2020,1,24241,0,25,1.0,1.0,2.0,1.3333333333333333,0.0,-0.5,47.0,1.3714285714285748
2020-02-29,Ada,ID,Passenger,0.0,1.0,1.0,301.0,302.0,0.33,2020,2,24242,0,26,1.0,1.0,1.0,1.0,0.0,0.0,48.0,1.142857142857148
2020-03-31,Ada,ID,Passenger,0.0,1.0,1.0,301.0,302.0,0.33,2020,3,24243,0,27,1.0,1.0,1.0,1.0,0.0,0.0,49.0,1.000000000000002
2020-04-30,Ada,ID,Passenger,0.0,1.0,1.0,297.0,298.0,0.34,2020,4,24244,0,28,1.0,1.0,1.0,1.0,0.0,0.0,50.0,1.000000000000002
2020-05-31,Ada,ID,Passenger,0.0,1.0,1.0,288.0,289.0,0.35,2020,5,24245,0,29,1.0,1.0,1.0,1.0,0.0,0.0,51.0,1.000000000000002
2020-06-30,Ada,ID,Passenger,0.0,1.0,1.0,285.0,286.0,0.35,2020,6,24246,0,30,1.0,1.0,1.0,1.0,0.0,0.0,52.0,1.0000000000000009
2020-07-31,Ada,ID,Passenger,0.0,1.0,1.0,279.0,280.0,0.36,2020,7,24247,0,31,1.0,1.0,1.0,1.0,0.0,0.0,53.0,1.0000000000000029
2020-08-31,Ada,ID,Passenger,0.0,1.0,1.0,274.0,275.0,0.36,2020,8,24248,0,32,1.0,1.0,1.0,1.0,0.0,0.0,54.0,1.0000000000000049
2020-09-30,Ada,ID,Passenger,0.0,1.0,1.0,267.0,268.0,0.37,2020,9,24249,0,33,1.0,1.0,1.0,1.0,0.0,0.0,55.0,1.0000000000000038
2020-10-31,Ada,ID,Passenger,0.0,1.0,1.0,268.0,269.0,0.37,2020,10,24250,0,34,1.0,1.0,1.0,1.0,0.0,0.0,56.0,1.0
2020-11-30,Ada,ID,Passenger,0.0,1.0,1.0,263.0,264.0,0.38,2020,11,24251,0,35,1.0,1.0,1.0,1.0,0.0,0.0,57.0,1.000000000000002
2020-12-31,Ada,ID,Passenger,0.0,1.0,1.0,261.0,262.0,0.38,2020,12,24252,0,36,1.0,1.0,1.0,1.0,0.0,0.0,58.0,1.0000000000000038
2021-12-31,Ada,ID,Passenger,1.0,0.0,1.0,204.0,205.0,0.49,2021,12,24264,0,37,1.0,1.0,1.0,1.0,0.0,0.0,59.0,1.0000000000000038
2022-01-31,Ada,ID,Passenger,1.0,0.0,1.0,194.0,195.0,0.51,2022,1,24265,0,38,1.0,1.0,1.0,1.0,0.0,0.0,60.0,1.0000000000000038
2022-02-28,Ada,ID,Passenger,1.0,0.0,1.0,190.0,191.0,0.52,2022,2,24266,0,39,1.0,1.0,1.0,1.0,0.0,0.0,61.0,1.0000000000000049
2022-03-31,Ada,ID,Passenger,1.0,0.0,1.0,187.0,188.0,0.53,2022,3,24267,0,40,1.0,1.0,1.0,1.0,0.0,0.0,62.0,1.0000000000000067
2022-04-30,Ada,ID,Passenger,1.0,0.0,1.0,185.0,186.0,0.54,2022,4,24268,0,41,1.0,1.0,1.0,1.0,0.0,0.0,63.0,1.0000000000000009
2022-05-31,Ada,ID,Passenger,1.0,0.0,1.0,178.0,179.0,0.56,2022,5,24269,0,42,1.0,1.0,1.0,1.0,0.0,0.0,64.0,0.999999999999999
2022-06-30,Ada,ID,Passenger,1.0,0.0,1.0,179.0,180.0,0.56,2022,6,24270,0,43,1.0,1.0,1.0,1.0,0.0,0.0,65.0,1.0000000000000049
2022-07-31,Ada,ID,Passenger,1.0,0.0,1.0,172.0,173.0,0.58,2022,7,24271,0,44,1.0,1.0,1.0,1.0,0.0,0.0,66.0,1.0000000000000029
2022-08-31,Ada,ID,Passenger,1.0,0.0,1.0,163.0,164.0,0.61,2022,8,24272,0,45,1.0,1.0,1.0,1.0,0.0,0.0,67.0,1.0000000000000049
2022-09-30,Ada,ID,Passenger,1.0,0.0,1.0,157.0,158.0,0.63,2022,9,24273,0,46,1.0,1.0,1.0,1.0,0.0,0.0,68.0,1.0000000000000087
2022-10-31,Ada,ID,Passenger,1.0,0.0,1.0,151.0,152.0,0.66,2022,10,24274,0,47,1.0,1.0,1.0,1.0,0.0,0.0,69.0,1.0000000000000067
2022-11-30,Ada,ID,Passenger,1.0,0.0,1.0,145.0,146.0,0.68,2022,11,24275,0,48,1.0,1.0,1.0,1.0,0.0,0.0,70.0,1.0000000000000049
2022-12-31,Ada,ID,Passenger,1.0,0.0,1.0,142.0,143.0,0.7,2022,12,24276,0,49,1.0,1.0,1.0,1.0,0.0,0.0,71.0,1.0000000000000049
2023-01-31,Ada,ID,Passenger,1.0,0.0,1.0,136.0,137.0,0.73,2023,1,24277,0,50,1.0,1.0,1.0,1.0,0.0,0.0,72.0,1.0000000000000067
2023-02-28,Ada,ID,Passenger,2.0,0.0,2.0,133.0,135.0,1.48,2023,2,24278,0,51,1.0,1.0,1.0,1.0,1.0,1.0,74.0,1.1428571428571488
2023-03-31,Ada,ID,Passenger,2.0,0.0,2.0,132.0,134.0,1.49,2023,3,24279,0,52,2.0,1.0,1.0,1.3333333333333333,0.0,1.0,76.0,1.3714285714285748
2023-04-30,Ada,ID,Passenger,2.0,0.0,2.0,126.0,128.0,1.56,2023,4,24280,0,53,2.0,2.0,1.0,1.6666666666666667,0.0,1.0,78.0,1.6285714285714339
2023-05-31,Ada,ID,Passenger,2.0,0.0,2.0,120.0,122.0,1.64,2023,5,24281,0,54,2.0,2.0,2.0,2.0,0.0,0.0,80.0,1.8571428571428616
2023-06-30,Ada,ID,Passenger,2.0,0.0,2.0,109.0,111.0,1.8,2023,6,24282,0,55,2.0,2.0,2.0,2.0,0.0,0.0,82.0,2.0000000000000075
2023-07-31,Ada,ID,Passenger,2.0,0.0,2.0,106.0,108.0,1.85,2023,7,24283,0,56,2.0,2.0,2.0,2.0,0.0,0.0,84.0,2.0000000000000018
2023-08-31,Ada,ID,Passenger,2.0,0.0,2.0,103.0,105.0,1.9,2023,8,24284,0,57,2.0,2.0,2.0,2.0,0.0,0.0,86.0,2.0000000000000058
2023-09-30,Ada,ID,Passenger,2.0,0.0,2.0,102.0,104.0,1.92,2023,9,24285,0,58,2.0,2.0,2.0,2.0,0.0,0.0,88.0,2.0000000000000058
2023-10-31,Ada,ID,Passenger,2.0,0.0,2.0,94.0,96.0,2.08,2023,10,24286,0,59,2.0,2.0,2.0,2.0,0.0,0.0,90.0,2.0000000000000018
2023-11-30,Ada,ID,Passenger,2.0,0.0,2.0,91.0,93.0,2.15,2023,11,24287,0,60,2.0,2.0,2.0,2.0,0.0,0.0,92.0,2.0000000000000018
2023-12-31,Ada,ID,Passenger,2.0,0.0,2.0,83.0,85.0,2.35,2023,12,24288,0,61,2.0,2.0,2.0,2.0,0.0,0.0,94.0,2.0000000000000058
2024-01-31,Ada,ID,Passenger,2.0,0.0,2.0,79.0,81.0,2.47,2024,1,24289,0,62,2.0,2.0,2.0,2.0,0.0,0.0,96.0,2.0000000000000018
2024-02-29,Ada,ID,Passenger,2.0,0.0,2.0,78.0,80.0,2.5,2024,2,24290,0,63,2.0,2.0,2.0,2.0,0.0,0.0,98.0,2.000000000000004
2022-03-31,Adams,CO,Passenger,1.0,0.0,1.0,37.0,38.0,2.63,2022,3,24267,1,125,0.0,31.0,0.0,10.333333333333334,0.0,0.0,857.0,8.114285714285794
2022-04-30,Adams,CO,Passenger,1.0,0.0,1.0,35.0,36.0,2.78,2022,4,24268,1,128,0.0,27.0,1.0,9.333333333333334,0.0,0.0,885.0,7.314285714285798
2022-05-31,Adams,CO,Passenger,1.0,0.0,1.0,35.0,36.0,2.78,2022,5,24269,1,130,26.0,1.0,0.0,9.0,-0.9615384615384616,0.0,912.0,10.200000000000058
2022-06-30,Adams,CO,Passenger,1.0,0.0,1.0,34.0,35.0,2.86,2022,6,24270,1,134,1.0,26.0,0.0,9.0,0.0,0.0,940.0,7.20000000000009
2022-07-31,Adams,CO,Passenger,1.0,0.0,1.0,35.0,36.0,2.78,2022,7,24271,1,137,1.0,27.0,1.0,9.666666666666666,0.0,0.0,969.0,7.68571428571438
2022-08-31,Adams,CO,Passenger,1.0,0.0,1.0,35.0,36.0,2.78,2022,8,24272,1,139,29.0,1.0,1.0,10.333333333333334,-0.9655172413793104,0.0,999.0,11.114285714285808
2022-09-30,Adams,CO,Passenger,1.0,0.0,1.0,33.0,34.0,2.94,2022,9,24273,1,142,30.0,1.0,1.0,10.666666666666666,-0.9666666666666667,0.0,1031.0,11.62857142857146
2022-10-31,Adams,CO,Passenger,1.0,0.0,1.0,32.0,33.0,3.03,2022,10,24274,1,146,34.0,32.0,1.0,22.333333333333332,-0.9705882352941176,0.0,1099.0,16.51428571428585
2022-11-30,Adams,CO,Passenger,1.0,0.0,1.0,31.0,32.0,3.12,2022,11,24275,1,150,1.0,33.0,1.0,11.666666666666666,0.0,0.0,1135.0,9.228571428571522
2022-12-31,Adams,CO,Passenger,1.0,0.0,1.0,31.0,32.0,3.12,2022,12,24276,1,152,34.0,1.0,1.0,12.0,-0.9705882352941176,0.0,1170.0,13.114285714285726
2023-01-31,Adams,CO,Passenger,1.0,0.0,1.0,30.0,31.0,3.23,2023,1,24277,1,156,33.0,1.0,1.0,11.666666666666666,-0.9696969696969697,0.0,1206.0,8.31428571428585
2023-02-28,Adams,CO,Passenger,1.0,0.0,1.0,28.0,29.0,3.45,2023,2,24278,1,158,32.0,1.0,33.0,22.0,-0.96875,-0.9696969696969697,1239.0,15.400000000000093
2023-03-31,Adams,CO,Passenger,1.0,0.0,1.0,24.0,25.0,4.0,2023,3,24279,1,161,2.0,2.0,1.0,1.6666666666666667,-0.5,0.0,1244.0,5.914285714285758
2023-04-30,Adams,CO,Passenger,1.0,0.0,1.0,24.0,25.0,4.0,2023,4,24280,1,164,36.0,34.0,1.0,23.666666666666668,-0.9722222222222222,0.0,1315.0,17.62857142857146
2023-05-31,Adams,CO,Passenger,1.0,0.0,1.0,22.0,23.0,4.35,2023,5,24281,1,168,37.0,2.0,2.0,13.666666666666666,-0.972972972972973,-0.5,1357.0,9.714285714285875
2023-06-30,Adams,CO,Passenger,1.0,0.0,1.0,20.0,21.0,4.76,2023,6,24282,1,169,1.0,37.0,2.0,13.333333333333334,0.0,-0.5,1358.0,10.628571428571517
2023-07-31,Adams,CO,Passenger,1.0,0.0,1.0,18.0,19.0,5.26,2023,7,24283,1,173,36.0,37.0,3.0,25.333333333333332,-0.9722222222222222,-0.6666666666666667,1435.0,18.714285714285886
2023-08-31,Adams,CO,Passenger,1.0,0.0,1.0,18.0,19.0,5.26,2023,8,24284,1,177,3.0,37.0,3.0,14.333333333333334,-0.6666666666666667,-0.6666666666666667,1479.0,11.171428571428624
2023-09-30,Adams,CO,Passenger,1.0,0.0,1.0,17.0,18.0,5.56,2023,9,24285,1,179,3.0,1.0,3.0,2.3333333333333335,-0.6666666666666667,-0.6666666666666667,1483.0,7.0571428571430035
2023-10-31,Adams,CO,Passenger,1.0,0.0,1.0,16.0,17.0,5.88,2023,10,24286,1,182,41.0,39.0,1.0,27.0,-0.975609756097561,0.0,1564.0,20.200000000000184
2023-11-30,Adams,CO,Passenger,1.0,0.0,1.0,17.0,18.0,5.56,2023,11,24287,1,184,3.0,1.0,41.0,15.0,-0.6666666666666667,-0.975609756097561,1568.0,16.02857142857153
2023-12-31,Adams,CO,Passenger,1.0,0.0,1.0,15.0,16.0,6.25,2023,12,24288,1,187,3.0,43.0,1.0,15.666666666666666,-0.6666666666666667,0.0,1615.0,12.542857142857256
2024-01-31,Adams,CO,Passenger,1.0,0.0,1.0,15.0,16.0,6.25,2024,1,24289,1,192,3.0,45.0,3.0,17.0,-0.6666666666666667,-0.6666666666666667,1710.0,19.22857142857163
2024-02-29,Adams,CO,Passenger,1.0,0.0,1.0,14.0,15.0,6.67,2024,2,24290,1,194,3.0,1.0,3.0,2.3333333333333335,-0.6666666666666667,-0.6666666666666667,1714.0,8.200000000000095
2017-06-30,Alameda,CA,Passenger,1.0,1.0,2.0,369.0,371.0,0.54,2017,6,24210,2,5,2.0,3.0,4.0,3.0,0.0,-0.5,22.0,3.0
2017-07-31,Alameda,CA,Passenger,1.0,1.0,2.0,362.0,364.0,0.55,2017,7,24211,2,6,2.0,2.0,3.0,2.3333333333333335,0.0,-0.33333333333333337,24.0,2.5142857142857142
2017-08-31,Alameda,CA,Passenger,0.0,1.0,1.0,362.0,363.0,0.28,2017,8,24212,2,7,2.0,2.0,2.0,2.0,-0.5,-0.5,25.0,2.0
2017-09-30,Alameda,CA,Passenger,0.0,1.0,1.0,356.0,357.0,0.28,2017,9,24213,2,8,1.0,2.0,2.0,1.6666666666666667,0.0,-0.5,26.0,1.628571428571429
2017-10-31,Alameda,CA,Passenger,0.0,1.0,1.0,356.0,357.0,0.28,2017,10,24214,2,9,1.0,1.0,2.0,1.3333333333333333,0.0,-0.5,27.0,1.3714285714285719
2017-11-30,Alameda,CA,Passenger,0.0,1.0,1.0,357.0,358.0,0.28,2017,11,24215,2,10,1.0,1.0,1.0,1.0,0.0,0.0,28.0,1.142857142857146
2017-12-31,Alameda,CA,Passenger,0.0,1.0,1.0,356.0,357.0,0.28,2017,12,24216,2,11,1.0,1.0,1.0,1.0,0.0,0.0,29.0,1.0000000000000024
2018-01-31,Alameda,CA,Passenger,0.0,1.0,1.0,362.0,363.0,0.28,2018,1,24217,2,12,1.0,1.0,1.0,1.0,0.0,0.0,30.0,1.000000000000002
2018-02-28,Alameda,CA,Passenger,0.0,1.0,1.0,362.0,363.0,0.28,2018,2,24218,2,13,1.0,1.0,1.0,1.0,0.0,0.0,31.0,1.0000000000000009
2018-03-31,Alameda,CA,Passenger,0.0,1.0,1.0,358.0,359.0,0.28,2018,3,24219,2,14,1.0,1.0,1.0,1.0,0.0,0.0,32.0,1.000000000000002
2018-04-30,Alameda,CA,Passenger,0.0,1.0,1.0,357.0,358.0,0.28,2018,4,24220,2,15,1.0,1.0,1.0,1.0,0.0,0.0,33.0,1.0000000000000038
2018-05-31,Alameda,CA,Passenger,0.0,1.0,1.0,353.0,354.0,0.28,2018,5,24221,2,16,1.0,1.0,1.0,1.0,0.0,0.0,34.0,1.0000000000000004
2018-06-30,Alameda,CA,Passenger,0.0,1.0,1.0,352.0,353.0,0.28,2018,6,24222,2,17,1.0,1.0,1.0,1.0,0.0,0.0,35.0,1.000000000000002
2018-07-31,Alameda,CA,Passenger,0.0,1.0,1.0,348.0,349.0,0.29,2018,7,24223,2,18,1.0,1.0,1.0,1.0,0.0,0.0,36.0,1.0000000000000029
2018-08-31,Alameda,CA,Passenger,0.0,1.0,1.0,346.0,347.0,0.29,2018,8,24224,2,19,1.0,1.0,1.0,1.0,0.0,0.0,37.0,1.0000000000000038
2018-09-30,Alameda,CA,Passenger,0.0,2.0,2.0,339.0,341.0,0.59,2018,9,24225,2,20,1.0,1.0,1.0,1.0,1.0,1.0,39.0,1.142857142857145
2018-10-31,Alameda,CA,Passenger,0.0,2.0,2.0,339.0,341.0,0.59,2018,10,24226,2,21,2.0,1.0,1.0,1.3333333333333333,0.0,1.0,41.0,1.37142857142857
2018-11-30,Alameda,CA,Passenger,0.0,2.0,2.0,335.0,337.0,0.59,2018,11,24227,2,22,2.0,2.0,1.0,1.6666666666666667,0.0,1.0,43.0,1.6285714285714281
2018-12-31,Alameda,CA,Passenger,0.0,2.0,2.0,331.0,333.0,0.6,2018,12,24228,2,23,2.0,2.0,2.0,2.0,0.0,0.0,45.0,1.8571428571428588
2019-01-31,Alameda,CA,Passenger,0.0,2.0,2.0,325.0,327.0,0.61,2019,1,24229,2,24,2.0,2.0,2.0,2.0,0.0,0.0,47.0,2.0000000000000027
2019-02-28,Alameda,CA,Passenger,0.0,2.0,2.0,328.0,330.0,0.61,2019,2,24230,2,25,2.0,2.0,2.0,2.0,0.0,0.0,49.0,2.000000000000001
2019-03-31,Alameda,CA,Passenger,2.0,2.0,4.0,327.0,331.0,1.21,2019,3,24231,2,26,2.0,2.0,2.0,2.0,1.0,1.0,53.0,2.2857142857142874
2019-04-30,Alameda,CA,Passenger,2.0,2.0,4.0,321.0,325.0,1.23,2019,4,24232,2,27,4.0,2.0,2.0,2.6666666666666665,0.0,1.0,57.0,2.742857142857147
2019-05-31,Alameda,CA,Passenger,2.0,2.0,4.0,317.0,321.0,1.25,2019,5,24233,2,28,4.0,4.0,2.0,3.3333333333333335,0.0,1.0,61.0,3.257142857142861
2019-06-30,Alameda,CA,Passenger,3.0,2.0,5.0,315.0,320.0,1.56,2019,6,24234,2,29,4.0,4.0,4.0,4.0,0.25,0.25,66.0,3.8571428571428608
2019-07-31,Alameda,CA,Passenger,3.0,2.0,5.0,311.0,316.0,1.58,2019,7,24235,2,30,5.0,4.0,4.0,4.333333333333333,0.0,0.25,71.0,4.37142857142857
2019-08-31,Alameda,CA,Passenger,3.0,1.0,4.0,301.0,305.0,1.31,2019,8,24236,2,31,5.0,5.0,4.0,4.666666666666667,-0.19999999999999996,0.0,75.0,4.485714285714287
2019-09-30,Alameda,CA,Passenger,3.0,1.0,4.0,302.0,306.0,1.31,2019,9,24237,2,32,4.0,5.0,5.0,4.666666666666667,0.0,-0.19999999999999996,79.0,4.485714285714288
2019-10-31,Alameda,CA,Passenger,4.0,1.0,5.0,306.0,311.0,1.61,2019,10,24238,2,33,4.0,4.0,5.0,4.333333333333333,0.25,0.0,84.0,4.514285714285719
2019-11-30,Alameda,CA,Passenger,4.0,1.0,5.0,302.0,307.0,1.63,2019,11,24239,2,34,5.0,4.0,4.0,4.333333333333333,0.0,0.25,89.0,4.514285714285718
2019-12-31,Alameda,CA,Passenger,4.0,1.0,5.0,303.0,308.0,1.62,2019,12,24240,2,35,5.0,5.0,4.0,4.666666666666667,0.0,0.25,94.0,4.628571428571437
2020-01-31,Alameda,CA,Passenger,4.0,1.0,5.0,296.0,301.0,1.66,2020,1,24241,2,36,5.0,5.0,5.0,5.0,0.0,0.0,99.0,4.85714285714286
2020-02-29,Alameda,CA,Passenger,3.0,1.0,4.0,294.0,298.0,1.34,2020,2,24242,2,37,5.0,5.0,5.0,5.0,-0.19999999999999996,-0.19999999999999996,103.0,4.8571428571428585
2020-03-31,Alameda,CA,Passenger,3.0,1.0,4.0,292.0,296.0,1.35,2020,3,24243,2,38,4.0,5.0,5.0,4.666666666666667,0.0,-0.19999999999999996,107.0,4.6285714285714326
2020-04-30,Alameda,CA,Passenger,3.0,1.0,4.0,288.0,292.0,1.37,2020,4,24244,2,39,4.0,4.0,5.0,4.333333333333333,0.0,-0.19999999999999996,111.0,4.371428571428578
2020-05-31,Alameda,CA,Passenger,2.0,1.0,3.0,282.0,285.0,1.05,2020,5,24245,2,40,4.0,4.0,4.0,4.0,-0.25,-0.25,114.0,4.000000000000013
2020-06-30,Alameda,CA,Passenger,2.0,0.0,2.0,279.0,281.0,0.71,2020,6,24246,2,41,3.0,4.0,4.0,3.6666666666666665,-0.33333333333333337,-0.5,116.0,3.4857142857142938
2020-07-31,Alameda,CA,Passenger,2.0,0.0,2.0,277.0,279.0,0.72,2020,7,24247,2,42,2.0,3.0,4.0,3.0,0.0,-0.5,118.0,3.0000000000000107
2020-08-31,Alameda,CA,Passenger,2.0,0.0,2.0,279.0,281.0,0.71,2020,8,24248,2,43,2.0,2.0,3.0,2.3333333333333335,0.0,-0.33333333333333337,120.0,2.5142857142857236
2020-09-30,Alameda,CA,Passenger,2.0,0.0,2.0,277.0,279.0,0.72,2020,9,24249,2,44,2.0,2.0,2.0,2.0,0.0,0.0,122.0,2.1428571428571384
2020-10-31,Alameda,CA,Passenger,2.0,0.0,2.0,268.0,270.0,0.74,2020,10,24250,2,45,2.0,2.0,2.0,2.0,0.0,0.0,124.0,2.0000000000000133
2020-11-30,Alameda,CA,Passenger,3.0,0.0,3.0,273.0,276.0,1.09,2020,11,24251,2,46,2.0,2.0,2.0,2.0,0.5,0.5,127.0,2.1428571428571574
2020-12-31,Alameda,CA,Passenger,4.0,0.0,4.0,274.0,278.0,1.44,2020,12,24252,2,47,3.0,2.0,2.0,2.3333333333333335,0.33333333333333326,1.0,131.0,2.51428571428572
2021-01-31,Alameda,CA,Passenger,4.0,0.0,4.0,273.0,277.0,1.44,2021,1,24253,2,48,4.0,3.0,2.0,3.0,0.0,1.0,135.0,3.0000000000000027
2021-02-28,Alameda,CA,Passenger,4.0,0.0,4.0,267.0,271.0,1.48,2021,2,24254,2,49,4.0,4.0,3.0,3.6666666666666665,0.0,0.33333333333333326,139.0,3.4857142857142858
2021-03-31,Alameda,CA,Passenger,4.0,0.0,4.0,266.0,270.0,1.48,2021,3,24255,2,50,4.0,4.0,4.0,4.0,0.0,0.0,143.0,3.8571428571428634
2021-04-30,Alameda,CA,Passenger,4.0,0.0,4.0,259.0,263.0,1.52,2021,4,24256,2,51,4.0,4.0,4.0,4.0,0.0,0.0,147.0,4.0
2021-05-31,Alameda,CA,Passenger,4.0,0.0,4.0,253.0,257.0,1.56,2021,5,24257,2,52,4.0,4.0,4.0,4.0,0.0,0.0,151.0,4.0000000000000036
2021-06-30,Alameda,CA,Passenger,4.0,0.0,4.0,252.0,256.0,1.56,2021,6,24258,2,53,4.0,4.0,4.0,4.0,0.0,0.0,155.0,4.0000000000000036
2021-07-31,Alameda,CA,Passenger,5.0,0.0,5.0,247.0,252.0,1.98,2021,7,24259,2,54,4.0,4.0,4.0,4.0,0.25,0.25,160.0,4.142857142857152
2021-08-31,Alameda,CA,Passenger,5.0,0.0,5.0,243.0,248.0,2.02,2021,8,24260,2,55,5.0,4.0,4.0,4.333333333333333,0.0,0.25,165.0,4.371428571428593
2021-09-30,Alameda,CA,Passenger,5.0,0.0,5.0,238.0,243.0,2.06,2021,9,24261,2,56,5.0,5.0,4.0,4.666666666666667,0.0,0.25,170.0,4.628571428571434
2021-10-31,Alameda,CA,Passenger,5.0,0.0,5.0,230.0,235.0,2.13,2021,10,24262,2,57,5.0,5.0,5.0,5.0,0.0,0.0,175.0,4.857142857142865
2021-11-30,Alameda,CA,Passenger,5.0,0.0,5.0,228.0,233.0,2.15,2021,11,24263,2,58,5.0,5.0,5.0,5.0,0.0,0.0,180.0,5.000000000000012
2021-12-31,Alameda,CA,Passenger,5.0,0.0,5.0,229.0,234.0,2.14,2021,12,24264,2,59,5.0,5.0,5.0,5.0,0.0,0.0,185.0,5.000000000000009
2022-01-31,Alameda,CA,Passenger,5.0,0.0,5.0,225.0,230.0,2.17,2022,1,24265,2,60,5.0,5.0,5.0,5.0,0.0,0.0,190.0,5.000000000000004
2022-02-28,Alameda,CA,Passenger,5.0,0.0,5.0,224.0,229.0,2.18,2022,2,24266,2,61,5.0,5.0,5.0,5.0,0.0,0.0,195.0,5.000000000000009
2022-03-31,Alameda,CA,Passenger,5.0,0.0,5.0,218.0,223.0,2.24,2022,3,24267,2,62,5.0,5.0,5.0,5.0,0.0,0.0,200.0,5.000000000000009
2022-04-30,Alameda,CA,Passenger,5.0,1.0,6.0,212.0,218.0,2.75,2022,4,24268,2,63,5.0,5.0,5.0,5.0,0.19999999999999996,0.19999999999999996,206.0,5.14285714285716
2022-05-31,Alameda,CA,Passenger,5.0,1.0,6.0,206.0,212.0,2.83,2022,5,24269,2,64,6.0,5.0,5.0,5.333333333333333,0.0,0.19999999999999996,212.0,5.371428571428586
2022-06-30,Alameda,CA,Passenger,5.0,1.0,6.0,201.0,207.0,2.9,2022,6,24270,2,65,6.0,6.0,5.0,5.666666666666667,0.0,0.19999999999999996,218.0,5.628571428571436
2022-07-31,Alameda,CA,Passenger,5.0,1.0,6.0,198.0,204.0,2.94,2022,7,24271,2,66,6.0,6.0,6.0,6.0,0.0,0.0,224.0,5.857142857142877
2022-08-31,Alameda,CA,Passenger,5.0,1.0,6.0,194.0,200.0,3.0,2022,8,24272,2,67,6.0,6.0,6.0,6.0,0.0,0.0,230.0,6.000000000000021
2022-09-30,Alameda,CA,Passenger,6.0,1.0,7.0,191.0,198.0,3.54,2022,9,24273,2,68,6.0,6.0,6.0,6.0,0.16666666666666674,0.16666666666666674,237.0,6.1428571428571805
2022-10-31,Alameda,CA,Passenger,6.0,1.0,7.0,188.0,195.0,3.59,2022,10,24274,2,69,7.0,6.0,6.0,6.333333333333333,0.0,0.16666666666666674,244.0,6.37142857142858
2022-11-30,Alameda,CA,Passenger,4.0,1.0,5.0,189.0,194.0,2.58,2022,11,24275,2,70,7.0,7.0,6.0,6.666666666666667,-0.2857142857142857,-0.16666666666666663,249.0,6.342857142857149
2022-12-31,Alameda,CA,Passenger,4.0,1.0,5.0,184.0,189.0,2.65,2022,12,24276,2,71,5.0,7.0,7.0,6.333333333333333,0.0,-0.2857142857142857,254.0,6.114285714285734
2023-01-31,Alameda,CA,Passenger,4.0,1.0,5.0,180.0,185.0,2.7,2023,1,24277,2,72,5.0,5.0,7.0,5.666666666666667,0.0,-0.2857142857142857,259.0,5.742857142857156
2023-02-28,Alameda,CA,Passenger,4.0,1.0,5.0,178.0,183.0,2.73,2023,2,24278,2,73,5.0,5.0,5.0,5.0,0.0,0.0,264.0,5.285714285714281
2023-03-31,Alameda,CA,Passenger,4.0,1.0,5.0,179.0,184.0,2.72,2023,3,24279,2,74,5.0,5.0,5.0,5.0,0.0,0.0,269.0,5.000000000000016
2023-04-30,Alameda,CA,Passenger,4.0,1.0,5.0,178.0,183.0,2.73,2023,4,24280,2,75,5.0,5.0,5.0,5.0,0.0,0.0,274.0,5.000000000000009
2023-05-31,Alameda,CA,Passenger,4.0,1.0,5.0,175.0,180.0,2.78,2023,5,24281,2,76,5.0,5.0,5.0,5.0,0.0,0.0,279.0,5.000000000000024
2023-06-30,Alameda,CA,Passenger,4.0,1.0,5.0,168.0,173.0,2.89,2023,6,24282,2,77,5.0,5.0,5.0,5.0,0.0,0.0,284.0,5.000000000000009
2023-07-31,Alameda,CA,Passenger,4.0,1.0,5.0,164.0,169.0,2.96,2023,7,24283,2,78,5.0,5.0,5.0,5.0,0.0,0.0,289.0,5.000000000000016
2023-08-31,Alameda,CA,Passenger,4.0,1.0,5.0,161.0,166.0,3.01,2023,8,24284,2,79,5.0,5.0,5.0,5.0,0.0,0.0,294.0,5.000000000000039
2023-09-30,Alameda,CA,Passenger,4.0,1.0,5.0,156.0,161.0,3.11,2023,9,24285,2,80,5.0,5.0,5.0,5.0,0.0,0.0,299.0,5.000000000000024
2023-10-31,Alameda,CA,Passenger,4.0,1.0,5.0,147.0,152.0,3.29,2023,10,24286,2,81,5.0,5.0,5.0,5.0,0.0,0.0,304.0,5.000000000000016
2023-11-30,Alameda,CA,Passenger,4.0,1.0,5.0,143.0,148.0,3.38,2023,11,24287,2,82,5.0,5.0,5.0,5.0,0.0,0.0,309.0,5.000000000000032
2023-12-31,Alameda,CA,Passenger,4.0,1.0,5.0,134.0,139.0,3.6,2023,12,24288,2,83,5.0,5.0,5.0,5.0,0.0,0.0,314.0,5.000000000000016
2024-01-31,Alameda,CA,Passenger,3.0,1.0,4.0,134.0,138.0,2.9,2024,1,24289,2,84,5.0,5.0,5.0,5.0,-0.19999999999999996,-0.19999999999999996,318.0,4.857142857142876
2024-02-29,Alameda,CA,Passenger,3.0,1.0,4.0,130.0,134.0,2.99,2024,2,24290,2,85,4.0,5.0,5.0,4.666666666666667,0.0,-0.19999999999999996,322.0,4.628571428571457
2017-08-31,Albemarle,VA,Passenger,0.0,1.0,1.0,32.0,33.0,3.03,2017,8,24212,3,5,1.0,1.0,1.0,1.0,0.0,0.0,6.0,0.9999999999999998
2017-09-30,Albemarle,VA,Passenger,0.0,1.0,1.0,32.0,33.0,3.03,2017,9,24213,3,6,1.0,1.0,1.0,1.0,0.0,0.0,7.0,0.9999999999999998
2017-10-31,Albemarle,VA,Passenger,0.0,1.0,1.0,32.0,33.0,3.03,2017,10,24214,3,7,1.0,1.0,1.0,1.0,0.0,0.0,8.0,0.9999999999999999
2017-11-30,Albemarle,VA,Passenger,0.0,1.0,1.0,32.0,33.0,3.03,2017,11,24215,3,8,1.0,1.0,1.0,1.0,0.0,0.0,9.0,1.0000000000000002
2017-12-31,Albemarle,VA,Passenger,0.0,1.0,1.0,32.0,33.0,3.03,2017,12,24216,3,9,1.0,1.0,1.0,1.0,0.0,0.0,10.0,1.0000000000000002
2018-01-31,Albemarle,VA,Passenger,0.0,1.0,1.0,30.0,31.0,3.23,2018,1,24217,3,10,1.0,1.0,1.0,1.0,0.0,0.0,11.0,1.0
2018-10-31,Albemarle,VA,Passenger,1.0,0.0,1.0,27.0,28.0,3.57,2018,10,24226,3,11,1.0,1.0,1.0,1.0,0.0,0.0,12.0,1.0000000000000002
2018-11-30,Albemarle,VA,Passenger,1.0,0.0,1.0,27.0,28.0,3.57,2018,11,24227,3,12,1.0,1.0,1.0,1.0,0.0,0.0,13.0,1.0000000000000002
2018-12-31,Albemarle,VA,Passenger,1.0,0.0,1.0,26.0,27.0,3.7,2018,12,24228,3,13,1.0,1.0,1.0,1.0,0.0,0.0,14.0,1.0000000000000009
2019-01-31,Albemarle,VA,Passenger,1.0,0.0,1.0,25.0,26.0,3.85,2019,1,24229,3,14,1.0,1.0,1.0,1.0,0.0,0.0,15.0,1.0000000000000007
2019-02-28,Albemarle,VA,Passenger,1.0,0.0,1.0,25.0,26.0,3.85,2019,2,24230,3,15,1.0,1.0,1.0,1.0,0.0,0.0,16.0,1.0000000000000009
2019-03-31,Albemarle,VA,Passenger,1.0,0.0,1.0,24.0,25.0,4.0,2019,3,24231,3,16,1.0,1.0,1.0,1.0,0.0,0.0,17.0,1.0
2019-04-30,Albemarle,VA,Passenger,1.0,0.0,1.0,26.0,27.0,3.7,2019,4,24232,3,17,1.0,1.0,1.0,1.0,0.0,0.0,18.0,1.0000000000000002
2019-05-31,Albemarle,VA,Passenger,1.0,0.0,1.0,25.0,26.0,3.85,2019,5,24233,3,18,1.0,1.0,1.0,1.0,0.0,0.0,19.0,1.000000000000002
2019-06-30,Albemarle,VA,Passenger,1.0,0.0,1.0,24.0,25.0,4.0,2019,6,24234,3,19,1.0,1.0,1.0,1.0,0.0,0.0,20.0,0.9999999999999998
2019-07-31,Albemarle,VA,Passenger,1.0,0.0,1.0,23.0,24.0,4.17,2019,7,24235,3,20,1.0,1.0,1.0,1.0,0.0,0.0,21.0,1.000000000000001
2019-08-31,Albemarle,VA,Passenger,1.0,0.0,1.0,23.0,24.0,4.17,2019,8,24236,3,21,1.0,1.0,1.0,1.0,0.0,0.0,22.0,1.0000000000000013
2019-09-30,Albemarle,VA,Passenger,1.0,0.0,1.0,25.0,26.0,3.85,2019,9,24237,3,22,1.0,1.0,1.0,1.0,0.0,0.0,23.0,1.0000000000000013
2019-10-31,Albemarle,VA,Passenger,1.0,0.0,1.0,27.0,28.0,3.57,2019,10,24238,3,23,1.0,1.0,1.0,1.0,0.0,0.0,24.0,1.0000000000000004
2019-11-30,Albemarle,VA,Passenger,1.0,0.0,1.0,27.0,28.0,3.57,2019,11,24239,3,24,1.0,1.0,1.0,1.0,0.0,0.0,25.0,1.0000000000000013
2019-12-31,Albemarle,VA,Passenger,1.0,0.0,1.0,27.0,28.0,3.57,2019,12,24240,3,25,1.0,1.0,1.0,1.0,0.0,0.0,26.0,1.0000000000000013
2020-01-31,Albemarle,VA,Passenger,1.0,0.0,1.0,27.0,28.0,3.57,2020,1,24241,3,26,1.0,1.0,1.0,1.0,0.0,0.0,27.0,1.0000000000000013
2020-02-29,Albemarle,VA,Passenger,1.0,0.0,1.0,27.0,28.0,3.57,2020,2,24242,3,27,1.0,1.0,1.0,1.0,0.0,0.0,28.0,1.0000000000000013
2020-03-31,Albemarle,VA,Passenger,1.0,0.0,1.0,23.0,24.0,4.17,2020,3,24243,3,28,1.0,1.0,1.0,1.0,0.0,0.0,29.0,1.0000000000000024
2020-04-30,Albemarle,VA,Passenger,1.0,0.0,1.0,23.0,24.0,4.17,2020,4,24244,3,29,1.0,1.0,1.0,1.0,0.0,0.0,30.0,1.000000000000002
2020-05-31,Albemarle,VA,Passenger,1.0,0.0,1.0,22.0,23.0,4.35,2020,5,24245,3,30,1.0,1.0,1.0,1.0,0.0,0.0,31.0,1.0000000000000009
2020-06-30,Albemarle,VA,Passenger,1.0,0.0,1.0,23.0,24.0,4.17,2020,6,24246,3,31,1.0,1.0,1.0,1.0,0.0,0.0,32.0,1.000000000000002
2020-07-31,Albemarle,VA,Passenger,1.0,0.0,1.0,22.0,23.0,4.35,2020,7,24247,3,32,1.0,1.0,1.0,1.0,0.0,0.0,33.0,1.0000000000000038
2020-08-31,Albemarle,VA,Passenger,1.0,0.0,1.0,22.0,23.0,4.35,2020,8,24248,3,33,1.0,1.0,1.0,1.0,0.0,0.0,34.0,1.0000000000000004
2020-09-30,Albemarle,VA,Passenger,1.0,0.0,1.0,22.0,23.0,4.35,2020,9,24249,3,34,1.0,1.0,1.0,1.0,0.0,0.0,35.0,1.000000000000002
2020-10-31,Albemarle,VA,Passenger,1.0,0.0,1.0,23.0,24.0,4.17,2020,10,24250,3,35,1.0,1.0,1.0,1.0,0.0,0.0,36.0,1.0000000000000029
2020-11-30,Albemarle,VA,Passenger,1.0,0.0,1.0,23.0,24.0,4.17,2020,11,24251,3,36,1.0,1.0,1.0,1.0,0.0,0.0,37.0,1.0000000000000038
2020-12-31,Albemarle,VA,Passenger,1.0,0.0,1.0,23.0,24.0,4.17,2020,12,24252,3,37,1.0,1.0,1.0,1.0,0.0,0.0,38.0,1.0
2021-01-31,Albemarle,VA,Passenger,1.0,0.0,1.0,24.0,25.0,4.0,2021,1,24253,3,38,1.0,1.0,1.0,1.0,0.0,0.0,39.0,1.0000000000000009
2021-02-28,Albemarle,VA,Passenger,1.0,0.0,1.0,24.0,25.0,4.0,2021,2,24254,3,39,1.0,1.0,1.0,1.0,0.0,0.0,40.0,1.0000000000000009
2021-03-31,Albemarle,VA,Passenger,1.0,0.0,1.0,24.0,25.0,4.0,2021,3,24255,3,40,1.0,1.0,1.0,1.0,0.0,0.0,41.0,1.0000000000000038
2021-04-30,Albemarle,VA,Passenger,1.0,0.0,1.0,23.0,24.0,4.17,2021,4,24256,3,41,1.0,1.0,1.0,1.0,0.0,0.0,42.0,1.0000000000000009
2021-05-31,Albemarle,VA,Passenger,1.0,0.0,1.0,22.0,23.0,4.35,2021,5,24257,3,42,1.0,1.0,1.0,1.0,0.0,0.0,43.0,1.0000000000000029
2021-06-30,Albemarle,VA,Passenger,2.0,0.0,2.0,22.0,24.0,6.9025,2021,6,24258,3,43,1.0,1.0,1.0,1.0,1.0,1.0,45.0,1.1428571428571441
2021-07-31,Albemarle,VA,Passenger,2.0,0.0,2.0,22.0,24.0,6.9025,2021,7,24259,3,44,2.0,1.0,1.0,1.3333333333333333,0.0,1.0,47.0,1.3714285714285768
2021-08-31,Albemarle,VA,Passenger,2.0,0.0,2.0,23.0,25.0,6.9025,2021,8,24260,3,45,2.0,2.0,1.0,1.6666666666666667,0.0,1.0,49.0,1.628571428571432
2021-09-30,Albemarle,VA,Passenger,2.0,0.0,2.0,23.0,25.0,6.9025,2021,9,24261,3,46,2.0,2.0,2.0,2.0,0.0,0.0,51.0,1.8571428571428596
2021-10-31,Albemarle,VA,Passenger,2.0,0.0,2.0,23.0,25.0,6.9025,2021,10,24262,3,47,2.0,2.0,2.0,2.0,0.0,0.0,53.0,2.0000000000000027
2021-11-30,Albemarle,VA,Passenger,2.0,0.0,2.0,23.0,25.0,6.9025,2021,11,24263,3,48,2.0,2.0,2.0,2.0,0.0,0.0,55.0,2.000000000000001
2021-12-31,Albemarle,VA,Passenger,3.0,0.0,3.0,22.0,25.0,6.9025,2021,12,24264,3,49,2.0,2.0,2.0,2.0,0.5,0.5,58.0,2.142857142857146
2022-01-31,Albemarle,VA,Passenger,3.0,0.0,3.0,22.0,25.0,6.9025,2022,1,24265,3,50,3.0,2.0,2.0,2.3333333333333335,0.0,0.5,61.0,2.371428571428575
2022-02-28,Albemarle,VA,Passenger,3.0,0.0,3.0,22.0,25.0,6.9025,2022,2,24266,3,51,3.0,3.0,2.0,2.6666666666666665,0.0,0.5,64.0,2.628571428571429
2022-03-31,Albemarle,VA,Passenger,3.0,0.0,3.0,21.0,24.0,6.9025,2022,3,24267,3,52,3.0,3.0,3.0,3.0,0.0,0.0,67.0,2.8571428571428608
2022-04-30,Albemarle,VA,Passenger,3.0,0.0,3.0,21.0,24.0,6.9025,2022,4,24268,3,53,3.0,3.0,3.0,3.0,0.0,0.0,70.0,3.0000000000000027
2022-05-31,Albemarle,VA,Passenger,3.0,0.0,3.0,20.0,23.0,6.9025,2022,5,24269,3,54,3.0,3.0,3.0,3.0,0.0,0.0,73.0,3.0
2022-06-30,Albemarle,VA,Passenger,3.0,0.0,3.0,20.0,23.0,6.9025,2022,6,24270,3,55,3.0,3.0,3.0,3.0,0.0,0.0,76.0,3.000000000000001
2022-07-31,Albemarle,VA,Passenger,3.0,0.0,3.0,20.0,23.0,6.9025,2022,7,24271,3,56,3.0,3.0,3.0,3.0,0.0,0.0,79.0,3.000000000000001
2022-08-31,Albemarle,VA,Passenger,3.0,0.0,3.0,19.0,22.0,6.9025,2022,8,24272,3,57,3.0,3.0,3.0,3.0,0.0,0.0,82.0,3.000000000000005
2022-09-30,Albemarle,VA,Passenger,2.0,0.0,2.0,19.0,21.0,6.9025,2022,9,24273,3,58,3.0,3.0,3.0,3.0,-0.33333333333333337,-0.33333333333333337,84.0,2.8571428571428648
2022-10-31,Albemarle,VA,Passenger,2.0,0.0,2.0,18.0,20.0,6.9025,2022,10,24274,3,59,2.0,3.0,3.0,2.6666666666666665,0.0,-0.33333333333333337,86.0,2.628571428571433
2022-11-30,Albemarle,VA,Passenger,2.0,0.0,2.0,18.0,20.0,6.9025,2022,11,24275,3,60,2.0,2.0,3.0,2.3333333333333335,0.0,-0.33333333333333337,88.0,2.3714285714285794
2022-12-31,Albemarle,VA,Passenger,2.0,0.0,2.0,18.0,20.0,6.9025,2022,12,24276,3,61,2.0,2.0,2.0,2.0,0.0,0.0,90.0,2.142857142857144
2023-01-31,Albemarle,VA,Passenger,2.0,0.0,2.0,17.0,19.0,6.9025,2023,1,24277,3,62,2.0,2.0,2.0,2.0,0.0,0.0,92.0,2.0000000000000018
2023-02-28,Albemarle,VA,Passenger,2.0,0.0,2.0,16.0,18.0,6.9025,2023,2,24278,3,63,2.0,2.0,2.0,2.0,0.0,0.0,94.0,2.0000000000000058
2023-03-31,Albemarle,VA,Passenger,2.0,0.0,2.0,16.0,18.0,6.9025,2023,3,24279,3,64,2.0,2.0,2.0,2.0,0.0,0.0,96.0,2.0000000000000018
2023-04-30,Albemarle,VA,Passenger,2.0,0.0,2.0,16.0,18.0,6.9025,2023,4,24280,3,65,2.0,2.0,2.0,2.0,0.0,0.0,98.0,2.000000000000004
2023-05-31,Albemarle,VA,Passenger,2.0,0.0,2.0,15.0,17.0,6.9025,2023,5,24281,3,66,2.0,2.0,2.0,2.0,0.0,0.0,100.0,2.000000000000004
2023-06-30,Albemarle,VA,Passenger,2.0,0.0,2.0,15.0,17.0,6.9025,2023,6,24282,3,67,2.0,2.0,2.0,2.0,0.0,0.0,102.0,2.000000000000004
2023-07-31,Albemarle,VA,Passenger,2.0,0.0,2.0,15.0,17.0,6.9025,2023,7,24283,3,68,2.0,2.0,2.0,2.0,0.0,0.0,104.0,2.0000000000000018
2023-08-31,Albemarle,VA,Passenger,2.0,0.0,2.0,14.0,16.0,6.9025,2023,8,24284,3,69,2.0,2.0,2.0,2.0,0.0,0.0,106.0,2.0000000000000058
2023-09-30,Albemarle,VA,Passenger,2.0,0.0,2.0,14.0,16.0,6.9025,2023,9,24285,3,70,2.0,2.0,2.0,2.0,0.0,0.0,108.0,2.0000000000000098
2023-10-31,Albemarle,VA,Passenger,2.0,0.0,2.0,14.0,16.0,6.9025,2023,10,24286,3,71,2.0,2.0,2.0,2.0,0.0,0.0,110.0,2.0000000000000075
2023-11-30,Albemarle,VA,Passenger,2.0,0.0,2.0,14.0,16.0,6.9025,2023,11,24287,3,72,2.0,2.0,2.0,2.0,0.0,0.0,112.0,2.0
2023-12-31,Albemarle,VA,Passenger,2.0,0.0,2.0,14.0,16.0,6.9025,2023,12,24288,3,73,2.0,2.0,2.0,2.0,0.0,0.0,114.0,2.000000000000004
2024-01-31,Albemarle,VA,Passenger,2.0,0.0,2.0,14.0,16.0,6.9025,2024,1,24289,3,74,2.0,2.0,2.0,2.0,0.0,0.0,116.0,2.0000000000000075
2024-02-29,Albemarle,VA,Passenger,2.0,0.0,2.0,14.0,16.0,6.9025,2024,2,24290,3,75,2.0,2.0,2.0,2.0,0.0,0.0,118.0,2.0000000000000075
2019-06-30,Alexandria,VA,Passenger,1.0,0.0,1.0,142.0,143.0,0.7,2019,6,24234,4,5,1.0,1.0,1.0,1.0,0.0,0.0,6.0,0.9999999999999998
2019-07-31,Alexandria,VA,Passenger,1.0,0.0,1.0,142.0,143.0,0.7,2019,7,24235,4,6,1.0,1.0,1.0,1.0,0.0,0.0,7.0,0.9999999999999998
2019-08-31,Alexandria,VA,Passenger,1.0,0.0,1.0,142.0,143.0,0.7,2019,8,24236,4,7,1.0,1.0,1.0,1.0,0.0,0.0,8.0,0.9999999999999999
2019-09-30,Alexandria,VA,Passenger,1.0,0.0,1.0,142.0,143.0,0.7,2019,9,24237,4,8,1.0,1.0,1.0,1.0,0.0,0.0,9.0,1.0000000000000002
2019-10-31,Alexandria,VA,Passenger,1.0,0.0,1.0,142.0,143.0,0.7,2019,10,24238,4,9,1.0,1.0,1.0,1.0,0.0,0.0,10.0,1.0000000000000002
2019-11-30,Alexandria,VA,Passenger,1.0,0.0,1.0,143.0,144.0,0.69,2019,11,24239,4,10,1.0,1.0,1.0,1.0,0.0,0.0,11.0,1.0
2019-12-31,Alexandria,VA,Passenger,1.0,0.0,1.0,143.0,144.0,0.69,2019,12,24240,4,11,1.0,1.0,1.0,1.0,0.0,0.0,12.0,1.0000000000000002
2020-01-31,Alexandria,VA,Passenger,1.0,0.0,1.0,143.0,144.0,0.69,2020,1,24241,4,12,1.0,1.0,1.0,1.0,0.0,0.0,13.0,1.0000000000000002
2020-02-29,Alexandria,VA,Passenger,1.0,0.0,1.0,140.0,141.0,0.71,2020,2,24242,4,13,1.0,1.0,1.0,1.0,0.0,0.0,14.0,1.0000000000000009
2020-03-31,Alexandria,VA,Passenger,1.0,0.0,1.0,138.0,139.0,0.72,2020,3,24243,4,14,1.0,1.0,1.0,1.0,0.0,0.0,15.0,1.0000000000000007
2020-04-30,Alexandria,VA,Passenger,1.0,0.0,1.0,136.0,137.0,0.73,2020,4,24244,4,15,1.0,1.0,1.0,1.0,0.0,0.0,16.0,1.0000000000000009
2020-05-31,Alexandria,VA,Passenger,2.0,0.0,2.0,136.0,138.0,1.45,2020,5,24245,4,16,1.0,1.0,1.0,1.0,1.0,1.0,18.0,1.1428571428571426
2020-06-30,Alexandria,VA,Passenger,2.0,0.0,2.0,136.0,138.0,1.45,2020,6,24246,4,17,2.0,1.0,1.0,1.3333333333333333,0.0,1.0,20.0,1.3714285714285714
2020-07-31,Alexandria,VA,Passenger,3.0,0.0,3.0,133.0,136.0,2.21,2020,7,24247,4,18,2.0,2.0,1.0,1.6666666666666667,0.5,2.0,23.0,1.771428571428573
2020-08-31,Alexandria,VA,Passenger,3.0,0.0,3.0,129.0,132.0,2.27,2020,8,24248,4,19,3.0,2.0,2.0,2.3333333333333335,0.0,0.5,26.0,2.2285714285714286
2020-09-30,Alexandria,VA,Passenger,3.0,0.0,3.0,131.0,134.0,2.24,2020,9,24249,4,20,3.0,3.0,2.0,2.6666666666666665,0.0,0.5,29.0,2.628571428571429
2020-10-31,Alexandria,VA,Passenger,3.0,0.0,3.0,131.0,134.0,2.24,2020,10,24250,4,21,3.0,3.0,3.0,3.0,0.0,0.0,32.0,2.8571428571428577
2020-11-30,Alexandria,VA,Passenger,3.0,0.0,3.0,130.0,133.0,2.26,2020,11,24251,4,22,3.0,3.0,3.0,3.0,0.0,0.0,35.0,3.0
2020-12-31,Alexandria,VA,Passenger,3.0,0.0,3.0,130.0,133.0,2.26,2020,12,24252,4,23,3.0,3.0,3.0,3.0,0.0,0.0,38.0,3.000000000000001
2021-01-31,Alexandria,VA,Passenger,3.0,0.0,3.0,129.0,132.0,2.27,2021,1,24253,4,24,3.0,3.0,3.0,3.0,0.0,0.0,41.0,3.0000000000000013
2021-02-28,Alexandria,VA,Passenger,3.0,0.0,3.0,130.0,133.0,2.26,2021,2,24254,4,25,3.0,3.0,3.0,3.0,0.0,0.0,44.0,2.9999999999999996
2021-03-31,Alexandria,VA,Passenger,3.0,0.0,3.0,128.0,131.0,2.29,2021,3,24255,4,26,3.0,3.0,3.0,3.0,0.0,0.0,47.0,3.0000000000000004
2021-04-30,Alexandria,VA,Passenger,3.0,0.0,3.0,131.0,134.0,2.24,2021,4,24256,4,27,3.0,3.0,3.0,3.0,0.0,0.0,50.0,3.0000000000000013
2021-05-31,Alexandria,VA,Passenger,3.0,0.0,3.0,127.0,130.0,2.31,2021,5,24257,4,28,3.0,3.0,3.0,3.0,0.0,0.0,53.0,3.0000000000000027
2021-06-30,Alexandria,VA,Passenger,3.0,0.0,3.0,120.0,123.0,2.44,2021,6,24258,4,29,3.0,3.0,3.0,3.0,0.0,0.0,56.0,3.000000000000001
2021-07-31,Alexandria,VA,Passenger,3.0,0.0,3.0,118.0,121.0,2.48,2021,7,24259,4,30,3.0,3.0,3.0,3.0,0.0,0.0,59.0,3.000000000000004
2021-08-31,Alexandria,VA,Passenger,3.0,0.0,3.0,120.0,123.0,2.44,2021,8,24260,4,31,3.0,3.0,3.0,3.0,0.0,0.0,62.0,3.0000000000000018
2021-09-30,Alexandria,VA,Passenger,3.0,0.0,3.0,122.0,125.0,2.4,2021,9,24261,4,32,3.0,3.0,3.0,3.0,0.0,0.0,65.0,3.0000000000000058
2021-10-31,Alexandria,VA,Passenger,3.0,0.0,3.0,121.0,124.0,2.42,2021,10,24262,4,33,3.0,3.0,3.0,3.0,0.0,0.0,68.0,3.0000000000000027
2021-11-30,Alexandria,VA,Passenger,3.0,0.0,3.0,117.0,120.0,2.5,2021,11,24263,4,34,3.0,3.0,3.0,3.0,0.0,0.0,71.0,3.0000000000000075
2021-12-31,Alexandria,VA,Passenger,3.0,0.0,3.0,114.0,117.0,2.56,2021,12,24264,4,35,3.0,3.0,3.0,3.0,0.0,0.0,74.0,3.0000000000000018
2022-01-31,Alexandria,VA,Passenger,4.0,0.0,4.0,110.0,114.0,3.51,2022,1,24265,4,36,3.0,3.0,3.0,3.0,0.33333333333333326,0.33333333333333326,78.0,3.142857142857145
2022-02-28,Alexandria,VA,Passenger,4.0,0.0,4.0,111.0,115.0,3.48,2022,2,24266,4,37,4.0,3.0,3.0,3.3333333333333335,0.0,0.33333333333333326,82.0,3.371428571428575
2022-03-31,Alexandria,VA,Passenger,4.0,0.0,4.0,108.0,112.0,3.57,2022,3,24267,4,38,4.0,4.0,3.0,3.6666666666666665,0.0,0.33333333333333326,86.0,3.62857142857143
2022-04-30,Alexandria,VA,Passenger,4.0,0.0,4.0,108.0,112.0,3.57,2022,4,24268,4,39,4.0,4.0,4.0,4.0,0.0,0.0,90.0,3.8571428571428634
2022-05-31,Alexandria,VA,Passenger,4.0,0.0,4.0,106.0,110.0,3.64,2022,5,24269,4,40,4.0,4.0,4.0,4.0,0.0,0.0,94.0,4.000000000000005
2022-06-30,Alexandria,VA,Passenger,4.0,0.0,4.0,108.0,112.0,3.57,2022,6,24270,4,41,4.0,4.0,4.0,4.0,0.0,0.0,98.0,4.000000000000002
2022-07-31,Alexandria,VA,Passenger,4.0,0.0,4.0,106.0,110.0,3.64,2022,7,24271,4,42,4.0,4.0,4.0,4.0,0.0,0.0,102.0,4.0000000000000036
2022-08-31,Alexandria,VA,Passenger,4.0,0.0,4.0,103.0,107.0,3.74,2022,8,24272,4,43,4.0,4.0,4.0,4.0,0.0,0.0,106.0,4.000000000000005
2022-09-30,Alexandria,VA,Passenger,4.0,0.0,4.0,100.0,104.0,3.85,2022,9,24273,4,44,4.0,4.0,4.0,4.0,0.0,0.0,110.0,4.000000000000002
2022-10-31,Alexandria,VA,Passenger,4.0,0.0,4.0,100.0,104.0,3.85,2022,10,24274,4,45,4.0,4.0,4.0,4.0,0.0,0.0,114.0,4.000000000000002
2022-11-30,Alexandria,VA,Passenger,4.0,1.0,5.0,97.0,102.0,4.9,2022,11,24275,4,46,4.0,4.0,4.0,4.0,0.25,0.25,119.0,4.1428571428571495
2022-12-31,Alexandria,VA,Passenger,3.0,1.0,4.0,96.0,100.0,4.0,2022,12,24276,4,47,5.0,4.0,4.0,4.333333333333333,-0.19999999999999996,0.0,123.0,4.228571428571434
2023-01-31,Alexandria,VA,Passenger,3.0,1.0,4.0,94.0,98.0,4.08,2023,1,24277,4,48,4.0,5.0,4.0,4.333333333333333,0.0,0.0,127.0,4.257142857142861
2023-02-28,Alexandria,VA,Passenger,3.0,1.0,4.0,92.0,96.0,4.17,2023,2,24278,4,49,4.0,4.0,5.0,4.333333333333333,0.0,-0.19999999999999996,131.0,4.228571428571441
2023-03-31,Alexandria,VA,Passenger,3.0,1.0,4.0,91.0,95.0,4.21,2023,3,24279,4,50,4.0,4.0,4.0,4.0,0.0,0.0,135.0,4.1428571428571495
2023-04-30,Alexandria,VA,Passenger,3.0,1.0,4.0,91.0,95.0,4.21,2023,4,24280,4,51,4.0,4.0,4.0,4.0,0.0,0.0,139.0,4.0000000000000115
2023-05-31,Alexandria,VA,Passenger,3.0,1.0,4.0,88.0,92.0,4.35,2023,5,24281,4,52,4.0,4.0,4.0,4.0,0.0,0.0,143.0,4.0000000000000036
2023-06-30,Alexandria,VA,Passenger,3.0,1.0,4.0,87.0,91.0,4.4,2023,6,24282,4,53,4.0,4.0,4.0,4.0,0.0,0.0,147.0,4.0
2023-07-31,Alexandria,VA,Passenger,3.0,1.0,4.0,85.0,89.0,4.49,2023,7,24283,4,54,4.0,4.0,4.0,4.0,0.0,0.0,151.0,4.0000000000000036
2023-08-31,Alexandria,VA,Passenger,3.0,1.0,4.0,82.0,86.0,4.65,2023,8,24284,4,55,4.0,4.0,4.0,4.0,0.0,0.0,155.0,4.0000000000000036
2023-09-30,Alexandria,VA,Passenger,3.0,1.0,4.0,78.0,82.0,4.88,2023,9,24285,4,56,4.0,4.0,4.0,4.0,0.0,0.0,159.0,4.000000000000008
2023-10-31,Alexandria,VA,Passenger,3.0,1.0,4.0,79.0,83.0,4.82,2023,10,24286,4,57,4.0,4.0,4.0,4.0,0.0,0.0,163.0,4.000000000000008
2023-11-30,Alexandria,VA,Passenger,3.0,0.0,3.0,77.0,80.0,3.75,2023,11,24287,4,58,4.0,4.0,4.0,4.0,-0.25,-0.25,166.0,3.8571428571428714
2023-12-31,Alexandria,VA,Passenger,3.0,0.0,3.0,75.0,78.0,3.85,2023,12,24288,4,59,3.0,4.0,4.0,3.6666666666666665,0.0,-0.25,169.0,3.6285714285714414
2024-01-31,Alexandria,VA,Passenger,3.0,0.0,3.0,74.0,77.0,3.9,2024,1,24289,4,60,3.0,3.0,4.0,3.3333333333333335,0.0,-0.25,172.0,3.3714285714285883
2024-02-29,Alexandria,VA,Passenger,3.0,0.0,3.0,73.0,76.0,3.95,2024,2,24290,4,61,3.0,3.0,3.0,3.0,0.0,0.0,175.0,3.142857142857155
2017-06-30,Allegheny,PA,Passenger,1.0,0.0,1.0,93.0,94.0,1.06,2017,6,24210,5,5,1.0,1.0,1.0,1.0,0.0,0.0,6.0,0.9999999999999998
2017-07-31,Allegheny,PA,Passenger,1.0,0.0,1.0,90.0,91.0,1.1,2017,7,24211,5,6,1.0,1.0,1.0,1.0,0.0,0.0,7.0,0.9999999999999998
2017-08-31,Allegheny,PA,Passenger,1.0,0.0,1.0,89.0,90.0,1.11,2017,8,24212,5,7,1.0,1.0,1.0,1.0,0.0,0.0,8.0,0.9999999999999999
2017-09-30,Allegheny,PA,Passenger,1.0,0.0,1.0,87.0,88.0,1.14,2017,9,24213,5,8,1.0,1.0,1.0,1.0,0.0,0.0,9.0,1.0000000000000002
2017-10-31,Allegheny,PA,Passenger,1.0,0.0,1.0,91.0,92.0,1.09,2017,10,24214,5,9,1.0,1.0,1.0,1.0,0.0,0.0,10.0,1.0000000000000002
2017-11-30,Allegheny,PA,Passenger,1.0,0.0,1.0,92.0,93.0,1.08,2017,11,24215,5,10,1.0,1.0,1.0,1.0,0.0,0.0,11.0,1.0
2017-12-31,Allegheny,PA,Passenger,1.0,0.0,1.0,86.0,87.0,1.15,2017,12,24216,5,11,1.0,1.0,1.0,1.0,0.0,0.0,12.0,1.0000000000000002
2018-01-31,Allegheny,PA,Passenger,1.0,0.0,1.0,86.0,87.0,1.15,2018,1,24217,5,12,1.0,1.0,1.0,1.0,0.0,0.0,13.0,1.0000000000000002
2018-02-28,Allegheny,PA,Passenger,1.0,0.0,1.0,84.0,85.0,1.18,2018,2,24218,5,13,1.0,1.0,1.0,1.0,0.0,0.0,14.0,1.0000000000000009
2018-03-31,Allegheny,PA,Passenger,1.0,0.0,1.0,81.0,82.0,1.22,2018,3,24219,5,14,1.0,1.0,1.0,1.0,0.0,0.0,15.0,1.0000000000000007
2018-04-30,Allegheny,PA,Passenger,1.0,0.0,1.0,80.0,81.0,1.23,2018,4,24220,5,15,1.0,1.0,1.0,1.0,0.0,0.0,16.0,1.0000000000000009
2018-05-31,Allegheny,PA,Passenger,1.0,0.0,1.0,79.0,80.0,1.25,2018,5,24221,5,16,1.0,1.0,1.0,1.0,0.0,0.0,17.0,1.0
2018-06-30,Allegheny,PA,Passenger,1.0,0.0,1.0,82.0,83.0,1.2,2018,6,24222,5,17,1.0,1.0,1.0,1.0,0.0,0.0,18.0,1.0000000000000002
2018-07-31,Allegheny,PA,Passenger,1.0,0.0,1.0,83.0,84.0,1.19,2018,7,24223,5,18,1.0,1.0,1.0,1.0,0.0,0.0,19.0,1.000000000000002
2018-08-31,Allegheny,PA,Passenger,1.0,0.0,1.0,84.0,85.0,1.18,2018,8,24224,5,19,1.0,1.0,1.0,1.0,0.0,0.0,20.0,0.9999999999999998
2018-09-30,Allegheny,PA,Passenger,1.0,0.0,1.0,86.0,87.0,1.15,2018,9,24225,5,20,1.0,1.0,1.0,1.0,0.0,0.0,21.0,1.000000000000001
2018-10-31,Allegheny,PA,Passenger,1.0,0.0,1.0,90.0,91.0,1.1,2018,10,24226,5,21,1.0,1.0,1.0,1.0,0.0,0.0,22.0,1.0000000000000013
2018-11-30,Allegheny,PA,Passenger,1.0,0.0,1.0,91.0,92.0,1.09,2018,11,24227,5,22,1.0,1.0,1.0,1.0,0.0,0.0,23.0,1.0000000000000013
2018-12-31,Allegheny,PA,Passenger,1.0,0.0,1.0,88.0,89.0,1.12,2018,12,24228,5,23,1.0,1.0,1.0,1.0,0.0,0.0,24.0,1.0000000000000004
2019-01-31,Allegheny,PA,Passenger,1.0,0.0,1.0,91.0,92.0,1.09,2019,1,24229,5,24,1.0,1.0,1.0,1.0,0.0,0.0,25.0,1.0000000000000013
2019-02-28,Allegheny,PA,Passenger,1.0,0.0,1.0,90.0,91.0,1.1,2019,2,24230,5,25,1.0,1.0,1.0,1.0,0.0,0.0,26.0,1.0000000000000013
2019-03-31,Allegheny,PA,Passenger,1.0,0.0,1.0,92.0,93.0,1.08,2019,3,24231,5,26,1.0,1.0,1.0,1.0,0.0,0.0,27.0,1.0000000000000013
2019-04-30,Allegheny,PA,Passenger,1.0,0.0,1.0,91.0,92.0,1.09,2019,4,24232,5,27,1.0,1.0,1.0,1.0,0.0,0.0,28.0,1.0000000000000013
2019-05-31,Allegheny,PA,Passenger,1.0,0.0,1.0,90.0,91.0,1.1,2019,5,24233,5,28,1.0,1.0,1.0,1.0,0.0,0.0,29.0,1.0000000000000024
2019-06-30,Allegheny,PA,Passenger,1.0,0.0,1.0,85.0,86.0,1.16,2019,6,24234,5,29,1.0,1.0,1.0,1.0,0.0,0.0,30.0,1.000000000000002
2019-07-31,Allegheny,PA,Passenger,1.0,0.0,1.0,86.0,87.0,1.15,2019,7,24235,5,30,1.0,1.0,1.0,1.0,0.0,0.0,31.0,1.0000000000000009
2019-08-31,Allegheny,PA,Passenger,1.0,0.0,1.0,87.0,88.0,1.14,2019,8,24236,5,31,1.0,1.0,1.0,1.0,0.0,0.0,32.0,1.000000000000002
2019-09-30,Allegheny,PA,Passenger,1.0,0.0,1.0,87.0,88.0,1.14,2019,9,24237,5,32,1.0,1.0,1.0,1.0,0.0,0.0,33.0,1.0000000000000038
2019-10-31,Allegheny,PA,Passenger,1.0,0.0,1.0,86.0,87.0,1.15,2019,10,24238,5,33,1.0,1.0,1.0,1.0,0.0,0.0,34.0,1.0000000000000004
2019-11-30,Allegheny,PA,Passenger,1.0,0.0,1.0,86.0,87.0,1.15,2019,11,24239,5,34,1.0,1.0,1.0,1.0,0.0,0.0,35.0,1.000000000000002
2019-12-31,Allegheny,PA,Passenger,1.0,0.0,1.0,83.0,84.0,1.19,2019,12,24240,5,35,1.0,1.0,1.0,1.0,0.0,0.0,36.0,1.0000000000000029
2020-01-31,Allegheny,PA,Passenger,1.0,0.0,1.0,83.0,84.0,1.19,2020,1,24241,5,36,1.0,1.0,1.0,1.0,0.0,0.0,37.0,1.0000000000000038
2020-02-29,Allegheny,PA,Passenger,1.0,0.0,1.0,82.0,83.0,1.2,2020,2,24242,5,37,1.0,1.0,1.0,1.0,0.0,0.0,38.0,1.0
2020-03-31,Allegheny,PA,Passenger,1.0,0.0,1.0,83.0,84.0,1.19,2020,3,24243,5,38,1.0,1.0,1.0,1.0,0.0,0.0,39.0,1.0000000000000009
2020-04-30,Allegheny,PA,Passenger,1.0,0.0,1.0,83.0,84.0,1.19,2020,4,24244,5,39,1.0,1.0,1.0,1.0,0.0,0.0,40.0,1.0000000000000009
2020-05-31,Allegheny,PA,Passenger,1.0,0.0,1.0,81.0,82.0,1.22,2020,5,24245,5,40,1.0,1.0,1.0,1.0,0.0,0.0,41.0,1.0000000000000038
2020-06-30,Allegheny,PA,Passenger,1.0,0.0,1.0,80.0,81.0,1.23,2020,6,24246,5,41,1.0,1.0,1.0,1.0,0.0,0.0,42.0,1.0000000000000009
2020-07-31,Allegheny,PA,Passenger,1.0,0.0,1.0,81.0,82.0,1.22,2020,7,24247,5,42,1.0,1.0,1.0,1.0,0.0,0.0,43.0,1.0000000000000029
2020-08-31,Allegheny,PA,Passenger,1.0,0.0,1.0,80.0,81.0,1.23,2020,8,24248,5,43,1.0,1.0,1.0,1.0,0.0,0.0,44.0,1.0000000000000029
2020-09-30,Allegheny,PA,Passenger,1.0,0.0,1.0,77.0,78.0,1.28,2020,9,24249,5,44,1.0,1.0,1.0,1.0,0.0,0.0,45.0,1.0000000000000009
2020-10-31,Allegheny,PA,Passenger,1.0,0.0,1.0,77.0,78.0,1.28,2020,10,24250,5,45,1.0,1.0,1.0,1.0,0.0,0.0,46.0,1.0000000000000009
2020-11-30,Allegheny,PA,Passenger,1.0,1.0,2.0,75.0,77.0,2.6,2020,11,24251,5,46,1.0,1.0,1.0,1.0,1.0,1.0,48.0,1.142857142857146
2020-12-31,Allegheny,PA,Passenger,1.0,1.0,2.0,75.0,77.0,2.6,2020,12,24252,5,47,2.0,1.0,1.0,1.3333333333333333,0.0,1.0,50.0,1.3714285714285719
2021-01-31,Allegheny,PA,Passenger,1.0,1.0,2.0,74.0,76.0,2.63,2021,1,24253,5,48,2.0,2.0,1.0,1.6666666666666667,0.0,1.0,52.0,1.628571428571429
2021-02-28,Allegheny,PA,Passenger,1.0,1.0,2.0,74.0,76.0,2.63,2021,2,24254,5,49,2.0,2.0,2.0,2.0,0.0,0.0,54.0,1.8571428571428596
2021-03-31,Allegheny,PA,Passenger,1.0,1.0,2.0,74.0,76.0,2.63,2021,3,24255,5,50,2.0,2.0,2.0,2.0,0.0,0.0,56.0,2.0000000000000027
2021-04-30,Allegheny,PA,Passenger,1.0,1.0,2.0,73.0,75.0,2.67,2021,4,24256,5,51,2.0,2.0,2.0,2.0,0.0,0.0,58.0,2.000000000000005
2021-05-31,Allegheny,PA,Passenger,1.0,1.0,2.0,73.0,75.0,2.67,2021,5,24257,5,52,2.0,2.0,2.0,2.0,0.0,0.0,60.0,2.000000000000004
2021-06-30,Allegheny,PA,Passenger,1.0,1.0,2.0,71.0,73.0,2.74,2021,6,24258,5,53,2.0,2.0,2.0,2.0,0.0,0.0,62.0,2.0000000000000018
2021-07-31,Allegheny,PA,Passenger,1.0,1.0,2.0,73.0,75.0,2.67,2021,7,24259,5,54,2.0,2.0,2.0,2.0,0.0,0.0,64.0,2.000000000000004
2021-08-31,Allegheny,PA,Passenger,1.0,1.0,2.0,72.0,74.0,2.7,2021,8,24260,5,55,2.0,2.0,2.0,2.0,0.0,0.0,66.0,2.0000000000000075
2021-09-30,Allegheny,PA,Passenger,1.0,1.0,2.0,74.0,76.0,2.63,2021,9,24261,5,56,2.0,2.0,2.0,2.0,0.0,0.0,68.0,2.000000000000001
2021-10-31,Allegheny,PA,Passenger,1.0,1.0,2.0,71.0,73.0,2.74,2021,10,24262,5,57,2.0,2.0,2.0,2.0,0.0,0.0,70.0,2.000000000000004
2021-11-30,Allegheny,PA,Passenger,1.0,1.0,2.0,70.0,72.0,2.78,2021,11,24263,5,58,2.0,2.0,2.0,2.0,0.0,0.0,72.0,2.0000000000000058
2021-12-31,Allegheny,PA,Passenger,1.0,1.0,2.0,67.0,69.0,2.9,2021,12,24264,5,59,2.0,2.0,2.0,2.0,0.0,0.0,74.0,2.0000000000000075
2022-01-31,Allegheny,PA,Passenger,1.0,1.0,2.0,67.0,69.0,2.9,2022,1,24265,5,60,2.0,2.0,2.0,2.0,0.0,0.0,76.0,2.0
2022-02-28,Allegheny,PA,Passenger,1.0,1.0,2.0,65.0,67.0,2.99,2022,2,24266,5,61,2.0,2.0,2.0,2.0,0.0,0.0,78.0,2.0000000000000018
2022-03-31,Allegheny,PA,Passenger,1.0,1.0,2.0,65.0,67.0,2.99,2022,3,24267,5,62,2.0,2.0,2.0,2.0,0.0,0.0,80.0,2.0000000000000018
2022-04-30,Allegheny,PA,Passenger,1.0,1.0,2.0,65.0,67.0,2.99,2022,4,24268,5,63,2.0,2.0,2.0,2.0,0.0,0.0,82.0,2.0000000000000075
2022-05-31,Allegheny,PA,Passenger,1.0,1.0,2.0,64.0,66.0,3.03,2022,5,24269,5,64,2.0,2.0,2.0,2.0,0.0,0.0,84.0,2.0000000000000018
2022-06-30,Allegheny,PA,Passenger,1.0,1.0,2.0,63.0,65.0,3.08,2022,6,24270,5,65,2.0,2.0,2.0,2.0,0.0,0.0,86.0,2.0000000000000058
2022-07-31,Allegheny,PA,Passenger,1.0,1.0,2.0,64.0,66.0,3.03,2022,7,24271,5,66,2.0,2.0,2.0,2.0,0.0,0.0,88.0,2.0000000000000058
2022-08-31,Allegheny,PA,Passenger,1.0,1.0,2.0,64.0,66.0,3.03,2022,8,24272,5,67,2.0,2.0,2.0,2.0,0.0,0.0,90.0,2.0000000000000018
2022-09-30,Allegheny,PA,Passenger,1.0,1.0,2.0,63.0,65.0,3.08,2022,9,24273,5,68,2.0,2.0,2.0,2.0,0.0,0.0,92.0,2.0000000000000018
2022-10-31,Allegheny,PA,Passenger,1.0,1.0,2.0,62.0,64.0,3.12,2022,10,24274,5,69,2.0,2.0,2.0,2.0,0.0,0.0,94.0,2.0000000000000058
2022-11-30,Allegheny,PA,Passenger,1.0,0.0,1.0,61.0,62.0,1.61,2022,11,24275,5,70,2.0,2.0,2.0,2.0,-0.5,-0.5,95.0,1.8571428571428636
2022-12-31,Allegheny,PA,Passenger,1.0,0.0,1.0,61.0,62.0,1.61,2022,12,24276,5,71,1.0,2.0,2.0,1.6666666666666667,0.0,-0.5,96.0,1.628571428571432
2023-01-31,Allegheny,PA,Passenger,1.0,0.0,1.0,61.0,62.0,1.61,2023,1,24277,5,72,1.0,1.0,2.0,1.3333333333333333,0.0,-0.5,97.0,1.3714285714285785
2023-02-28,Allegheny,PA,Passenger,1.0,0.0,1.0,59.0,60.0,1.67,2023,2,24278,5,73,1.0,1.0,1.0,1.0,0.0,0.0,98.0,1.1428571428571566
2023-09-30,Allegheny,PA,Passenger,1.0,0.0,1.0,51.0,52.0,1.92,2023,9,24285,5,74,1.0,1.0,1.0,1.0,0.0,0.0,99.0,1.0000000000000009
2023-10-31,Allegheny,PA,Passenger,1.0,0.0,1.0,50.0,51.0,1.96,2023,10,24286,5,75,1.0,1.0,1.0,1.0,0.0,0.0,100.0,1.0000000000000029
2023-11-30,Allegheny,PA,Passenger,1.0,0.0,1.0,48.0,49.0,2.04,2023,11,24287,5,76,1.0,1.0,1.0,1.0,0.0,0.0,101.0,1.0000000000000087
2023-12-31,Allegheny,PA,Passenger,1.0,0.0,1.0,46.0,47.0,2.13,2023,12,24288,5,77,1.0,1.0,1.0,1.0,0.0,0.0,102.0,1.0000000000000009
2024-01-31,Allegheny,PA,Passenger,1.0,0.0,1.0,44.0,45.0,2.22,2024,1,24289,5,78,1.0,1.0,1.0,1.0,0.0,0.0,103.0,1.0000000000000087
2024-02-29,Allegheny,PA,Passenger,1.0,0.0,1.0,43.0,44.0,2.27,2024,2,24290,5,79,1.0,1.0,1.0,1.0,0.0,0.0,104.0,1.0000000000000067
2021-09-30,Allen,IN,Passenger,1.0,0.0,1.0,19.0,20.0,5.0,2021,9,24261,6,5,1.0,1.0,1.0,1.0,0.0,0.0,6.0,0.9999999999999998
2021-10-31,Allen,IN,Passenger,1.0,0.0,1.0,20.0,21.0,4.76,2021,10,24262,6,6,1.0,1.0,1.0,1.0,0.0,0.0,7.0,0.9999999999999998
2021-11-30,Allen,IN,Passenger,1.0,0.0,1.0,19.0,20.0,5.0,2021,11,24263,6,7,1.0,1.0,1.0,1.0,0.0,0.0,8.0,0.9999999999999999
2021-12-31,Allen,IN,Passenger,1.0,0.0,1.0,19.0,20.0,5.0,2021,12,24264,6,8,1.0,1.0,1.0,1.0,0.0,0.0,9.0,1.0000000000000002
2022-01-31,Allen,IN,Passenger,1.0,0.0,1.0,19.0,20.0,5.0,2022,1,24265,6,9,1.0,1.0,1.0,1.0,0.0,0.0,10.0,1.0000000000000002
2022-02-28,Allen,IN,Passenger,1.0,0.0,1.0,19.0,20.0,5.0,2022,2,24266,6,10,1.0,1.0,1.0,1.0,0.0,0.0,11.0,1.0
2022-03-31,Allen,IN,Passenger,1.0,0.0,1.0,19.0,20.0,5.0,2022,3,24267,6,11,1.0,1.0,1.0,1.0,0.0,0.0,12.0,1.0000000000000002
2022-04-30,Allen,IN,Passenger,1.0,0.0,1.0,18.0,19.0,5.26,2022,4,24268,6,12,1.0,1.0,1.0,1.0,0.0,0.0,13.0,1.0000000000000002
2022-05-31,Allen,IN,Passenger,1.0,0.0,1.0,18.0,19.0,5.26,2022,5,24269,6,13,1.0,1.0,1.0,1.0,0.0,0.0,14.0,1.0000000000000009
2022-06-30,Allen,IN,Passenger,1.0,0.0,1.0,18.0,19.0,5.26,2022,6,24270,6,14,1.0,1.0,1.0,1.0,0.0,0.0,15.0,1.0000000000000007
2022-07-31,Allen,IN,Passenger,1.0,0.0,1.0,18.0,19.0,5.26,2022,7,24271,6,15,1.0,1.0,1.0,1.0,0.0,0.0,16.0,1.0000000000000009
2022-08-31,Allen,IN,Passenger,1.0,0.0,1.0,17.0,18.0,5.56,2022,8,24272,6,16,1.0,1.0,1.0,1.0,0.0,0.0,17.0,1.0
2022-09-30,Allen,IN,Passenger,1.0,0.0,1.0,18.0,19.0,5.26,2022,9,24273,6,17,1.0,1.0,1.0,1.0,0.0,0.0,18.0,1.0000000000000002
2022-10-31,Allen,IN,Passenger,1.0,0.0,1.0,18.0,19.0,5.26,2022,10,24274,6,18,1.0,1.0,1.0,1.0,0.0,0.0,19.0,1.000000000000002
2022-11-30,Allen,IN,Passenger,1.0,0.0,1.0,17.0,18.0,5.56,2022,11,24275,6,19,1.0,1.0,1.0,1.0,0.0,0.0,20.0,0.9999999999999998
2022-12-31,Allen,IN,Passenger,1.0,0.0,1.0,17.0,18.0,5.56,2022,12,24276,6,20,1.0,1.0,1.0,1.0,0.0,0.0,21.0,1.000000000000001
2023-01-31,Allen,IN,Passenger,1.0,0.0,1.0,17.0,18.0,5.56,2023,1,24277,6,21,1.0,1.0,1.0,1.0,0.0,0.0,22.0,1.0000000000000013
2023-02-28,Allen,IN,Passenger,1.0,0.0,1.0,17.0,18.0,5.56,2023,2,24278,6,22,1.0,1.0,1.0,1.0,0.0,0.0,23.0,1.0000000000000013
2023-03-31,Allen,IN,Passenger,1.0,0.0,1.0,16.0,17.0,5.88,2023,3,24279,6,23,1.0,1.0,1.0,1.0,0.0,0.0,24.0,1.0000000000000004
2023-04-30,Allen,IN,Passenger,1.0,0.0,1.0,15.0,16.0,6.25,2023,4,24280,6,24,1.0,1.0,1.0,1.0,0.0,0.0,25.0,1.0000000000000013
2023-05-31,Allen,IN,Passenger,1.0,0.0,1.0,13.0,14.0,6.9025,2023,5,24281,6,25,1.0,1.0,1.0,1.0,0.0,0.0,26.0,1.0000000000000013
2023-06-30,Allen,IN,Passenger,1.0,0.0,1.0,12.0,13.0,6.9025,2023,6,24282,6,26,1.0,1.0,1.0,1.0,0.0,0.0,27.0,1.0000000000000013
2023-07-31,Allen,IN,Passenger,1.0,0.0,1.0,10.0,11.0,6.9025,2023,7,24283,6,27,1.0,1.0,1.0,1.0,0.0,0.0,28.0,1.0000000000000013
2023-08-31,Allen,IN,Passenger,1.0,0.0,1.0,10.0,11.0,6.9025,2023,8,24284,6,28,1.0,1.0,1.0,1.0,0.0,0.0,29.0,1.0000000000000024
2023-09-30,Allen,IN,Passenger,1.0,0.0,1.0,10.0,11.0,6.9025,2023,9,24285,6,29,1.0,1.0,1.0,1.0,0.0,0.0,30.0,1.000000000000002
2023-10-31,Allen,IN,Passenger,1.0,0.0,1.0,10.0,11.0,6.9025,2023,10,24286,6,30,1.0,1.0,1.0,1.0,0.0,0.0,31.0,1.0000000000000009
2023-11-30,Allen,IN,Passenger,1.0,0.0,1.0,9.0,10.0,6.9025,2023,11,24287,6,31,1.0,1.0,1.0,1.0,0.0,0.0,32.0,1.000000000000002
2023-12-31,Allen,IN,Passenger,1.0,0.0,1.0,9.0,10.0,6.9025,2023,12,24288,6,32,1.0,1.0,1.0,1.0,0.0,0.0,33.0,1.0000000000000038
2024-01-31,Allen,IN,Passenger,1.0,0.0,1.0,10.0,11.0,6.9025,2024,1,24289,6,33,1.0,1.0,1.0,1.0,0.0,0.0,34.0,1.0000000000000004
2024-02-29,Allen,IN,Passenger,1.0,1.0,2.0,10.0,12.0,6.9025,2024,2,24290,6,34,1.0,1.0,1.0,1.0,1.0,1.0,36.0,1.1428571428571432
2021-04-30,Anchorage,AK,Passenger,1.0,0.0,1.0,150.0,151.0,0.66,2021,4,24256,7,5,1.0,1.0,1.0,1.0,0.0,0.0,6.0,0.9999999999999998
2021-05-31,Anchorage,AK,Passenger,1.0,0.0,1.0,147.0,148.0,0.68,2021,5,24257,7,6,1.0,1.0,1.0,1.0,0.0,0.0,7.0,0.9999999999999998
2021-06-30,Anchorage,AK,Passenger,1.0,0.0,1.0,143.0,144.0,0.69,2021,6,24258,7,7,1.0,1.0,1.0,1.0,0.0,0.0,8.0,0.9999999999999999
2021-07-31,Anchorage,AK,Passenger,1.0,0.0,1.0,141.0,142.0,0.7,2021,7,24259,7,8,1.0,1.0,1.0,1.0,0.0,0.0,9.0,1.0000000000000002
2021-08-31,Anchorage,AK,Passenger,1.0,0.0,1.0,146.0,147.0,0.68,2021,8,24260,7,9,1.0,1.0,1.0,1.0,0.0,0.0,10.0,1.0000000000000002
2021-09-30,Anchorage,AK,Passenger,1.0,0.0,1.0,148.0,149.0,0.67,2021,9,24261,7,10,1.0,1.0,1.0,1.0,0.0,0.0,11.0,1.0
2021-10-31,Anchorage,AK,Passenger,1.0,0.0,1.0,145.0,146.0,0.68,2021,10,24262,7,11,1.0,1.0,1.0,1.0,0.0,0.0,12.0,1.0000000000000002
2021-11-30,Anchorage,AK,Passenger,2.0,0.0,2.0,138.0,140.0,1.43,2021,11,24263,7,12,1.0,1.0,1.0,1.0,1.0,1.0,14.0,1.1428571428571432
2021-12-31,Anchorage,AK,Passenger,2.0,0.0,2.0,138.0,140.0,1.43,2021,12,24264,7,13,2.0,1.0,1.0,1.3333333333333333,0.0,1.0,16.0,1.3714285714285719
2022-01-31,Anchorage,AK,Passenger,2.0,0.0,2.0,138.0,140.0,1.43,2022,1,24265,7,14,2.0,2.0,1.0,1.6666666666666667,0.0,1.0,18.0,1.6285714285714288
2022-02-28,Anchorage,AK,Passenger,2.0,0.0,2.0,137.0,139.0,1.44,2022,2,24266,7,15,2.0,2.0,2.0,2.0,0.0,0.0,20.0,1.8571428571428574
2022-03-31,Anchorage,AK,Passenger,2.0,0.0,2.0,136.0,138.0,1.45,2022,3,24267,7,16,2.0,2.0,2.0,2.0,0.0,0.0,22.0,2.0
2022-04-30,Anchorage,AK,Passenger,2.0,0.0,2.0,139.0,141.0,1.42,2022,4,24268,7,17,2.0,2.0,2.0,2.0,0.0,0.0,24.0,2.0000000000000004
2022-05-31,Anchorage,AK,Passenger,2.0,0.0,2.0,135.0,137.0,1.46,2022,5,24269,7,18,2.0,2.0,2.0,2.0,0.0,0.0,26.0,2.0000000000000004
2022-06-30,Anchorage,AK,Passenger,2.0,0.0,2.0,132.0,134.0,1.49,2022,6,24270,7,19,2.0,2.0,2.0,2.0,0.0,0.0,28.0,2.0000000000000018
2022-07-31,Anchorage,AK,Passenger,2.0,0.0,2.0,131.0,133.0,1.5,2022,7,24271,7,20,2.0,2.0,2.0,2.0,0.0,0.0,30.0,2.0000000000000013
2022-08-31,Anchorage,AK,Passenger,2.0,0.0,2.0,128.0,130.0,1.54,2022,8,24272,7,21,2.0,2.0,2.0,2.0,0.0,0.0,32.0,2.0000000000000018
2022-09-30,Anchorage,AK,Passenger,2.0,0.0,2.0,125.0,127.0,1.57,2022,9,24273,7,22,2.0,2.0,2.0,2.0,0.0,0.0,34.0,2.0
2022-10-31,Anchorage,AK,Passenger,1.0,0.0,1.0,125.0,126.0,0.79,2022,10,24274,7,23,2.0,2.0,2.0,2.0,-0.5,-0.5,35.0,1.8571428571428588
2022-11-30,Anchorage,AK,Passenger,1.0,0.0,1.0,123.0,124.0,0.81,2022,11,24275,7,24,1.0,2.0,2.0,1.6666666666666667,0.0,-0.5,36.0,1.628571428571432
2022-12-31,Anchorage,AK,Passenger,1.0,0.0,1.0,120.0,121.0,0.83,2022,12,24276,7,25,1.0,1.0,2.0,1.3333333333333333,0.0,-0.5,37.0,1.371428571428573
2023-01-31,Anchorage,AK,Passenger,1.0,0.0,1.0,119.0,120.0,0.83,2023,1,24277,7,26,1.0,1.0,1.0,1.0,0.0,0.0,38.0,1.142857142857145
2023-02-28,Anchorage,AK,Passenger,1.0,0.0,1.0,117.0,118.0,0.85,2023,2,24278,7,27,1.0,1.0,1.0,1.0,0.0,0.0,39.0,1.0000000000000009
2023-03-31,Anchorage,AK,Passenger,1.0,0.0,1.0,111.0,112.0,0.89,2023,3,24279,7,28,1.0,1.0,1.0,1.0,0.0,0.0,40.0,1.0000000000000009
2023-04-30,Anchorage,AK,Passenger,1.0,0.0,1.0,105.0,106.0,0.94,2023,4,24280,7,29,1.0,1.0,1.0,1.0,0.0,0.0,41.0,1.0000000000000038
2023-05-31,Anchorage,AK,Passenger,1.0,0.0,1.0,105.0,106.0,0.94,2023,5,24281,7,30,1.0,1.0,1.0,1.0,0.0,0.0,42.0,1.0000000000000009
2023-06-30,Anchorage,AK,Passenger,1.0,0.0,1.0,101.0,102.0,0.98,2023,6,24282,7,31,1.0,1.0,1.0,1.0,0.0,0.0,43.0,1.0000000000000029
2023-07-31,Anchorage,AK,Passenger,1.0,0.0,1.0,99.0,100.0,1.0,2023,7,24283,7,32,1.0,1.0,1.0,1.0,0.0,0.0,44.0,1.0000000000000029
2023-08-31,Anchorage,AK,Passenger,1.0,0.0,1.0,93.0,94.0,1.06,2023,8,24284,7,33,1.0,1.0,1.0,1.0,0.0,0.0,45.0,1.0000000000000009
2023-09-30,Anchorage,AK,Passenger,1.0,0.0,1.0,89.0,90.0,1.11,2023,9,24285,7,34,1.0,1.0,1.0,1.0,0.0,0.0,46.0,1.0000000000000009
2023-10-31,Anchorage,AK,Passenger,1.0,0.0,1.0,87.0,88.0,1.14,2023,10,24286,7,35,1.0,1.0,1.0,1.0,0.0,0.0,47.0,1.0000000000000029
2023-11-30,Anchorage,AK,Passenger,1.0,0.0,1.0,88.0,89.0,1.12,2023,11,24287,7,36,1.0,1.0,1.0,1.0,0.0,0.0,48.0,1.0000000000000009
2023-12-31,Anchorage,AK,Passenger,1.0,0.0,1.0,83.0,84.0,1.19,2023,12,24288,7,37,1.0,1.0,1.0,1.0,0.0,0.0,49.0,1.000000000000002
2024-01-31,Anchorage,AK,Passenger,1.0,0.0,1.0,80.0,81.0,1.23,2024,1,24289,7,38,1.0,1.0,1.0,1.0,0.0,0.0,50.0,1.000000000000002
2024-02-29,Anchorage,AK,Passenger,1.0,0.0,1.0,77.0,78.0,1.28,2024,2,24290,7,39,1.0,1.0,1.0,1.0,0.0,0.0,51.0,1.000000000000002
2017-06-30,Anne Arundel,MD,Passenger,0.0,1.0,1.0,496.0,497.0,0.2,2017,6,24210,8,5,1.0,1.0,1.0,1.0,0.0,0.0,6.0,0.9999999999999998
2017-07-31,Anne Arundel,MD,Passenger,0.0,1.0,1.0,498.0,499.0,0.2,2017,7,24211,8,6,1.0,1.0,1.0,1.0,0.0,0.0,7.0,0.9999999999999998
2017-08-31,Anne Arundel,MD,Passenger,0.0,1.0,1.0,493.0,494.0,0.2,2017,8,24212,8,7,1.0,1.0,1.0,1.0,0.0,0.0,8.0,0.9999999999999999
2017-09-30,Anne Arundel,MD,Passenger,0.0,1.0,1.0,491.0,492.0,0.2,2017,9,24213,8,8,1.0,1.0,1.0,1.0,0.0,0.0,9.0,1.0000000000000002
2017-10-31,Anne Arundel,MD,Passenger,0.0,1.0,1.0,483.0,484.0,0.21,2017,10,24214,8,9,1.0,1.0,1.0,1.0,0.0,0.0,10.0,1.0000000000000002
2017-11-30,Anne Arundel,MD,Passenger,0.0,1.0,1.0,487.0,488.0,0.2,2017,11,24215,8,10,1.0,1.0,1.0,1.0,0.0,0.0,11.0,1.0
2017-12-31,Anne Arundel,MD,Passenger,0.0,1.0,1.0,473.0,474.0,0.21,2017,12,24216,8,11,1.0,1.0,1.0,1.0,0.0,0.0,12.0,1.0000000000000002
2018-01-31,Anne Arundel,MD,Passenger,0.0,1.0,1.0,471.0,472.0,0.21,2018,1,24217,8,12,1.0,1.0,1.0,1.0,0.0,0.0,13.0,1.0000000000000002
2018-02-28,Anne Arundel,MD,Passenger,0.0,1.0,1.0,473.0,474.0,0.21,2018,2,24218,8,13,1.0,1.0,1.0,1.0,0.0,0.0,14.0,1.0000000000000009
2018-03-31,Anne Arundel,MD,Passenger,0.0,1.0,1.0,466.0,467.0,0.21,2018,3,24219,8,14,1.0,1.0,1.0,1.0,0.0,0.0,15.0,1.0000000000000007
2018-04-30,Anne Arundel,MD,Passenger,0.0,1.0,1.0,449.0,450.0,0.22,2018,4,24220,8,15,1.0,1.0,1.0,1.0,0.0,0.0,16.0,1.0000000000000009
2018-05-31,Anne Arundel,MD,Passenger,0.0,1.0,1.0,446.0,447.0,0.22,2018,5,24221,8,16,1.0,1.0,1.0,1.0,0.0,0.0,17.0,1.0
2018-11-30,Anne Arundel,MD,Passenger,0.0,1.0,1.0,447.0,448.0,0.22,2018,11,24227,8,17,1.0,1.0,1.0,1.0,0.0,0.0,18.0,1.0000000000000002
2018-12-31,Anne Arundel,MD,Passenger,0.0,1.0,1.0,448.0,449.0,0.22,2018,12,24228,8,18,1.0,1.0,1.0,1.0,0.0,0.0,19.0,1.000000000000002
2019-01-31,Anne Arundel,MD,Passenger,0.0,1.0,1.0,446.0,447.0,0.22,2019,1,24229,8,19,1.0,1.0,1.0,1.0,0.0,0.0,20.0,0.9999999999999998
2019-02-28,Anne Arundel,MD,Passenger,0.0,1.0,1.0,441.0,442.0,0.23,2019,2,24230,8,20,1.0,1.0,1.0,1.0,0.0,0.0,21.0,1.000000000000001
2019-03-31,Anne Arundel,MD,Passenger,0.0,1.0,1.0,447.0,448.0,0.22,2019,3,24231,8,21,1.0,1.0,1.0,1.0,0.0,0.0,22.0,1.0000000000000013
2019-04-30,Anne Arundel,MD,Passenger,0.0,1.0,1.0,443.0,444.0,0.23,2019,4,24232,8,22,1.0,1.0,1.0,1.0,0.0,0.0,23.0,1.0000000000000013
2019-05-31,Anne Arundel,MD,Passenger,1.0,1.0,2.0,441.0,443.0,0.45,2019,5,24233,8,23,1.0,1.0,1.0,1.0,1.0,1.0,25.0,1.1428571428571426
2019-06-30,Anne Arundel,MD,Passenger,1.0,1.0,2.0,435.0,437.0,0.46,2019,6,24234,8,24,2.0,1.0,1.0,1.3333333333333333,0.0,1.0,27.0,1.371428571428573
2019-07-31,Anne Arundel,MD,Passenger,1.0,1.0,2.0,434.0,436.0,0.46,2019,7,24235,8,25,2.0,2.0,1.0,1.6666666666666667,0.0,1.0,29.0,1.6285714285714294
2019-08-31,Anne Arundel,MD,Passenger,1.0,1.0,2.0,432.0,434.0,0.46,2019,8,24236,8,26,2.0,2.0,2.0,2.0,0.0,0.0,31.0,1.8571428571428588
2019-09-30,Anne Arundel,MD,Passenger,1.0,1.0,2.0,431.0,433.0,0.46,2019,9,24237,8,27,2.0,2.0,2.0,2.0,0.0,0.0,33.0,2.0000000000000013
2019-10-31,Anne Arundel,MD,Passenger,1.0,1.0,2.0,432.0,434.0,0.46,2019,10,24238,8,28,2.0,2.0,2.0,2.0,0.0,0.0,35.0,2.000000000000001
2019-11-30,Anne Arundel,MD,Passenger,1.0,1.0,2.0,431.0,433.0,0.46,2019,11,24239,8,29,2.0,2.0,2.0,2.0,0.0,0.0,37.0,2.0000000000000004
2019-12-31,Anne Arundel,MD,Passenger,1.0,1.0,2.0,431.0,433.0,0.46,2019,12,24240,8,30,2.0,2.0,2.0,2.0,0.0,0.0,39.0,1.9999999999999991
2020-01-31,Anne Arundel,MD,Passenger,1.0,1.0,2.0,429.0,431.0,0.46,2020,1,24241,8,31,2.0,2.0,2.0,2.0,0.0,0.0,41.0,2.0000000000000027
2020-02-29,Anne Arundel,MD,Passenger,1.0,1.0,2.0,421.0,423.0,0.47,2020,2,24242,8,32,2.0,2.0,2.0,2.0,0.0,0.0,43.0,2.0000000000000027
2020-03-31,Anne Arundel,MD,Passenger,1.0,1.0,2.0,421.0,423.0,0.47,2020,3,24243,8,33,2.0,2.0,2.0,2.0,0.0,0.0,45.0,2.000000000000001
2020-04-30,Anne Arundel,MD,Passenger,0.0,1.0,1.0,412.0,413.0,0.24,2020,4,24244,8,34,2.0,2.0,2.0,2.0,-0.5,-0.5,46.0,1.8571428571428596
2020-05-31,Anne Arundel,MD,Passenger,0.0,1.0,1.0,409.0,410.0,0.24,2020,5,24245,8,35,1.0,2.0,2.0,1.6666666666666667,0.0,-0.5,47.0,1.6285714285714281
2020-06-30,Anne Arundel,MD,Passenger,0.0,1.0,1.0,415.0,416.0,0.24,2020,6,24246,8,36,1.0,1.0,2.0,1.3333333333333333,0.0,-0.5,48.0,1.3714285714285748
2020-07-31,Anne Arundel,MD,Passenger,0.0,1.0,1.0,410.0,411.0,0.24,2020,7,24247,8,37,1.0,1.0,1.0,1.0,0.0,0.0,49.0,1.1428571428571441
2020-08-31,Anne Arundel,MD,Passenger,0.0,1.0,1.0,399.0,400.0,0.25,2020,8,24248,8,38,1.0,1.0,1.0,1.0,0.0,0.0,50.0,1.000000000000002
2020-09-30,Anne Arundel,MD,Passenger,1.0,1.0,2.0,400.0,402.0,0.5,2020,9,24249,8,39,1.0,1.0,1.0,1.0,1.0,1.0,52.0,1.142857142857147
2020-10-31,Anne Arundel,MD,Passenger,1.0,1.0,2.0,402.0,404.0,0.5,2020,10,24250,8,40,2.0,1.0,1.0,1.3333333333333333,0.0,1.0,54.0,1.3714285714285748
2020-11-30,Anne Arundel,MD,Passenger,1.0,1.0,2.0,398.0,400.0,0.5,2020,11,24251,8,41,2.0,2.0,1.0,1.6666666666666667,0.0,1.0,56.0,1.6285714285714339
2020-12-31,Anne Arundel,MD,Passenger,1.0,1.0,2.0,399.0,401.0,0.5,2020,12,24252,8,42,2.0,2.0,2.0,2.0,0.0,0.0,58.0,1.8571428571428579
2021-01-31,Anne Arundel,MD,Passenger,2.0,1.0,3.0,399.0,402.0,0.75,2021,1,24253,8,43,2.0,2.0,2.0,2.0,0.5,0.5,61.0,2.1428571428571432
2021-02-28,Anne Arundel,MD,Passenger,2.0,1.0,3.0,394.0,397.0,0.76,2021,2,24254,8,44,3.0,2.0,2.0,2.3333333333333335,0.0,0.5,64.0,2.3714285714285777
2021-03-31,Anne Arundel,MD,Passenger,3.0,1.0,4.0,394.0,398.0,1.01,2021,3,24255,8,45,3.0,3.0,2.0,2.6666666666666665,0.33333333333333326,1.0,68.0,2.771428571428579
2021-04-30,Anne Arundel,MD,Passenger,3.0,1.0,4.0,392.0,396.0,1.01,2021,4,24256,8,46,4.0,3.0,3.0,3.3333333333333335,0.0,0.33333333333333326,72.0,3.2285714285714326
2021-05-31,Anne Arundel,MD,Passenger,3.0,1.0,4.0,392.0,396.0,1.01,2021,5,24257,8,47,4.0,4.0,3.0,3.6666666666666665,0.0,0.33333333333333326,76.0,3.628571428571428
2021-06-30,Anne Arundel,MD,Passenger,3.0,1.0,4.0,388.0,392.0,1.02,2021,6,24258,8,48,4.0,4.0,4.0,4.0,0.0,0.0,80.0,3.8571428571428577
2021-07-31,Anne Arundel,MD,Passenger,3.0,1.0,4.0,385.0,389.0,1.03,2021,7,24259,8,49,4.0,4.0,4.0,4.0,0.0,0.0,84.0,4.000000000000004
2021-08-31,Anne Arundel,MD,Passenger,3.0,1.0,4.0,376.0,380.0,1.05,2021,8,24260,8,50,4.0,4.0,4.0,4.0,0.0,0.0,88.0,4.000000000000005
2021-09-30,Anne Arundel,MD,Passenger,3.0,1.0,4.0,370.0,374.0,1.07,2021,9,24261,8,51,4.0,4.0,4.0,4.0,0.0,0.0,92.0,4.000000000000005
2021-10-31,Anne Arundel,MD,Passenger,3.0,1.0,4.0,368.0,372.0,1.08,2021,10,24262,8,52,4.0,4.0,4.0,4.0,0.0,0.0,96.0,4.000000000000002
2021-11-30,Anne Arundel,MD,Passenger,3.0,1.0,4.0,363.0,367.0,1.09,2021,11,24263,8,53,4.0,4.0,4.0,4.0,0.0,0.0,100.0,4.000000000000005
2021-12-31,Anne Arundel,MD,Passenger,3.0,1.0,4.0,361.0,365.0,1.1,2021,12,24264,8,54,4.0,4.0,4.0,4.0,0.0,0.0,104.0,4.000000000000005
2022-01-31,Anne Arundel,MD,Passenger,3.0,1.0,4.0,362.0,366.0,1.09,2022,1,24265,8,55,4.0,4.0,4.0,4.0,0.0,0.0,108.0,4.000000000000005
2022-02-28,Anne Arundel,MD,Passenger,3.0,1.0,4.0,365.0,369.0,1.08,2022,2,24266,8,56,4.0,4.0,4.0,4.0,0.0,0.0,112.0,4.000000000000005
2022-03-31,Anne Arundel,MD,Passenger,3.0,1.0,4.0,363.0,367.0,1.09,2022,3,24267,8,57,4.0,4.0,4.0,4.0,0.0,0.0,116.0,4.00000000000001
2022-04-30,Anne Arundel,MD,Passenger,3.0,2.0,5.0,364.0,369.0,1.36,2022,4,24268,8,58,4.0,4.0,4.0,4.0,0.25,0.25,121.0,4.142857142857148
2022-05-31,Anne Arundel,MD,Passenger,3.0,3.0,6.0,351.0,357.0,1.68,2022,5,24269,8,59,5.0,4.0,4.0,4.333333333333333,0.19999999999999996,0.5,127.0,4.514285714285716
2022-06-30,Anne Arundel,MD,Passenger,3.0,3.0,6.0,345.0,351.0,1.71,2022,6,24270,8,60,6.0,5.0,4.0,5.0,0.0,0.5,133.0,4.999999999999997
2022-07-31,Anne Arundel,MD,Passenger,3.0,3.0,6.0,340.0,346.0,1.73,2022,7,24271,8,61,6.0,6.0,5.0,5.666666666666667,0.0,0.19999999999999996,139.0,5.4857142857142955
2022-08-31,Anne Arundel,MD,Passenger,3.0,3.0,6.0,335.0,341.0,1.76,2022,8,24272,8,62,6.0,6.0,6.0,6.0,0.0,0.0,145.0,5.857142857142869
2022-09-30,Anne Arundel,MD,Passenger,3.0,3.0,6.0,330.0,336.0,1.79,2022,9,24273,8,63,6.0,6.0,6.0,6.0,0.0,0.0,151.0,6.000000000000008
2022-10-31,Anne Arundel,MD,Passenger,3.0,3.0,6.0,316.0,322.0,1.86,2022,10,24274,8,64,6.0,6.0,6.0,6.0,0.0,0.0,157.0,6.000000000000013
2022-11-30,Anne Arundel,MD,Passenger,3.0,3.0,6.0,312.0,318.0,1.89,2022,11,24275,8,65,6.0,6.0,6.0,6.0,0.0,0.0,163.0,6.000000000000013
2022-12-31,Anne Arundel,MD,Passenger,3.0,3.0,6.0,311.0,317.0,1.89,2022,12,24276,8,66,6.0,6.0,6.0,6.0,0.0,0.0,169.0,6.000000000000005
2023-01-31,Anne Arundel,MD,Passenger,3.0,3.0,6.0,310.0,316.0,1.9,2023,1,24277,8,67,6.0,6.0,6.0,6.0,0.0,0.0,175.0,6.000000000000005
2023-02-28,Anne Arundel,MD,Passenger,3.0,3.0,6.0,311.0,317.0,1.89,2023,2,24278,8,68,6.0,6.0,6.0,6.0,0.0,0.0,181.0,6.000000000000005
2023-03-31,Anne Arundel,MD,Passenger,3.0,3.0,6.0,303.0,309.0,1.94,2023,3,24279,8,69,6.0,6.0,6.0,6.0,0.0,0.0,187.0,6.00000000000001
2023-04-30,Anne Arundel,MD,Passenger,3.0,3.0,6.0,302.0,308.0,1.95,2023,4,24280,8,70,6.0,6.0,6.0,6.0,0.0,0.0,193.0,6.000000000000013
2023-05-31,Anne Arundel,MD,Passenger,4.0,3.0,7.0,298.0,305.0,2.3,2023,5,24281,8,71,6.0,6.0,6.0,6.0,0.16666666666666674,0.16666666666666674,200.0,6.1428571428571495
2023-06-30,Anne Arundel,MD,Passenger,4.0,3.0,7.0,291.0,298.0,2.35,2023,6,24282,8,72,7.0,6.0,6.0,6.333333333333333,0.0,0.16666666666666674,207.0,6.371428571428575
2023-07-31,Anne Arundel,MD,Passenger,5.0,3.0,8.0,289.0,297.0,2.69,2023,7,24283,8,73,7.0,7.0,6.0,6.666666666666667,0.1428571428571428,0.33333333333333326,215.0,6.771428571428581
2023-08-31,Anne Arundel,MD,Passenger,5.0,3.0,8.0,284.0,292.0,2.74,2023,8,24284,8,74,8.0,7.0,7.0,7.333333333333333,0.0,0.1428571428571428,223.0,7.228571428571433
2023-09-30,Anne Arundel,MD,Passenger,5.0,3.0,8.0,282.0,290.0,2.76,2023,9,24285,8,75,8.0,8.0,7.0,7.666666666666667,0.0,0.1428571428571428,231.0,7.628571428571438
2023-10-31,Anne Arundel,MD,Passenger,5.0,3.0,8.0,275.0,283.0,2.83,2023,10,24286,8,76,8.0,8.0,8.0,8.0,0.0,0.0,239.0,7.857142857142871
2023-11-30,Anne Arundel,MD,Passenger,5.0,3.0,8.0,275.0,283.0,2.83,2023,11,24287,8,77,8.0,8.0,8.0,8.0,0.0,0.0,247.0,8.00000000000002
2023-12-31,Anne Arundel,MD,Passenger,4.0,3.0,7.0,271.0,278.0,2.52,2023,12,24288,8,78,8.0,8.0,8.0,8.0,-0.125,-0.125,254.0,7.857142857142864
2024-01-31,Anne Arundel,MD,Passenger,4.0,3.0,7.0,266.0,273.0,2.56,2024,1,24289,8,79,7.0,8.0,8.0,7.666666666666667,0.0,-0.125,261.0,7.6285714285714645
2024-02-29,Anne Arundel,MD,Passenger,4.0,3.0,7.0,262.0,269.0,2.6,2024,2,24290,8,80,7.0,7.0,8.0,7.333333333333333,0.0,-0.125,268.0,7.371428571428561
2020-03-31,Arapahoe,CO,Passenger,1.0,0.0,1.0,146.0,147.0,0.68,2020,3,24243,9,5,1.0,1.0,1.0,1.0,0.0,0.0,6.0,0.9999999999999998
2020-04-30,Arapahoe,CO,Passenger,1.0,0.0,1.0,141.0,142.0,0.7,2020,4,24244,9,6,1.0,1.0,1.0,1.0,0.0,0.0,7.0,0.9999999999999998
2020-05-31,Arapahoe,CO,Passenger,1.0,0.0,1.0,137.0,138.0,0.72,2020,5,24245,9,7,1.0,1.0,1.0,1.0,0.0,0.0,8.0,0.9999999999999999
2020-06-30,Arapahoe,CO,Passenger,1.0,0.0,1.0,134.0,135.0,0.74,2020,6,24246,9,8,1.0,1.0,1.0,1.0,0.0,0.0,9.0,1.0000000000000002
2020-07-31,Arapahoe,CO,Passenger,1.0,0.0,1.0,134.0,135.0,0.74,2020,7,24247,9,9,1.0,1.0,1.0,1.0,0.0,0.0,10.0,1.0000000000000002
2020-08-31,Arapahoe,CO,Passenger,1.0,0.0,1.0,135.0,136.0,0.74,2020,8,24248,9,10,1.0,1.0,1.0,1.0,0.0,0.0,11.0,1.0
2020-09-30,Arapahoe,CO,Passenger,1.0,0.0,1.0,135.0,136.0,0.74,2020,9,24249,9,11,1.0,1.0,1.0,1.0,0.0,0.0,12.0,1.0000000000000002
2020-10-31,Arapahoe,CO,Passenger,1.0,0.0,1.0,132.0,133.0,0.75,2020,10,24250,9,12,1.0,1.0,1.0,1.0,0.0,0.0,13.0,1.0000000000000002
2020-11-30,Arapahoe,CO,Passenger,1.0,0.0,1.0,132.0,133.0,0.75,2020,11,24251,9,13,1.0,1.0,1.0,1.0,0.0,0.0,14.0,1.0000000000000009
2020-12-31,Arapahoe,CO,Passenger,1.0,0.0,1.0,131.0,132.0,0.76,2020,12,24252,9,14,1.0,1.0,1.0,1.0,0.0,0.0,15.0,1.0000000000000007
2021-01-31,Arapahoe,CO,Passenger,1.0,0.0,1.0,131.0,132.0,0.76,2021,1,24253,9,15,1.0,1.0,1.0,1.0,0.0,0.0,16.0,1.0000000000000009
2021-02-28,Arapahoe,CO,Passenger,1.0,0.0,1.0,129.0,130.0,0.77,2021,2,24254,9,16,1.0,1.0,1.0,1.0,0.0,0.0,17.0,1.0
2021-03-31,Arapahoe,CO,Passenger,1.0,0.0,1.0,127.0,128.0,0.78,2021,3,24255,9,17,1.0,1.0,1.0,1.0,0.0,0.0,18.0,1.0000000000000002
2021-04-30,Arapahoe,CO,Passenger,1.0,0.0,1.0,128.0,129.0,0.78,2021,4,24256,9,18,1.0,1.0,1.0,1.0,0.0,0.0,19.0,1.000000000000002
2021-05-31,Arapahoe,CO,Passenger,1.0,0.0,1.0,126.0,127.0,0.79,2021,5,24257,9,19,1.0,1.0,1.0,1.0,0.0,0.0,20.0,0.9999999999999998
2021-06-30,Arapahoe,CO,Passenger,1.0,0.0,1.0,124.0,125.0,0.8,2021,6,24258,9,20,1.0,1.0,1.0,1.0,0.0,0.0,21.0,1.000000000000001
2021-07-31,Arapahoe,CO,Passenger,1.0,0.0,1.0,120.0,121.0,0.83,2021,7,24259,9,21,1.0,1.0,1.0,1.0,0.0,0.0,22.0,1.0000000000000013
2021-08-31,Arapahoe,CO,Passenger,1.0,0.0,1.0,118.0,119.0,0.84,2021,8,24260,9,22,1.0,1.0,1.0,1.0,0.0,0.0,23.0,1.0000000000000013
2022-04-30,Arapahoe,CO,Passenger,0.0,1.0,1.0,94.0,95.0,1.05,2022,4,24268,9,23,1.0,1.0,1.0,1.0,0.0,0.0,24.0,1.0000000000000004
2022-05-31,Arapahoe,CO,Passenger,0.0,1.0,1.0,92.0,93.0,1.08,2022,5,24269,9,24,1.0,1.0,1.0,1.0,0.0,0.0,25.0,1.0000000000000013
2022-06-30,Arapahoe,CO,Passenger,0.0,1.0,1.0,93.0,94.0,1.06,2022,6,24270,9,25,1.0,1.0,1.0,1.0,0.0,0.0,26.0,1.0000000000000013
2022-07-31,Arapahoe,CO,Passenger,0.0,1.0,1.0,91.0,92.0,1.09,2022,7,24271,9,26,1.0,1.0,1.0,1.0,0.0,0.0,27.0,1.0000000000000013
2022-08-31,Arapahoe,CO,Passenger,0.0,1.0,1.0,87.0,88.0,1.14,2022,8,24272,9,27,1.0,1.0,1.0,1.0,0.0,0.0,28.0,1.0000000000000013
2022-09-30,Arapahoe,CO,Passenger,0.0,1.0,1.0,86.0,87.0,1.15,2022,9,24273,9,28,1.0,1.0,1.0,1.0,0.0,0.0,29.0,1.0000000000000024
2022-10-31,Arapahoe,CO,Passenger,0.0,1.0,1.0,88.0,89.0,1.12,2022,10,24274,9,29,1.0,1.0,1.0,1.0,0.0,0.0,30.0,1.000000000000002
2022-11-30,Arapahoe,CO,Passenger,0.0,1.0,1.0,87.0,88.0,1.14,2022,11,24275,9,30,1.0,1.0,1.0,1.0,0.0,0.0,31.0,1.0000000000000009
2022-12-31,Arapahoe,CO,Passenger,0.0,1.0,1.0,84.0,85.0,1.18,2022,12,24276,9,31,1.0,1.0,1.0,1.0,0.0,0.0,32.0,1.000000000000002
2023-01-31,Arapahoe,CO,Passenger,0.0,1.0,1.0,84.0,85.0,1.18,2023,1,24277,9,32,1.0,1.0,1.0,1.0,0.0,0.0,33.0,1.0000000000000038
2023-02-28,Arapahoe,CO,Passenger,1.0,1.0,2.0,83.0,85.0,2.35,2023,2,24278,9,33,1.0,1.0,1.0,1.0,1.0,1.0,35.0,1.142857142857146
2023-03-31,Arapahoe,CO,Passenger,1.0,1.0,2.0,85.0,87.0,2.3,2023,3,24279,9,34,2.0,1.0,1.0,1.3333333333333333,0.0,1.0,37.0,1.3714285714285743
2023-04-30,Arapahoe,CO,Passenger,1.0,1.0,2.0,85.0,87.0,2.3,2023,4,24280,9,35,2.0,2.0,1.0,1.6666666666666667,0.0,1.0,39.0,1.62857142857143
2023-05-31,Arapahoe,CO,Passenger,1.0,1.0,2.0,82.0,84.0,2.38,2023,5,24281,9,36,2.0,2.0,2.0,2.0,0.0,0.0,41.0,1.8571428571428603
2023-06-30,Arapahoe,CO,Passenger,1.0,1.0,2.0,79.0,81.0,2.47,2023,6,24282,9,37,2.0,2.0,2.0,2.0,0.0,0.0,43.0,2.0000000000000027
2023-07-31,Arapahoe,CO,Passenger,1.0,1.0,2.0,75.0,77.0,2.6,2023,7,24283,9,38,2.0,2.0,2.0,2.0,0.0,0.0,45.0,2.000000000000001
2023-08-31,Arapahoe,CO,Passenger,1.0,1.0,2.0,71.0,73.0,2.74,2023,8,24284,9,39,2.0,2.0,2.0,2.0,0.0,0.0,47.0,2.0000000000000027
2023-09-30,Arapahoe,CO,Passenger,1.0,1.0,2.0,71.0,73.0,2.74,2023,9,24285,9,40,2.0,2.0,2.0,2.0,0.0,0.0,49.0,2.000000000000001
2023-10-31,Arapahoe,CO,Passenger,1.0,1.0,2.0,68.0,70.0,2.86,2023,10,24286,9,41,2.0,2.0,2.0,2.0,0.0,0.0,51.0,2.0000000000000018
2023-11-30,Arapahoe,CO,Passenger,1.0,1.0,2.0,67.0,69.0,2.9,2023,11,24287,9,42,2.0,2.0,2.0,2.0,0.0,0.0,53.0,2.0000000000000027
2023-12-31,Arapahoe,CO,Passenger,1.0,1.0,2.0,64.0,66.0,3.03,2023,12,24288,9,43,2.0,2.0,2.0,2.0,0.0,0.0,55.0,2.000000000000001
2024-01-31,Arapahoe,CO,Passenger,1.0,1.0,2.0,61.0,63.0,3.17,2024,1,24289,9,44,2.0,2.0,2.0,2.0,0.0,0.0,57.0,2.000000000000001
2024-02-29,Arapahoe,CO,Passenger,1.0,1.0,2.0,59.0,61.0,3.28,2024,2,24290,9,45,2.0,2.0,2.0,2.0,0.0,0.0,59.0,2.0000000000000018
2017-06-30,Arlington,VA,Passenger,1.0,1.0,2.0,170.0,172.0,1.16,2017,6,24210,10,5,2.0,2.0,2.0,2.0,0.0,0.0,12.0,1.9999999999999996
2017-07-31,Arlington,VA,Passenger,1.0,1.0,2.0,170.0,172.0,1.16,2017,7,24211,10,6,2.0,2.0,2.0,2.0,0.0,0.0,14.0,1.9999999999999996
2017-08-31,Arlington,VA,Passenger,1.0,2.0,3.0,169.0,172.0,1.74,2017,8,24212,10,7,2.0,2.0,2.0,2.0,0.5,0.5,17.0,2.1428571428571423
2017-09-30,Arlington,VA,Passenger,1.0,2.0,3.0,166.0,169.0,1.78,2017,9,24213,10,8,3.0,2.0,2.0,2.3333333333333335,0.0,0.5,20.0,2.371428571428571
2017-10-31,Arlington,VA,Passenger,1.0,2.0,3.0,172.0,175.0,1.71,2017,10,24214,10,9,3.0,3.0,2.0,2.6666666666666665,0.0,0.5,23.0,2.628571428571428
2017-11-30,Arlington,VA,Passenger,1.0,2.0,3.0,174.0,177.0,1.69,2017,11,24215,10,10,3.0,3.0,3.0,3.0,0.0,0.0,26.0,2.8571428571428568
2017-12-31,Arlington,VA,Passenger,1.0,2.0,3.0,175.0,178.0,1.69,2017,12,24216,10,11,3.0,3.0,3.0,3.0,0.0,0.0,29.0,3.0000000000000013
2018-01-31,Arlington,VA,Passenger,1.0,2.0,3.0,175.0,178.0,1.69,2018,1,24217,10,12,3.0,3.0,3.0,3.0,0.0,0.0,32.0,3.000000000000001
2018-02-28,Arlington,VA,Passenger,1.0,2.0,3.0,174.0,177.0,1.69,2018,2,24218,10,13,3.0,3.0,3.0,3.0,0.0,0.0,35.0,3.0
2018-03-31,Arlington,VA,Passenger,1.0,2.0,3.0,176.0,179.0,1.68,2018,3,24219,10,14,3.0,3.0,3.0,3.0,0.0,0.0,38.0,3.000000000000001
2018-04-30,Arlington,VA,Passenger,1.0,2.0,3.0,175.0,178.0,1.69,2018,4,24220,10,15,3.0,3.0,3.0,3.0,0.0,0.0,41.0,3.0000000000000013
2018-05-31,Arlington,VA,Passenger,1.0,2.0,3.0,174.0,177.0,1.69,2018,5,24221,10,16,3.0,3.0,3.0,3.0,0.0,0.0,44.0,2.9999999999999996
2018-06-30,Arlington,VA,Passenger,1.0,2.0,3.0,175.0,178.0,1.69,2018,6,24222,10,17,3.0,3.0,3.0,3.0,0.0,0.0,47.0,3.0000000000000004
2018-07-31,Arlington,VA,Passenger,1.0,2.0,3.0,178.0,181.0,1.66,2018,7,24223,10,18,3.0,3.0,3.0,3.0,0.0,0.0,50.0,3.0000000000000013
2018-08-31,Arlington,VA,Passenger,1.0,1.0,2.0,176.0,178.0,1.12,2018,8,24224,10,19,3.0,3.0,3.0,3.0,-0.33333333333333337,-0.33333333333333337,52.0,2.8571428571428608
2018-09-30,Arlington,VA,Passenger,1.0,1.0,2.0,173.0,175.0,1.14,2018,9,24225,10,20,2.0,3.0,3.0,2.6666666666666665,0.0,-0.33333333333333337,54.0,2.62857142857143
2018-10-31,Arlington,VA,Passenger,1.0,1.0,2.0,169.0,171.0,1.17,2018,10,24226,10,21,2.0,2.0,3.0,2.3333333333333335,0.0,-0.33333333333333337,56.0,2.3714285714285737
2018-11-30,Arlington,VA,Passenger,1.0,1.0,2.0,170.0,172.0,1.16,2018,11,24227,10,22,2.0,2.0,2.0,2.0,0.0,0.0,58.0,2.1428571428571423
2018-12-31,Arlington,VA,Passenger,1.0,1.0,2.0,169.0,171.0,1.17,2018,12,24228,10,23,2.0,2.0,2.0,2.0,0.0,0.0,60.0,2.000000000000004
2019-01-31,Arlington,VA,Passenger,1.0,2.0,3.0,165.0,168.0,1.79,2019,1,24229,10,24,2.0,2.0,2.0,2.0,0.5,0.5,63.0,2.142857142857144
2019-02-28,Arlington,VA,Passenger,1.0,2.0,3.0,164.0,167.0,1.8,2019,2,24230,10,25,3.0,2.0,2.0,2.3333333333333335,0.0,0.5,66.0,2.371428571428575
2019-03-31,Arlington,VA,Passenger,1.0,2.0,3.0,164.0,167.0,1.8,2019,3,24231,10,26,3.0,3.0,2.0,2.6666666666666665,0.0,0.5,69.0,2.628571428571431
2019-04-30,Arlington,VA,Passenger,1.0,2.0,3.0,163.0,166.0,1.81,2019,4,24232,10,27,3.0,3.0,3.0,3.0,0.0,0.0,72.0,2.857142857142859
2019-05-31,Arlington,VA,Passenger,1.0,2.0,3.0,161.0,164.0,1.83,2019,5,24233,10,28,3.0,3.0,3.0,3.0,0.0,0.0,75.0,3.000000000000001
2019-06-30,Arlington,VA,Passenger,0.0,2.0,2.0,161.0,163.0,1.23,2019,6,24234,10,29,3.0,3.0,3.0,3.0,-0.33333333333333337,-0.33333333333333337,77.0,2.8571428571428625
2019-07-31,Arlington,VA,Passenger,0.0,2.0,2.0,160.0,162.0,1.23,2019,7,24235,10,30,2.0,3.0,3.0,2.6666666666666665,0.0,-0.33333333333333337,79.0,2.628571428571429
2019-08-31,Arlington,VA,Passenger,0.0,2.0,2.0,158.0,160.0,1.25,2019,8,24236,10,31,2.0,2.0,3.0,2.3333333333333335,0.0,-0.33333333333333337,81.0,2.3714285714285777
2019-09-30,Arlington,VA,Passenger,0.0,2.0,2.0,155.0,157.0,1.27,2019,9,24237,10,32,2.0,2.0,2.0,2.0,0.0,0.0,83.0,2.14285714285715
2019-10-31,Arlington,VA,Passenger,0.0,2.0,2.0,154.0,156.0,1.28,2019,10,24238,10,33,2.0,2.0,2.0,2.0,0.0,0.0,85.0,2.0000000000000098
2019-11-30,Arlington,VA,Passenger,0.0,2.0,2.0,156.0,158.0,1.27,2019,11,24239,10,34,2.0,2.0,2.0,2.0,0.0,0.0,87.0,2.0000000000000075
2019-12-31,Arlington,VA,Passenger,0.0,2.0,2.0,155.0,157.0,1.27,2019,12,24240,10,35,2.0,2.0,2.0,2.0,0.0,0.0,89.0,2.0000000000000058
2020-01-31,Arlington,VA,Passenger,0.0,2.0,2.0,156.0,158.0,1.27,2020,1,24241,10,36,2.0,2.0,2.0,2.0,0.0,0.0,91.0,2.0000000000000098
2020-02-29,Arlington,VA,Passenger,0.0,2.0,2.0,158.0,160.0,1.25,2020,2,24242,10,37,2.0,2.0,2.0,2.0,0.0,0.0,93.0,2.0000000000000058
2020-03-31,Arlington,VA,Passenger,0.0,2.0,2.0,158.0,160.0,1.25,2020,3,24243,10,38,2.0,2.0,2.0,2.0,0.0,0.0,95.0,2.0000000000000058
2020-04-30,Arlington,VA,Passenger,0.0,2.0,2.0,153.0,155.0,1.29,2020,4,24244,10,39,2.0,2.0,2.0,2.0,0.0,0.0,97.0,2.0000000000000058
2020-05-31,Arlington,VA,Passenger,0.0,2.0,2.0,151.0,153.0,1.31,2020,5,24245,10,40,2.0,2.0,2.0,2.0,0.0,0.0,99.0,2.0000000000000115
2020-06-30,Arlington,VA,Passenger,0.0,2.0,2.0,152.0,154.0,1.3,2020,6,24246,10,41,2.0,2.0,2.0,2.0,0.0,0.0,101.0,2.0000000000000115
2020-07-31,Arlington,VA,Passenger,0.0,2.0,2.0,151.0,153.0,1.31,2020,7,24247,10,42,2.0,2.0,2.0,2.0,0.0,0.0,103.0,2.000000000000004
2020-08-31,Arlington,VA,Passenger,0.0,2.0,2.0,151.0,153.0,1.31,2020,8,24248,10,43,2.0,2.0,2.0,2.0,0.0,0.0,105.0,2.0000000000000115
2020-09-30,Arlington,VA,Passenger,0.0,2.0,2.0,148.0,150.0,1.33,2020,9,24249,10,44,2.0,2.0,2.0,2.0,0.0,0.0,107.0,2.000000000000004
2020-10-31,Arlington,VA,Passenger,0.0,2.0,2.0,146.0,148.0,1.35,2020,10,24250,10,45,2.0,2.0,2.0,2.0,0.0,0.0,109.0,2.0000000000000075
2020-11-30,Arlington,VA,Passenger,0.0,2.0,2.0,146.0,148.0,1.35,2020,11,24251,10,46,2.0,2.0,2.0,2.0,0.0,0.0,111.0,2.0000000000000173
2020-12-31,Arlington,VA,Passenger,0.0,2.0,2.0,144.0,146.0,1.37,2020,12,24252,10,47,2.0,2.0,2.0,2.0,0.0,0.0,113.0,2.000000000000004
2021-01-31,Arlington,VA,Passenger,0.0,1.0,1.0,141.0,142.0,0.7,2021,1,24253,10,48,2.0,2.0,2.0,2.0,-0.5,-0.5,114.0,1.8571428571428636
2021-02-28,Arlington,VA,Passenger,0.0,1.0,1.0,143.0,144.0,0.69,2021,2,24254,10,49,1.0,2.0,2.0,1.6666666666666667,0.0,-0.5,115.0,1.6285714285714357
2021-03-31,Arlington,VA,Passenger,0.0,1.0,1.0,143.0,144.0,0.69,2021,3,24255,10,50,1.0,1.0,2.0,1.3333333333333333,0.0,-0.5,116.0,1.3714285714285748
2021-04-30,Arlington,VA,Passenger,0.0,1.0,1.0,145.0,146.0,0.68,2021,4,24256,10,51,1.0,1.0,1.0,1.0,0.0,0.0,117.0,1.1428571428571488
2021-05-31,Arlington,VA,Passenger,0.0,1.0,1.0,144.0,145.0,0.69,2021,5,24257,10,52,1.0,1.0,1.0,1.0,0.0,0.0,118.0,1.0000000000000009
2021-06-30,Arlington,VA,Passenger,0.0,1.0,1.0,144.0,145.0,0.69,2021,6,24258,10,53,1.0,1.0,1.0,1.0,0.0,0.0,119.0,1.0000000000000049
2021-07-31,Arlington,VA,Passenger,0.0,1.0,1.0,142.0,143.0,0.7,2021,7,24259,10,54,1.0,1.0,1.0,1.0,0.0,0.0,120.0,1.0000000000000162
2021-08-31,Arlington,VA,Passenger,0.0,1.0,1.0,139.0,140.0,0.71,2021,8,24260,10,55,1.0,1.0,1.0,1.0,0.0,0.0,121.0,1.0000000000000049
2021-09-30,Arlington,VA,Passenger,1.0,1.0,2.0,138.0,140.0,1.43,2021,9,24261,10,56,1.0,1.0,1.0,1.0,1.0,1.0,123.0,1.1428571428571528
2021-10-31,Arlington,VA,Passenger,1.0,1.0,2.0,135.0,137.0,1.46,2021,10,24262,10,57,2.0,1.0,1.0,1.3333333333333333,0.0,1.0,125.0,1.3714285714285785
2021-11-30,Arlington,VA,Passenger,1.0,1.0,2.0,134.0,136.0,1.47,2021,11,24263,10,58,2.0,2.0,1.0,1.6666666666666667,0.0,1.0,127.0,1.6285714285714357
2021-12-31,Arlington,VA,Passenger,1.0,0.0,1.0,134.0,135.0,0.74,2021,12,24264,10,59,2.0,2.0,2.0,2.0,-0.5,-0.5,128.0,1.7142857142857213
2022-01-31,Arlington,VA,Passenger,1.0,0.0,1.0,137.0,138.0,0.72,2022,1,24265,10,60,1.0,2.0,2.0,1.6666666666666667,0.0,-0.5,129.0,1.6285714285714434
2022-02-28,Arlington,VA,Passenger,1.0,0.0,1.0,135.0,136.0,0.74,2022,2,24266,10,61,1.0,1.0,2.0,1.3333333333333333,0.0,-0.5,130.0,1.3714285714285785
2022-03-31,Arlington,VA,Passenger,1.0,0.0,1.0,135.0,136.0,0.74,2022,3,24267,10,62,1.0,1.0,1.0,1.0,0.0,0.0,131.0,1.1428571428571488
2022-04-30,Arlington,VA,Passenger,1.0,0.0,1.0,136.0,137.0,0.73,2022,4,24268,10,63,1.0,1.0,1.0,1.0,0.0,0.0,132.0,1.0000000000000087
2022-05-31,Arlington,VA,Passenger,1.0,0.0,1.0,131.0,132.0,0.76,2022,5,24269,10,64,1.0,1.0,1.0,1.0,0.0,0.0,133.0,1.0000000000000202
2022-06-30,Arlington,VA,Passenger,1.0,0.0,1.0,130.0,131.0,0.76,2022,6,24270,10,65,1.0,1.0,1.0,1.0,0.0,0.0,134.0,1.0000000000000087
2022-07-31,Arlington,VA,Passenger,1.0,0.0,1.0,128.0,129.0,0.78,2022,7,24271,10,66,1.0,1.0,1.0,1.0,0.0,0.0,135.0,1.0000000000000124
2022-08-31,Arlington,VA,Passenger,1.0,0.0,1.0,127.0,128.0,0.78,2022,8,24272,10,67,1.0,1.0,1.0,1.0,0.0,0.0,136.0,1.0000000000000087
2022-09-30,Arlington,VA,Passenger,1.0,0.0,1.0,122.0,123.0,0.81,2022,9,24273,10,68,1.0,1.0,1.0,1.0,0.0,0.0,137.0,1.0000000000000049
2022-10-31,Arlington,VA,Passenger,1.0,0.0,1.0,116.0,117.0,0.85,2022,10,24274,10,69,1.0,1.0,1.0,1.0,0.0,0.0,138.0,1.0000000000000162
2022-11-30,Arlington,VA,Passenger,1.0,0.0,1.0,117.0,118.0,0.85,2022,11,24275,10,70,1.0,1.0,1.0,1.0,0.0,0.0,139.0,1.0000000000000087
2022-12-31,Arlington,VA,Passenger,1.0,0.0,1.0,116.0,117.0,0.85,2022,12,24276,10,71,1.0,1.0,1.0,1.0,0.0,0.0,140.0,1.0000000000000049
2023-01-31,Arlington,VA,Passenger,1.0,0.0,1.0,116.0,117.0,0.85,2023,1,24277,10,72,1.0,1.0,1.0,1.0,0.0,0.0,141.0,1.0000000000000124
2023-02-28,Arlington,VA,Passenger,1.0,0.0,1.0,116.0,117.0,0.85,2023,2,24278,10,73,1.0,1.0,1.0,1.0,0.0,0.0,142.0,1.0000000000000124
2023-03-31,Arlington,VA,Passenger,1.0,0.0,1.0,115.0,116.0,0.86,2023,3,24279,10,74,1.0,1.0,1.0,1.0,0.0,0.0,143.0,1.0000000000000049
2023-04-30,Arlington,VA,Passenger,1.0,0.0,1.0,111.0,112.0,0.89,2023,4,24280,10,75,1.0,1.0,1.0,1.0,0.0,0.0,144.0,1.0000000000000087
2023-05-31,Arlington,VA,Passenger,1.0,0.0,1.0,109.0,110.0,0.91,2023,5,24281,10,76,1.0,1.0,1.0,1.0,0.0,0.0,145.0,1.0000000000000124
2023-06-30,Arlington,VA,Passenger,1.0,0.0,1.0,109.0,110.0,0.91,2023,6,24282,10,77,1.0,1.0,1.0,1.0,0.0,0.0,146.0,1.0000000000000087
2023-07-31,Arlington,VA,Passenger,1.0,0.0,1.0,108.0,109.0,0.92,2023,7,24283,10,78,1.0,1.0,1.0,1.0,0.0,0.0,147.0,1.0000000000000087
2023-09-30,Atlantic,NJ,Passenger,1.0,0.0,1.0,10.0,11.0,6.9025,2023,9,24285,12,5,1.0,1.0,1.0,1.0,0.0,0.0,6.0,0.9999999999999998
2023-10-31,Atlantic,NJ,Passenger,1.0,0.0,1.0,7.0,8.0,6.9025,2023,10,24286,12,6,1.0,1.0,1.0,1.0,0.0,0.0,7.0,0.9999999999999998
2023-11-30,Atlantic,NJ,Passenger,1.0,0.0,1.0,7.0,8.0,6.9025,2023,11,24287,12,7,1.0,1.0,1.0,1.0,0.0,0.0,8.0,0.9999999999999999
2023-12-31,Atlantic,NJ,Passenger,1.0,0.0,1.0,7.0,8.0,6.9025,2023,12,24288,12,8,1.0,1.0,1.0,1.0,0.0,0.0,9.0,1.0000000000000002
2024-01-31,Atlantic,NJ,Passenger,1.0,0.0,1.0,7.0,8.0,6.9025,2024,1,24289,12,9,1.0,1.0,1.0,1.0,0.0,0.0,10.0,1.0000000000000002
2024-02-29,Atlantic,NJ,Passenger,1.0,0.0,1.0,7.0,8.0,6.9025,2024,2,24290,12,10,1.0,1.0,1.0,1.0,0.0,0.0,11.0,1.0
2022-07-31,Autauga,AL,Passenger,1.0,0.0,1.0,13.0,14.0,6.9025,2022,7,24271,13,5,1.0,1.0,1.0,1.0,0.0,0.0,6.0,0.9999999999999998
2022-08-31,Autauga,AL,Passenger,1.0,0.0,1.0,13.0,14.0,6.9025,2022,8,24272,13,6,1.0,1.0,1.0,1.0,0.0,0.0,7.0,0.9999999999999998
2022-09-30,Autauga,AL,Passenger,1.0,0.0,1.0,14.0,15.0,6.67,2022,9,24273,13,7,1.0,1.0,1.0,1.0,0.0,0.0,8.0,0.9999999999999999
2022-10-31,Autauga,AL,Passenger,2.0,0.0,2.0,14.0,16.0,6.9025,2022,10,24274,13,8,1.0,1.0,1.0,1.0,1.0,1.0,10.0,1.1428571428571426
2022-11-30,Autauga,AL,Passenger,2.0,0.0,2.0,14.0,16.0,6.9025,2022,11,24275,13,9,2.0,1.0,1.0,1.3333333333333333,0.0,1.0,12.0,1.3714285714285712
2022-12-31,Autauga,AL,Passenger,2.0,0.0,2.0,13.0,15.0,6.9025,2022,12,24276,13,10,2.0,2.0,1.0,1.6666666666666667,0.0,1.0,14.0,1.6285714285714283
2023-01-31,Autauga,AL,Passenger,2.0,0.0,2.0,13.0,15.0,6.9025,2023,1,24277,13,11,2.0,2.0,2.0,2.0,0.0,0.0,16.0,1.8571428571428568
2023-02-28,Autauga,AL,Passenger,2.0,0.0,2.0,13.0,15.0,6.9025,2023,2,24278,13,12,2.0,2.0,2.0,2.0,0.0,0.0,18.0,2.0000000000000004
2023-03-31,Autauga,AL,Passenger,2.0,0.0,2.0,13.0,15.0,6.9025,2023,3,24279,13,13,2.0,2.0,2.0,2.0,0.0,0.0,20.0,2.0000000000000004
2023-04-30,Autauga,AL,Passenger,2.0,0.0,2.0,13.0,15.0,6.9025,2023,4,24280,13,14,2.0,2.0,2.0,2.0,0.0,0.0,22.0,2.0
2023-05-31,Autauga,AL,Passenger,2.0,0.0,2.0,13.0,15.0,6.9025,2023,5,24281,13,15,2.0,2.0,2.0,2.0,0.0,0.0,24.0,2.0000000000000004
2023-06-30,Autauga,AL,Passenger,2.0,0.0,2.0,13.0,15.0,6.9025,2023,6,24282,13,16,2.0,2.0,2.0,2.0,0.0,0.0,26.0,2.0000000000000004
2023-07-31,Autauga,AL,Passenger,2.0,0.0,2.0,12.0,14.0,6.9025,2023,7,24283,13,17,2.0,2.0,2.0,2.0,0.0,0.0,28.0,2.0000000000000018
2023-08-31,Autauga,AL,Passenger,2.0,0.0,2.0,10.0,12.0,6.9025,2023,8,24284,13,18,2.0,2.0,2.0,2.0,0.0,0.0,30.0,2.0000000000000013
2023-09-30,Autauga,AL,Passenger,2.0,0.0,2.0,10.0,12.0,6.9025,2023,9,24285,13,19,2.0,2.0,2.0,2.0,0.0,0.0,32.0,2.0000000000000018
2023-10-31,Autauga,AL,Passenger,2.0,0.0,2.0,10.0,12.0,6.9025,2023,10,24286,13,20,2.0,2.0,2.0,2.0,0.0,0.0,34.0,2.0
2023-11-30,Autauga,AL,Passenger,2.0,0.0,2.0,10.0,12.0,6.9025,2023,11,24287,13,21,2.0,2.0,2.0,2.0,0.0,0.0,36.0,2.0000000000000004
2023-12-31,Autauga,AL,Passenger,2.0,0.0,2.0,9.0,11.0,6.9025,2023,12,24288,13,22,2.0,2.0,2.0,2.0,0.0,0.0,38.0,2.000000000000004
2024-01-31,Autauga,AL,Passenger,2.0,0.0,2.0,9.0,11.0,6.9025,2024,1,24289,13,23,2.0,2.0,2.0,2.0,0.0,0.0,40.0,1.9999999999999996
2024-02-29,Autauga,AL,Passenger,2.0,1.0,3.0,9.0,12.0,6.9025,2024,2,24290,13,24,2.0,2.0,2.0,2.0,0.5,0.5,43.0,2.142857142857144
2021-12-31,Baltimore,MD,Passenger,1.0,0.0,1.0,88.0,89.0,1.12,2021,12,24264,14,5,1.0,1.0,1.0,1.0,0.0,0.0,6.0,0.9999999999999998
2022-01-31,Baltimore,MD,Passenger,1.0,0.0,1.0,87.0,88.0,1.14,2022,1,24265,14,6,1.0,1.0,1.0,1.0,0.0,0.0,7.0,0.9999999999999998
2022-02-28,Baltimore,MD,Passenger,1.0,0.0,1.0,84.0,85.0,1.18,2022,2,24266,14,7,1.0,1.0,1.0,1.0,0.0,0.0,8.0,0.9999999999999999
2022-03-31,Baltimore,MD,Passenger,1.0,0.0,1.0,84.0,85.0,1.18,2022,3,24267,14,8,1.0,1.0,1.0,1.0,0.0,0.0,9.0,1.0000000000000002
2022-04-30,Baltimore,MD,Passenger,1.0,0.0,1.0,81.0,82.0,1.22,2022,4,24268,14,9,1.0,1.0,1.0,1.0,0.0,0.0,10.0,1.0000000000000002
2022-05-31,Baltimore,MD,Passenger,1.0,0.0,1.0,77.0,78.0,1.28,2022,5,24269,14,10,1.0,1.0,1.0,1.0,0.0,0.0,11.0,1.0
2020-09-30,Bartow,GA,Passenger,0.0,1.0,1.0,5.0,6.0,6.9025,2020,9,24249,15,5,1.0,1.0,1.0,1.0,0.0,0.0,6.0,0.9999999999999998
2020-10-31,Bartow,GA,Passenger,0.0,1.0,1.0,5.0,6.0,6.9025,2020,10,24250,15,6,1.0,1.0,1.0,1.0,0.0,0.0,7.0,0.9999999999999998
2020-11-30,Bartow,GA,Passenger,0.0,1.0,1.0,5.0,6.0,6.9025,2020,11,24251,15,7,1.0,1.0,1.0,1.0,0.0,0.0,8.0,0.9999999999999999
2020-12-31,Bartow,GA,Passenger,0.0,1.0,1.0,5.0,6.0,6.9025,2020,12,24252,15,8,1.0,1.0,1.0,1.0,0.0,0.0,9.0,1.0000000000000002
2021-01-31,Bartow,GA,Passenger,0.0,1.0,1.0,5.0,6.0,6.9025,2021,1,24253,15,9,1.0,1.0,1.0,1.0,0.0,0.0,10.0,1.0000000000000002
2021-02-28,Bartow,GA,Passenger,0.0,1.0,1.0,5.0,6.0,6.9025,2021,2,24254,15,10,1.0,1.0,1.0,1.0,0.0,0.0,11.0,1.0
2021-03-31,Bartow,GA,Passenger,0.0,1.0,1.0,5.0,6.0,6.9025,2021,3,24255,15,11,1.0,1.0,1.0,1.0,0.0,0.0,12.0,1.0000000000000002
2021-04-30,Bartow,GA,Passenger,0.0,1.0,1.0,5.0,6.0,6.9025,2021,4,24256,15,12,1.0,1.0,1.0,1.0,0.0,0.0,13.0,1.0000000000000002
2021-05-31,Bartow,GA,Passenger,0.0,1.0,1.0,5.0,6.0,6.9025,2021,5,24257,15,13,1.0,1.0,1.0,1.0,0.0,0.0,14.0,1.0000000000000009
2021-06-30,Bartow,GA,Passenger,0.0,1.0,1.0,4.0,5.0,6.9025,2021,6,24258,15,14,1.0,1.0,1.0,1.0,0.0,0.0,15.0,1.0000000000000007
2021-07-31,Bartow,GA,Passenger,0.0,1.0,1.0,4.0,5.0,6.9025,2021,7,24259,15,15,1.0,1.0,1.0,1.0,0.0,0.0,16.0,1.0000000000000009
2021-08-31,Bartow,GA,Passenger,0.0,1.0,1.0,4.0,5.0,6.9025,2021,8,24260,15,16,1.0,1.0,1.0,1.0,0.0,0.0,17.0,1.0
2021-09-30,Bartow,GA,Passenger,0.0,1.0,1.0,4.0,5.0,6.9025,2021,9,24261,15,17,1.0,1.0,1.0,1.0,0.0,0.0,18.0,1.0000000000000002
2021-10-31,Bartow,GA,Passenger,0.0,1.0,1.0,4.0,5.0,6.9025,2021,10,24262,15,18,1.0,1.0,1.0,1.0,0.0,0.0,19.0,1.000000000000002
2021-11-30,Bartow,GA,Passenger,0.0,1.0,1.0,4.0,5.0,6.9025,2021,11,24263,15,19,1.0,1.0,1.0,1.0,0.0,0.0,20.0,0.9999999999999998
2021-12-31,Bartow,GA,Passenger,0.0,1.0,1.0,4.0,5.0,6.9025,2021,12,24264,15,20,1.0,1.0,1.0,1.0,0.0,0.0,21.0,1.000000000000001
2022-01-31,Bartow,GA,Passenger,0.0,1.0,1.0,4.0,5.0,6.9025,2022,1,24265,15,21,1.0,1.0,1.0,1.0,0.0,0.0,22.0,1.0000000000000013
2022-02-28,Bartow,GA,Passenger,0.0,1.0,1.0,4.0,5.0,6.9025,2022,2,24266,15,22,1.0,1.0,1.0,1.0,0.0,0.0,23.0,1.0000000000000013
2022-03-31,Bartow,GA,Passenger,0.0,1.0,1.0,4.0,5.0,6.9025,2022,3,24267,15,23,1.0,1.0,1.0,1.0,0.0,0.0,24.0,1.0000000000000004
2022-04-30,Bartow,GA,Passenger,0.0,1.0,1.0,4.0,5.0,6.9025,2022,4,24268,15,24,1.0,1.0,1.0,1.0,0.0,0.0,25.0,1.0000000000000013
2022-05-31,Bartow,GA,Passenger,0.0,1.0,1.0,4.0,5.0,6.9025,2022,5,24269,15,25,1.0,1.0,1.0,1.0,0.0,0.0,26.0,1.0000000000000013
2022-06-30,Bartow,GA,Passenger,0.0,1.0,1.0,4.0,5.0,6.9025,2022,6,24270,15,26,1.0,1.0,1.0,1.0,0.0,0.0,27.0,1.0000000000000013
2022-07-31,Bartow,GA,Passenger,0.0,1.0,1.0,4.0,5.0,6.9025,2022,7,24271,15,27,1.0,1.0,1.0,1.0,0.0,0.0,28.0,1.0000000000000013
2022-08-31,Bartow,GA,Passenger,0.0,1.0,1.0,4.0,5.0,6.9025,2022,8,24272,15,28,1.0,1.0,1.0,1.0,0.0,0.0,29.0,1.0000000000000024
2022-09-30,Bartow,GA,Passenger,0.0,1.0,1.0,4.0,5.0,6.9025,2022,9,24273,15,29,1.0,1.0,1.0,1.0,0.0,0.0,30.0,1.000000000000002
2022-10-31,Bartow,GA,Passenger,0.0,1.0,1.0,4.0,5.0,6.9025,2022,10,24274,15,30,1.0,1.0,1.0,1.0,0.0,0.0,31.0,1.0000000000000009
2022-11-30,Bartow,GA,Passenger,0.0,1.0,1.0,4.0,5.0,6.9025,2022,11,24275,15,31,1.0,1.0,1.0,1.0,0.0,0.0,32.0,1.000000000000002
2022-12-31,Bartow,GA,Passenger,0.0,1.0,1.0,4.0,5.0,6.9025,2022,12,24276,15,32,1.0,1.0,1.0,1.0,0.0,0.0,33.0,1.0000000000000038
2023-01-31,Bartow,GA,Passenger,0.0,1.0,1.0,4.0,5.0,6.9025,2023,1,24277,15,33,1.0,1.0,1.0,1.0,0.0,0.0,34.0,1.0000000000000004
2023-02-28,Bartow,GA,Passenger,0.0,1.0,1.0,4.0,5.0,6.9025,2023,2,24278,15,34,1.0,1.0,1.0,1.0,0.0,0.0,35.0,1.000000000000002
2023-03-31,Bartow,GA,Passenger,0.0,1.0,1.0,4.0,5.0,6.9025,2023,3,24279,15,35,1.0,1.0,1.0,1.0,0.0,0.0,36.0,1.0000000000000029
2023-04-30,Bartow,GA,Passenger,0.0,1.0,1.0,4.0,5.0,6.9025,2023,4,24280,15,36,1.0,1.0,1.0,1.0,0.0,0.0,37.0,1.0000000000000038
2023-05-31,Bartow,GA,Passenger,0.0,1.0,1.0,4.0,5.0,6.9025,2023,5,24281,15,37,1.0,1.0,1.0,1.0,0.0,0.0,38.0,1.0
2023-06-30,Bartow,GA,Passenger,0.0,1.0,1.0,3.0,4.0,6.9025,2023,6,24282,15,38,1.0,1.0,1.0,1.0,0.0,0.0,39.0,1.0000000000000009
2023-07-31,Bartow,GA,Passenger,0.0,1.0,1.0,3.0,4.0,6.9025,2023,7,24283,15,39,1.0,1.0,1.0,1.0,0.0,0.0,40.0,1.0000000000000009
2023-08-31,Bartow,GA,Passenger,0.0,1.0,1.0,3.0,4.0,6.9025,2023,8,24284,15,40,1.0,1.0,1.0,1.0,0.0,0.0,41.0,1.0000000000000038
2023-09-30,Bartow,GA,Passenger,0.0,1.0,1.0,3.0,4.0,6.9025,2023,9,24285,15,41,1.0,1.0,1.0,1.0,0.0,0.0,42.0,1.0000000000000009
2023-10-31,Bartow,GA,Passenger,0.0,1.0,1.0,3.0,4.0,6.9025,2023,10,24286,15,42,1.0,1.0,1.0,1.0,0.0,0.0,43.0,1.0000000000000029
2023-11-30,Bartow,GA,Passenger,0.0,1.0,1.0,3.0,4.0,6.9025,2023,11,24287,15,43,1.0,1.0,1.0,1.0,0.0,0.0,44.0,1.0000000000000029
2023-12-31,Bartow,GA,Passenger,0.0,1.0,1.0,3.0,4.0,6.9025,2023,12,24288,15,44,1.0,1.0,1.0,1.0,0.0,0.0,45.0,1.0000000000000009
2024-01-31,Bartow,GA,Passenger,0.0,1.0,1.0,3.0,4.0,6.9025,2024,1,24289,15,45,1.0,1.0,1.0,1.0,0.0,0.0,46.0,1.0000000000000009
2024-02-29,Bartow,GA,Passenger,0.0,1.0,1.0,3.0,4.0,6.9025,2024,2,24290,15,46,1.0,1.0,1.0,1.0,0.0,0.0,47.0,1.0000000000000029
2018-09-30,Beaufort,SC,Passenger,1.0,0.0,1.0,39.0,40.0,2.5,2018,9,24225,16,5,1.0,1.0,1.0,1.0,0.0,0.0,6.0,0.9999999999999998
2018-10-31,Beaufort,SC,Passenger,1.0,0.0,1.0,37.0,38.0,2.63,2018,10,24226,16,6,1.0,1.0,1.0,1.0,0.0,0.0,7.0,0.9999999999999998
2018-11-30,Beaufort,SC,Passenger,1.0,0.0,1.0,36.0,37.0,2.7,2018,11,24227,16,7,1.0,1.0,1.0,1.0,0.0,0.0,8.0,0.9999999999999999
2018-12-31,Beaufort,SC,Passenger,1.0,0.0,1.0,36.0,37.0,2.7,2018,12,24228,16,8,1.0,1.0,1.0,1.0,0.0,0.0,9.0,1.0000000000000002
2019-01-31,Beaufort,SC,Passenger,1.0,0.0,1.0,38.0,39.0,2.56,2019,1,24229,16,9,1.0,1.0,1.0,1.0,0.0,0.0,10.0,1.0000000000000002
2019-02-28,Beaufort,SC,Passenger,1.0,0.0,1.0,38.0,39.0,2.56,2019,2,24230,16,10,1.0,1.0,1.0,1.0,0.0,0.0,11.0,1.0
2022-10-31,Beaufort,SC,Passenger,1.0,0.0,1.0,30.0,31.0,3.23,2022,10,24274,16,11,1.0,1.0,1.0,1.0,0.0,0.0,12.0,1.0000000000000002
2022-11-30,Beaufort,SC,Passenger,1.0,0.0,1.0,30.0,31.0,3.23,2022,11,24275,16,12,1.0,1.0,1.0,1.0,0.0,0.0,13.0,1.0000000000000002
2022-12-31,Beaufort,SC,Passenger,1.0,0.0,1.0,30.0,31.0,3.23,2022,12,24276,16,13,1.0,1.0,1.0,1.0,0.0,0.0,14.0,1.0000000000000009
2023-01-31,Beaufort,SC,Passenger,1.0,0.0,1.0,29.0,30.0,3.33,2023,1,24277,16,14,1.0,1.0,1.0,1.0,0.0,0.0,15.0,1.0000000000000007
2023-02-28,Beaufort,SC,Passenger,1.0,0.0,1.0,30.0,31.0,3.23,2023,2,24278,16,15,1.0,1.0,1.0,1.0,0.0,0.0,16.0,1.0000000000000009
2023-03-31,Beaufort,SC,Passenger,1.0,0.0,1.0,28.0,29.0,3.45,2023,3,24279,16,16,1.0,1.0,1.0,1.0,0.0,0.0,17.0,1.0
2023-04-30,Beaufort,SC,Passenger,1.0,0.0,1.0,29.0,30.0,3.33,2023,4,24280,16,17,1.0,1.0,1.0,1.0,0.0,0.0,18.0,1.0000000000000002
2023-05-31,Beaufort,SC,Passenger,1.0,0.0,1.0,29.0,30.0,3.33,2023,5,24281,16,18,1.0,1.0,1.0,1.0,0.0,0.0,19.0,1.000000000000002
2023-06-30,Beaufort,SC,Passenger,1.0,0.0,1.0,30.0,31.0,3.23,2023,6,24282,16,19,1.0,1.0,1.0,1.0,0.0,0.0,20.0,0.9999999999999998
2023-07-31,Beaufort,SC,Passenger,1.0,0.0,1.0,30.0,31.0,3.23,2023,7,24283,16,20,1.0,1.0,1.0,1.0,0.0,0.0,21.0,1.000000000000001
2023-08-31,Beaufort,SC,Passenger,1.0,0.0,1.0,28.0,29.0,3.45,2023,8,24284,16,21,1.0,1.0,1.0,1.0,0.0,0.0,22.0,1.0000000000000013
2023-09-30,Beaufort,SC,Passenger,1.0,0.0,1.0,27.0,28.0,3.57,2023,9,24285,16,22,1.0,1.0,1.0,1.0,0.0,0.0,23.0,1.0000000000000013
2023-10-31,Beaufort,SC,Passenger,1.0,0.0,1.0,27.0,28.0,3.57,2023,10,24286,16,23,1.0,1.0,1.0,1.0,0.0,0.0,24.0,1.0000000000000004
2023-11-30,Beaufort,SC,Passenger,1.0,0.0,1.0,26.0,27.0,3.7,2023,11,24287,16,24,1.0,1.0,1.0,1.0,0.0,0.0,25.0,1.0000000000000013
2023-12-31,Beaufort,SC,Passenger,1.0,0.0,1.0,26.0,27.0,3.7,2023,12,24288,16,25,1.0,1.0,1.0,1.0,0.0,0.0,26.0,1.0000000000000013
2024-01-31,Beaufort,SC,Passenger,1.0,0.0,1.0,26.0,27.0,3.7,2024,1,24289,16,26,1.0,1.0,1.0,1.0,0.0,0.0,27.0,1.0000000000000013
2024-02-29,Beaufort,SC,Passenger,1.0,0.0,1.0,25.0,26.0,3.85,2024,2,24290,16,27,1.0,1.0,1.0,1.0,0.0,0.0,28.0,1.0000000000000013
2022-06-30,Bell,TX,Passenger,1.0,0.0,1.0,327.0,328.0,0.3,2022,6,24270,17,5,1.0,1.0,1.0,1.0,0.0,0.0,6.0,0.9999999999999998
2022-07-31,Bell,TX,Passenger,1.0,0.0,1.0,324.0,325.0,0.31,2022,7,24271,17,6,1.0,1.0,1.0,1.0,0.0,0.0,7.0,0.9999999999999998
2022-08-31,Bell,TX,Passenger,1.0,0.0,1.0,320.0,321.0,0.31,2022,8,24272,17,7,1.0,1.0,1.0,1.0,0.0,0.0,8.0,0.9999999999999999
2022-09-30,Bell,TX,Passenger,1.0,0.0,1.0,319.0,320.0,0.31,2022,9,24273,17,8,1.0,1.0,1.0,1.0,0.0,0.0,9.0,1.0000000000000002
2022-10-31,Bell,TX,Passenger,1.0,0.0,1.0,311.0,312.0,0.32,2022,10,24274,17,9,1.0,1.0,1.0,1.0,0.0,0.0,10.0,1.0000000000000002
2022-11-30,Bell,TX,Passenger,1.0,0.0,1.0,309.0,310.0,0.32,2022,11,24275,17,10,1.0,1.0,1.0,1.0,0.0,0.0,11.0,1.0
2022-12-31,Bell,TX,Passenger,1.0,0.0,1.0,299.0,300.0,0.33,2022,12,24276,17,11,1.0,1.0,1.0,1.0,0.0,0.0,12.0,1.0000000000000002
2023-01-31,Bell,TX,Passenger,1.0,0.0,1.0,295.0,296.0,0.34,2023,1,24277,17,12,1.0,1.0,1.0,1.0,0.0,0.0,13.0,1.0000000000000002
2023-02-28,Bell,TX,Passenger,1.0,0.0,1.0,293.0,294.0,0.34,2023,2,24278,17,13,1.0,1.0,1.0,1.0,0.0,0.0,14.0,1.0000000000000009
2023-03-31,Bell,TX,Passenger,1.0,0.0,1.0,282.0,283.0,0.35,2023,3,24279,17,14,1.0,1.0,1.0,1.0,0.0,0.0,15.0,1.0000000000000007
2023-04-30,Bell,TX,Passenger,1.0,0.0,1.0,276.0,277.0,0.36,2023,4,24280,17,15,1.0,1.0,1.0,1.0,0.0,0.0,16.0,1.0000000000000009
2023-05-31,Bell,TX,Passenger,1.0,0.0,1.0,268.0,269.0,0.37,2023,5,24281,17,16,1.0,1.0,1.0,1.0,0.0,0.0,17.0,1.0
2023-06-30,Bell,TX,Passenger,1.0,0.0,1.0,257.0,258.0,0.39,2023,6,24282,17,17,1.0,1.0,1.0,1.0,0.0,0.0,18.0,1.0000000000000002
2023-07-31,Bell,TX,Passenger,1.0,0.0,1.0,247.0,248.0,0.4,2023,7,24283,17,18,1.0,1.0,1.0,1.0,0.0,0.0,19.0,1.000000000000002
2023-08-31,Bell,TX,Passenger,1.0,0.0,1.0,241.0,242.0,0.41,2023,8,24284,17,19,1.0,1.0,1.0,1.0,0.0,0.0,20.0,0.9999999999999998
2023-09-30,Bell,TX,Passenger,1.0,0.0,1.0,232.0,233.0,0.43,2023,9,24285,17,20,1.0,1.0,1.0,1.0,0.0,0.0,21.0,1.000000000000001
2023-10-31,Bell,TX,Passenger,1.0,0.0,1.0,229.0,230.0,0.43,2023,10,24286,17,21,1.0,1.0,1.0,1.0,0.0,0.0,22.0,1.0000000000000013
2023-11-30,Bell,TX,Passenger,1.0,0.0,1.0,222.0,223.0,0.45,2023,11,24287,17,22,1.0,1.0,1.0,1.0,0.0,0.0,23.0,1.0000000000000013
2023-12-31,Bell,TX,Passenger,1.0,0.0,1.0,213.0,214.0,0.47,2023,12,24288,17,23,1.0,1.0,1.0,1.0,0.0,0.0,24.0,1.0000000000000004
2024-01-31,Bell,TX,Passenger,1.0,0.0,1.0,200.0,201.0,0.5,2024,1,24289,17,24,1.0,1.0,1.0,1.0,0.0,0.0,25.0,1.0000000000000013
2024-02-29,Bell,TX,Passenger,1.0,0.0,1.0,190.0,191.0,0.52,2024,2,24290,17,25,1.0,1.0,1.0,1.0,0.0,0.0,26.0,1.0000000000000013
2017-06-30,Bergen,NJ,Passenger,0.0,2.0,2.0,32.0,34.0,5.88,2017,6,24210,19,5,2.0,2.0,2.0,2.0,0.0,0.0,12.0,1.9999999999999996
2017-07-31,Bergen,NJ,Passenger,0.0,2.0,2.0,31.0,33.0,6.06,2017,7,24211,19,6,2.0,2.0,2.0,2.0,0.0,0.0,14.0,1.9999999999999996
2017-08-31,Bergen,NJ,Passenger,0.0,2.0,2.0,31.0,33.0,6.06,2017,8,24212,19,7,2.0,2.0,2.0,2.0,0.0,0.0,16.0,1.9999999999999998
2018-11-30,Bergen,NJ,Passenger,1.0,0.0,1.0,28.0,29.0,3.45,2018,11,24227,19,8,2.0,2.0,2.0,2.0,-0.5,-0.5,17.0,1.8571428571428572
2018-12-31,Bergen,NJ,Passenger,1.0,0.0,1.0,28.0,29.0,3.45,2018,12,24228,19,9,1.0,2.0,2.0,1.6666666666666667,0.0,-0.5,18.0,1.628571428571429
2019-01-31,Bergen,NJ,Passenger,1.0,0.0,1.0,28.0,29.0,3.45,2019,1,24229,19,10,1.0,1.0,2.0,1.3333333333333333,0.0,-0.5,19.0,1.371428571428572
2019-02-28,Bergen,NJ,Passenger,1.0,0.0,1.0,26.0,27.0,3.7,2019,2,24230,19,11,1.0,1.0,1.0,1.0,0.0,0.0,20.0,1.1428571428571432
2019-03-31,Bergen,NJ,Passenger,1.0,0.0,1.0,26.0,27.0,3.7,2019,3,24231,19,12,1.0,1.0,1.0,1.0,0.0,0.0,21.0,1.000000000000001
2019-04-30,Bergen,NJ,Passenger,1.0,0.0,1.0,27.0,28.0,3.57,2019,4,24232,19,13,1.0,1.0,1.0,1.0,0.0,0.0,22.0,1.0000000000000013
2019-05-31,Bergen,NJ,Passenger,1.0,0.0,1.0,28.0,29.0,3.45,2019,5,24233,19,14,1.0,1.0,1.0,1.0,0.0,0.0,23.0,1.0000000000000013
2019-06-30,Bergen,NJ,Passenger,1.0,0.0,1.0,28.0,29.0,3.45,2019,6,24234,19,15,1.0,1.0,1.0,1.0,0.0,0.0,24.0,1.0000000000000004
2019-07-31,Bergen,NJ,Passenger,1.0,0.0,1.0,27.0,28.0,3.57,2019,7,24235,19,16,1.0,1.0,1.0,1.0,0.0,0.0,25.0,1.0000000000000013
2019-08-31,Bergen,NJ,Passenger,1.0,0.0,1.0,28.0,29.0,3.45,2019,8,24236,19,17,1.0,1.0,1.0,1.0,0.0,0.0,26.0,1.0000000000000013
2022-11-30,Berkeley,SC,Passenger,0.0,1.0,1.0,115.0,116.0,0.86,2022,11,24275,20,5,1.0,1.0,1.0,1.0,0.0,0.0,6.0,0.9999999999999998
2022-12-31,Berkeley,SC,Passenger,0.0,1.0,1.0,115.0,116.0,0.86,2022,12,24276,20,6,1.0,1.0,1.0,1.0,0.0,0.0,7.0,0.9999999999999998
2023-01-31,Berkeley,SC,Passenger,0.0,1.0,1.0,113.0,114.0,0.88,2023,1,24277,20,7,1.0,1.0,1.0,1.0,0.0,0.0,8.0,0.9999999999999999
2023-02-28,Berkeley,SC,Passenger,0.0,1.0,1.0,109.0,110.0,0.91,2023,2,24278,20,8,1.0,1.0,1.0,1.0,0.0,0.0,9.0,1.0000000000000002
2023-03-31,Berkeley,SC,Passenger,0.0,1.0,1.0,107.0,108.0,0.93,2023,3,24279,20,9,1.0,1.0,1.0,1.0,0.0,0.0,10.0,1.0000000000000002
2023-04-30,Berkeley,SC,Passenger,0.0,1.0,1.0,105.0,106.0,0.94,2023,4,24280,20,10,1.0,1.0,1.0,1.0,0.0,0.0,11.0,1.0
2023-05-31,Berkeley,SC,Passenger,0.0,1.0,1.0,101.0,102.0,0.98,2023,5,24281,20,11,1.0,1.0,1.0,1.0,0.0,0.0,12.0,1.0000000000000002
2023-06-30,Berkeley,SC,Passenger,0.0,1.0,1.0,100.0,101.0,0.99,2023,6,24282,20,12,1.0,1.0,1.0,1.0,0.0,0.0,13.0,1.0000000000000002
2023-07-31,Berkeley,SC,Passenger,0.0,1.0,1.0,96.0,97.0,1.03,2023,7,24283,20,13,1.0,1.0,1.0,1.0,0.0,0.0,14.0,1.0000000000000009
2023-08-31,Berkeley,SC,Passenger,0.0,1.0,1.0,92.0,93.0,1.08,2023,8,24284,20,14,1.0,1.0,1.0,1.0,0.0,0.0,15.0,1.0000000000000007
2023-09-30,Berkeley,SC,Passenger,0.0,1.0,1.0,91.0,92.0,1.09,2023,9,24285,20,15,1.0,1.0,1.0,1.0,0.0,0.0,16.0,1.0000000000000009
2023-10-31,Berkeley,SC,Passenger,1.0,1.0,2.0,89.0,91.0,2.2,2023,10,24286,20,16,1.0,1.0,1.0,1.0,1.0,1.0,18.0,1.1428571428571426
2023-11-30,Berkeley,SC,Passenger,1.0,1.0,2.0,85.0,87.0,2.3,2023,11,24287,20,17,2.0,1.0,1.0,1.3333333333333333,0.0,1.0,20.0,1.3714285714285714
2023-12-31,Berkeley,SC,Passenger,1.0,1.0,2.0,83.0,85.0,2.35,2023,12,24288,20,18,2.0,2.0,1.0,1.6666666666666667,0.0,1.0,22.0,1.6285714285714288
2024-01-31,Berkeley,SC,Passenger,1.0,1.0,2.0,78.0,80.0,2.5,2024,1,24289,20,19,2.0,2.0,2.0,2.0,0.0,0.0,24.0,1.8571428571428574
2024-02-29,Berkeley,SC,Passenger,1.0,1.0,2.0,76.0,78.0,2.56,2024,2,24290,20,20,2.0,2.0,2.0,2.0,0.0,0.0,26.0,2.0000000000000004
2019-08-31,Berkshire,MA,Passenger,0.0,1.0,1.0,4.0,5.0,6.9025,2019,8,24236,21,5,1.0,1.0,1.0,1.0,0.0,0.0,6.0,0.9999999999999998
2019-09-30,Berkshire,MA,Passenger,0.0,1.0,1.0,4.0,5.0,6.9025,2019,9,24237,21,6,1.0,1.0,1.0,1.0,0.0,0.0,7.0,0.9999999999999998
2019-10-31,Berkshire,MA,Passenger,0.0,1.0,1.0,4.0,5.0,6.9025,2019,10,24238,21,7,1.0,1.0,1.0,1.0,0.0,0.0,8.0,0.9999999999999999
2019-11-30,Berkshire,MA,Passenger,0.0,1.0,1.0,5.0,6.0,6.9025,2019,11,24239,21,8,1.0,1.0,1.0,1.0,0.0,0.0,9.0,1.0000000000000002
2019-12-31,Berkshire,MA,Passenger,0.0,1.0,1.0,5.0,6.0,6.9025,2019,12,24240,21,9,1.0,1.0,1.0,1.0,0.0,0.0,10.0,1.0000000000000002
2020-01-31,Berkshire,MA,Passenger,0.0,1.0,1.0,5.0,6.0,6.9025,2020,1,24241,21,10,1.0,1.0,1.0,1.0,0.0,0.0,11.0,1.0
2017-06-30,Bexar,TX,Passenger,1.0,1.0,2.0,944.0,946.0,0.21,2017,6,24210,23,5,1.0,1.0,3.0,1.6666666666666667,1.0,-0.33333333333333337,16.0,1.8857142857142848
2017-07-31,Bexar,TX,Passenger,1.0,1.0,2.0,894.0,896.0,0.22,2017,7,24211,23,6,2.0,1.0,1.0,1.3333333333333333,0.0,1.0,18.0,1.657142857142857
2017-08-31,Bexar,TX,Passenger,1.0,1.0,2.0,858.0,860.0,0.23,2017,8,24212,23,7,2.0,2.0,1.0,1.6666666666666667,0.0,1.0,20.0,1.6285714285714294
2017-09-30,Bexar,TX,Passenger,1.0,1.0,2.0,842.0,844.0,0.24,2017,9,24213,23,8,2.0,2.0,2.0,2.0,0.0,0.0,22.0,1.8571428571428574
2017-10-31,Bexar,TX,Passenger,1.0,1.0,2.0,827.0,829.0,0.24,2017,10,24214,23,9,2.0,2.0,2.0,2.0,0.0,0.0,24.0,2.0000000000000004
2017-11-30,Bexar,TX,Passenger,1.0,1.0,2.0,831.0,833.0,0.24,2017,11,24215,23,10,2.0,2.0,2.0,2.0,0.0,0.0,26.0,2.0000000000000004
2017-12-31,Bexar,TX,Passenger,1.0,2.0,3.0,828.0,831.0,0.36,2017,12,24216,23,11,2.0,2.0,2.0,2.0,0.5,0.5,29.0,2.1428571428571446
2018-01-31,Bexar,TX,Passenger,1.0,2.0,3.0,818.0,821.0,0.37,2018,1,24217,23,12,3.0,2.0,2.0,2.3333333333333335,0.0,0.5,32.0,2.371428571428572
2018-02-28,Bexar,TX,Passenger,2.0,2.0,4.0,803.0,807.0,0.5,2018,2,24218,23,13,3.0,3.0,2.0,2.6666666666666665,0.33333333333333326,1.0,36.0,2.771428571428573
2018-03-31,Bexar,TX,Passenger,2.0,2.0,4.0,794.0,798.0,0.5,2018,3,24219,23,14,4.0,3.0,3.0,3.3333333333333335,0.0,0.33333333333333326,40.0,3.228571428571428
2018-04-30,Bexar,TX,Passenger,2.0,2.0,4.0,783.0,787.0,0.51,2018,4,24220,23,15,4.0,4.0,3.0,3.6666666666666665,0.0,0.33333333333333326,44.0,3.628571428571428
2018-05-31,Bexar,TX,Passenger,2.0,3.0,5.0,773.0,778.0,0.64,2018,5,24221,23,16,4.0,4.0,4.0,4.0,0.25,0.25,49.0,4.000000000000001
2018-06-30,Bexar,TX,Passenger,2.0,4.0,6.0,756.0,762.0,0.79,2018,6,24222,23,17,5.0,4.0,4.0,4.333333333333333,0.19999999999999996,0.5,55.0,4.514285714285714
2018-07-31,Bexar,TX,Passenger,2.0,4.0,6.0,748.0,754.0,0.8,2018,7,24223,23,18,6.0,5.0,4.0,5.0,0.0,0.5,61.0,5.000000000000001
2018-08-31,Bexar,TX,Passenger,3.0,4.0,7.0,744.0,751.0,0.93,2018,8,24224,23,19,6.0,6.0,5.0,5.666666666666667,0.16666666666666674,0.3999999999999999,68.0,5.628571428571429
2018-09-30,Bexar,TX,Passenger,3.0,4.0,7.0,737.0,744.0,0.94,2018,9,24225,23,20,7.0,6.0,6.0,6.333333333333333,0.0,0.16666666666666674,75.0,6.228571428571431
2018-10-31,Bexar,TX,Passenger,3.0,4.0,7.0,735.0,742.0,0.94,2018,10,24226,23,21,7.0,7.0,6.0,6.666666666666667,0.0,0.16666666666666674,82.0,6.628571428571429
2018-11-30,Bexar,TX,Passenger,3.0,4.0,7.0,724.0,731.0,0.96,2018,11,24227,23,22,7.0,7.0,7.0,7.0,0.0,0.0,89.0,6.8571428571428585
2018-12-31,Bexar,TX,Passenger,3.0,4.0,7.0,717.0,724.0,0.97,2018,12,24228,23,23,7.0,7.0,7.0,7.0,0.0,0.0,96.0,7.000000000000001
2019-01-31,Bexar,TX,Passenger,2.0,4.0,6.0,714.0,720.0,0.83,2019,1,24229,23,24,7.0,7.0,7.0,7.0,-0.1428571428571429,-0.1428571428571429,102.0,6.85714285714286
2019-02-28,Bexar,TX,Passenger,2.0,4.0,6.0,700.0,706.0,0.85,2019,2,24230,23,25,6.0,7.0,7.0,6.666666666666667,0.0,-0.1428571428571429,108.0,6.628571428571431
2019-03-31,Bexar,TX,Passenger,2.0,4.0,6.0,688.0,694.0,0.86,2019,3,24231,23,26,6.0,6.0,7.0,6.333333333333333,0.0,-0.1428571428571429,114.0,6.371428571428575
2019-04-30,Bexar,TX,Passenger,2.0,4.0,6.0,682.0,688.0,0.87,2019,4,24232,23,27,6.0,6.0,6.0,6.0,0.0,0.0,120.0,6.142857142857146
2019-05-31,Bexar,TX,Passenger,2.0,5.0,7.0,680.0,687.0,1.02,2019,5,24233,23,28,6.0,6.0,6.0,6.0,0.16666666666666674,0.16666666666666674,127.0,6.1428571428571495
2019-06-30,Bexar,TX,Passenger,2.0,5.0,7.0,674.0,681.0,1.03,2019,6,24234,23,29,7.0,6.0,6.0,6.333333333333333,0.0,0.16666666666666674,134.0,6.371428571428574
2019-07-31,Bexar,TX,Passenger,1.0,5.0,6.0,669.0,675.0,0.89,2019,7,24235,23,30,7.0,7.0,6.0,6.666666666666667,-0.1428571428571429,0.0,140.0,6.485714285714285
2019-08-31,Bexar,TX,Passenger,1.0,5.0,6.0,661.0,667.0,0.9,2019,8,24236,23,31,6.0,7.0,7.0,6.666666666666667,0.0,-0.1428571428571429,146.0,6.485714285714288
2019-09-30,Bexar,TX,Passenger,0.0,5.0,5.0,665.0,670.0,0.75,2019,9,24237,23,32,6.0,6.0,7.0,6.333333333333333,-0.16666666666666663,-0.2857142857142857,151.0,6.228571428571443
2019-10-31,Bexar,TX,Passenger,0.0,5.0,5.0,671.0,676.0,0.74,2019,10,24238,23,33,5.0,6.0,6.0,5.666666666666667,0.0,-0.16666666666666663,156.0,5.77142857142858
2019-11-30,Bexar,TX,Passenger,0.0,5.0,5.0,670.0,675.0,0.74,2019,11,24239,23,34,5.0,5.0,6.0,5.333333333333333,0.0,-0.16666666666666663,161.0,5.3714285714285745
2019-12-31,Bexar,TX,Passenger,0.0,5.0,5.0,669.0,674.0,0.74,2019,12,24240,23,35,5.0,5.0,5.0,5.0,0.0,0.0,166.0,5.142857142857149
2020-01-31,Bexar,TX,Passenger,1.0,5.0,6.0,665.0,671.0,0.89,2020,1,24241,23,36,5.0,5.0,5.0,5.0,0.19999999999999996,0.19999999999999996,172.0,5.142857142857153
2020-02-29,Bexar,TX,Passenger,1.0,5.0,6.0,661.0,667.0,0.9,2020,2,24242,23,37,6.0,5.0,5.0,5.333333333333333,0.0,0.19999999999999996,178.0,5.3714285714285825
2020-03-31,Bexar,TX,Passenger,1.0,5.0,6.0,646.0,652.0,0.92,2020,3,24243,23,38,6.0,6.0,5.0,5.666666666666667,0.0,0.19999999999999996,184.0,5.628571428571443
2020-04-30,Bexar,TX,Passenger,1.0,5.0,6.0,638.0,644.0,0.93,2020,4,24244,23,39,6.0,6.0,6.0,6.0,0.0,0.0,190.0,5.857142857142869
2020-05-31,Bexar,TX,Passenger,1.0,5.0,6.0,629.0,635.0,0.94,2020,5,24245,23,40,6.0,6.0,6.0,6.0,0.0,0.0,196.0,6.00000000000001
2020-06-30,Bexar,TX,Passenger,2.0,5.0,7.0,621.0,628.0,1.11,2020,6,24246,23,41,6.0,6.0,6.0,6.0,0.16666666666666674,0.16666666666666674,203.0,6.142857142857154
2020-07-31,Bexar,TX,Passenger,3.0,5.0,8.0,621.0,629.0,1.27,2020,7,24247,23,42,7.0,6.0,6.0,6.333333333333333,0.1428571428571428,0.33333333333333326,211.0,6.51428571428572
2020-08-31,Bexar,TX,Passenger,3.0,5.0,8.0,614.0,622.0,1.29,2020,8,24248,23,43,8.0,7.0,6.0,7.0,0.0,0.33333333333333326,219.0,7.000000000000003
2020-09-30,Bexar,TX,Passenger,3.0,5.0,8.0,610.0,618.0,1.29,2020,9,24249,23,44,8.0,8.0,7.0,7.666666666666667,0.0,0.1428571428571428,227.0,7.485714285714289
2020-10-31,Bexar,TX,Passenger,3.0,5.0,8.0,605.0,613.0,1.31,2020,10,24250,23,45,8.0,8.0,8.0,8.0,0.0,0.0,235.0,7.857142857142875
2020-11-30,Bexar,TX,Passenger,3.0,5.0,8.0,596.0,604.0,1.32,2020,11,24251,23,46,8.0,8.0,8.0,8.0,0.0,0.0,243.0,8.00000000000002
2020-12-31,Bexar,TX,Passenger,2.0,5.0,7.0,596.0,603.0,1.16,2020,12,24252,23,47,8.0,8.0,8.0,8.0,-0.125,-0.125,250.0,7.857142857142871
2021-01-31,Bexar,TX,Passenger,2.0,5.0,7.0,594.0,601.0,1.16,2021,1,24253,23,48,7.0,8.0,8.0,7.666666666666667,0.0,-0.125,257.0,7.628571428571433
2021-02-28,Bexar,TX,Passenger,3.0,5.0,8.0,587.0,595.0,1.34,2021,2,24254,23,49,7.0,7.0,8.0,7.333333333333333,0.1428571428571428,0.0,265.0,7.5142857142857284
2021-03-31,Bexar,TX,Passenger,3.0,5.0,8.0,579.0,587.0,1.36,2021,3,24255,23,50,8.0,7.0,7.0,7.333333333333333,0.0,0.1428571428571428,273.0,7.51428571428574
2021-04-30,Bexar,TX,Passenger,3.0,5.0,8.0,571.0,579.0,1.38,2021,4,24256,23,51,8.0,8.0,7.0,7.666666666666667,0.0,0.1428571428571428,281.0,7.628571428571433
2021-05-31,Bexar,TX,Passenger,2.0,4.0,6.0,563.0,569.0,1.05,2021,5,24257,23,52,8.0,8.0,8.0,8.0,-0.25,-0.25,287.0,7.571428571428602
2021-06-30,Bexar,TX,Passenger,2.0,4.0,6.0,557.0,563.0,1.07,2021,6,24258,23,53,6.0,8.0,8.0,7.333333333333333,0.0,-0.25,293.0,7.257142857142883
2021-07-31,Bexar,TX,Passenger,2.0,4.0,6.0,549.0,555.0,1.08,2021,7,24259,23,54,6.0,6.0,8.0,6.666666666666667,0.0,-0.25,299.0,6.742857142857169
2021-08-31,Bexar,TX,Passenger,2.0,4.0,6.0,540.0,546.0,1.1,2021,8,24260,23,55,6.0,6.0,6.0,6.0,0.0,0.0,305.0,6.285714285714294
2021-09-30,Bexar,TX,Passenger,2.0,4.0,6.0,534.0,540.0,1.11,2021,9,24261,23,56,6.0,6.0,6.0,6.0,0.0,0.0,311.0,6.000000000000005
2021-10-31,Bexar,TX,Passenger,2.0,5.0,7.0,526.0,533.0,1.31,2021,10,24262,23,57,6.0,6.0,6.0,6.0,0.16666666666666674,0.16666666666666674,318.0,6.142857142857169
2021-11-30,Bexar,TX,Passenger,2.0,4.0,6.0,523.0,529.0,1.13,2021,11,24263,23,58,7.0,6.0,6.0,6.333333333333333,-0.1428571428571429,0.0,324.0,6.228571428571447
2021-12-31,Bexar,TX,Passenger,2.0,4.0,6.0,519.0,525.0,1.14,2021,12,24264,23,59,6.0,7.0,6.0,6.333333333333333,0.0,0.0,330.0,6.25714285714287
2022-01-31,Bexar,TX,Passenger,2.0,4.0,6.0,514.0,520.0,1.15,2022,1,24265,23,60,6.0,6.0,7.0,6.333333333333333,0.0,-0.1428571428571429,336.0,6.228571428571447
2022-02-28,Bexar,TX,Passenger,2.0,4.0,6.0,509.0,515.0,1.17,2022,2,24266,23,61,6.0,6.0,6.0,6.0,0.0,0.0,342.0,6.142857142857154
2022-03-31,Bexar,TX,Passenger,3.0,4.0,7.0,501.0,508.0,1.38,2022,3,24267,23,62,6.0,6.0,6.0,6.0,0.16666666666666674,0.16666666666666674,349.0,6.142857142857138
2022-04-30,Bexar,TX,Passenger,3.0,4.0,7.0,483.0,490.0,1.43,2022,4,24268,23,63,7.0,6.0,6.0,6.333333333333333,0.0,0.16666666666666674,356.0,6.371428571428587
2022-05-31,Bexar,TX,Passenger,3.0,3.0,6.0,473.0,479.0,1.25,2022,5,24269,23,64,7.0,7.0,6.0,6.666666666666667,-0.1428571428571429,0.0,362.0,6.485714285714288
2022-06-30,Bexar,TX,Passenger,3.0,3.0,6.0,468.0,474.0,1.27,2022,6,24270,23,65,6.0,7.0,7.0,6.666666666666667,0.0,-0.1428571428571429,368.0,6.4857142857143115
2022-07-31,Bexar,TX,Passenger,3.0,3.0,6.0,466.0,472.0,1.27,2022,7,24271,23,66,6.0,6.0,7.0,6.333333333333333,0.0,-0.1428571428571429,374.0,6.371428571428595
2022-08-31,Bexar,TX,Passenger,4.0,3.0,7.0,456.0,463.0,1.51,2022,8,24272,23,67,6.0,6.0,6.0,6.0,0.16666666666666674,0.16666666666666674,381.0,6.28571428571431
2022-09-30,Bexar,TX,Passenger,4.0,3.0,7.0,445.0,452.0,1.55,2022,9,24273,23,68,7.0,6.0,6.0,6.333333333333333,0.0,0.16666666666666674,388.0,6.37142857142861
2022-10-31,Bexar,TX,Passenger,4.0,3.0,7.0,434.0,441.0,1.59,2022,10,24274,23,69,7.0,7.0,6.0,6.666666666666667,0.0,0.16666666666666674,395.0,6.628571428571444
2022-11-30,Bexar,TX,Passenger,4.0,3.0,7.0,425.0,432.0,1.62,2022,11,24275,23,70,7.0,7.0,7.0,7.0,0.0,0.0,402.0,6.857142857142901
2022-12-31,Bexar,TX,Passenger,4.0,3.0,7.0,422.0,429.0,1.63,2022,12,24276,23,71,7.0,7.0,7.0,7.0,0.0,0.0,409.0,7.000000000000026
2023-01-31,Bexar,TX,Passenger,4.0,3.0,7.0,414.0,421.0,1.66,2023,1,24277,23,72,7.0,7.0,7.0,7.0,0.0,0.0,416.0,7.000000000000018
2023-02-28,Bexar,TX,Passenger,4.0,3.0,7.0,407.0,414.0,1.69,2023,2,24278,23,73,7.0,7.0,7.0,7.0,0.0,0.0,423.0,7.000000000000011
2023-03-31,Bexar,TX,Passenger,3.0,3.0,6.0,400.0,406.0,1.48,2023,3,24279,23,74,7.0,7.0,7.0,7.0,-0.1428571428571429,-0.1428571428571429,429.0,6.857142857142908
2023-04-30,Bexar,TX,Passenger,3.0,3.0,6.0,390.0,396.0,1.52,2023,4,24280,23,75,6.0,7.0,7.0,6.666666666666667,0.0,-0.1428571428571429,435.0,6.628571428571429
2023-05-31,Bexar,TX,Passenger,3.0,3.0,6.0,379.0,385.0,1.56,2023,5,24281,23,76,6.0,6.0,7.0,6.333333333333333,0.0,-0.1428571428571429,441.0,6.371428571428595
2023-06-30,Bexar,TX,Passenger,2.0,3.0,5.0,370.0,375.0,1.33,2023,6,24282,23,77,6.0,6.0,6.0,6.0,-0.16666666666666663,-0.16666666666666663,446.0,6.000000000000013
2023-07-31,Bexar,TX,Passenger,2.0,3.0,5.0,365.0,370.0,1.35,2023,7,24283,23,78,5.0,6.0,6.0,5.666666666666667,0.0,-0.16666666666666663,451.0,5.628571428571448
2023-08-31,Bexar,TX,Passenger,1.0,3.0,4.0,356.0,360.0,1.11,2023,8,24284,23,79,5.0,5.0,6.0,5.333333333333333,-0.19999999999999996,-0.33333333333333337,455.0,5.228571428571435
2023-09-30,Bexar,TX,Passenger,1.0,3.0,4.0,345.0,349.0,1.15,2023,9,24285,23,80,4.0,5.0,5.0,4.666666666666667,0.0,-0.19999999999999996,459.0,4.771428571428606
2023-10-31,Bexar,TX,Passenger,1.0,3.0,4.0,341.0,345.0,1.16,2023,10,24286,23,81,4.0,4.0,5.0,4.333333333333333,0.0,-0.19999999999999996,463.0,4.371428571428631
2023-11-30,Bexar,TX,Passenger,1.0,3.0,4.0,337.0,341.0,1.17,2023,11,24287,23,82,4.0,4.0,4.0,4.0,0.0,0.0,467.0,4.142857142857197
2023-12-31,Bexar,TX,Passenger,1.0,3.0,4.0,326.0,330.0,1.21,2023,12,24288,23,83,4.0,4.0,4.0,4.0,0.0,0.0,471.0,4.0000000000000036
2024-01-31,Bexar,TX,Passenger,0.0,3.0,3.0,319.0,322.0,0.93,2024,1,24289,23,84,4.0,4.0,4.0,4.0,-0.25,-0.25,474.0,3.8571428571428865
2024-02-29,Bexar,TX,Passenger,0.0,3.0,3.0,307.0,310.0,0.97,2024,2,24290,23,85,3.0,4.0,4.0,3.6666666666666665,0.0,-0.25,477.0,3.628571428571453
2019-12-31,Boone,MO,Passenger,0.0,1.0,1.0,12.0,13.0,6.9025,2019,12,24240,24,5,1.0,1.0,1.0,1.0,0.0,0.0,6.0,0.9999999999999998
2020-01-31,Boone,MO,Passenger,0.0,1.0,1.0,12.0,13.0,6.9025,2020,1,24241,24,6,1.0,1.0,1.0,1.0,0.0,0.0,7.0,0.9999999999999998
2020-02-29,Boone,MO,Passenger,0.0,1.0,1.0,12.0,13.0,6.9025,2020,2,24242,24,7,1.0,1.0,1.0,1.0,0.0,0.0,8.0,0.9999999999999999
2020-03-31,Boone,MO,Passenger,0.0,1.0,1.0,13.0,14.0,6.9025,2020,3,24243,24,8,1.0,1.0,1.0,1.0,0.0,0.0,9.0,1.0000000000000002
2020-04-30,Boone,MO,Passenger,0.0,1.0,1.0,13.0,14.0,6.9025,2020,4,24244,24,9,1.0,1.0,1.0,1.0,0.0,0.0,10.0,1.0000000000000002
2020-05-31,Boone,MO,Passenger,0.0,1.0,1.0,11.0,12.0,6.9025,2020,5,24245,24,10,1.0,1.0,1.0,1.0,0.0,0.0,11.0,1.0
2020-06-30,Boone,MO,Passenger,0.0,1.0,1.0,11.0,12.0,6.9025,2020,6,24246,24,11,1.0,1.0,1.0,1.0,0.0,0.0,12.0,1.0000000000000002
2020-07-31,Boone,MO,Passenger,0.0,1.0,1.0,11.0,12.0,6.9025,2020,7,24247,24,12,1.0,1.0,1.0,1.0,0.0,0.0,13.0,1.0000000000000002
2020-08-31,Boone,MO,Passenger,0.0,1.0,1.0,11.0,12.0,6.9025,2020,8,24248,24,13,1.0,1.0,1.0,1.0,0.0,0.0,14.0,1.0000000000000009
2020-09-30,Boone,MO,Passenger,0.0,1.0,1.0,11.0,12.0,6.9025,2020,9,24249,24,14,1.0,1.0,1.0,1.0,0.0,0.0,15.0,1.0000000000000007
2020-10-31,Boone,MO,Passenger,0.0,1.0,1.0,11.0,12.0,6.9025,2020,10,24250,24,15,1.0,1.0,1.0,1.0,0.0,0.0,16.0,1.0000000000000009
2020-11-30,Boone,MO,Passenger,0.0,1.0,1.0,11.0,12.0,6.9025,2020,11,24251,24,16,1.0,1.0,1.0,1.0,0.0,0.0,17.0,1.0
2020-12-31,Boone,MO,Passenger,0.0,1.0,1.0,12.0,13.0,6.9025,2020,12,24252,24,17,1.0,1.0,1.0,1.0,0.0,0.0,18.0,1.0000000000000002
2021-01-31,Boone,MO,Passenger,0.0,1.0,1.0,12.0,13.0,6.9025,2021,1,24253,24,18,1.0,1.0,1.0,1.0,0.0,0.0,19.0,1.000000000000002
2021-02-28,Boone,MO,Passenger,0.0,1.0,1.0,12.0,13.0,6.9025,2021,2,24254,24,19,1.0,1.0,1.0,1.0,0.0,0.0,20.0,0.9999999999999998
2021-03-31,Boone,MO,Passenger,0.0,1.0,1.0,12.0,13.0,6.9025,2021,3,24255,24,20,1.0,1.0,1.0,1.0,0.0,0.0,21.0,1.000000000000001
2021-04-30,Boone,MO,Passenger,0.0,1.0,1.0,11.0,12.0,6.9025,2021,4,24256,24,21,1.0,1.0,1.0,1.0,0.0,0.0,22.0,1.0000000000000013
2021-05-31,Boone,MO,Passenger,0.0,1.0,1.0,10.0,11.0,6.9025,2021,5,24257,24,22,1.0,1.0,1.0,1.0,0.0,0.0,23.0,1.0000000000000013
2021-06-30,Boone,MO,Passenger,0.0,1.0,1.0,11.0,12.0,6.9025,2021,6,24258,24,23,1.0,1.0,1.0,1.0,0.0,0.0,24.0,1.0000000000000004
2021-07-31,Boone,MO,Passenger,0.0,1.0,1.0,11.0,12.0,6.9025,2021,7,24259,24,24,1.0,1.0,1.0,1.0,0.0,0.0,25.0,1.0000000000000013
2021-08-31,Boone,MO,Passenger,0.0,1.0,1.0,12.0,13.0,6.9025,2021,8,24260,24,25,1.0,1.0,1.0,1.0,0.0,0.0,26.0,1.0000000000000013
2021-09-30,Boone,MO,Passenger,0.0,1.0,1.0,11.0,12.0,6.9025,2021,9,24261,24,26,1.0,1.0,1.0,1.0,0.0,0.0,27.0,1.0000000000000013
2021-10-31,Boone,MO,Passenger,0.0,1.0,1.0,11.0,12.0,6.9025,2021,10,24262,24,27,1.0,1.0,1.0,1.0,0.0,0.0,28.0,1.0000000000000013
2021-11-30,Boone,MO,Passenger,0.0,1.0,1.0,11.0,12.0,6.9025,2021,11,24263,24,28,1.0,1.0,1.0,1.0,0.0,0.0,29.0,1.0000000000000024
2021-12-31,Boone,MO,Passenger,0.0,1.0,1.0,11.0,12.0,6.9025,2021,12,24264,24,29,1.0,1.0,1.0,1.0,0.0,0.0,30.0,1.000000000000002
2022-01-31,Boone,MO,Passenger,0.0,1.0,1.0,11.0,12.0,6.9025,2022,1,24265,24,30,1.0,1.0,1.0,1.0,0.0,0.0,31.0,1.0000000000000009
2022-02-28,Boone,MO,Passenger,0.0,1.0,1.0,11.0,12.0,6.9025,2022,2,24266,24,31,1.0,1.0,1.0,1.0,0.0,0.0,32.0,1.000000000000002
2022-03-31,Boone,MO,Passenger,0.0,1.0,1.0,11.0,12.0,6.9025,2022,3,24267,24,32,1.0,1.0,1.0,1.0,0.0,0.0,33.0,1.0000000000000038
2022-04-30,Boone,MO,Passenger,0.0,1.0,1.0,11.0,12.0,6.9025,2022,4,24268,24,33,1.0,1.0,1.0,1.0,0.0,0.0,34.0,1.0000000000000004
2022-05-31,Boone,MO,Passenger,0.0,1.0,1.0,11.0,12.0,6.9025,2022,5,24269,24,34,1.0,1.0,1.0,1.0,0.0,0.0,35.0,1.000000000000002
2022-06-30,Boone,MO,Passenger,0.0,1.0,1.0,10.0,11.0,6.9025,2022,6,24270,24,35,1.0,1.0,1.0,1.0,0.0,0.0,36.0,1.0000000000000029
2019-05-31,Boulder,CO,Passenger,1.0,0.0,1.0,45.0,46.0,2.17,2019,5,24233,25,5,1.0,1.0,1.0,1.0,0.0,0.0,6.0,0.9999999999999998
2019-06-30,Boulder,CO,Passenger,1.0,0.0,1.0,47.0,48.0,2.08,2019,6,24234,25,6,1.0,1.0,1.0,1.0,0.0,0.0,7.0,0.9999999999999998
2019-07-31,Boulder,CO,Passenger,1.0,0.0,1.0,48.0,49.0,2.04,2019,7,24235,25,7,1.0,1.0,1.0,1.0,0.0,0.0,8.0,0.9999999999999999
2019-08-31,Boulder,CO,Passenger,1.0,0.0,1.0,53.0,54.0,1.85,2019,8,24236,25,8,1.0,1.0,1.0,1.0,0.0,0.0,9.0,1.0000000000000002
2019-09-30,Boulder,CO,Passenger,1.0,1.0,2.0,50.0,52.0,3.85,2019,9,24237,25,9,1.0,1.0,1.0,1.0,1.0,1.0,11.0,1.1428571428571432
2019-10-31,Boulder,CO,Passenger,1.0,1.0,2.0,52.0,54.0,3.7,2019,10,24238,25,10,2.0,1.0,1.0,1.3333333333333333,0.0,1.0,13.0,1.3714285714285714
2019-11-30,Boulder,CO,Passenger,1.0,1.0,2.0,51.0,53.0,3.77,2019,11,24239,25,11,2.0,2.0,1.0,1.6666666666666667,0.0,1.0,15.0,1.6285714285714286
2019-12-31,Boulder,CO,Passenger,1.0,1.0,2.0,51.0,53.0,3.77,2019,12,24240,25,12,2.0,2.0,2.0,2.0,0.0,0.0,17.0,1.8571428571428565
2020-01-31,Boulder,CO,Passenger,1.0,1.0,2.0,52.0,54.0,3.7,2020,1,24241,25,13,2.0,2.0,2.0,2.0,0.0,0.0,19.0,2.0000000000000004
2020-02-29,Boulder,CO,Passenger,1.0,1.0,2.0,49.0,51.0,3.92,2020,2,24242,25,14,2.0,2.0,2.0,2.0,0.0,0.0,21.0,2.0000000000000004
2020-03-31,Boulder,CO,Passenger,1.0,1.0,2.0,48.0,50.0,4.0,2020,3,24243,25,15,2.0,2.0,2.0,2.0,0.0,0.0,23.0,1.9999999999999998
2020-04-30,Boulder,CO,Passenger,1.0,1.0,2.0,47.0,49.0,4.08,2020,4,24244,25,16,2.0,2.0,2.0,2.0,0.0,0.0,25.0,1.9999999999999996
2020-05-31,Boulder,CO,Passenger,1.0,1.0,2.0,46.0,48.0,4.17,2020,5,24245,25,17,2.0,2.0,2.0,2.0,0.0,0.0,27.0,2.000000000000001
2020-06-30,Boulder,CO,Passenger,1.0,1.0,2.0,44.0,46.0,4.35,2020,6,24246,25,18,2.0,2.0,2.0,2.0,0.0,0.0,29.0,2.000000000000001
2020-07-31,Boulder,CO,Passenger,1.0,1.0,2.0,46.0,48.0,4.17,2020,7,24247,25,19,2.0,2.0,2.0,2.0,0.0,0.0,31.0,2.0000000000000004
2020-08-31,Boulder,CO,Passenger,1.0,1.0,2.0,43.0,45.0,4.44,2020,8,24248,25,20,2.0,2.0,2.0,2.0,0.0,0.0,33.0,2.0000000000000013
2020-09-30,Boulder,CO,Passenger,1.0,1.0,2.0,45.0,47.0,4.26,2020,9,24249,25,21,2.0,2.0,2.0,2.0,0.0,0.0,35.0,2.000000000000001
2020-10-31,Boulder,CO,Passenger,1.0,1.0,2.0,44.0,46.0,4.35,2020,10,24250,25,22,2.0,2.0,2.0,2.0,0.0,0.0,37.0,2.0000000000000004
2020-11-30,Boulder,CO,Passenger,1.0,1.0,2.0,46.0,48.0,4.17,2020,11,24251,25,23,2.0,2.0,2.0,2.0,0.0,0.0,39.0,1.9999999999999991
2020-12-31,Boulder,CO,Passenger,1.0,1.0,2.0,46.0,48.0,4.17,2020,12,24252,25,24,2.0,2.0,2.0,2.0,0.0,0.0,41.0,2.0000000000000027
2021-01-31,Boulder,CO,Passenger,1.0,1.0,2.0,45.0,47.0,4.26,2021,1,24253,25,25,2.0,2.0,2.0,2.0,0.0,0.0,43.0,2.0000000000000027
2021-02-28,Boulder,CO,Passenger,1.0,1.0,2.0,47.0,49.0,4.08,2021,2,24254,25,26,2.0,2.0,2.0,2.0,0.0,0.0,45.0,2.000000000000001
2021-03-31,Boulder,CO,Passenger,1.0,1.0,2.0,49.0,51.0,3.92,2021,3,24255,25,27,2.0,2.0,2.0,2.0,0.0,0.0,47.0,2.0000000000000027
2021-04-30,Boulder,CO,Passenger,1.0,1.0,2.0,49.0,51.0,3.92,2021,4,24256,25,28,2.0,2.0,2.0,2.0,0.0,0.0,49.0,2.000000000000001
2021-05-31,Boulder,CO,Passenger,1.0,1.0,2.0,49.0,51.0,3.92,2021,5,24257,25,29,2.0,2.0,2.0,2.0,0.0,0.0,51.0,2.0000000000000018
2021-06-30,Boulder,CO,Passenger,1.0,1.0,2.0,49.0,51.0,3.92,2021,6,24258,25,30,2.0,2.0,2.0,2.0,0.0,0.0,53.0,2.0000000000000027
2021-07-31,Boulder,CO,Passenger,1.0,1.0,2.0,44.0,46.0,4.35,2021,7,24259,25,31,2.0,2.0,2.0,2.0,0.0,0.0,55.0,2.000000000000001
2021-08-31,Boulder,CO,Passenger,1.0,1.0,2.0,44.0,46.0,4.35,2021,8,24260,25,32,2.0,2.0,2.0,2.0,0.0,0.0,57.0,2.000000000000001
2021-09-30,Boulder,CO,Passenger,1.0,1.0,2.0,46.0,48.0,4.17,2021,9,24261,25,33,2.0,2.0,2.0,2.0,0.0,0.0,59.0,2.0000000000000018
2021-10-31,Boulder,CO,Passenger,2.0,1.0,3.0,44.0,47.0,6.38,2021,10,24262,25,34,2.0,2.0,2.0,2.0,0.5,0.5,62.0,2.142857142857145
2021-11-30,Boulder,CO,Passenger,2.0,1.0,3.0,44.0,47.0,6.38,2021,11,24263,25,35,3.0,2.0,2.0,2.3333333333333335,0.0,0.5,65.0,2.371428571428575
2021-12-31,Boulder,CO,Passenger,2.0,1.0,3.0,45.0,48.0,6.25,2021,12,24264,25,36,3.0,3.0,2.0,2.6666666666666665,0.0,0.5,68.0,2.6285714285714348
2022-01-31,Boulder,CO,Passenger,2.0,1.0,3.0,44.0,47.0,6.38,2022,1,24265,25,37,3.0,3.0,3.0,3.0,0.0,0.0,71.0,2.8571428571428608
2022-02-28,Boulder,CO,Passenger,2.0,0.0,2.0,43.0,45.0,4.44,2022,2,24266,25,38,3.0,3.0,3.0,3.0,-0.33333333333333337,-0.33333333333333337,73.0,2.8571428571428577
2022-03-31,Boulder,CO,Passenger,2.0,0.0,2.0,44.0,46.0,4.35,2022,3,24267,25,39,2.0,3.0,3.0,2.6666666666666665,0.0,-0.33333333333333337,75.0,2.628571428571431
2022-04-30,Boulder,CO,Passenger,2.0,0.0,2.0,43.0,45.0,4.44,2022,4,24268,25,40,2.0,2.0,3.0,2.3333333333333335,0.0,-0.33333333333333337,77.0,2.371428571428572
2022-05-31,Boulder,CO,Passenger,2.0,0.0,2.0,44.0,46.0,4.35,2022,5,24269,25,41,2.0,2.0,2.0,2.0,0.0,0.0,79.0,2.14285714285715
2022-06-30,Boulder,CO,Passenger,2.0,0.0,2.0,43.0,45.0,4.44,2022,6,24270,25,42,2.0,2.0,2.0,2.0,0.0,0.0,81.0,2.0000000000000075
2022-07-31,Boulder,CO,Passenger,2.0,0.0,2.0,42.0,44.0,4.55,2022,7,24271,25,43,2.0,2.0,2.0,2.0,0.0,0.0,83.0,2.0000000000000075
2022-08-31,Boulder,CO,Passenger,2.0,0.0,2.0,41.0,43.0,4.65,2022,8,24272,25,44,2.0,2.0,2.0,2.0,0.0,0.0,85.0,2.0000000000000098
2022-09-30,Boulder,CO,Passenger,2.0,0.0,2.0,42.0,44.0,4.55,2022,9,24273,25,45,2.0,2.0,2.0,2.0,0.0,0.0,87.0,2.0000000000000075
2022-10-31,Boulder,CO,Passenger,2.0,0.0,2.0,42.0,44.0,4.55,2022,10,24274,25,46,2.0,2.0,2.0,2.0,0.0,0.0,89.0,2.0000000000000058
2022-11-30,Boulder,CO,Passenger,2.0,0.0,2.0,42.0,44.0,4.55,2022,11,24275,25,47,2.0,2.0,2.0,2.0,0.0,0.0,91.0,2.0000000000000098
2022-12-31,Boulder,CO,Passenger,2.0,0.0,2.0,41.0,43.0,4.65,2022,12,24276,25,48,2.0,2.0,2.0,2.0,0.0,0.0,93.0,2.0000000000000058
2023-01-31,Boulder,CO,Passenger,2.0,0.0,2.0,40.0,42.0,4.76,2023,1,24277,25,49,2.0,2.0,2.0,2.0,0.0,0.0,95.0,2.0000000000000058
2023-02-28,Boulder,CO,Passenger,2.0,0.0,2.0,39.0,41.0,4.88,2023,2,24278,25,50,2.0,2.0,2.0,2.0,0.0,0.0,97.0,2.0000000000000058
2023-03-31,Boulder,CO,Passenger,2.0,0.0,2.0,38.0,40.0,5.0,2023,3,24279,25,51,2.0,2.0,2.0,2.0,0.0,0.0,99.0,2.0000000000000115
2023-04-30,Boulder,CO,Passenger,2.0,0.0,2.0,36.0,38.0,5.26,2023,4,24280,25,52,2.0,2.0,2.0,2.0,0.0,0.0,101.0,2.0000000000000115
2023-05-31,Boulder,CO,Passenger,2.0,0.0,2.0,35.0,37.0,5.41,2023,5,24281,25,53,2.0,2.0,2.0,2.0,0.0,0.0,103.0,2.000000000000004
2023-06-30,Boulder,CO,Passenger,2.0,0.0,2.0,33.0,35.0,5.71,2023,6,24282,25,54,2.0,2.0,2.0,2.0,0.0,0.0,105.0,2.0000000000000115
2023-07-31,Boulder,CO,Passenger,2.0,0.0,2.0,31.0,33.0,6.06,2023,7,24283,25,55,2.0,2.0,2.0,2.0,0.0,0.0,107.0,2.000000000000004
2023-08-31,Boulder,CO,Passenger,2.0,0.0,2.0,29.0,31.0,6.45,2023,8,24284,25,56,2.0,2.0,2.0,2.0,0.0,0.0,109.0,2.0000000000000075
2023-09-30,Boulder,CO,Passenger,2.0,0.0,2.0,28.0,30.0,6.67,2023,9,24285,25,57,2.0,2.0,2.0,2.0,0.0,0.0,111.0,2.0000000000000173
2023-10-31,Boulder,CO,Passenger,2.0,0.0,2.0,25.0,27.0,6.9025,2023,10,24286,25,58,2.0,2.0,2.0,2.0,0.0,0.0,113.0,2.000000000000004
2023-11-30,Boulder,CO,Passenger,1.0,0.0,1.0,23.0,24.0,4.17,2023,11,24287,25,59,2.0,2.0,2.0,2.0,-0.5,-0.5,114.0,1.8571428571428636
2023-12-31,Boulder,CO,Passenger,1.0,0.0,1.0,21.0,22.0,4.55,2023,12,24288,25,60,1.0,2.0,2.0,1.6666666666666667,0.0,-0.5,115.0,1.6285714285714357
2024-01-31,Boulder,CO,Passenger,1.0,0.0,1.0,20.0,21.0,4.76,2024,1,24289,25,61,1.0,1.0,2.0,1.3333333333333333,0.0,-0.5,116.0,1.3714285714285748
2024-02-29,Boulder,CO,Passenger,1.0,0.0,1.0,18.0,19.0,5.26,2024,2,24290,25,62,1.0,1.0,1.0,1.0,0.0,0.0,117.0,1.1428571428571488
2020-12-31,Bradley,TN,Passenger,1.0,0.0,1.0,0.0,1.0,6.9025,2020,12,24252,26,5,1.0,1.0,1.0,1.0,0.0,0.0,6.0,0.9999999999999998
2021-01-31,Bradley,TN,Passenger,1.0,0.0,1.0,0.0,1.0,6.9025,2021,1,24253,26,6,1.0,1.0,1.0,1.0,0.0,0.0,7.0,0.9999999999999998
2021-02-28,Bradley,TN,Passenger,1.0,0.0,1.0,0.0,1.0,6.9025,2021,2,24254,26,7,1.0,1.0,1.0,1.0,0.0,0.0,8.0,0.9999999999999999
2021-03-31,Bradley,TN,Passenger,1.0,0.0,1.0,0.0,1.0,6.9025,2021,3,24255,26,8,1.0,1.0,1.0,1.0,0.0,0.0,9.0,1.0000000000000002
2021-04-30,Bradley,TN,Passenger,1.0,0.0,1.0,0.0,1.0,6.9025,2021,4,24256,26,9,1.0,1.0,1.0,1.0,0.0,0.0,10.0,1.0000000000000002
2021-05-31,Bradley,TN,Passenger,1.0,0.0,1.0,0.0,1.0,6.9025,2021,5,24257,26,10,1.0,1.0,1.0,1.0,0.0,0.0,11.0,1.0
2018-04-30,Brevard,FL,Passenger,0.0,1.0,1.0,103.0,104.0,0.96,2018,4,24220,27,5,1.0,1.0,1.0,1.0,0.0,0.0,6.0,0.9999999999999998
2018-05-31,Brevard,FL,Passenger,0.0,1.0,1.0,98.0,99.0,1.01,2018,5,24221,27,6,1.0,1.0,1.0,1.0,0.0,0.0,7.0,0.9999999999999998
2018-06-30,Brevard,FL,Passenger,0.0,1.0,1.0,94.0,95.0,1.05,2018,6,24222,27,7,1.0,1.0,1.0,1.0,0.0,0.0,8.0,0.9999999999999999
2018-07-31,Brevard,FL,Passenger,0.0,1.0,1.0,92.0,93.0,1.08,2018,7,24223,27,8,1.0,1.0,1.0,1.0,0.0,0.0,9.0,1.0000000000000002
2018-08-31,Brevard,FL,Passenger,0.0,1.0,1.0,92.0,93.0,1.08,2018,8,24224,27,9,1.0,1.0,1.0,1.0,0.0,0.0,10.0,1.0000000000000002
2018-09-30,Brevard,FL,Passenger,0.0,1.0,1.0,92.0,93.0,1.08,2018,9,24225,27,10,1.0,1.0,1.0,1.0,0.0,0.0,11.0,1.0
2018-10-31,Brevard,FL,Passenger,0.0,1.0,1.0,94.0,95.0,1.05,2018,10,24226,27,11,1.0,1.0,1.0,1.0,0.0,0.0,12.0,1.0000000000000002
2018-11-30,Brevard,FL,Passenger,0.0,1.0,1.0,97.0,98.0,1.02,2018,11,24227,27,12,1.0,1.0,1.0,1.0,0.0,0.0,13.0,1.0000000000000002
2018-12-31,Brevard,FL,Passenger,0.0,1.0,1.0,96.0,97.0,1.03,2018,12,24228,27,13,1.0,1.0,1.0,1.0,0.0,0.0,14.0,1.0000000000000009
2019-01-31,Brevard,FL,Passenger,0.0,1.0,1.0,92.0,93.0,1.08,2019,1,24229,27,14,1.0,1.0,1.0,1.0,0.0,0.0,15.0,1.0000000000000007
2019-02-28,Brevard,FL,Passenger,0.0,1.0,1.0,91.0,92.0,1.09,2019,2,24230,27,15,1.0,1.0,1.0,1.0,0.0,0.0,16.0,1.0000000000000009
2019-03-31,Brevard,FL,Passenger,0.0,1.0,1.0,89.0,90.0,1.11,2019,3,24231,27,16,1.0,1.0,1.0,1.0,0.0,0.0,17.0,1.0
2019-04-30,Brevard,FL,Passenger,0.0,1.0,1.0,87.0,88.0,1.14,2019,4,24232,27,17,1.0,1.0,1.0,1.0,0.0,0.0,18.0,1.0000000000000002
2019-05-31,Brevard,FL,Passenger,0.0,1.0,1.0,87.0,88.0,1.14,2019,5,24233,27,18,1.0,1.0,1.0,1.0,0.0,0.0,19.0,1.000000000000002
2019-06-30,Brevard,FL,Passenger,0.0,1.0,1.0,87.0,88.0,1.14,2019,6,24234,27,19,1.0,1.0,1.0,1.0,0.0,0.0,20.0,0.9999999999999998
2019-07-31,Brevard,FL,Passenger,0.0,1.0,1.0,85.0,86.0,1.16,2019,7,24235,27,20,1.0,1.0,1.0,1.0,0.0,0.0,21.0,1.000000000000001
2019-08-31,Brevard,FL,Passenger,0.0,1.0,1.0,86.0,87.0,1.15,2019,8,24236,27,21,1.0,1.0,1.0,1.0,0.0,0.0,22.0,1.0000000000000013
2019-09-30,Brevard,FL,Passenger,0.0,1.0,1.0,90.0,91.0,1.1,2019,9,24237,27,22,1.0,1.0,1.0,1.0,0.0,0.0,23.0,1.0000000000000013
2019-10-31,Brevard,FL,Passenger,0.0,1.0,1.0,93.0,94.0,1.06,2019,10,24238,27,23,1.0,1.0,1.0,1.0,0.0,0.0,24.0,1.0000000000000004
2019-11-30,Brevard,FL,Passenger,0.0,1.0,1.0,90.0,91.0,1.1,2019,11,24239,27,24,1.0,1.0,1.0,1.0,0.0,0.0,25.0,1.0000000000000013
2019-12-31,Brevard,FL,Passenger,0.0,1.0,1.0,90.0,91.0,1.1,2019,12,24240,27,25,1.0,1.0,1.0,1.0,0.0,0.0,26.0,1.0000000000000013
2020-01-31,Brevard,FL,Passenger,0.0,1.0,1.0,89.0,90.0,1.11,2020,1,24241,27,26,1.0,1.0,1.0,1.0,0.0,0.0,27.0,1.0000000000000013
2020-02-29,Brevard,FL,Passenger,0.0,1.0,1.0,90.0,91.0,1.1,2020,2,24242,27,27,1.0,1.0,1.0,1.0,0.0,0.0,28.0,1.0000000000000013
2020-03-31,Brevard,FL,Passenger,0.0,1.0,1.0,88.0,89.0,1.12,2020,3,24243,27,28,1.0,1.0,1.0,1.0,0.0,0.0,29.0,1.0000000000000024
2020-04-30,Brevard,FL,Passenger,0.0,1.0,1.0,88.0,89.0,1.12,2020,4,24244,27,29,1.0,1.0,1.0,1.0,0.0,0.0,30.0,1.000000000000002
2020-05-31,Brevard,FL,Passenger,0.0,1.0,1.0,86.0,87.0,1.15,2020,5,24245,27,30,1.0,1.0,1.0,1.0,0.0,0.0,31.0,1.0000000000000009
2020-06-30,Brevard,FL,Passenger,0.0,1.0,1.0,85.0,86.0,1.16,2020,6,24246,27,31,1.0,1.0,1.0,1.0,0.0,0.0,32.0,1.000000000000002
2020-07-31,Brevard,FL,Passenger,0.0,1.0,1.0,86.0,87.0,1.15,2020,7,24247,27,32,1.0,1.0,1.0,1.0,0.0,0.0,33.0,1.0000000000000038
2020-08-31,Brevard,FL,Passenger,0.0,1.0,1.0,83.0,84.0,1.19,2020,8,24248,27,33,1.0,1.0,1.0,1.0,0.0,0.0,34.0,1.0000000000000004
2020-09-30,Brevard,FL,Passenger,0.0,1.0,1.0,83.0,84.0,1.19,2020,9,24249,27,34,1.0,1.0,1.0,1.0,0.0,0.0,35.0,1.000000000000002
2023-09-30,Brevard,FL,Passenger,1.0,0.0,1.0,52.0,53.0,1.89,2023,9,24285,27,35,1.0,1.0,1.0,1.0,0.0,0.0,36.0,1.0000000000000029
2023-10-31,Brevard,FL,Passenger,1.0,0.0,1.0,50.0,51.0,1.96,2023,10,24286,27,36,1.0,1.0,1.0,1.0,0.0,0.0,37.0,1.0000000000000038
2023-11-30,Brevard,FL,Passenger,1.0,0.0,1.0,49.0,50.0,2.0,2023,11,24287,27,37,1.0,1.0,1.0,1.0,0.0,0.0,38.0,1.0
2023-12-31,Brevard,FL,Passenger,1.0,0.0,1.0,46.0,47.0,2.13,2023,12,24288,27,38,1.0,1.0,1.0,1.0,0.0,0.0,39.0,1.0000000000000009
2024-01-31,Brevard,FL,Passenger,1.0,0.0,1.0,46.0,47.0,2.13,2024,1,24289,27,39,1.0,1.0,1.0,1.0,0.0,0.0,40.0,1.0000000000000009
2024-02-29,Brevard,FL,Passenger,1.0,0.0,1.0,44.0,45.0,2.22,2024,2,24290,27,40,1.0,1.0,1.0,1.0,0.0,0.0,41.0,1.0000000000000038
2018-07-31,Broward,FL,Passenger,1.0,1.0,2.0,132.0,134.0,1.49,2018,7,24223,28,5,2.0,2.0,1.0,1.6666666666666667,0.0,1.0,9.0,1.6285714285714281
2018-08-31,Broward,FL,Passenger,1.0,1.0,2.0,136.0,138.0,1.45,2018,8,24224,28,6,2.0,2.0,2.0,2.0,0.0,0.0,11.0,1.8571428571428565
2018-09-30,Broward,FL,Passenger,1.0,1.0,2.0,137.0,139.0,1.44,2018,9,24225,28,7,2.0,2.0,2.0,2.0,0.0,0.0,13.0,2.0
2018-10-31,Broward,FL,Passenger,2.0,1.0,3.0,138.0,141.0,2.13,2018,10,24226,28,8,2.0,2.0,2.0,2.0,0.5,0.5,16.0,2.142857142857143
2018-11-30,Broward,FL,Passenger,2.0,1.0,3.0,135.0,138.0,2.17,2018,11,24227,28,9,3.0,2.0,2.0,2.3333333333333335,0.0,0.5,19.0,2.3714285714285714
2018-12-31,Broward,FL,Passenger,2.0,1.0,3.0,130.0,133.0,2.26,2018,12,24228,28,10,3.0,3.0,2.0,2.6666666666666665,0.0,0.5,22.0,2.6285714285714286
2019-01-31,Broward,FL,Passenger,2.0,1.0,3.0,130.0,133.0,2.26,2019,1,24229,28,11,3.0,3.0,3.0,3.0,0.0,0.0,25.0,2.857142857142857
2019-02-28,Broward,FL,Passenger,2.0,1.0,3.0,128.0,131.0,2.29,2019,2,24230,28,12,3.0,3.0,3.0,3.0,0.0,0.0,28.0,2.999999999999999
2019-03-31,Broward,FL,Passenger,2.0,1.0,3.0,128.0,131.0,2.29,2019,3,24231,28,13,3.0,3.0,3.0,3.0,0.0,0.0,31.0,3.0
2019-04-30,Broward,FL,Passenger,2.0,1.0,3.0,131.0,134.0,2.24,2019,4,24232,28,14,3.0,3.0,3.0,3.0,0.0,0.0,34.0,3.000000000000001
2019-05-31,Broward,FL,Passenger,2.0,1.0,3.0,128.0,131.0,2.29,2019,5,24233,28,15,3.0,3.0,3.0,3.0,0.0,0.0,37.0,3.0000000000000004
2019-06-30,Broward,FL,Passenger,2.0,1.0,3.0,128.0,131.0,2.29,2019,6,24234,28,16,3.0,3.0,3.0,3.0,0.0,0.0,40.0,3.0000000000000004
2019-07-31,Broward,FL,Passenger,2.0,1.0,3.0,129.0,132.0,2.27,2019,7,24235,28,17,3.0,3.0,3.0,3.0,0.0,0.0,43.0,3.0
2019-08-31,Broward,FL,Passenger,2.0,1.0,3.0,131.0,134.0,2.24,2019,8,24236,28,18,3.0,3.0,3.0,3.0,0.0,0.0,46.0,3.000000000000002
2019-09-30,Broward,FL,Passenger,2.0,1.0,3.0,131.0,134.0,2.24,2019,9,24237,28,19,3.0,3.0,3.0,3.0,0.0,0.0,49.0,3.0000000000000018
2019-10-31,Broward,FL,Passenger,2.0,1.0,3.0,128.0,131.0,2.29,2019,10,24238,28,20,3.0,3.0,3.0,3.0,0.0,0.0,52.0,3.000000000000001
2019-11-30,Broward,FL,Passenger,2.0,1.0,3.0,128.0,131.0,2.29,2019,11,24239,28,21,3.0,3.0,3.0,3.0,0.0,0.0,55.0,3.0000000000000027
2019-12-31,Broward,FL,Passenger,2.0,1.0,3.0,129.0,132.0,2.27,2019,12,24240,28,22,3.0,3.0,3.0,3.0,0.0,0.0,58.0,3.000000000000004
2020-01-31,Broward,FL,Passenger,2.0,1.0,3.0,127.0,130.0,2.31,2020,1,24241,28,23,3.0,3.0,3.0,3.0,0.0,0.0,61.0,3.000000000000001
2020-02-29,Broward,FL,Passenger,2.0,1.0,3.0,124.0,127.0,2.36,2020,2,24242,28,24,3.0,3.0,3.0,3.0,0.0,0.0,64.0,3.0000000000000058
2020-03-31,Broward,FL,Passenger,3.0,1.0,4.0,121.0,125.0,3.2,2020,3,24243,28,25,3.0,3.0,3.0,3.0,0.33333333333333326,0.33333333333333326,68.0,3.142857142857145
2020-04-30,Broward,FL,Passenger,3.0,1.0,4.0,120.0,124.0,3.23,2020,4,24244,28,26,4.0,3.0,3.0,3.3333333333333335,0.0,0.33333333333333326,72.0,3.371428571428571
2020-05-31,Broward,FL,Passenger,2.0,1.0,3.0,118.0,121.0,2.48,2020,5,24245,28,27,4.0,4.0,3.0,3.6666666666666665,-0.25,0.0,75.0,3.4857142857142915
2020-06-30,Broward,FL,Passenger,2.0,1.0,3.0,114.0,117.0,2.56,2020,6,24246,28,28,3.0,4.0,4.0,3.6666666666666665,0.0,-0.25,78.0,3.485714285714285
2020-07-31,Broward,FL,Passenger,2.0,1.0,3.0,112.0,115.0,2.61,2020,7,24247,28,29,3.0,3.0,4.0,3.3333333333333335,0.0,-0.25,81.0,3.3714285714285728
2020-08-31,Broward,FL,Passenger,2.0,1.0,3.0,113.0,116.0,2.59,2020,8,24248,28,30,3.0,3.0,3.0,3.0,0.0,0.0,84.0,3.142857142857147
2020-09-30,Broward,FL,Passenger,1.0,1.0,2.0,114.0,116.0,1.72,2020,9,24249,28,31,3.0,3.0,3.0,3.0,-0.33333333333333337,-0.33333333333333337,86.0,2.8571428571428625
2020-10-31,Broward,FL,Passenger,1.0,1.0,2.0,114.0,116.0,1.72,2020,10,24250,28,32,2.0,3.0,3.0,2.6666666666666665,0.0,-0.33333333333333337,88.0,2.628571428571429
2020-11-30,Broward,FL,Passenger,2.0,1.0,3.0,114.0,117.0,2.56,2020,11,24251,28,33,2.0,2.0,3.0,2.3333333333333335,0.5,0.0,91.0,2.514285714285718
2020-12-31,Broward,FL,Passenger,2.0,1.0,3.0,112.0,115.0,2.61,2020,12,24252,28,34,3.0,2.0,2.0,2.3333333333333335,0.0,0.5,94.0,2.5142857142857236
2021-01-31,Broward,FL,Passenger,2.0,1.0,3.0,111.0,114.0,2.63,2021,1,24253,28,35,3.0,3.0,2.0,2.6666666666666665,0.0,0.5,97.0,2.628571428571431
2021-02-28,Broward,FL,Passenger,2.0,0.0,2.0,113.0,115.0,1.74,2021,2,24254,28,36,3.0,3.0,3.0,3.0,-0.33333333333333337,-0.33333333333333337,99.0,2.7142857142857206
2021-03-31,Broward,FL,Passenger,1.0,0.0,1.0,115.0,116.0,0.86,2021,3,24255,28,37,2.0,3.0,3.0,2.6666666666666665,-0.5,-0.6666666666666667,100.0,2.4857142857142964
2021-04-30,Broward,FL,Passenger,1.0,0.0,1.0,111.0,112.0,0.89,2021,4,24256,28,38,1.0,2.0,3.0,2.0,0.0,-0.6666666666666667,101.0,2.0000000000000075
2021-05-31,Broward,FL,Passenger,1.0,0.0,1.0,110.0,111.0,0.9,2021,5,24257,28,39,1.0,1.0,2.0,1.3333333333333333,0.0,-0.5,102.0,1.5142857142857227
2021-06-30,Broward,FL,Passenger,2.0,0.0,2.0,114.0,116.0,1.72,2021,6,24258,28,40,1.0,1.0,1.0,1.0,1.0,1.0,104.0,1.2857142857142871
2021-07-31,Broward,FL,Passenger,2.0,0.0,2.0,115.0,117.0,1.71,2021,7,24259,28,41,2.0,1.0,1.0,1.3333333333333333,0.0,1.0,106.0,1.3714285714285785
2021-08-31,Broward,FL,Passenger,2.0,0.0,2.0,112.0,114.0,1.75,2021,8,24260,28,42,2.0,2.0,1.0,1.6666666666666667,0.0,1.0,108.0,1.6285714285714377
2021-09-30,Broward,FL,Passenger,2.0,0.0,2.0,107.0,109.0,1.83,2021,9,24261,28,43,2.0,2.0,2.0,2.0,0.0,0.0,110.0,1.8571428571428596
2021-10-31,Broward,FL,Passenger,2.0,0.0,2.0,105.0,107.0,1.87,2021,10,24262,28,44,2.0,2.0,2.0,2.0,0.0,0.0,112.0,2.0
2021-11-30,Broward,FL,Passenger,2.0,0.0,2.0,105.0,107.0,1.87,2021,11,24263,28,45,2.0,2.0,2.0,2.0,0.0,0.0,114.0,2.000000000000004
2021-12-31,Broward,FL,Passenger,2.0,0.0,2.0,103.0,105.0,1.9,2021,12,24264,28,46,2.0,2.0,2.0,2.0,0.0,0.0,116.0,2.0000000000000075
2022-01-31,Broward,FL,Passenger,2.0,0.0,2.0,101.0,103.0,1.94,2022,1,24265,28,47,2.0,2.0,2.0,2.0,0.0,0.0,118.0,2.0000000000000075
2022-02-28,Broward,FL,Passenger,2.0,0.0,2.0,97.0,99.0,2.02,2022,2,24266,28,48,2.0,2.0,2.0,2.0,0.0,0.0,120.0,2.0000000000000075
2022-03-31,Broward,FL,Passenger,2.0,0.0,2.0,94.0,96.0,2.08,2022,3,24267,28,49,2.0,2.0,2.0,2.0,0.0,0.0,122.0,2.0000000000000098
2022-04-30,Broward,FL,Passenger,2.0,0.0,2.0,93.0,95.0,2.11,2022,4,24268,28,50,2.0,2.0,2.0,2.0,0.0,0.0,124.0,2.0000000000000133
2022-05-31,Broward,FL,Passenger,2.0,0.0,2.0,88.0,90.0,2.22,2022,5,24269,28,51,2.0,2.0,2.0,2.0,0.0,0.0,126.0,2.0000000000000018
2022-06-30,Broward,FL,Passenger,1.0,0.0,1.0,86.0,87.0,1.15,2022,6,24270,28,52,2.0,2.0,2.0,2.0,-0.5,-0.5,127.0,1.8571428571428694
2022-07-31,Broward,FL,Passenger,1.0,0.0,1.0,85.0,86.0,1.16,2022,7,24271,28,53,1.0,2.0,2.0,1.6666666666666667,0.0,-0.5,128.0,1.628571428571432
2022-08-31,Broward,FL,Passenger,1.0,0.0,1.0,80.0,81.0,1.23,2022,8,24272,28,54,1.0,1.0,2.0,1.3333333333333333,0.0,-0.5,129.0,1.3714285714285825
2022-09-30,Broward,FL,Passenger,1.0,0.0,1.0,78.0,79.0,1.27,2022,9,24273,28,55,1.0,1.0,1.0,1.0,0.0,0.0,130.0,1.1428571428571488
2022-10-31,Broward,FL,Passenger,1.0,0.0,1.0,76.0,77.0,1.3,2022,10,24274,28,56,1.0,1.0,1.0,1.0,0.0,0.0,131.0,1.0000000000000049
2022-11-30,Broward,FL,Passenger,1.0,0.0,1.0,75.0,76.0,1.32,2022,11,24275,28,57,1.0,1.0,1.0,1.0,0.0,0.0,132.0,1.0000000000000087
2022-12-31,Broward,FL,Passenger,1.0,0.0,1.0,74.0,75.0,1.33,2022,12,24276,28,58,1.0,1.0,1.0,1.0,0.0,0.0,133.0,1.0000000000000202
2023-01-31,Broward,FL,Passenger,1.0,0.0,1.0,71.0,72.0,1.39,2023,1,24277,28,59,1.0,1.0,1.0,1.0,0.0,0.0,134.0,1.0000000000000087
2023-02-28,Broward,FL,Passenger,1.0,0.0,1.0,70.0,71.0,1.41,2023,2,24278,28,60,1.0,1.0,1.0,1.0,0.0,0.0,135.0,1.0000000000000124
2023-03-31,Broward,FL,Passenger,1.0,0.0,1.0,68.0,69.0,1.45,2023,3,24279,28,61,1.0,1.0,1.0,1.0,0.0,0.0,136.0,1.0000000000000087
2023-04-30,Broward,FL,Passenger,1.0,0.0,1.0,67.0,68.0,1.47,2023,4,24280,28,62,1.0,1.0,1.0,1.0,0.0,0.0,137.0,1.0000000000000049
2023-05-31,Broward,FL,Passenger,1.0,0.0,1.0,66.0,67.0,1.49,2023,5,24281,28,63,1.0,1.0,1.0,1.0,0.0,0.0,138.0,1.0000000000000162
2023-06-30,Broward,FL,Passenger,1.0,0.0,1.0,66.0,67.0,1.49,2023,6,24282,28,64,1.0,1.0,1.0,1.0,0.0,0.0,139.0,1.0000000000000087
2023-07-31,Broward,FL,Passenger,1.0,0.0,1.0,65.0,66.0,1.52,2023,7,24283,28,65,1.0,1.0,1.0,1.0,0.0,0.0,140.0,1.0000000000000049
2023-08-31,Broward,FL,Passenger,1.0,0.0,1.0,59.0,60.0,1.67,2023,8,24284,28,66,1.0,1.0,1.0,1.0,0.0,0.0,141.0,1.0000000000000124
2023-09-30,Broward,FL,Passenger,1.0,0.0,1.0,57.0,58.0,1.72,2023,9,24285,28,67,1.0,1.0,1.0,1.0,0.0,0.0,142.0,1.0000000000000124
2022-12-31,Bryan,GA,Passenger,0.0,1.0,1.0,34.0,35.0,2.86,2022,12,24276,30,5,1.0,1.0,1.0,1.0,0.0,0.0,6.0,0.9999999999999998
2023-01-31,Bryan,GA,Passenger,0.0,1.0,1.0,33.0,34.0,2.94,2023,1,24277,30,6,1.0,1.0,1.0,1.0,0.0,0.0,7.0,0.9999999999999998
2019-04-30,Bucks,PA,Passenger,1.0,0.0,1.0,19.0,20.0,5.0,2019,4,24232,31,5,1.0,1.0,1.0,1.0,0.0,0.0,6.0,0.9999999999999998
2019-05-31,Bucks,PA,Passenger,1.0,0.0,1.0,20.0,21.0,4.76,2019,5,24233,31,6,1.0,1.0,1.0,1.0,0.0,0.0,7.0,0.9999999999999998
2019-06-30,Bucks,PA,Passenger,1.0,0.0,1.0,21.0,22.0,4.55,2019,6,24234,31,7,1.0,1.0,1.0,1.0,0.0,0.0,8.0,0.9999999999999999
2019-07-31,Bucks,PA,Passenger,1.0,0.0,1.0,23.0,24.0,4.17,2019,7,24235,31,8,1.0,1.0,1.0,1.0,0.0,0.0,9.0,1.0000000000000002
2019-08-31,Bucks,PA,Passenger,1.0,0.0,1.0,25.0,26.0,3.85,2019,8,24236,31,9,1.0,1.0,1.0,1.0,0.0,0.0,10.0,1.0000000000000002
2019-09-30,Bucks,PA,Passenger,1.0,0.0,1.0,25.0,26.0,3.85,2019,9,24237,31,10,1.0,1.0,1.0,1.0,0.0,0.0,11.0,1.0
2019-10-31,Bucks,PA,Passenger,1.0,0.0,1.0,26.0,27.0,3.7,2019,10,24238,31,11,1.0,1.0,1.0,1.0,0.0,0.0,12.0,1.0000000000000002
2019-11-30,Bucks,PA,Passenger,1.0,0.0,1.0,24.0,25.0,4.0,2019,11,24239,31,12,1.0,1.0,1.0,1.0,0.0,0.0,13.0,1.0000000000000002
2019-12-31,Bucks,PA,Passenger,1.0,0.0,1.0,23.0,24.0,4.17,2019,12,24240,31,13,1.0,1.0,1.0,1.0,0.0,0.0,14.0,1.0000000000000009
2020-01-31,Bucks,PA,Passenger,1.0,0.0,1.0,21.0,22.0,4.55,2020,1,24241,31,14,1.0,1.0,1.0,1.0,0.0,0.0,15.0,1.0000000000000007
2020-02-29,Bucks,PA,Passenger,1.0,0.0,1.0,21.0,22.0,4.55,2020,2,24242,31,15,1.0,1.0,1.0,1.0,0.0,0.0,16.0,1.0000000000000009
2020-03-31,Bucks,PA,Passenger,1.0,0.0,1.0,22.0,23.0,4.35,2020,3,24243,31,16,1.0,1.0,1.0,1.0,0.0,0.0,17.0,1.0
2020-04-30,Bucks,PA,Passenger,1.0,0.0,1.0,22.0,23.0,4.35,2020,4,24244,31,17,1.0,1.0,1.0,1.0,0.0,0.0,18.0,1.0000000000000002
2020-05-31,Bucks,PA,Passenger,1.0,0.0,1.0,22.0,23.0,4.35,2020,5,24245,31,18,1.0,1.0,1.0,1.0,0.0,0.0,19.0,1.000000000000002
2020-06-30,Bucks,PA,Passenger,1.0,0.0,1.0,21.0,22.0,4.55,2020,6,24246,31,19,1.0,1.0,1.0,1.0,0.0,0.0,20.0,0.9999999999999998
2020-07-31,Bucks,PA,Passenger,1.0,0.0,1.0,22.0,23.0,4.35,2020,7,24247,31,20,1.0,1.0,1.0,1.0,0.0,0.0,21.0,1.000000000000001
2020-08-31,Bucks,PA,Passenger,1.0,0.0,1.0,22.0,23.0,4.35,2020,8,24248,31,21,1.0,1.0,1.0,1.0,0.0,0.0,22.0,1.0000000000000013
2020-09-30,Bucks,PA,Passenger,1.0,0.0,1.0,22.0,23.0,4.35,2020,9,24249,31,22,1.0,1.0,1.0,1.0,0.0,0.0,23.0,1.0000000000000013
2020-10-31,Bucks,PA,Passenger,1.0,0.0,1.0,21.0,22.0,4.55,2020,10,24250,31,23,1.0,1.0,1.0,1.0,0.0,0.0,24.0,1.0000000000000004
2020-11-30,Bucks,PA,Passenger,1.0,0.0,1.0,21.0,22.0,4.55,2020,11,24251,31,24,1.0,1.0,1.0,1.0,0.0,0.0,25.0,1.0000000000000013
2020-12-31,Bucks,PA,Passenger,1.0,0.0,1.0,21.0,22.0,4.55,2020,12,24252,31,25,1.0,1.0,1.0,1.0,0.0,0.0,26.0,1.0000000000000013
2021-01-31,Bucks,PA,Passenger,1.0,0.0,1.0,21.0,22.0,4.55,2021,1,24253,31,26,1.0,1.0,1.0,1.0,0.0,0.0,27.0,1.0000000000000013
2021-02-28,Bucks,PA,Passenger,1.0,0.0,1.0,21.0,22.0,4.55,2021,2,24254,31,27,1.0,1.0,1.0,1.0,0.0,0.0,28.0,1.0000000000000013
2021-03-31,Bucks,PA,Passenger,1.0,0.0,1.0,21.0,22.0,4.55,2021,3,24255,31,28,1.0,1.0,1.0,1.0,0.0,0.0,29.0,1.0000000000000024
2021-04-30,Bucks,PA,Passenger,1.0,0.0,1.0,20.0,21.0,4.76,2021,4,24256,31,29,1.0,1.0,1.0,1.0,0.0,0.0,30.0,1.000000000000002
2021-05-31,Bucks,PA,Passenger,1.0,0.0,1.0,19.0,20.0,5.0,2021,5,24257,31,30,1.0,1.0,1.0,1.0,0.0,0.0,31.0,1.0000000000000009
2021-06-30,Bucks,PA,Passenger,1.0,0.0,1.0,18.0,19.0,5.26,2021,6,24258,31,31,1.0,1.0,1.0,1.0,0.0,0.0,32.0,1.000000000000002
2021-07-31,Bucks,PA,Passenger,1.0,0.0,1.0,18.0,19.0,5.26,2021,7,24259,31,32,1.0,1.0,1.0,1.0,0.0,0.0,33.0,1.0000000000000038
2021-08-31,Bucks,PA,Passenger,1.0,0.0,1.0,17.0,18.0,5.56,2021,8,24260,31,33,1.0,1.0,1.0,1.0,0.0,0.0,34.0,1.0000000000000004
2021-09-30,Burlington,NJ,Passenger,0.0,1.0,1.0,121.0,122.0,0.82,2021,9,24261,32,5,1.0,1.0,1.0,1.0,0.0,0.0,6.0,0.9999999999999998
2021-10-31,Burlington,NJ,Passenger,0.0,1.0,1.0,121.0,122.0,0.82,2021,10,24262,32,6,1.0,1.0,1.0,1.0,0.0,0.0,7.0,0.9999999999999998
2021-11-30,Burlington,NJ,Passenger,0.0,1.0,1.0,121.0,122.0,0.82,2021,11,24263,32,7,1.0,1.0,1.0,1.0,0.0,0.0,8.0,0.9999999999999999
2021-12-31,Burlington,NJ,Passenger,0.0,1.0,1.0,119.0,120.0,0.83,2021,12,24264,32,8,1.0,1.0,1.0,1.0,0.0,0.0,9.0,1.0000000000000002
2022-01-31,Burlington,NJ,Passenger,0.0,1.0,1.0,118.0,119.0,0.84,2022,1,24265,32,9,1.0,1.0,1.0,1.0,0.0,0.0,10.0,1.0000000000000002
2022-02-28,Burlington,NJ,Passenger,0.0,1.0,1.0,117.0,118.0,0.85,2022,2,24266,32,10,1.0,1.0,1.0,1.0,0.0,0.0,11.0,1.0
2022-03-31,Burlington,NJ,Passenger,0.0,1.0,1.0,112.0,113.0,0.88,2022,3,24267,32,11,1.0,1.0,1.0,1.0,0.0,0.0,12.0,1.0000000000000002
2022-04-30,Burlington,NJ,Passenger,0.0,2.0,2.0,112.0,114.0,1.75,2022,4,24268,32,12,1.0,1.0,1.0,1.0,1.0,1.0,14.0,1.1428571428571432
2022-05-31,Burlington,NJ,Passenger,0.0,2.0,2.0,112.0,114.0,1.75,2022,5,24269,32,13,2.0,1.0,1.0,1.3333333333333333,0.0,1.0,16.0,1.3714285714285719
2022-06-30,Burlington,NJ,Passenger,0.0,2.0,2.0,110.0,112.0,1.79,2022,6,24270,32,14,2.0,2.0,1.0,1.6666666666666667,0.0,1.0,18.0,1.6285714285714288
2022-07-31,Burlington,NJ,Passenger,0.0,2.0,2.0,106.0,108.0,1.85,2022,7,24271,32,15,2.0,2.0,2.0,2.0,0.0,0.0,20.0,1.8571428571428574
2022-08-31,Burlington,NJ,Passenger,0.0,2.0,2.0,104.0,106.0,1.89,2022,8,24272,32,16,2.0,2.0,2.0,2.0,0.0,0.0,22.0,2.0
2022-09-30,Burlington,NJ,Passenger,0.0,2.0,2.0,103.0,105.0,1.9,2022,9,24273,32,17,2.0,2.0,2.0,2.0,0.0,0.0,24.0,2.0000000000000004
2022-10-31,Burlington,NJ,Passenger,0.0,2.0,2.0,101.0,103.0,1.94,2022,10,24274,32,18,2.0,2.0,2.0,2.0,0.0,0.0,26.0,2.0000000000000004
2022-11-30,Burlington,NJ,Passenger,0.0,2.0,2.0,103.0,105.0,1.9,2022,11,24275,32,19,2.0,2.0,2.0,2.0,0.0,0.0,28.0,2.0000000000000018
2022-12-31,Burlington,NJ,Passenger,0.0,2.0,2.0,104.0,106.0,1.89,2022,12,24276,32,20,2.0,2.0,2.0,2.0,0.0,0.0,30.0,2.0000000000000013
2023-01-31,Burlington,NJ,Passenger,0.0,2.0,2.0,99.0,101.0,1.98,2023,1,24277,32,21,2.0,2.0,2.0,2.0,0.0,0.0,32.0,2.0000000000000018
2023-02-28,Burlington,NJ,Passenger,2.0,2.0,4.0,98.0,102.0,3.92,2023,2,24278,32,22,2.0,2.0,2.0,2.0,1.0,1.0,36.0,2.285714285714285
2023-03-31,Burlington,NJ,Passenger,2.0,2.0,4.0,96.0,100.0,4.0,2023,3,24279,32,23,4.0,2.0,2.0,2.6666666666666665,0.0,1.0,40.0,2.742857142857143
2023-04-30,Burlington,NJ,Passenger,2.0,2.0,4.0,96.0,100.0,4.0,2023,4,24280,32,24,4.0,4.0,2.0,3.3333333333333335,0.0,1.0,44.0,3.2571428571428576
2023-05-31,Burlington,NJ,Passenger,2.0,2.0,4.0,94.0,98.0,4.08,2023,5,24281,32,25,4.0,4.0,4.0,4.0,0.0,0.0,48.0,3.714285714285715
2023-06-30,Burlington,NJ,Passenger,2.0,2.0,4.0,92.0,96.0,4.17,2023,6,24282,32,26,4.0,4.0,4.0,4.0,0.0,0.0,52.0,4.000000000000001
2023-07-31,Burlington,NJ,Passenger,2.0,2.0,4.0,89.0,93.0,4.3,2023,7,24283,32,27,4.0,4.0,4.0,4.0,0.0,0.0,56.0,4.0000000000000036
2023-08-31,Burlington,NJ,Passenger,2.0,2.0,4.0,86.0,90.0,4.44,2023,8,24284,32,28,4.0,4.0,4.0,4.0,0.0,0.0,60.0,4.000000000000003
2023-09-30,Burlington,NJ,Passenger,2.0,2.0,4.0,85.0,89.0,4.49,2023,9,24285,32,29,4.0,4.0,4.0,4.0,0.0,0.0,64.0,4.0000000000000036
2023-10-31,Burlington,NJ,Passenger,2.0,2.0,4.0,84.0,88.0,4.55,2023,10,24286,32,30,4.0,4.0,4.0,4.0,0.0,0.0,68.0,4.0
2023-11-30,Burlington,NJ,Passenger,2.0,2.0,4.0,84.0,88.0,4.55,2023,11,24287,32,31,4.0,4.0,4.0,4.0,0.0,0.0,72.0,4.000000000000001
2023-12-31,Burlington,NJ,Passenger,2.0,2.0,4.0,83.0,87.0,4.6,2023,12,24288,32,32,4.0,4.0,4.0,4.0,0.0,0.0,76.0,4.000000000000008
2024-01-31,Burlington,NJ,Passenger,0.0,2.0,2.0,81.0,83.0,2.41,2024,1,24289,32,33,4.0,4.0,4.0,4.0,-0.5,-0.5,78.0,3.7142857142857184
2024-02-29,Burlington,NJ,Passenger,0.0,2.0,2.0,77.0,79.0,2.53,2024,2,24290,32,34,2.0,4.0,4.0,3.3333333333333335,0.0,-0.5,80.0,3.257142857142862
2018-07-31,Caddo,LA,Passenger,0.0,1.0,1.0,23.0,24.0,4.17,2018,7,24223,33,5,1.0,1.0,1.0,1.0,0.0,0.0,6.0,0.9999999999999998
2018-08-31,Caddo,LA,Passenger,0.0,1.0,1.0,24.0,25.0,4.0,2018,8,24224,33,6,1.0,1.0,1.0,1.0,0.0,0.0,7.0,0.9999999999999998
2018-09-30,Caddo,LA,Passenger,0.0,1.0,1.0,24.0,25.0,4.0,2018,9,24225,33,7,1.0,1.0,1.0,1.0,0.0,0.0,8.0,0.9999999999999999
2018-10-31,Caddo,LA,Passenger,0.0,1.0,1.0,26.0,27.0,3.7,2018,10,24226,33,8,1.0,1.0,1.0,1.0,0.0,0.0,9.0,1.0000000000000002
2018-11-30,Caddo,LA,Passenger,0.0,1.0,1.0,25.0,26.0,3.85,2018,11,24227,33,9,1.0,1.0,1.0,1.0,0.0,0.0,10.0,1.0000000000000002
2018-12-31,Caddo,LA,Passenger,0.0,1.0,1.0,23.0,24.0,4.17,2018,12,24228,33,10,1.0,1.0,1.0,1.0,0.0,0.0,11.0,1.0
2019-01-31,Caddo,LA,Passenger,0.0,1.0,1.0,23.0,24.0,4.17,2019,1,24229,33,11,1.0,1.0,1.0,1.0,0.0,0.0,12.0,1.0000000000000002
2019-02-28,Caddo,LA,Passenger,0.0,1.0,1.0,24.0,25.0,4.0,2019,2,24230,33,12,1.0,1.0,1.0,1.0,0.0,0.0,13.0,1.0000000000000002
2019-03-31,Caddo,LA,Passenger,0.0,1.0,1.0,25.0,26.0,3.85,2019,3,24231,33,13,1.0,1.0,1.0,1.0,0.0,0.0,14.0,1.0000000000000009
2019-04-30,Caddo,LA,Passenger,0.0,1.0,1.0,25.0,26.0,3.85,2019,4,24232,33,14,1.0,1.0,1.0,1.0,0.0,0.0,15.0,1.0000000000000007
2019-05-31,Caddo,LA,Passenger,0.0,1.0,1.0,26.0,27.0,3.7,2019,5,24233,33,15,1.0,1.0,1.0,1.0,0.0,0.0,16.0,1.0000000000000009
2019-06-30,Caddo,LA,Passenger,0.0,1.0,1.0,24.0,25.0,4.0,2019,6,24234,33,16,1.0,1.0,1.0,1.0,0.0,0.0,17.0,1.0
2019-07-31,Caddo,LA,Passenger,0.0,1.0,1.0,23.0,24.0,4.17,2019,7,24235,33,17,1.0,1.0,1.0,1.0,0.0,0.0,18.0,1.0000000000000002
2019-08-31,Caddo,LA,Passenger,0.0,1.0,1.0,21.0,22.0,4.55,2019,8,24236,33,18,1.0,1.0,1.0,1.0,0.0,0.0,19.0,1.000000000000002
2023-10-31,Caddo,LA,Passenger,2.0,0.0,2.0,10.0,12.0,6.9025,2023,10,24286,33,19,1.0,1.0,1.0,1.0,1.0,1.0,21.0,1.1428571428571428
2023-11-30,Caddo,LA,Passenger,2.0,0.0,2.0,10.0,12.0,6.9025,2023,11,24287,33,20,2.0,1.0,1.0,1.3333333333333333,0.0,1.0,23.0,1.3714285714285723
2023-12-31,Caddo,LA,Passenger,2.0,0.0,2.0,8.0,10.0,6.9025,2023,12,24288,33,21,2.0,2.0,1.0,1.6666666666666667,0.0,1.0,25.0,1.6285714285714283
2024-01-31,Caddo,LA,Passenger,2.0,0.0,2.0,8.0,10.0,6.9025,2024,1,24289,33,22,2.0,2.0,2.0,2.0,0.0,0.0,27.0,1.857142857142858
2024-02-29,Caddo,LA,Passenger,2.0,0.0,2.0,9.0,11.0,6.9025,2024,2,24290,33,23,2.0,2.0,2.0,2.0,0.0,0.0,29.0,2.000000000000001
2019-06-30,Calvert,MD,Passenger,0.0,2.0,2.0,85.0,87.0,2.3,2019,6,24234,34,5,2.0,2.0,1.0,1.6666666666666667,0.0,1.0,9.0,1.6285714285714281
2019-07-31,Calvert,MD,Passenger,0.0,2.0,2.0,87.0,89.0,2.25,2019,7,24235,34,6,2.0,2.0,2.0,2.0,0.0,0.0,11.0,1.8571428571428565
2019-08-31,Calvert,MD,Passenger,0.0,2.0,2.0,87.0,89.0,2.25,2019,8,24236,34,7,2.0,2.0,2.0,2.0,0.0,0.0,13.0,2.0
2019-09-30,Calvert,MD,Passenger,0.0,2.0,2.0,89.0,91.0,2.2,2019,9,24237,34,8,2.0,2.0,2.0,2.0,0.0,0.0,15.0,1.9999999999999998
2019-10-31,Calvert,MD,Passenger,0.0,2.0,2.0,90.0,92.0,2.17,2019,10,24238,34,9,2.0,2.0,2.0,2.0,0.0,0.0,17.0,2.0
2019-11-30,Calvert,MD,Passenger,0.0,2.0,2.0,90.0,92.0,2.17,2019,11,24239,34,10,2.0,2.0,2.0,2.0,0.0,0.0,19.0,2.0000000000000004
2019-12-31,Calvert,MD,Passenger,0.0,2.0,2.0,89.0,91.0,2.2,2019,12,24240,34,11,2.0,2.0,2.0,2.0,0.0,0.0,21.0,2.0000000000000004
2020-01-31,Calvert,MD,Passenger,0.0,2.0,2.0,90.0,92.0,2.17,2020,1,24241,34,12,2.0,2.0,2.0,2.0,0.0,0.0,23.0,1.9999999999999998
2020-02-29,Calvert,MD,Passenger,0.0,2.0,2.0,90.0,92.0,2.17,2020,2,24242,34,13,2.0,2.0,2.0,2.0,0.0,0.0,25.0,1.9999999999999996
2020-03-31,Calvert,MD,Passenger,0.0,2.0,2.0,90.0,92.0,2.17,2020,3,24243,34,14,2.0,2.0,2.0,2.0,0.0,0.0,27.0,2.000000000000001
2020-04-30,Calvert,MD,Passenger,0.0,2.0,2.0,89.0,91.0,2.2,2020,4,24244,34,15,2.0,2.0,2.0,2.0,0.0,0.0,29.0,2.000000000000001
2020-05-31,Calvert,MD,Passenger,0.0,2.0,2.0,88.0,90.0,2.22,2020,5,24245,34,16,2.0,2.0,2.0,2.0,0.0,0.0,31.0,2.0000000000000004
2020-06-30,Calvert,MD,Passenger,0.0,2.0,2.0,90.0,92.0,2.17,2020,6,24246,34,17,2.0,2.0,2.0,2.0,0.0,0.0,33.0,2.0000000000000013
2020-07-31,Calvert,MD,Passenger,0.0,2.0,2.0,89.0,91.0,2.2,2020,7,24247,34,18,2.0,2.0,2.0,2.0,0.0,0.0,35.0,2.000000000000001
2020-08-31,Calvert,MD,Passenger,0.0,2.0,2.0,87.0,89.0,2.25,2020,8,24248,34,19,2.0,2.0,2.0,2.0,0.0,0.0,37.0,2.0000000000000004
2020-09-30,Calvert,MD,Passenger,0.0,2.0,2.0,85.0,87.0,2.3,2020,9,24249,34,20,2.0,2.0,2.0,2.0,0.0,0.0,39.0,1.9999999999999991
2020-10-31,Calvert,MD,Passenger,0.0,2.0,2.0,84.0,86.0,2.33,2020,10,24250,34,21,2.0,2.0,2.0,2.0,0.0,0.0,41.0,2.0000000000000027
2020-11-30,Calvert,MD,Passenger,0.0,2.0,2.0,85.0,87.0,2.3,2020,11,24251,34,22,2.0,2.0,2.0,2.0,0.0,0.0,43.0,2.0000000000000027
2020-12-31,Calvert,MD,Passenger,0.0,2.0,2.0,85.0,87.0,2.3,2020,12,24252,34,23,2.0,2.0,2.0,2.0,0.0,0.0,45.0,2.000000000000001
2021-01-31,Calvert,MD,Passenger,0.0,2.0,2.0,85.0,87.0,2.3,2021,1,24253,34,24,2.0,2.0,2.0,2.0,0.0,0.0,47.0,2.0000000000000027
2021-02-28,Calvert,MD,Passenger,0.0,2.0,2.0,85.0,87.0,2.3,2021,2,24254,34,25,2.0,2.0,2.0,2.0,0.0,0.0,49.0,2.000000000000001
2021-03-31,Calvert,MD,Passenger,0.0,2.0,2.0,85.0,87.0,2.3,2021,3,24255,34,26,2.0,2.0,2.0,2.0,0.0,0.0,51.0,2.0000000000000018
2021-04-30,Calvert,MD,Passenger,0.0,2.0,2.0,88.0,90.0,2.22,2021,4,24256,34,27,2.0,2.0,2.0,2.0,0.0,0.0,53.0,2.0000000000000027
2021-05-31,Calvert,MD,Passenger,0.0,2.0,2.0,90.0,92.0,2.17,2021,5,24257,34,28,2.0,2.0,2.0,2.0,0.0,0.0,55.0,2.000000000000001
2021-06-30,Calvert,MD,Passenger,0.0,2.0,2.0,91.0,93.0,2.15,2021,6,24258,34,29,2.0,2.0,2.0,2.0,0.0,0.0,57.0,2.000000000000001
2021-07-31,Calvert,MD,Passenger,0.0,2.0,2.0,89.0,91.0,2.2,2021,7,24259,34,30,2.0,2.0,2.0,2.0,0.0,0.0,59.0,2.0000000000000018
2021-08-31,Calvert,MD,Passenger,0.0,2.0,2.0,87.0,89.0,2.25,2021,8,24260,34,31,2.0,2.0,2.0,2.0,0.0,0.0,61.0,2.0000000000000018
2021-09-30,Calvert,MD,Passenger,0.0,2.0,2.0,87.0,89.0,2.25,2021,9,24261,34,32,2.0,2.0,2.0,2.0,0.0,0.0,63.0,2.0000000000000018
2021-10-31,Calvert,MD,Passenger,0.0,2.0,2.0,85.0,87.0,2.3,2021,10,24262,34,33,2.0,2.0,2.0,2.0,0.0,0.0,65.0,2.0
2021-11-30,Calvert,MD,Passenger,0.0,2.0,2.0,84.0,86.0,2.33,2021,11,24263,34,34,2.0,2.0,2.0,2.0,0.0,0.0,67.0,2.000000000000004
2021-12-31,Calvert,MD,Passenger,0.0,2.0,2.0,82.0,84.0,2.38,2021,12,24264,34,35,2.0,2.0,2.0,2.0,0.0,0.0,69.0,2.0
2022-01-31,Calvert,MD,Passenger,0.0,2.0,2.0,81.0,83.0,2.41,2022,1,24265,34,36,2.0,2.0,2.0,2.0,0.0,0.0,71.0,2.0
2022-02-28,Calvert,MD,Passenger,0.0,2.0,2.0,81.0,83.0,2.41,2022,2,24266,34,37,2.0,2.0,2.0,2.0,0.0,0.0,73.0,2.0000000000000018
2022-03-31,Calvert,MD,Passenger,0.0,2.0,2.0,79.0,81.0,2.47,2022,3,24267,34,38,2.0,2.0,2.0,2.0,0.0,0.0,75.0,2.0000000000000058
2022-04-30,Calvert,MD,Passenger,0.0,2.0,2.0,80.0,82.0,2.44,2022,4,24268,34,39,2.0,2.0,2.0,2.0,0.0,0.0,77.0,2.0000000000000058
2022-05-31,Calvert,MD,Passenger,0.0,2.0,2.0,79.0,81.0,2.47,2022,5,24269,34,40,2.0,2.0,2.0,2.0,0.0,0.0,79.0,2.0
2022-06-30,Calvert,MD,Passenger,0.0,2.0,2.0,79.0,81.0,2.47,2022,6,24270,34,41,2.0,2.0,2.0,2.0,0.0,0.0,81.0,2.0000000000000075
2022-07-31,Calvert,MD,Passenger,0.0,2.0,2.0,78.0,80.0,2.5,2022,7,24271,34,42,2.0,2.0,2.0,2.0,0.0,0.0,83.0,2.0000000000000075
2022-08-31,Calvert,MD,Passenger,0.0,2.0,2.0,77.0,79.0,2.53,2022,8,24272,34,43,2.0,2.0,2.0,2.0,0.0,0.0,85.0,2.0000000000000098
2022-09-30,Calvert,MD,Passenger,0.0,2.0,2.0,79.0,81.0,2.47,2022,9,24273,34,44,2.0,2.0,2.0,2.0,0.0,0.0,87.0,2.0000000000000075
2022-10-31,Calvert,MD,Passenger,0.0,2.0,2.0,79.0,81.0,2.47,2022,10,24274,34,45,2.0,2.0,2.0,2.0,0.0,0.0,89.0,2.0000000000000058
2022-11-30,Calvert,MD,Passenger,0.0,2.0,2.0,80.0,82.0,2.44,2022,11,24275,34,46,2.0,2.0,2.0,2.0,0.0,0.0,91.0,2.0000000000000098
2022-12-31,Calvert,MD,Passenger,0.0,2.0,2.0,82.0,84.0,2.38,2022,12,24276,34,47,2.0,2.0,2.0,2.0,0.0,0.0,93.0,2.0000000000000058
2023-01-31,Calvert,MD,Passenger,0.0,2.0,2.0,82.0,84.0,2.38,2023,1,24277,34,48,2.0,2.0,2.0,2.0,0.0,0.0,95.0,2.0000000000000058
2023-02-28,Calvert,MD,Passenger,0.0,2.0,2.0,80.0,82.0,2.44,2023,2,24278,34,49,2.0,2.0,2.0,2.0,0.0,0.0,97.0,2.0000000000000058
2023-03-31,Calvert,MD,Passenger,0.0,2.0,2.0,76.0,78.0,2.56,2023,3,24279,34,50,2.0,2.0,2.0,2.0,0.0,0.0,99.0,2.0000000000000115
2023-04-30,Calvert,MD,Passenger,1.0,1.0,2.0,76.0,78.0,2.56,2023,4,24280,34,51,2.0,2.0,2.0,2.0,0.0,0.0,101.0,2.0000000000000115
2023-05-31,Calvert,MD,Passenger,1.0,1.0,2.0,74.0,76.0,2.63,2023,5,24281,34,52,2.0,2.0,2.0,2.0,0.0,0.0,103.0,2.000000000000004
2023-06-30,Calvert,MD,Passenger,1.0,1.0,2.0,72.0,74.0,2.7,2023,6,24282,34,53,2.0,2.0,2.0,2.0,0.0,0.0,105.0,2.0000000000000115
2023-07-31,Calvert,MD,Passenger,1.0,1.0,2.0,72.0,74.0,2.7,2023,7,24283,34,54,2.0,2.0,2.0,2.0,0.0,0.0,107.0,2.000000000000004
2023-08-31,Calvert,MD,Passenger,1.0,1.0,2.0,72.0,74.0,2.7,2023,8,24284,34,55,2.0,2.0,2.0,2.0,0.0,0.0,109.0,2.0000000000000075
2023-09-30,Calvert,MD,Passenger,1.0,1.0,2.0,72.0,74.0,2.7,2023,9,24285,34,56,2.0,2.0,2.0,2.0,0.0,0.0,111.0,2.0000000000000173
2023-10-31,Calvert,MD,Passenger,1.0,1.0,2.0,73.0,75.0,2.67,2023,10,24286,34,57,2.0,2.0,2.0,2.0,0.0,0.0,113.0,2.000000000000004
2023-11-30,Calvert,MD,Passenger,1.0,1.0,2.0,70.0,72.0,2.78,2023,11,24287,34,58,2.0,2.0,2.0,2.0,0.0,0.0,115.0,2.0000000000000098
2023-12-31,Calvert,MD,Passenger,1.0,1.0,2.0,67.0,69.0,2.9,2023,12,24288,34,59,2.0,2.0,2.0,2.0,0.0,0.0,117.0,2.0000000000000058
2024-01-31,Calvert,MD,Passenger,1.0,1.0,2.0,66.0,68.0,2.94,2024,1,24289,34,60,2.0,2.0,2.0,2.0,0.0,0.0,119.0,2.0
2024-02-29,Calvert,MD,Passenger,1.0,1.0,2.0,66.0,68.0,2.94,2024,2,24290,34,61,2.0,2.0,2.0,2.0,0.0,0.0,121.0,2.0000000000000133
2018-11-30,Camden,NJ,Passenger,0.0,1.0,1.0,26.0,27.0,3.7,2018,11,24227,35,5,1.0,1.0,1.0,1.0,0.0,0.0,6.0,0.9999999999999998
2018-12-31,Camden,NJ,Passenger,0.0,1.0,1.0,28.0,29.0,3.45,2018,12,24228,35,6,1.0,1.0,1.0,1.0,0.0,0.0,7.0,0.9999999999999998
2019-01-31,Camden,NJ,Passenger,0.0,1.0,1.0,27.0,28.0,3.57,2019,1,24229,35,7,1.0,1.0,1.0,1.0,0.0,0.0,8.0,0.9999999999999999
2019-02-28,Camden,NJ,Passenger,0.0,1.0,1.0,27.0,28.0,3.57,2019,2,24230,35,8,1.0,1.0,1.0,1.0,0.0,0.0,9.0,1.0000000000000002
2019-03-31,Camden,NJ,Passenger,0.0,1.0,1.0,26.0,27.0,3.7,2019,3,24231,35,9,1.0,1.0,1.0,1.0,0.0,0.0,10.0,1.0000000000000002
2019-04-30,Camden,NJ,Passenger,0.0,1.0,1.0,25.0,26.0,3.85,2019,4,24232,35,10,1.0,1.0,1.0,1.0,0.0,0.0,11.0,1.0
2019-05-31,Camden,NJ,Passenger,0.0,1.0,1.0,23.0,24.0,4.17,2019,5,24233,35,11,1.0,1.0,1.0,1.0,0.0,0.0,12.0,1.0000000000000002
2019-06-30,Camden,NJ,Passenger,0.0,1.0,1.0,24.0,25.0,4.0,2019,6,24234,35,12,1.0,1.0,1.0,1.0,0.0,0.0,13.0,1.0000000000000002
2019-07-31,Camden,NJ,Passenger,0.0,1.0,1.0,25.0,26.0,3.85,2019,7,24235,35,13,1.0,1.0,1.0,1.0,0.0,0.0,14.0,1.0000000000000009
2019-08-31,Camden,NJ,Passenger,0.0,1.0,1.0,24.0,25.0,4.0,2019,8,24236,35,14,1.0,1.0,1.0,1.0,0.0,0.0,15.0,1.0000000000000007
2019-09-30,Camden,NJ,Passenger,0.0,1.0,1.0,24.0,25.0,4.0,2019,9,24237,35,15,1.0,1.0,1.0,1.0,0.0,0.0,16.0,1.0000000000000009
2019-10-31,Camden,NJ,Passenger,0.0,1.0,1.0,23.0,24.0,4.17,2019,10,24238,35,16,1.0,1.0,1.0,1.0,0.0,0.0,17.0,1.0
2019-11-30,Camden,NJ,Passenger,0.0,1.0,1.0,22.0,23.0,4.35,2019,11,24239,35,17,1.0,1.0,1.0,1.0,0.0,0.0,18.0,1.0000000000000002
2019-12-31,Camden,NJ,Passenger,0.0,2.0,2.0,21.0,23.0,6.9025,2019,12,24240,35,18,1.0,1.0,1.0,1.0,1.0,1.0,20.0,1.1428571428571428
2020-01-31,Camden,NJ,Passenger,0.0,2.0,2.0,21.0,23.0,6.9025,2020,1,24241,35,19,2.0,1.0,1.0,1.3333333333333333,0.0,1.0,22.0,1.3714285714285712
2020-02-29,Camden,NJ,Passenger,0.0,2.0,2.0,21.0,23.0,6.9025,2020,2,24242,35,20,2.0,2.0,1.0,1.6666666666666667,0.0,1.0,24.0,1.6285714285714292
2020-03-31,Camden,NJ,Passenger,0.0,2.0,2.0,20.0,22.0,6.9025,2020,3,24243,35,21,2.0,2.0,2.0,2.0,0.0,0.0,26.0,1.8571428571428577
2020-04-30,Camden,NJ,Passenger,0.0,2.0,2.0,21.0,23.0,6.9025,2020,4,24244,35,22,2.0,2.0,2.0,2.0,0.0,0.0,28.0,2.0000000000000018
2020-05-31,Camden,NJ,Passenger,0.0,1.0,1.0,22.0,23.0,4.35,2020,5,24245,35,23,2.0,2.0,2.0,2.0,-0.5,-0.5,29.0,1.8571428571428583
2020-06-30,Camden,NJ,Passenger,0.0,1.0,1.0,22.0,23.0,4.35,2020,6,24246,35,24,1.0,2.0,2.0,1.6666666666666667,0.0,-0.5,30.0,1.62857142857143
2020-07-31,Camden,NJ,Passenger,0.0,1.0,1.0,23.0,24.0,4.17,2020,7,24247,35,25,1.0,1.0,2.0,1.3333333333333333,0.0,-0.5,31.0,1.3714285714285734
2020-08-31,Camden,NJ,Passenger,0.0,1.0,1.0,23.0,24.0,4.17,2020,8,24248,35,26,1.0,1.0,1.0,1.0,0.0,0.0,32.0,1.1428571428571421
2020-09-30,Camden,NJ,Passenger,0.0,1.0,1.0,24.0,25.0,4.0,2020,9,24249,35,27,1.0,1.0,1.0,1.0,0.0,0.0,33.0,1.0000000000000038
2020-10-31,Camden,NJ,Passenger,0.0,1.0,1.0,23.0,24.0,4.17,2020,10,24250,35,28,1.0,1.0,1.0,1.0,0.0,0.0,34.0,1.0000000000000004
2020-11-30,Camden,NJ,Passenger,0.0,1.0,1.0,23.0,24.0,4.17,2020,11,24251,35,29,1.0,1.0,1.0,1.0,0.0,0.0,35.0,1.000000000000002
2020-12-31,Camden,NJ,Passenger,0.0,1.0,1.0,20.0,21.0,4.76,2020,12,24252,35,30,1.0,1.0,1.0,1.0,0.0,0.0,36.0,1.0000000000000029
2021-01-31,Camden,NJ,Passenger,0.0,1.0,1.0,19.0,20.0,5.0,2021,1,24253,35,31,1.0,1.0,1.0,1.0,0.0,0.0,37.0,1.0000000000000038
2021-02-28,Camden,NJ,Passenger,0.0,1.0,1.0,17.0,18.0,5.56,2021,2,24254,35,32,1.0,1.0,1.0,1.0,0.0,0.0,38.0,1.0
2021-03-31,Camden,NJ,Passenger,0.0,1.0,1.0,15.0,16.0,6.25,2021,3,24255,35,33,1.0,1.0,1.0,1.0,0.0,0.0,39.0,1.0000000000000009
2021-04-30,Camden,NJ,Passenger,0.0,1.0,1.0,16.0,17.0,5.88,2021,4,24256,35,34,1.0,1.0,1.0,1.0,0.0,0.0,40.0,1.0000000000000009
2021-05-31,Camden,NJ,Passenger,0.0,1.0,1.0,16.0,17.0,5.88,2021,5,24257,35,35,1.0,1.0,1.0,1.0,0.0,0.0,41.0,1.0000000000000038
2021-06-30,Camden,NJ,Passenger,0.0,1.0,1.0,16.0,17.0,5.88,2021,6,24258,35,36,1.0,1.0,1.0,1.0,0.0,0.0,42.0,1.0000000000000009
2021-07-31,Camden,NJ,Passenger,0.0,1.0,1.0,15.0,16.0,6.25,2021,7,24259,35,37,1.0,1.0,1.0,1.0,0.0,0.0,43.0,1.0000000000000029
2021-08-31,Camden,NJ,Passenger,0.0,1.0,1.0,15.0,16.0,6.25,2021,8,24260,35,38,1.0,1.0,1.0,1.0,0.0,0.0,44.0,1.0000000000000029
2021-09-30,Camden,NJ,Passenger,0.0,1.0,1.0,15.0,16.0,6.25,2021,9,24261,35,39,1.0,1.0,1.0,1.0,0.0,0.0,45.0,1.0000000000000009
2021-10-31,Camden,NJ,Passenger,0.0,1.0,1.0,15.0,16.0,6.25,2021,10,24262,35,40,1.0,1.0,1.0,1.0,0.0,0.0,46.0,1.0000000000000009
2021-11-30,Camden,NJ,Passenger,0.0,1.0,1.0,15.0,16.0,6.25,2021,11,24263,35,41,1.0,1.0,1.0,1.0,0.0,0.0,47.0,1.0000000000000029
2021-12-31,Camden,NJ,Passenger,0.0,1.0,1.0,14.0,15.0,6.67,2021,12,24264,35,42,1.0,1.0,1.0,1.0,0.0,0.0,48.0,1.0000000000000009
2022-01-31,Camden,NJ,Passenger,0.0,1.0,1.0,13.0,14.0,6.9025,2022,1,24265,35,43,1.0,1.0,1.0,1.0,0.0,0.0,49.0,1.000000000000002
2022-02-28,Camden,NJ,Passenger,0.0,1.0,1.0,13.0,14.0,6.9025,2022,2,24266,35,44,1.0,1.0,1.0,1.0,0.0,0.0,50.0,1.000000000000002
2022-03-31,Camden,NJ,Passenger,0.0,1.0,1.0,13.0,14.0,6.9025,2022,3,24267,35,45,1.0,1.0,1.0,1.0,0.0,0.0,51.0,1.000000000000002
2022-04-30,Camden,NJ,Passenger,0.0,1.0,1.0,13.0,14.0,6.9025,2022,4,24268,35,46,1.0,1.0,1.0,1.0,0.0,0.0,52.0,1.0000000000000009
2022-05-31,Camden,NJ,Passenger,0.0,1.0,1.0,13.0,14.0,6.9025,2022,5,24269,35,47,1.0,1.0,1.0,1.0,0.0,0.0,53.0,1.0000000000000029
2022-06-30,Camden,NJ,Passenger,0.0,1.0,1.0,14.0,15.0,6.67,2022,6,24270,35,48,1.0,1.0,1.0,1.0,0.0,0.0,54.0,1.0000000000000049
2022-07-31,Camden,NJ,Passenger,0.0,1.0,1.0,13.0,14.0,6.9025,2022,7,24271,35,49,1.0,1.0,1.0,1.0,0.0,0.0,55.0,1.0000000000000038
2022-08-31,Camden,NJ,Passenger,0.0,1.0,1.0,13.0,14.0,6.9025,2022,8,24272,35,50,1.0,1.0,1.0,1.0,0.0,0.0,56.0,1.0
2022-09-30,Camden,NJ,Passenger,0.0,1.0,1.0,13.0,14.0,6.9025,2022,9,24273,35,51,1.0,1.0,1.0,1.0,0.0,0.0,57.0,1.000000000000002
2022-10-31,Camden,NJ,Passenger,0.0,1.0,1.0,13.0,14.0,6.9025,2022,10,24274,35,52,1.0,1.0,1.0,1.0,0.0,0.0,58.0,1.0000000000000038
2022-11-30,Camden,NJ,Passenger,0.0,1.0,1.0,13.0,14.0,6.9025,2022,11,24275,35,53,1.0,1.0,1.0,1.0,0.0,0.0,59.0,1.0000000000000038
2022-12-31,Camden,NJ,Passenger,0.0,1.0,1.0,13.0,14.0,6.9025,2022,12,24276,35,54,1.0,1.0,1.0,1.0,0.0,0.0,60.0,1.0000000000000038
2023-01-31,Camden,NJ,Passenger,0.0,1.0,1.0,13.0,14.0,6.9025,2023,1,24277,35,55,1.0,1.0,1.0,1.0,0.0,0.0,61.0,1.0000000000000049
2023-02-28,Camden,NJ,Passenger,0.0,1.0,1.0,13.0,14.0,6.9025,2023,2,24278,35,56,1.0,1.0,1.0,1.0,0.0,0.0,62.0,1.0000000000000067
2023-03-31,Camden,NJ,Passenger,0.0,1.0,1.0,13.0,14.0,6.9025,2023,3,24279,35,57,1.0,1.0,1.0,1.0,0.0,0.0,63.0,1.0000000000000009
2023-04-30,Camden,NJ,Passenger,0.0,1.0,1.0,13.0,14.0,6.9025,2023,4,24280,35,58,1.0,1.0,1.0,1.0,0.0,0.0,64.0,0.999999999999999
2023-05-31,Camden,NJ,Passenger,0.0,1.0,1.0,13.0,14.0,6.9025,2023,5,24281,35,59,1.0,1.0,1.0,1.0,0.0,0.0,65.0,1.0000000000000049
2023-06-30,Camden,NJ,Passenger,0.0,1.0,1.0,13.0,14.0,6.9025,2023,6,24282,35,60,1.0,1.0,1.0,1.0,0.0,0.0,66.0,1.0000000000000029
2023-07-31,Camden,NJ,Passenger,0.0,1.0,1.0,11.0,12.0,6.9025,2023,7,24283,35,61,1.0,1.0,1.0,1.0,0.0,0.0,67.0,1.0000000000000049
2023-08-31,Camden,NJ,Passenger,0.0,1.0,1.0,11.0,12.0,6.9025,2023,8,24284,35,62,1.0,1.0,1.0,1.0,0.0,0.0,68.0,1.0000000000000087
2023-09-30,Camden,NJ,Passenger,0.0,1.0,1.0,11.0,12.0,6.9025,2023,9,24285,35,63,1.0,1.0,1.0,1.0,0.0,0.0,69.0,1.0000000000000067
2023-10-31,Camden,NJ,Passenger,0.0,1.0,1.0,11.0,12.0,6.9025,2023,10,24286,35,64,1.0,1.0,1.0,1.0,0.0,0.0,70.0,1.0000000000000049
2023-11-30,Camden,NJ,Passenger,0.0,1.0,1.0,11.0,12.0,6.9025,2023,11,24287,35,65,1.0,1.0,1.0,1.0,0.0,0.0,71.0,1.0000000000000049
2017-06-30,Canyon,ID,Passenger,0.0,1.0,1.0,102.0,103.0,0.97,2017,6,24210,36,5,1.0,1.0,1.0,1.0,0.0,0.0,6.0,0.9999999999999998
2017-07-31,Canyon,ID,Passenger,0.0,1.0,1.0,99.0,100.0,1.0,2017,7,24211,36,6,1.0,1.0,1.0,1.0,0.0,0.0,7.0,0.9999999999999998
2017-08-31,Canyon,ID,Passenger,0.0,1.0,1.0,99.0,100.0,1.0,2017,8,24212,36,7,1.0,1.0,1.0,1.0,0.0,0.0,8.0,0.9999999999999999
2017-09-30,Canyon,ID,Passenger,0.0,1.0,1.0,95.0,96.0,1.04,2017,9,24213,36,8,1.0,1.0,1.0,1.0,0.0,0.0,9.0,1.0000000000000002
2017-10-31,Canyon,ID,Passenger,0.0,1.0,1.0,95.0,96.0,1.04,2017,10,24214,36,9,1.0,1.0,1.0,1.0,0.0,0.0,10.0,1.0000000000000002
2017-11-30,Canyon,ID,Passenger,0.0,1.0,1.0,94.0,95.0,1.05,2017,11,24215,36,10,1.0,1.0,1.0,1.0,0.0,0.0,11.0,1.0
2017-12-31,Canyon,ID,Passenger,0.0,1.0,1.0,95.0,96.0,1.04,2017,12,24216,36,11,1.0,1.0,1.0,1.0,0.0,0.0,12.0,1.0000000000000002
2018-01-31,Canyon,ID,Passenger,0.0,1.0,1.0,97.0,98.0,1.02,2018,1,24217,36,12,1.0,1.0,1.0,1.0,0.0,0.0,13.0,1.0000000000000002
2018-02-28,Canyon,ID,Passenger,0.0,1.0,1.0,97.0,98.0,1.02,2018,2,24218,36,13,1.0,1.0,1.0,1.0,0.0,0.0,14.0,1.0000000000000009
2018-03-31,Canyon,ID,Passenger,0.0,1.0,1.0,96.0,97.0,1.03,2018,3,24219,36,14,1.0,1.0,1.0,1.0,0.0,0.0,15.0,1.0000000000000007
2018-04-30,Canyon,ID,Passenger,0.0,1.0,1.0,89.0,90.0,1.11,2018,4,24220,36,15,1.0,1.0,1.0,1.0,0.0,0.0,16.0,1.0000000000000009
2018-05-31,Canyon,ID,Passenger,0.0,1.0,1.0,90.0,91.0,1.1,2018,5,24221,36,16,1.0,1.0,1.0,1.0,0.0,0.0,17.0,1.0
2018-06-30,Canyon,ID,Passenger,0.0,1.0,1.0,94.0,95.0,1.05,2018,6,24222,36,17,1.0,1.0,1.0,1.0,0.0,0.0,18.0,1.0000000000000002
2017-06-30,Carroll,NH,Passenger,0.0,1.0,1.0,1.0,2.0,6.9025,2017,6,24210,37,5,1.0,1.0,1.0,1.0,0.0,0.0,6.0,0.9999999999999998
2017-07-31,Carroll,NH,Passenger,0.0,1.0,1.0,1.0,2.0,6.9025,2017,7,24211,37,6,1.0,1.0,1.0,1.0,0.0,0.0,7.0,0.9999999999999998
2017-08-31,Carroll,NH,Passenger,0.0,1.0,1.0,1.0,2.0,6.9025,2017,8,24212,37,7,1.0,1.0,1.0,1.0,0.0,0.0,8.0,0.9999999999999999
2017-09-30,Carroll,NH,Passenger,0.0,1.0,1.0,1.0,2.0,6.9025,2017,9,24213,37,8,1.0,1.0,1.0,1.0,0.0,0.0,9.0,1.0000000000000002
2017-10-31,Carroll,NH,Passenger,0.0,1.0,1.0,1.0,2.0,6.9025,2017,10,24214,37,9,1.0,1.0,1.0,1.0,0.0,0.0,10.0,1.0000000000000002
2017-11-30,Carroll,NH,Passenger,0.0,1.0,1.0,1.0,2.0,6.9025,2017,11,24215,37,10,1.0,1.0,1.0,1.0,0.0,0.0,11.0,1.0
2017-12-31,Carroll,NH,Passenger,0.0,1.0,1.0,1.0,2.0,6.9025,2017,12,24216,37,11,1.0,1.0,1.0,1.0,0.0,0.0,12.0,1.0000000000000002
2018-01-31,Carroll,NH,Passenger,0.0,1.0,1.0,1.0,2.0,6.9025,2018,1,24217,37,12,1.0,1.0,1.0,1.0,0.0,0.0,13.0,1.0000000000000002
2018-02-28,Carroll,NH,Passenger,0.0,1.0,1.0,1.0,2.0,6.9025,2018,2,24218,37,13,1.0,1.0,1.0,1.0,0.0,0.0,14.0,1.0000000000000009
2018-03-31,Carroll,NH,Passenger,0.0,1.0,1.0,1.0,2.0,6.9025,2018,3,24219,37,14,1.0,1.0,1.0,1.0,0.0,0.0,15.0,1.0000000000000007
2018-04-30,Carroll,NH,Passenger,0.0,1.0,1.0,1.0,2.0,6.9025,2018,4,24220,37,15,1.0,1.0,1.0,1.0,0.0,0.0,16.0,1.0000000000000009
2018-05-31,Carroll,NH,Passenger,0.0,1.0,1.0,1.0,2.0,6.9025,2018,5,24221,37,16,1.0,1.0,1.0,1.0,0.0,0.0,17.0,1.0
2018-06-30,Carroll,NH,Passenger,0.0,1.0,1.0,1.0,2.0,6.9025,2018,6,24222,37,17,1.0,1.0,1.0,1.0,0.0,0.0,18.0,1.0000000000000002
2018-07-31,Carroll,NH,Passenger,0.0,1.0,1.0,1.0,2.0,6.9025,2018,7,24223,37,18,1.0,1.0,1.0,1.0,0.0,0.0,19.0,1.000000000000002
2018-08-31,Carroll,NH,Passenger,0.0,1.0,1.0,1.0,2.0,6.9025,2018,8,24224,37,19,1.0,1.0,1.0,1.0,0.0,0.0,20.0,0.9999999999999998
2018-09-30,Carroll,NH,Passenger,0.0,1.0,1.0,1.0,2.0,6.9025,2018,9,24225,37,20,1.0,1.0,1.0,1.0,0.0,0.0,21.0,1.000000000000001
2018-10-31,Carroll,NH,Passenger,0.0,1.0,1.0,1.0,2.0,6.9025,2018,10,24226,37,21,1.0,1.0,1.0,1.0,0.0,0.0,22.0,1.0000000000000013
2018-11-30,Carroll,NH,Passenger,0.0,1.0,1.0,1.0,2.0,6.9025,2018,11,24227,37,22,1.0,1.0,1.0,1.0,0.0,0.0,23.0,1.0000000000000013
2018-12-31,Carroll,NH,Passenger,0.0,1.0,1.0,1.0,2.0,6.9025,2018,12,24228,37,23,1.0,1.0,1.0,1.0,0.0,0.0,24.0,1.0000000000000004
2019-01-31,Carroll,NH,Passenger,0.0,1.0,1.0,1.0,2.0,6.9025,2019,1,24229,37,24,1.0,1.0,1.0,1.0,0.0,0.0,25.0,1.0000000000000013
2019-02-28,Carroll,NH,Passenger,0.0,1.0,1.0,2.0,3.0,6.9025,2019,2,24230,37,25,1.0,1.0,1.0,1.0,0.0,0.0,26.0,1.0000000000000013
2019-03-31,Carroll,NH,Passenger,0.0,1.0,1.0,2.0,3.0,6.9025,2019,3,24231,37,26,1.0,1.0,1.0,1.0,0.0,0.0,27.0,1.0000000000000013
2019-04-30,Carroll,NH,Passenger,0.0,1.0,1.0,2.0,3.0,6.9025,2019,4,24232,37,27,1.0,1.0,1.0,1.0,0.0,0.0,28.0,1.0000000000000013
2019-05-31,Carroll,NH,Passenger,0.0,1.0,1.0,3.0,4.0,6.9025,2019,5,24233,37,28,1.0,1.0,1.0,1.0,0.0,0.0,29.0,1.0000000000000024
2019-06-30,Carroll,NH,Passenger,0.0,1.0,1.0,3.0,4.0,6.9025,2019,6,24234,37,29,1.0,1.0,1.0,1.0,0.0,0.0,30.0,1.000000000000002
2019-07-31,Carroll,NH,Passenger,0.0,1.0,1.0,3.0,4.0,6.9025,2019,7,24235,37,30,1.0,1.0,1.0,1.0,0.0,0.0,31.0,1.0000000000000009
2019-08-31,Carroll,NH,Passenger,0.0,1.0,1.0,3.0,4.0,6.9025,2019,8,24236,37,31,1.0,1.0,1.0,1.0,0.0,0.0,32.0,1.000000000000002
2019-09-30,Carroll,NH,Passenger,0.0,1.0,1.0,3.0,4.0,6.9025,2019,9,24237,37,32,1.0,1.0,1.0,1.0,0.0,0.0,33.0,1.0000000000000038
2019-10-31,Carroll,NH,Passenger,0.0,1.0,1.0,3.0,4.0,6.9025,2019,10,24238,37,33,1.0,1.0,1.0,1.0,0.0,0.0,34.0,1.0000000000000004
2019-11-30,Carroll,NH,Passenger,0.0,1.0,1.0,3.0,4.0,6.9025,2019,11,24239,37,34,1.0,1.0,1.0,1.0,0.0,0.0,35.0,1.000000000000002
2019-12-31,Carroll,NH,Passenger,0.0,1.0,1.0,4.0,5.0,6.9025,2019,12,24240,37,35,1.0,1.0,1.0,1.0,0.0,0.0,36.0,1.0000000000000029
2020-01-31,Carroll,NH,Passenger,0.0,1.0,1.0,4.0,5.0,6.9025,2020,1,24241,37,36,1.0,1.0,1.0,1.0,0.0,0.0,37.0,1.0000000000000038
2020-02-29,Carroll,NH,Passenger,0.0,1.0,1.0,4.0,5.0,6.9025,2020,2,24242,37,37,1.0,1.0,1.0,1.0,0.0,0.0,38.0,1.0
2020-03-31,Carroll,NH,Passenger,0.0,1.0,1.0,4.0,5.0,6.9025,2020,3,24243,37,38,1.0,1.0,1.0,1.0,0.0,0.0,39.0,1.0000000000000009
2020-04-30,Carroll,NH,Passenger,0.0,1.0,1.0,4.0,5.0,6.9025,2020,4,24244,37,39,1.0,1.0,1.0,1.0,0.0,0.0,40.0,1.0000000000000009
2020-05-31,Carroll,NH,Passenger,0.0,1.0,1.0,4.0,5.0,6.9025,2020,5,24245,37,40,1.0,1.0,1.0,1.0,0.0,0.0,41.0,1.0000000000000038
2020-06-30,Carroll,NH,Passenger,0.0,1.0,1.0,4.0,5.0,6.9025,2020,6,24246,37,41,1.0,1.0,1.0,1.0,0.0,0.0,42.0,1.0000000000000009
2020-07-31,Carroll,NH,Passenger,0.0,1.0,1.0,4.0,5.0,6.9025,2020,7,24247,37,42,1.0,1.0,1.0,1.0,0.0,0.0,43.0,1.0000000000000029
2020-08-31,Carroll,MD,Passenger,0.0,1.0,1.0,18.0,19.0,5.26,2020,8,24248,37,43,1.0,1.0,1.0,1.0,0.0,0.0,44.0,1.0000000000000029
2020-08-31,Carroll,NH,Passenger,0.0,1.0,1.0,5.0,6.0,6.9025,2020,8,24248,37,44,1.0,1.0,1.0,1.0,0.0,0.0,45.0,1.0000000000000009
2020-09-30,Carroll,MD,Passenger,0.0,1.0,1.0,19.0,20.0,5.0,2020,9,24249,37,45,1.0,1.0,1.0,1.0,0.0,0.0,46.0,1.0000000000000009
2020-09-30,Carroll,NH,Passenger,0.0,1.0,1.0,5.0,6.0,6.9025,2020,9,24249,37,46,1.0,1.0,1.0,1.0,0.0,0.0,47.0,1.0000000000000029
2020-10-31,Carroll,NH,Passenger,0.0,1.0,1.0,5.0,6.0,6.9025,2020,10,24250,37,47,1.0,1.0,1.0,1.0,0.0,0.0,48.0,1.0000000000000009
2020-10-31,Carroll,MD,Passenger,0.0,1.0,1.0,19.0,20.0,5.0,2020,10,24250,37,48,1.0,1.0,1.0,1.0,0.0,0.0,49.0,1.000000000000002
2020-11-30,Carroll,NH,Passenger,0.0,1.0,1.0,5.0,6.0,6.9025,2020,11,24251,37,49,1.0,1.0,1.0,1.0,0.0,0.0,50.0,1.000000000000002
2020-11-30,Carroll,MD,Passenger,0.0,1.0,1.0,19.0,20.0,5.0,2020,11,24251,37,50,1.0,1.0,1.0,1.0,0.0,0.0,51.0,1.000000000000002
2020-12-31,Carroll,MD,Passenger,0.0,1.0,1.0,19.0,20.0,5.0,2020,12,24252,37,51,1.0,1.0,1.0,1.0,0.0,0.0,52.0,1.0000000000000009
2020-12-31,Carroll,NH,Passenger,0.0,1.0,1.0,5.0,6.0,6.9025,2020,12,24252,37,52,1.0,1.0,1.0,1.0,0.0,0.0,53.0,1.0000000000000029
2021-01-31,Carroll,MD,Passenger,0.0,1.0,1.0,19.0,20.0,5.0,2021,1,24253,37,53,1.0,1.0,1.0,1.0,0.0,0.0,54.0,1.0000000000000049
2021-01-31,Carroll,NH,Passenger,0.0,1.0,1.0,5.0,6.0,6.9025,2021,1,24253,37,54,1.0,1.0,1.0,1.0,0.0,0.0,55.0,1.0000000000000038
2021-02-28,Carroll,NH,Passenger,0.0,1.0,1.0,5.0,6.0,6.9025,2021,2,24254,37,55,1.0,1.0,1.0,1.0,0.0,0.0,56.0,1.0
2021-02-28,Carroll,MD,Passenger,0.0,1.0,1.0,19.0,20.0,5.0,2021,2,24254,37,56,1.0,1.0,1.0,1.0,0.0,0.0,57.0,1.000000000000002
2021-03-31,Carroll,NH,Passenger,0.0,1.0,1.0,5.0,6.0,6.9025,2021,3,24255,37,57,1.0,1.0,1.0,1.0,0.0,0.0,58.0,1.0000000000000038
2021-03-31,Carroll,MD,Passenger,0.0,1.0,1.0,18.0,19.0,5.26,2021,3,24255,37,58,1.0,1.0,1.0,1.0,0.0,0.0,59.0,1.0000000000000038
2021-04-30,Carroll,MD,Passenger,0.0,1.0,1.0,17.0,18.0,5.56,2021,4,24256,37,59,1.0,1.0,1.0,1.0,0.0,0.0,60.0,1.0000000000000038
2021-04-30,Carroll,NH,Passenger,0.0,1.0,1.0,5.0,6.0,6.9025,2021,4,24256,37,60,1.0,1.0,1.0,1.0,0.0,0.0,61.0,1.0000000000000049
2021-05-31,Carroll,MD,Passenger,0.0,1.0,1.0,17.0,18.0,5.56,2021,5,24257,37,61,1.0,1.0,1.0,1.0,0.0,0.0,62.0,1.0000000000000067
2021-05-31,Carroll,NH,Passenger,0.0,1.0,1.0,5.0,6.0,6.9025,2021,5,24257,37,62,1.0,1.0,1.0,1.0,0.0,0.0,63.0,1.0000000000000009
2021-06-30,Carroll,MD,Passenger,0.0,1.0,1.0,17.0,18.0,5.56,2021,6,24258,37,63,1.0,1.0,1.0,1.0,0.0,0.0,64.0,0.999999999999999
2021-06-30,Carroll,NH,Passenger,0.0,1.0,1.0,5.0,6.0,6.9025,2021,6,24258,37,64,1.0,1.0,1.0,1.0,0.0,0.0,65.0,1.0000000000000049
2021-07-31,Carroll,NH,Passenger,0.0,1.0,1.0,5.0,6.0,6.9025,2021,7,24259,37,65,1.0,1.0,1.0,1.0,0.0,0.0,66.0,1.0000000000000029
2021-07-31,Carroll,MD,Passenger,0.0,1.0,1.0,18.0,19.0,5.26,2021,7,24259,37,66,1.0,1.0,1.0,1.0,0.0,0.0,67.0,1.0000000000000049
2021-08-31,Carroll,NH,Passenger,0.0,1.0,1.0,5.0,6.0,6.9025,2021,8,24260,37,67,1.0,1.0,1.0,1.0,0.0,0.0,68.0,1.0000000000000087
2021-08-31,Carroll,MD,Passenger,0.0,1.0,1.0,17.0,18.0,5.56,2021,8,24260,37,68,1.0,1.0,1.0,1.0,0.0,0.0,69.0,1.0000000000000067
2021-09-30,Carroll,MD,Passenger,0.0,1.0,1.0,17.0,18.0,5.56,2021,9,24261,37,69,1.0,1.0,1.0,1.0,0.0,0.0,70.0,1.0000000000000049
2021-09-30,Carroll,NH,Passenger,0.0,1.0,1.0,5.0,6.0,6.9025,2021,9,24261,37,70,1.0,1.0,1.0,1.0,0.0,0.0,71.0,1.0000000000000049
2021-10-31,Carroll,MD,Passenger,0.0,1.0,1.0,17.0,18.0,5.56,2021,10,24262,37,71,1.0,1.0,1.0,1.0,0.0,0.0,72.0,1.0000000000000067
2021-10-31,Carroll,NH,Passenger,0.0,1.0,1.0,5.0,6.0,6.9025,2021,10,24262,37,72,1.0,1.0,1.0,1.0,0.0,0.0,73.0,1.0000000000000049
2021-11-30,Carroll,MD,Passenger,0.0,1.0,1.0,17.0,18.0,5.56,2021,11,24263,37,73,1.0,1.0,1.0,1.0,0.0,0.0,74.0,1.0000000000000009
2021-11-30,Carroll,NH,Passenger,0.0,1.0,1.0,5.0,6.0,6.9025,2021,11,24263,37,74,1.0,1.0,1.0,1.0,0.0,0.0,75.0,1.0000000000000029
2021-12-31,Carroll,NH,Passenger,0.0,1.0,1.0,5.0,6.0,6.9025,2021,12,24264,37,75,1.0,1.0,1.0,1.0,0.0,0.0,76.0,1.0000000000000049
2021-12-31,Carroll,MD,Passenger,0.0,1.0,1.0,17.0,18.0,5.56,2021,12,24264,37,76,1.0,1.0,1.0,1.0,0.0,0.0,77.0,1.0000000000000087
2022-01-31,Carroll,MD,Passenger,0.0,1.0,1.0,16.0,17.0,5.88,2022,1,24265,37,77,1.0,1.0,1.0,1.0,0.0,0.0,78.0,1.0000000000000049
2022-01-31,Carroll,NH,Passenger,0.0,1.0,1.0,5.0,6.0,6.9025,2022,1,24265,37,78,1.0,1.0,1.0,1.0,0.0,0.0,79.0,1.0000000000000029
2022-02-28,Carroll,NH,Passenger,0.0,1.0,1.0,5.0,6.0,6.9025,2022,2,24266,37,79,1.0,1.0,1.0,1.0,0.0,0.0,80.0,1.0000000000000087
2022-02-28,Carroll,MD,Passenger,0.0,1.0,1.0,16.0,17.0,5.88,2022,2,24266,37,80,1.0,1.0,1.0,1.0,0.0,0.0,81.0,1.0000000000000029
2022-03-31,Carroll,MD,Passenger,0.0,1.0,1.0,16.0,17.0,5.88,2022,3,24267,37,81,1.0,1.0,1.0,1.0,0.0,0.0,82.0,1.0000000000000104
2022-03-31,Carroll,NH,Passenger,0.0,1.0,1.0,5.0,6.0,6.9025,2022,3,24267,37,82,1.0,1.0,1.0,1.0,0.0,0.0,83.0,1.0000000000000049
2022-04-30,Carroll,MD,Passenger,0.0,1.0,1.0,16.0,17.0,5.88,2022,4,24268,37,83,1.0,1.0,1.0,1.0,0.0,0.0,84.0,1.0000000000000049
2022-04-30,Carroll,NH,Passenger,0.0,1.0,1.0,5.0,6.0,6.9025,2022,4,24268,37,84,1.0,1.0,1.0,1.0,0.0,0.0,85.0,1.0000000000000009
2022-05-31,Carroll,NH,Passenger,0.0,1.0,1.0,5.0,6.0,6.9025,2022,5,24269,37,85,1.0,1.0,1.0,1.0,0.0,0.0,86.0,1.0000000000000067
2022-05-31,Carroll,MD,Passenger,0.0,1.0,1.0,16.0,17.0,5.88,2022,5,24269,37,86,1.0,1.0,1.0,1.0,0.0,0.0,87.0,1.0000000000000049
2022-06-30,Carroll,MD,Passenger,0.0,1.0,1.0,16.0,17.0,5.88,2022,6,24270,37,87,1.0,1.0,1.0,1.0,0.0,0.0,88.0,1.0000000000000087
2022-06-30,Carroll,NH,Passenger,0.0,1.0,1.0,5.0,6.0,6.9025,2022,6,24270,37,88,1.0,1.0,1.0,1.0,0.0,0.0,89.0,1.0000000000000009
2022-07-31,Carroll,NH,Passenger,0.0,1.0,1.0,5.0,6.0,6.9025,2022,7,24271,37,89,1.0,1.0,1.0,1.0,0.0,0.0,90.0,1.0000000000000049
2022-07-31,Carroll,MD,Passenger,0.0,1.0,1.0,17.0,18.0,5.56,2022,7,24271,37,90,1.0,1.0,1.0,1.0,0.0,0.0,91.0,1.0000000000000049
2022-08-31,Carroll,MD,Passenger,0.0,1.0,1.0,17.0,18.0,5.56,2022,8,24272,37,91,1.0,1.0,1.0,1.0,0.0,0.0,92.0,1.0000000000000029
2022-08-31,Carroll,NH,Passenger,0.0,1.0,1.0,5.0,6.0,6.9025,2022,8,24272,37,92,1.0,1.0,1.0,1.0,0.0,0.0,93.0,1.0000000000000067
2022-09-30,Carroll,NH,Passenger,0.0,1.0,1.0,5.0,6.0,6.9025,2022,9,24273,37,93,1.0,1.0,1.0,1.0,0.0,0.0,94.0,1.0000000000000049
2022-09-30,Carroll,MD,Passenger,0.0,1.0,1.0,17.0,18.0,5.56,2022,9,24273,37,94,1.0,1.0,1.0,1.0,0.0,0.0,95.0,1.0000000000000049
2022-10-31,Carroll,MD,Passenger,0.0,1.0,1.0,18.0,19.0,5.26,2022,10,24274,37,95,1.0,1.0,1.0,1.0,0.0,0.0,96.0,1.0000000000000029
2022-10-31,Carroll,NH,Passenger,0.0,1.0,1.0,5.0,6.0,6.9025,2022,10,24274,37,96,1.0,1.0,1.0,1.0,0.0,0.0,97.0,1.0000000000000049
2022-11-30,Carroll,MD,Passenger,0.0,1.0,1.0,18.0,19.0,5.26,2022,11,24275,37,97,1.0,1.0,1.0,1.0,0.0,0.0,98.0,1.0000000000000049
2022-11-30,Carroll,NH,Passenger,0.0,1.0,1.0,5.0,6.0,6.9025,2022,11,24275,37,98,1.0,1.0,1.0,1.0,0.0,0.0,99.0,1.0000000000000009
2022-12-31,Carroll,NH,Passenger,0.0,1.0,1.0,5.0,6.0,6.9025,2022,12,24276,37,99,1.0,1.0,1.0,1.0,0.0,0.0,100.0,1.0000000000000029
2022-12-31,Carroll,MD,Passenger,0.0,1.0,1.0,19.0,20.0,5.0,2022,12,24276,37,100,1.0,1.0,1.0,1.0,0.0,0.0,101.0,1.0000000000000087
2023-01-31,Carroll,MD,Passenger,0.0,1.0,1.0,19.0,20.0,5.0,2023,1,24277,37,101,1.0,1.0,1.0,1.0,0.0,0.0,102.0,1.0000000000000009
2023-02-28,Carroll,MD,Passenger,0.0,1.0,1.0,19.0,20.0,5.0,2023,2,24278,37,102,1.0,1.0,1.0,1.0,0.0,0.0,103.0,1.0000000000000087
2023-03-31,Carroll,MD,Passenger,0.0,1.0,1.0,19.0,20.0,5.0,2023,3,24279,37,103,1.0,1.0,1.0,1.0,0.0,0.0,104.0,1.0000000000000067
2023-04-30,Carroll,MD,Passenger,0.0,1.0,1.0,19.0,20.0,5.0,2023,4,24280,37,104,1.0,1.0,1.0,1.0,0.0,0.0,105.0,1.0000000000000104
2023-05-31,Carroll,MD,Passenger,0.0,1.0,1.0,18.0,19.0,5.26,2023,5,24281,37,105,1.0,1.0,1.0,1.0,0.0,0.0,106.0,1.0000000000000067
2023-06-30,Carroll,MD,Passenger,0.0,1.0,1.0,18.0,19.0,5.26,2023,6,24282,37,106,1.0,1.0,1.0,1.0,0.0,0.0,107.0,1.0000000000000067
2023-07-31,Carroll,MD,Passenger,0.0,1.0,1.0,18.0,19.0,5.26,2023,7,24283,37,107,1.0,1.0,1.0,1.0,0.0,0.0,108.0,1.0000000000000067
2023-08-31,Carroll,MD,Passenger,0.0,1.0,1.0,18.0,19.0,5.26,2023,8,24284,37,108,1.0,1.0,1.0,1.0,0.0,0.0,109.0,1.0000000000000067
2023-09-30,Carroll,MD,Passenger,0.0,1.0,1.0,17.0,18.0,5.56,2023,9,24285,37,109,1.0,1.0,1.0,1.0,0.0,0.0,110.0,1.0000000000000067
2023-10-31,Carroll,MD,Passenger,0.0,1.0,1.0,17.0,18.0,5.56,2023,10,24286,37,110,1.0,1.0,1.0,1.0,0.0,0.0,111.0,0.999999999999999
2023-11-30,Carroll,MD,Passenger,0.0,1.0,1.0,16.0,17.0,5.88,2023,11,24287,37,111,1.0,1.0,1.0,1.0,0.0,0.0,112.0,1.0000000000000087
2023-12-31,Carroll,MD,Passenger,0.0,1.0,1.0,14.0,15.0,6.67,2023,12,24288,37,112,1.0,1.0,1.0,1.0,0.0,0.0,113.0,1.0000000000000124
2024-01-31,Carroll,MD,Passenger,0.0,1.0,1.0,14.0,15.0,6.67,2024,1,24289,37,113,1.0,1.0,1.0,1.0,0.0,0.0,114.0,1.0000000000000049
2024-02-29,Carroll,MD,Passenger,0.0,1.0,1.0,14.0,15.0,6.67,2024,2,24290,37,114,1.0,1.0,1.0,1.0,0.0,0.0,115.0,1.0000000000000087
2018-12-31,Carson City,NV,Passenger,1.0,0.0,1.0,15.0,16.0,6.25,2018,12,24228,38,5,1.0,1.0,1.0,1.0,0.0,0.0,6.0,0.9999999999999998
2019-01-31,Carson City,NV,Passenger,1.0,0.0,1.0,14.0,15.0,6.67,2019,1,24229,38,6,1.0,1.0,1.0,1.0,0.0,0.0,7.0,0.9999999999999998
2019-02-28,Carson City,NV,Passenger,1.0,0.0,1.0,14.0,15.0,6.67,2019,2,24230,38,7,1.0,1.0,1.0,1.0,0.0,0.0,8.0,0.9999999999999999
2019-03-31,Carson City,NV,Passenger,1.0,0.0,1.0,14.0,15.0,6.67,2019,3,24231,38,8,1.0,1.0,1.0,1.0,0.0,0.0,9.0,1.0000000000000002
2019-04-30,Carson City,NV,Passenger,1.0,0.0,1.0,14.0,15.0,6.67,2019,4,24232,38,9,1.0,1.0,1.0,1.0,0.0,0.0,10.0,1.0000000000000002
2019-05-31,Carson City,NV,Passenger,1.0,0.0,1.0,13.0,14.0,6.9025,2019,5,24233,38,10,1.0,1.0,1.0,1.0,0.0,0.0,11.0,1.0
2019-06-30,Carson City,NV,Passenger,1.0,0.0,1.0,11.0,12.0,6.9025,2019,6,24234,38,11,1.0,1.0,1.0,1.0,0.0,0.0,12.0,1.0000000000000002
2019-07-31,Carson City,NV,Passenger,1.0,0.0,1.0,11.0,12.0,6.9025,2019,7,24235,38,12,1.0,1.0,1.0,1.0,0.0,0.0,13.0,1.0000000000000002
2019-08-31,Carson City,NV,Passenger,1.0,0.0,1.0,11.0,12.0,6.9025,2019,8,24236,38,13,1.0,1.0,1.0,1.0,0.0,0.0,14.0,1.0000000000000009
2019-09-30,Carson City,NV,Passenger,1.0,0.0,1.0,10.0,11.0,6.9025,2019,9,24237,38,14,1.0,1.0,1.0,1.0,0.0,0.0,15.0,1.0000000000000007
2019-10-31,Carson City,NV,Passenger,1.0,0.0,1.0,11.0,12.0,6.9025,2019,10,24238,38,15,1.0,1.0,1.0,1.0,0.0,0.0,16.0,1.0000000000000009
2019-11-30,Carson City,NV,Passenger,1.0,0.0,1.0,10.0,11.0,6.9025,2019,11,24239,38,16,1.0,1.0,1.0,1.0,0.0,0.0,17.0,1.0
2019-12-31,Carson City,NV,Passenger,1.0,0.0,1.0,10.0,11.0,6.9025,2019,12,24240,38,17,1.0,1.0,1.0,1.0,0.0,0.0,18.0,1.0000000000000002
2020-01-31,Carson City,NV,Passenger,1.0,0.0,1.0,9.0,10.0,6.9025,2020,1,24241,38,18,1.0,1.0,1.0,1.0,0.0,0.0,19.0,1.000000000000002
2020-02-29,Carson City,NV,Passenger,1.0,0.0,1.0,10.0,11.0,6.9025,2020,2,24242,38,19,1.0,1.0,1.0,1.0,0.0,0.0,20.0,0.9999999999999998
2020-03-31,Carson City,NV,Passenger,1.0,0.0,1.0,11.0,12.0,6.9025,2020,3,24243,38,20,1.0,1.0,1.0,1.0,0.0,0.0,21.0,1.000000000000001
2020-04-30,Carson City,NV,Passenger,1.0,0.0,1.0,11.0,12.0,6.9025,2020,4,24244,38,21,1.0,1.0,1.0,1.0,0.0,0.0,22.0,1.0000000000000013
2020-05-31,Carson City,NV,Passenger,1.0,0.0,1.0,10.0,11.0,6.9025,2020,5,24245,38,22,1.0,1.0,1.0,1.0,0.0,0.0,23.0,1.0000000000000013
2020-06-30,Carson City,NV,Passenger,1.0,0.0,1.0,10.0,11.0,6.9025,2020,6,24246,38,23,1.0,1.0,1.0,1.0,0.0,0.0,24.0,1.0000000000000004
2020-07-31,Carson City,NV,Passenger,1.0,0.0,1.0,10.0,11.0,6.9025,2020,7,24247,38,24,1.0,1.0,1.0,1.0,0.0,0.0,25.0,1.0000000000000013
2020-08-31,Carson City,NV,Passenger,1.0,0.0,1.0,10.0,11.0,6.9025,2020,8,24248,38,25,1.0,1.0,1.0,1.0,0.0,0.0,26.0,1.0000000000000013
2020-09-30,Carson City,NV,Passenger,1.0,0.0,1.0,10.0,11.0,6.9025,2020,9,24249,38,26,1.0,1.0,1.0,1.0,0.0,0.0,27.0,1.0000000000000013
2020-10-31,Carson City,NV,Passenger,1.0,0.0,1.0,11.0,12.0,6.9025,2020,10,24250,38,27,1.0,1.0,1.0,1.0,0.0,0.0,28.0,1.0000000000000013
2020-11-30,Carson City,NV,Passenger,1.0,0.0,1.0,12.0,13.0,6.9025,2020,11,24251,38,28,1.0,1.0,1.0,1.0,0.0,0.0,29.0,1.0000000000000024
2020-12-31,Carson City,NV,Passenger,1.0,0.0,1.0,12.0,13.0,6.9025,2020,12,24252,38,29,1.0,1.0,1.0,1.0,0.0,0.0,30.0,1.000000000000002
2021-01-31,Carson City,NV,Passenger,1.0,0.0,1.0,12.0,13.0,6.9025,2021,1,24253,38,30,1.0,1.0,1.0,1.0,0.0,0.0,31.0,1.0000000000000009
2021-02-28,Carson City,NV,Passenger,1.0,0.0,1.0,12.0,13.0,6.9025,2021,2,24254,38,31,1.0,1.0,1.0,1.0,0.0,0.0,32.0,1.000000000000002
2021-03-31,Carson City,NV,Passenger,1.0,0.0,1.0,12.0,13.0,6.9025,2021,3,24255,38,32,1.0,1.0,1.0,1.0,0.0,0.0,33.0,1.0000000000000038
2021-04-30,Carson City,NV,Passenger,1.0,0.0,1.0,11.0,12.0,6.9025,2021,4,24256,38,33,1.0,1.0,1.0,1.0,0.0,0.0,34.0,1.0000000000000004
2021-05-31,Carson City,NV,Passenger,1.0,0.0,1.0,11.0,12.0,6.9025,2021,5,24257,38,34,1.0,1.0,1.0,1.0,0.0,0.0,35.0,1.000000000000002
2021-06-30,Carson City,NV,Passenger,1.0,0.0,1.0,11.0,12.0,6.9025,2021,6,24258,38,35,1.0,1.0,1.0,1.0,0.0,0.0,36.0,1.0000000000000029
2021-07-31,Carson City,NV,Passenger,1.0,0.0,1.0,11.0,12.0,6.9025,2021,7,24259,38,36,1.0,1.0,1.0,1.0,0.0,0.0,37.0,1.0000000000000038
2021-08-31,Carson City,NV,Passenger,1.0,0.0,1.0,11.0,12.0,6.9025,2021,8,24260,38,37,1.0,1.0,1.0,1.0,0.0,0.0,38.0,1.0
2021-09-30,Carson City,NV,Passenger,1.0,0.0,1.0,11.0,12.0,6.9025,2021,9,24261,38,38,1.0,1.0,1.0,1.0,0.0,0.0,39.0,1.0000000000000009
2021-10-31,Carson City,NV,Passenger,1.0,0.0,1.0,11.0,12.0,6.9025,2021,10,24262,38,39,1.0,1.0,1.0,1.0,0.0,0.0,40.0,1.0000000000000009
2021-11-30,Carson City,NV,Passenger,1.0,0.0,1.0,9.0,10.0,6.9025,2021,11,24263,38,40,1.0,1.0,1.0,1.0,0.0,0.0,41.0,1.0000000000000038
2021-12-31,Carson City,NV,Passenger,1.0,0.0,1.0,9.0,10.0,6.9025,2021,12,24264,38,41,1.0,1.0,1.0,1.0,0.0,0.0,42.0,1.0000000000000009
2022-01-31,Carson City,NV,Passenger,1.0,0.0,1.0,9.0,10.0,6.9025,2022,1,24265,38,42,1.0,1.0,1.0,1.0,0.0,0.0,43.0,1.0000000000000029
2022-02-28,Carson City,NV,Passenger,1.0,0.0,1.0,8.0,9.0,6.9025,2022,2,24266,38,43,1.0,1.0,1.0,1.0,0.0,0.0,44.0,1.0000000000000029
2022-03-31,Carson City,NV,Passenger,1.0,0.0,1.0,8.0,9.0,6.9025,2022,3,24267,38,44,1.0,1.0,1.0,1.0,0.0,0.0,45.0,1.0000000000000009
2022-04-30,Carson City,NV,Passenger,1.0,0.0,1.0,9.0,10.0,6.9025,2022,4,24268,38,45,1.0,1.0,1.0,1.0,0.0,0.0,46.0,1.0000000000000009
2022-05-31,Carson City,NV,Passenger,1.0,0.0,1.0,9.0,10.0,6.9025,2022,5,24269,38,46,1.0,1.0,1.0,1.0,0.0,0.0,47.0,1.0000000000000029
2022-06-30,Carson City,NV,Passenger,1.0,0.0,1.0,9.0,10.0,6.9025,2022,6,24270,38,47,1.0,1.0,1.0,1.0,0.0,0.0,48.0,1.0000000000000009
2017-06-30,Cascade,MT,Passenger,0.0,1.0,1.0,62.0,63.0,1.59,2017,6,24210,39,5,1.0,1.0,1.0,1.0,0.0,0.0,6.0,0.9999999999999998
2019-02-28,Cascade,MT,Passenger,0.0,1.0,1.0,60.0,61.0,1.64,2019,2,24230,39,6,1.0,1.0,1.0,1.0,0.0,0.0,7.0,0.9999999999999998
2019-03-31,Cascade,MT,Passenger,0.0,1.0,1.0,60.0,61.0,1.64,2019,3,24231,39,7,1.0,1.0,1.0,1.0,0.0,0.0,8.0,0.9999999999999999
2019-04-30,Cascade,MT,Passenger,0.0,1.0,1.0,63.0,64.0,1.56,2019,4,24232,39,8,1.0,1.0,1.0,1.0,0.0,0.0,9.0,1.0000000000000002
2019-05-31,Cascade,MT,Passenger,0.0,1.0,1.0,64.0,65.0,1.54,2019,5,24233,39,9,1.0,1.0,1.0,1.0,0.0,0.0,10.0,1.0000000000000002
2019-06-30,Cascade,MT,Passenger,0.0,1.0,1.0,67.0,68.0,1.47,2019,6,24234,39,10,1.0,1.0,1.0,1.0,0.0,0.0,11.0,1.0
2019-07-31,Cascade,MT,Passenger,0.0,1.0,1.0,67.0,68.0,1.47,2019,7,24235,39,11,1.0,1.0,1.0,1.0,0.0,0.0,12.0,1.0000000000000002
2019-08-31,Cascade,MT,Passenger,0.0,1.0,1.0,66.0,67.0,1.49,2019,8,24236,39,12,1.0,1.0,1.0,1.0,0.0,0.0,13.0,1.0000000000000002
2019-09-30,Cascade,MT,Passenger,0.0,1.0,1.0,63.0,64.0,1.56,2019,9,24237,39,13,1.0,1.0,1.0,1.0,0.0,0.0,14.0,1.0000000000000009
2019-10-31,Cascade,MT,Passenger,0.0,1.0,1.0,62.0,63.0,1.59,2019,10,24238,39,14,1.0,1.0,1.0,1.0,0.0,0.0,15.0,1.0000000000000007
2019-11-30,Cascade,MT,Passenger,0.0,1.0,1.0,61.0,62.0,1.61,2019,11,24239,39,15,1.0,1.0,1.0,1.0,0.0,0.0,16.0,1.0000000000000009
2019-12-31,Cascade,MT,Passenger,0.0,1.0,1.0,60.0,61.0,1.64,2019,12,24240,39,16,1.0,1.0,1.0,1.0,0.0,0.0,17.0,1.0
2020-01-31,Cascade,MT,Passenger,0.0,1.0,1.0,61.0,62.0,1.61,2020,1,24241,39,17,1.0,1.0,1.0,1.0,0.0,0.0,18.0,1.0000000000000002
2020-02-29,Cascade,MT,Passenger,0.0,1.0,1.0,61.0,62.0,1.61,2020,2,24242,39,18,1.0,1.0,1.0,1.0,0.0,0.0,19.0,1.000000000000002
2020-03-31,Cascade,MT,Passenger,0.0,1.0,1.0,61.0,62.0,1.61,2020,3,24243,39,19,1.0,1.0,1.0,1.0,0.0,0.0,20.0,0.9999999999999998
2020-04-30,Cascade,MT,Passenger,0.0,1.0,1.0,61.0,62.0,1.61,2020,4,24244,39,20,1.0,1.0,1.0,1.0,0.0,0.0,21.0,1.000000000000001
2020-05-31,Cascade,MT,Passenger,0.0,1.0,1.0,61.0,62.0,1.61,2020,5,24245,39,21,1.0,1.0,1.0,1.0,0.0,0.0,22.0,1.0000000000000013
2020-06-30,Cascade,MT,Passenger,0.0,1.0,1.0,59.0,60.0,1.67,2020,6,24246,39,22,1.0,1.0,1.0,1.0,0.0,0.0,23.0,1.0000000000000013
2020-07-31,Cascade,MT,Passenger,0.0,1.0,1.0,59.0,60.0,1.67,2020,7,24247,39,23,1.0,1.0,1.0,1.0,0.0,0.0,24.0,1.0000000000000004
2020-08-31,Cascade,MT,Passenger,0.0,1.0,1.0,59.0,60.0,1.67,2020,8,24248,39,24,1.0,1.0,1.0,1.0,0.0,0.0,25.0,1.0000000000000013
2020-09-30,Cascade,MT,Passenger,0.0,1.0,1.0,59.0,60.0,1.67,2020,9,24249,39,25,1.0,1.0,1.0,1.0,0.0,0.0,26.0,1.0000000000000013
2020-10-31,Cascade,MT,Passenger,0.0,1.0,1.0,58.0,59.0,1.69,2020,10,24250,39,26,1.0,1.0,1.0,1.0,0.0,0.0,27.0,1.0000000000000013
2020-11-30,Cascade,MT,Passenger,0.0,1.0,1.0,59.0,60.0,1.67,2020,11,24251,39,27,1.0,1.0,1.0,1.0,0.0,0.0,28.0,1.0000000000000013
2020-12-31,Cascade,MT,Passenger,0.0,1.0,1.0,61.0,62.0,1.61,2020,12,24252,39,28,1.0,1.0,1.0,1.0,0.0,0.0,29.0,1.0000000000000024
2021-01-31,Cascade,MT,Passenger,0.0,1.0,1.0,61.0,62.0,1.61,2021,1,24253,39,29,1.0,1.0,1.0,1.0,0.0,0.0,30.0,1.000000000000002
2021-10-31,Champaign,IL,Passenger,1.0,0.0,1.0,12.0,13.0,6.9025,2021,10,24262,40,5,1.0,1.0,1.0,1.0,0.0,0.0,6.0,0.9999999999999998
2021-11-30,Champaign,IL,Passenger,1.0,0.0,1.0,11.0,12.0,6.9025,2021,11,24263,40,6,1.0,1.0,1.0,1.0,0.0,0.0,7.0,0.9999999999999998
2021-12-31,Champaign,IL,Passenger,1.0,0.0,1.0,11.0,12.0,6.9025,2021,12,24264,40,7,1.0,1.0,1.0,1.0,0.0,0.0,8.0,0.9999999999999999
2022-01-31,Champaign,IL,Passenger,1.0,0.0,1.0,12.0,13.0,6.9025,2022,1,24265,40,8,1.0,1.0,1.0,1.0,0.0,0.0,9.0,1.0000000000000002
2022-02-28,Champaign,IL,Passenger,1.0,0.0,1.0,14.0,15.0,6.67,2022,2,24266,40,9,1.0,1.0,1.0,1.0,0.0,0.0,10.0,1.0000000000000002
2022-10-31,Champaign,IL,Passenger,1.0,0.0,1.0,13.0,14.0,6.9025,2022,10,24274,40,10,1.0,1.0,1.0,1.0,0.0,0.0,11.0,1.0
2022-11-30,Champaign,IL,Passenger,1.0,0.0,1.0,12.0,13.0,6.9025,2022,11,24275,40,11,1.0,1.0,1.0,1.0,0.0,0.0,12.0,1.0000000000000002
2022-12-31,Champaign,IL,Passenger,1.0,0.0,1.0,12.0,13.0,6.9025,2022,12,24276,40,12,1.0,1.0,1.0,1.0,0.0,0.0,13.0,1.0000000000000002
2023-01-31,Champaign,IL,Passenger,1.0,0.0,1.0,13.0,14.0,6.9025,2023,1,24277,40,13,1.0,1.0,1.0,1.0,0.0,0.0,14.0,1.0000000000000009
2023-02-28,Champaign,IL,Passenger,1.0,0.0,1.0,13.0,14.0,6.9025,2023,2,24278,40,14,1.0,1.0,1.0,1.0,0.0,0.0,15.0,1.0000000000000007
2023-03-31,Champaign,IL,Passenger,1.0,0.0,1.0,13.0,14.0,6.9025,2023,3,24279,40,15,1.0,1.0,1.0,1.0,0.0,0.0,16.0,1.0000000000000009
2023-04-30,Champaign,IL,Passenger,1.0,0.0,1.0,13.0,14.0,6.9025,2023,4,24280,40,16,1.0,1.0,1.0,1.0,0.0,0.0,17.0,1.0
2023-05-31,Champaign,IL,Passenger,1.0,0.0,1.0,12.0,13.0,6.9025,2023,5,24281,40,17,1.0,1.0,1.0,1.0,0.0,0.0,18.0,1.0000000000000002
2023-06-30,Champaign,IL,Passenger,1.0,0.0,1.0,12.0,13.0,6.9025,2023,6,24282,40,18,1.0,1.0,1.0,1.0,0.0,0.0,19.0,1.000000000000002
2023-07-31,Champaign,IL,Passenger,1.0,0.0,1.0,12.0,13.0,6.9025,2023,7,24283,40,19,1.0,1.0,1.0,1.0,0.0,0.0,20.0,0.9999999999999998
2023-08-31,Champaign,IL,Passenger,1.0,0.0,1.0,13.0,14.0,6.9025,2023,8,24284,40,20,1.0,1.0,1.0,1.0,0.0,0.0,21.0,1.000000000000001
2023-09-30,Champaign,IL,Passenger,1.0,0.0,1.0,13.0,14.0,6.9025,2023,9,24285,40,21,1.0,1.0,1.0,1.0,0.0,0.0,22.0,1.0000000000000013
2023-10-31,Champaign,IL,Passenger,1.0,0.0,1.0,13.0,14.0,6.9025,2023,10,24286,40,22,1.0,1.0,1.0,1.0,0.0,0.0,23.0,1.0000000000000013
2023-11-30,Champaign,IL,Passenger,1.0,0.0,1.0,12.0,13.0,6.9025,2023,11,24287,40,23,1.0,1.0,1.0,1.0,0.0,0.0,24.0,1.0000000000000004
2023-12-31,Champaign,IL,Passenger,1.0,0.0,1.0,12.0,13.0,6.9025,2023,12,24288,40,24,1.0,1.0,1.0,1.0,0.0,0.0,25.0,1.0000000000000013
2024-01-31,Champaign,IL,Passenger,1.0,0.0,1.0,9.0,10.0,6.9025,2024,1,24289,40,25,1.0,1.0,1.0,1.0,0.0,0.0,26.0,1.0000000000000013
2024-02-29,Champaign,IL,Passenger,1.0,0.0,1.0,8.0,9.0,6.9025,2024,2,24290,40,26,1.0,1.0,1.0,1.0,0.0,0.0,27.0,1.0000000000000013
2017-06-30,Charles,MD,Passenger,0.0,1.0,1.0,89.0,90.0,1.11,2017,6,24210,41,5,1.0,1.0,1.0,1.0,0.0,0.0,6.0,0.9999999999999998
2017-07-31,Charles,MD,Passenger,0.0,1.0,1.0,87.0,88.0,1.14,2017,7,24211,41,6,1.0,1.0,1.0,1.0,0.0,0.0,7.0,0.9999999999999998
2017-08-31,Charles,MD,Passenger,0.0,1.0,1.0,86.0,87.0,1.15,2017,8,24212,41,7,1.0,1.0,1.0,1.0,0.0,0.0,8.0,0.9999999999999999
2017-09-30,Charles,MD,Passenger,0.0,1.0,1.0,85.0,86.0,1.16,2017,9,24213,41,8,1.0,1.0,1.0,1.0,0.0,0.0,9.0,1.0000000000000002
2017-10-31,Charles,MD,Passenger,0.0,1.0,1.0,84.0,85.0,1.18,2017,10,24214,41,9,1.0,1.0,1.0,1.0,0.0,0.0,10.0,1.0000000000000002
2017-11-30,Charles,MD,Passenger,0.0,1.0,1.0,85.0,86.0,1.16,2017,11,24215,41,10,1.0,1.0,1.0,1.0,0.0,0.0,11.0,1.0
2017-12-31,Charles,MD,Passenger,0.0,1.0,1.0,86.0,87.0,1.15,2017,12,24216,41,11,1.0,1.0,1.0,1.0,0.0,0.0,12.0,1.0000000000000002
2018-01-31,Charles,MD,Passenger,0.0,1.0,1.0,83.0,84.0,1.19,2018,1,24217,41,12,1.0,1.0,1.0,1.0,0.0,0.0,13.0,1.0000000000000002
2018-02-28,Charles,MD,Passenger,0.0,1.0,1.0,82.0,83.0,1.2,2018,2,24218,41,13,1.0,1.0,1.0,1.0,0.0,0.0,14.0,1.0000000000000009
2018-03-31,Charles,MD,Passenger,0.0,1.0,1.0,82.0,83.0,1.2,2018,3,24219,41,14,1.0,1.0,1.0,1.0,0.0,0.0,15.0,1.0000000000000007
2018-04-30,Charles,MD,Passenger,0.0,1.0,1.0,83.0,84.0,1.19,2018,4,24220,41,15,1.0,1.0,1.0,1.0,0.0,0.0,16.0,1.0000000000000009
2018-05-31,Charles,MD,Passenger,0.0,1.0,1.0,85.0,86.0,1.16,2018,5,24221,41,16,1.0,1.0,1.0,1.0,0.0,0.0,17.0,1.0
2018-06-30,Charles,MD,Passenger,0.0,1.0,1.0,83.0,84.0,1.19,2018,6,24222,41,17,1.0,1.0,1.0,1.0,0.0,0.0,18.0,1.0000000000000002
2018-07-31,Charles,MD,Passenger,0.0,1.0,1.0,84.0,85.0,1.18,2018,7,24223,41,18,1.0,1.0,1.0,1.0,0.0,0.0,19.0,1.000000000000002
2018-08-31,Charles,MD,Passenger,0.0,1.0,1.0,85.0,86.0,1.16,2018,8,24224,41,19,1.0,1.0,1.0,1.0,0.0,0.0,20.0,0.9999999999999998
2018-09-30,Charles,MD,Passenger,0.0,1.0,1.0,85.0,86.0,1.16,2018,9,24225,41,20,1.0,1.0,1.0,1.0,0.0,0.0,21.0,1.000000000000001
2018-10-31,Charles,MD,Passenger,0.0,1.0,1.0,84.0,85.0,1.18,2018,10,24226,41,21,1.0,1.0,1.0,1.0,0.0,0.0,22.0,1.0000000000000013
2018-11-30,Charles,MD,Passenger,0.0,1.0,1.0,81.0,82.0,1.22,2018,11,24227,41,22,1.0,1.0,1.0,1.0,0.0,0.0,23.0,1.0000000000000013
2018-12-31,Charles,MD,Passenger,0.0,1.0,1.0,79.0,80.0,1.25,2018,12,24228,41,23,1.0,1.0,1.0,1.0,0.0,0.0,24.0,1.0000000000000004
2019-01-31,Charles,MD,Passenger,0.0,1.0,1.0,78.0,79.0,1.27,2019,1,24229,41,24,1.0,1.0,1.0,1.0,0.0,0.0,25.0,1.0000000000000013
2019-02-28,Charles,MD,Passenger,0.0,1.0,1.0,80.0,81.0,1.23,2019,2,24230,41,25,1.0,1.0,1.0,1.0,0.0,0.0,26.0,1.0000000000000013
2019-03-31,Charles,MD,Passenger,0.0,1.0,1.0,82.0,83.0,1.2,2019,3,24231,41,26,1.0,1.0,1.0,1.0,0.0,0.0,27.0,1.0000000000000013
2019-04-30,Charles,MD,Passenger,0.0,1.0,1.0,86.0,87.0,1.15,2019,4,24232,41,27,1.0,1.0,1.0,1.0,0.0,0.0,28.0,1.0000000000000013
2019-05-31,Charles,MD,Passenger,0.0,1.0,1.0,88.0,89.0,1.12,2019,5,24233,41,28,1.0,1.0,1.0,1.0,0.0,0.0,29.0,1.0000000000000024
2019-06-30,Charles,MD,Passenger,0.0,1.0,1.0,90.0,91.0,1.1,2019,6,24234,41,29,1.0,1.0,1.0,1.0,0.0,0.0,30.0,1.000000000000002
2019-07-31,Charles,MD,Passenger,0.0,1.0,1.0,91.0,92.0,1.09,2019,7,24235,41,30,1.0,1.0,1.0,1.0,0.0,0.0,31.0,1.0000000000000009
2019-08-31,Charles,MD,Passenger,0.0,1.0,1.0,91.0,92.0,1.09,2019,8,24236,41,31,1.0,1.0,1.0,1.0,0.0,0.0,32.0,1.000000000000002
2019-09-30,Charles,MD,Passenger,0.0,1.0,1.0,90.0,91.0,1.1,2019,9,24237,41,32,1.0,1.0,1.0,1.0,0.0,0.0,33.0,1.0000000000000038
2019-10-31,Charles,MD,Passenger,0.0,1.0,1.0,87.0,88.0,1.14,2019,10,24238,41,33,1.0,1.0,1.0,1.0,0.0,0.0,34.0,1.0000000000000004
2019-11-30,Charles,MD,Passenger,0.0,1.0,1.0,89.0,90.0,1.11,2019,11,24239,41,34,1.0,1.0,1.0,1.0,0.0,0.0,35.0,1.000000000000002
2019-12-31,Charles,MD,Passenger,0.0,1.0,1.0,87.0,88.0,1.14,2019,12,24240,41,35,1.0,1.0,1.0,1.0,0.0,0.0,36.0,1.0000000000000029
2020-01-31,Charles,MD,Passenger,0.0,1.0,1.0,84.0,85.0,1.18,2020,1,24241,41,36,1.0,1.0,1.0,1.0,0.0,0.0,37.0,1.0000000000000038
2020-02-29,Charles,MD,Passenger,0.0,1.0,1.0,80.0,81.0,1.23,2020,2,24242,41,37,1.0,1.0,1.0,1.0,0.0,0.0,38.0,1.0
2020-03-31,Charles,MD,Passenger,0.0,1.0,1.0,78.0,79.0,1.27,2020,3,24243,41,38,1.0,1.0,1.0,1.0,0.0,0.0,39.0,1.0000000000000009
2020-04-30,Charles,MD,Passenger,0.0,1.0,1.0,78.0,79.0,1.27,2020,4,24244,41,39,1.0,1.0,1.0,1.0,0.0,0.0,40.0,1.0000000000000009
2020-05-31,Charles,MD,Passenger,1.0,1.0,2.0,77.0,79.0,2.53,2020,5,24245,41,40,1.0,1.0,1.0,1.0,1.0,1.0,42.0,1.1428571428571432
2020-06-30,Charles,MD,Passenger,1.0,1.0,2.0,77.0,79.0,2.53,2020,6,24246,41,41,2.0,1.0,1.0,1.3333333333333333,0.0,1.0,44.0,1.371428571428573
2020-07-31,Charles,MD,Passenger,1.0,1.0,2.0,78.0,80.0,2.5,2020,7,24247,41,42,2.0,2.0,1.0,1.6666666666666667,0.0,1.0,46.0,1.62857142857143
2020-08-31,Charles,MD,Passenger,1.0,1.0,2.0,78.0,80.0,2.5,2020,8,24248,41,43,2.0,2.0,2.0,2.0,0.0,0.0,48.0,1.8571428571428588
2020-09-30,Charles,MD,Passenger,1.0,1.0,2.0,78.0,80.0,2.5,2020,9,24249,41,44,2.0,2.0,2.0,2.0,0.0,0.0,50.0,2.0000000000000027
2020-10-31,Charles,MD,Passenger,1.0,1.0,2.0,79.0,81.0,2.47,2020,10,24250,41,45,2.0,2.0,2.0,2.0,0.0,0.0,52.0,2.0000000000000027
2020-11-30,Charles,MD,Passenger,1.0,1.0,2.0,77.0,79.0,2.53,2020,11,24251,41,46,2.0,2.0,2.0,2.0,0.0,0.0,54.0,2.0000000000000027
2020-12-31,Charles,MD,Passenger,1.0,1.0,2.0,74.0,76.0,2.63,2020,12,24252,41,47,2.0,2.0,2.0,2.0,0.0,0.0,56.0,2.0000000000000027
2021-01-31,Charles,MD,Passenger,1.0,1.0,2.0,75.0,77.0,2.6,2021,1,24253,41,48,2.0,2.0,2.0,2.0,0.0,0.0,58.0,2.000000000000005
2021-02-28,Charles,MD,Passenger,1.0,1.0,2.0,75.0,77.0,2.6,2021,2,24254,41,49,2.0,2.0,2.0,2.0,0.0,0.0,60.0,2.000000000000004
2021-03-31,Charles,MD,Passenger,1.0,1.0,2.0,73.0,75.0,2.67,2021,3,24255,41,50,2.0,2.0,2.0,2.0,0.0,0.0,62.0,2.0000000000000018
2021-04-30,Charles,MD,Passenger,1.0,1.0,2.0,72.0,74.0,2.7,2021,4,24256,41,51,2.0,2.0,2.0,2.0,0.0,0.0,64.0,2.000000000000004
2021-05-31,Charles,MD,Passenger,1.0,1.0,2.0,71.0,73.0,2.74,2021,5,24257,41,52,2.0,2.0,2.0,2.0,0.0,0.0,66.0,2.0000000000000075
2021-06-30,Charles,MD,Passenger,1.0,1.0,2.0,72.0,74.0,2.7,2021,6,24258,41,53,2.0,2.0,2.0,2.0,0.0,0.0,68.0,2.000000000000001
2021-07-31,Charles,MD,Passenger,1.0,1.0,2.0,72.0,74.0,2.7,2021,7,24259,41,54,2.0,2.0,2.0,2.0,0.0,0.0,70.0,2.000000000000004
2021-08-31,Charles,MD,Passenger,1.0,1.0,2.0,72.0,74.0,2.7,2021,8,24260,41,55,2.0,2.0,2.0,2.0,0.0,0.0,72.0,2.0000000000000058
2021-09-30,Charles,MD,Passenger,1.0,1.0,2.0,70.0,72.0,2.78,2021,9,24261,41,56,2.0,2.0,2.0,2.0,0.0,0.0,74.0,2.0000000000000075
2021-10-31,Charles,MD,Passenger,1.0,1.0,2.0,71.0,73.0,2.74,2021,10,24262,41,57,2.0,2.0,2.0,2.0,0.0,0.0,76.0,2.0
2021-11-30,Charles,MD,Passenger,1.0,1.0,2.0,70.0,72.0,2.78,2021,11,24263,41,58,2.0,2.0,2.0,2.0,0.0,0.0,78.0,2.0000000000000018
2021-12-31,Charles,MD,Passenger,1.0,1.0,2.0,70.0,72.0,2.78,2021,12,24264,41,59,2.0,2.0,2.0,2.0,0.0,0.0,80.0,2.0000000000000018
2022-01-31,Charles,MD,Passenger,1.0,1.0,2.0,68.0,70.0,2.86,2022,1,24265,41,60,2.0,2.0,2.0,2.0,0.0,0.0,82.0,2.0000000000000075
2022-02-28,Charles,MD,Passenger,0.0,1.0,1.0,65.0,66.0,1.52,2022,2,24266,41,61,2.0,2.0,2.0,2.0,-0.5,-0.5,83.0,1.8571428571428636
2022-03-31,Charles,MD,Passenger,0.0,1.0,1.0,63.0,64.0,1.56,2022,3,24267,41,62,1.0,2.0,2.0,1.6666666666666667,0.0,-0.5,84.0,1.628571428571432
2022-04-30,Charles,MD,Passenger,0.0,1.0,1.0,60.0,61.0,1.64,2022,4,24268,41,63,1.0,1.0,2.0,1.3333333333333333,0.0,-0.5,85.0,1.3714285714285768
2022-05-31,Charles,MD,Passenger,1.0,1.0,2.0,58.0,60.0,3.33,2022,5,24269,41,64,1.0,1.0,1.0,1.0,1.0,1.0,87.0,1.2857142857142871
2022-06-30,Charles,MD,Passenger,1.0,1.0,2.0,59.0,61.0,3.28,2022,6,24270,41,65,2.0,1.0,1.0,1.3333333333333333,0.0,1.0,89.0,1.3714285714285748
2022-07-31,Charles,MD,Passenger,1.0,1.0,2.0,59.0,61.0,3.28,2022,7,24271,41,66,2.0,2.0,1.0,1.6666666666666667,0.0,1.0,91.0,1.6285714285714339
2022-08-31,Charles,MD,Passenger,1.0,1.0,2.0,56.0,58.0,3.45,2022,8,24272,41,67,2.0,2.0,2.0,2.0,0.0,0.0,93.0,1.8571428571428616
2022-09-30,Charles,MD,Passenger,1.0,1.0,2.0,55.0,57.0,3.51,2022,9,24273,41,68,2.0,2.0,2.0,2.0,0.0,0.0,95.0,2.0000000000000058
2022-10-31,Charles,MD,Passenger,1.0,1.0,2.0,54.0,56.0,3.57,2022,10,24274,41,69,2.0,2.0,2.0,2.0,0.0,0.0,97.0,2.0000000000000058
2022-11-30,Charles,MD,Passenger,1.0,1.0,2.0,54.0,56.0,3.57,2022,11,24275,41,70,2.0,2.0,2.0,2.0,0.0,0.0,99.0,2.0000000000000115
2022-12-31,Charles,MD,Passenger,1.0,1.0,2.0,55.0,57.0,3.51,2022,12,24276,41,71,2.0,2.0,2.0,2.0,0.0,0.0,101.0,2.0000000000000115
2023-01-31,Charles,MD,Passenger,1.0,1.0,2.0,54.0,56.0,3.57,2023,1,24277,41,72,2.0,2.0,2.0,2.0,0.0,0.0,103.0,2.000000000000004
2023-02-28,Charles,MD,Passenger,1.0,1.0,2.0,55.0,57.0,3.51,2023,2,24278,41,73,2.0,2.0,2.0,2.0,0.0,0.0,105.0,2.0000000000000115
2023-03-31,Charles,MD,Passenger,1.0,1.0,2.0,55.0,57.0,3.51,2023,3,24279,41,74,2.0,2.0,2.0,2.0,0.0,0.0,107.0,2.000000000000004
2023-04-30,Charles,MD,Passenger,1.0,1.0,2.0,55.0,57.0,3.51,2023,4,24280,41,75,2.0,2.0,2.0,2.0,0.0,0.0,109.0,2.0000000000000075
2023-05-31,Charles,MD,Passenger,1.0,1.0,2.0,53.0,55.0,3.64,2023,5,24281,41,76,2.0,2.0,2.0,2.0,0.0,0.0,111.0,2.0000000000000173
2023-06-30,Charles,MD,Passenger,1.0,1.0,2.0,54.0,56.0,3.57,2023,6,24282,41,77,2.0,2.0,2.0,2.0,0.0,0.0,113.0,2.000000000000004
2023-07-31,Charles,MD,Passenger,1.0,1.0,2.0,51.0,53.0,3.77,2023,7,24283,41,78,2.0,2.0,2.0,2.0,0.0,0.0,115.0,2.0000000000000098
2023-08-31,Charles,MD,Passenger,1.0,1.0,2.0,50.0,52.0,3.85,2023,8,24284,41,79,2.0,2.0,2.0,2.0,0.0,0.0,117.0,2.0000000000000058
2023-09-30,Charles,MD,Passenger,1.0,1.0,2.0,51.0,53.0,3.77,2023,9,24285,41,80,2.0,2.0,2.0,2.0,0.0,0.0,119.0,2.0
2023-10-31,Charles,MD,Passenger,1.0,1.0,2.0,48.0,50.0,4.0,2023,10,24286,41,81,2.0,2.0,2.0,2.0,0.0,0.0,121.0,2.0000000000000133
2023-11-30,Charles,MD,Passenger,1.0,1.0,2.0,49.0,51.0,3.92,2023,11,24287,41,82,2.0,2.0,2.0,2.0,0.0,0.0,123.0,2.0000000000000018
2023-12-31,Charles,MD,Passenger,1.0,1.0,2.0,47.0,49.0,4.08,2023,12,24288,41,83,2.0,2.0,2.0,2.0,0.0,0.0,125.0,2.0000000000000058
2024-01-31,Charles,MD,Passenger,1.0,1.0,2.0,47.0,49.0,4.08,2024,1,24289,41,84,2.0,2.0,2.0,2.0,0.0,0.0,127.0,2.0000000000000133
2024-02-29,Charles,MD,Passenger,1.0,1.0,2.0,45.0,47.0,4.26,2024,2,24290,41,85,2.0,2.0,2.0,2.0,0.0,0.0,129.0,2.0000000000000098
2018-10-31,Charleston,SC,Passenger,1.0,0.0,1.0,133.0,134.0,0.75,2018,10,24226,42,5,1.0,1.0,1.0,1.0,0.0,0.0,6.0,0.9999999999999998
2018-11-30,Charleston,SC,Passenger,1.0,0.0,1.0,130.0,131.0,0.76,2018,11,24227,42,6,1.0,1.0,1.0,1.0,0.0,0.0,7.0,0.9999999999999998
2018-12-31,Charleston,SC,Passenger,1.0,0.0,1.0,128.0,129.0,0.78,2018,12,24228,42,7,1.0,1.0,1.0,1.0,0.0,0.0,8.0,0.9999999999999999
2019-01-31,Charleston,SC,Passenger,1.0,0.0,1.0,128.0,129.0,0.78,2019,1,24229,42,8,1.0,1.0,1.0,1.0,0.0,0.0,9.0,1.0000000000000002
2019-02-28,Charleston,SC,Passenger,1.0,0.0,1.0,126.0,127.0,0.79,2019,2,24230,42,9,1.0,1.0,1.0,1.0,0.0,0.0,10.0,1.0000000000000002
2019-03-31,Charleston,SC,Passenger,1.0,0.0,1.0,127.0,128.0,0.78,2019,3,24231,42,10,1.0,1.0,1.0,1.0,0.0,0.0,11.0,1.0
2019-04-30,Charleston,SC,Passenger,1.0,0.0,1.0,125.0,126.0,0.79,2019,4,24232,42,11,1.0,1.0,1.0,1.0,0.0,0.0,12.0,1.0000000000000002
2019-05-31,Charleston,SC,Passenger,1.0,0.0,1.0,123.0,124.0,0.81,2019,5,24233,42,12,1.0,1.0,1.0,1.0,0.0,0.0,13.0,1.0000000000000002
2019-06-30,Charleston,SC,Passenger,1.0,0.0,1.0,121.0,122.0,0.82,2019,6,24234,42,13,1.0,1.0,1.0,1.0,0.0,0.0,14.0,1.0000000000000009
2019-07-31,Charleston,SC,Passenger,1.0,0.0,1.0,120.0,121.0,0.83,2019,7,24235,42,14,1.0,1.0,1.0,1.0,0.0,0.0,15.0,1.0000000000000007
2019-08-31,Charleston,SC,Passenger,1.0,0.0,1.0,120.0,121.0,0.83,2019,8,24236,42,15,1.0,1.0,1.0,1.0,0.0,0.0,16.0,1.0000000000000009
2019-09-30,Charleston,SC,Passenger,1.0,0.0,1.0,118.0,119.0,0.84,2019,9,24237,42,16,1.0,1.0,1.0,1.0,0.0,0.0,17.0,1.0
2019-10-31,Charleston,SC,Passenger,1.0,0.0,1.0,118.0,119.0,0.84,2019,10,24238,42,17,1.0,1.0,1.0,1.0,0.0,0.0,18.0,1.0000000000000002
2019-11-30,Charleston,SC,Passenger,1.0,0.0,1.0,114.0,115.0,0.87,2019,11,24239,42,18,1.0,1.0,1.0,1.0,0.0,0.0,19.0,1.000000000000002
2019-12-31,Charleston,SC,Passenger,1.0,0.0,1.0,114.0,115.0,0.87,2019,12,24240,42,19,1.0,1.0,1.0,1.0,0.0,0.0,20.0,0.9999999999999998
2020-01-31,Charleston,SC,Passenger,1.0,0.0,1.0,115.0,116.0,0.86,2020,1,24241,42,20,1.0,1.0,1.0,1.0,0.0,0.0,21.0,1.000000000000001
2020-02-29,Charleston,SC,Passenger,1.0,0.0,1.0,112.0,113.0,0.88,2020,2,24242,42,21,1.0,1.0,1.0,1.0,0.0,0.0,22.0,1.0000000000000013
2020-03-31,Charleston,SC,Passenger,1.0,0.0,1.0,113.0,114.0,0.88,2020,3,24243,42,22,1.0,1.0,1.0,1.0,0.0,0.0,23.0,1.0000000000000013
2020-04-30,Charleston,SC,Passenger,1.0,0.0,1.0,111.0,112.0,0.89,2020,4,24244,42,23,1.0,1.0,1.0,1.0,0.0,0.0,24.0,1.0000000000000004
2020-05-31,Charleston,SC,Passenger,1.0,0.0,1.0,111.0,112.0,0.89,2020,5,24245,42,24,1.0,1.0,1.0,1.0,0.0,0.0,25.0,1.0000000000000013
2020-06-30,Charleston,SC,Passenger,1.0,0.0,1.0,109.0,110.0,0.91,2020,6,24246,42,25,1.0,1.0,1.0,1.0,0.0,0.0,26.0,1.0000000000000013
2020-07-31,Charleston,SC,Passenger,2.0,0.0,2.0,104.0,106.0,1.89,2020,7,24247,42,26,1.0,1.0,1.0,1.0,1.0,1.0,28.0,1.1428571428571446
2020-08-31,Charleston,SC,Passenger,2.0,0.0,2.0,103.0,105.0,1.9,2020,8,24248,42,27,2.0,1.0,1.0,1.3333333333333333,0.0,1.0,30.0,1.3714285714285723
2020-09-30,Charleston,SC,Passenger,2.0,0.0,2.0,100.0,102.0,1.96,2020,9,24249,42,28,2.0,2.0,1.0,1.6666666666666667,0.0,1.0,32.0,1.6285714285714314
2020-10-31,Charleston,SC,Passenger,2.0,0.0,2.0,98.0,100.0,2.0,2020,10,24250,42,29,2.0,2.0,2.0,2.0,0.0,0.0,34.0,1.8571428571428588
2020-11-30,Charleston,SC,Passenger,2.0,0.0,2.0,98.0,100.0,2.0,2020,11,24251,42,30,2.0,2.0,2.0,2.0,0.0,0.0,36.0,2.0000000000000004
2020-12-31,Charleston,SC,Passenger,2.0,0.0,2.0,96.0,98.0,2.04,2020,12,24252,42,31,2.0,2.0,2.0,2.0,0.0,0.0,38.0,2.000000000000004
2021-01-31,Charleston,SC,Passenger,2.0,0.0,2.0,92.0,94.0,2.13,2021,1,24253,42,32,2.0,2.0,2.0,2.0,0.0,0.0,40.0,1.9999999999999996
2021-02-28,Charleston,SC,Passenger,2.0,0.0,2.0,91.0,93.0,2.15,2021,2,24254,42,33,2.0,2.0,2.0,2.0,0.0,0.0,42.0,2.000000000000002
2021-03-31,Charleston,SC,Passenger,2.0,0.0,2.0,92.0,94.0,2.13,2021,3,24255,42,34,2.0,2.0,2.0,2.0,0.0,0.0,44.0,2.0000000000000027
2021-04-30,Charleston,SC,Passenger,2.0,0.0,2.0,93.0,95.0,2.11,2021,4,24256,42,35,2.0,2.0,2.0,2.0,0.0,0.0,46.0,2.0000000000000027
2021-05-31,Charleston,SC,Passenger,2.0,0.0,2.0,90.0,92.0,2.17,2021,5,24257,42,36,2.0,2.0,2.0,2.0,0.0,0.0,48.0,2.000000000000001
2021-06-30,Charleston,SC,Passenger,1.0,1.0,2.0,91.0,93.0,2.15,2021,6,24258,42,37,2.0,2.0,2.0,2.0,0.0,0.0,50.0,2.0000000000000027
2021-07-31,Charleston,SC,Passenger,1.0,1.0,2.0,91.0,93.0,2.15,2021,7,24259,42,38,2.0,2.0,2.0,2.0,0.0,0.0,52.0,2.0000000000000027
2021-08-31,Charleston,SC,Passenger,1.0,1.0,2.0,89.0,91.0,2.2,2021,8,24260,42,39,2.0,2.0,2.0,2.0,0.0,0.0,54.0,2.0000000000000027
2021-09-30,Charleston,SC,Passenger,2.0,1.0,3.0,90.0,93.0,3.23,2021,9,24261,42,40,2.0,2.0,2.0,2.0,0.5,0.5,57.0,2.142857142857146
2021-10-31,Charleston,SC,Passenger,2.0,1.0,3.0,88.0,91.0,3.3,2021,10,24262,42,41,3.0,2.0,2.0,2.3333333333333335,0.0,0.5,60.0,2.371428571428575
2021-11-30,Charleston,SC,Passenger,2.0,1.0,3.0,85.0,88.0,3.41,2021,11,24263,42,42,3.0,3.0,2.0,2.6666666666666665,0.0,0.5,63.0,2.628571428571431
2021-12-31,Charleston,SC,Passenger,2.0,1.0,3.0,83.0,86.0,3.49,2021,12,24264,42,43,3.0,3.0,3.0,3.0,0.0,0.0,66.0,2.8571428571428608
2022-01-31,Charleston,SC,Passenger,2.0,1.0,3.0,78.0,81.0,3.7,2022,1,24265,42,44,3.0,3.0,3.0,3.0,0.0,0.0,69.0,3.0000000000000058
2022-02-28,Charleston,SC,Passenger,2.0,1.0,3.0,77.0,80.0,3.75,2022,2,24266,42,45,3.0,3.0,3.0,3.0,0.0,0.0,72.0,3.0000000000000058
2022-03-31,Charleston,SC,Passenger,2.0,1.0,3.0,72.0,75.0,4.0,2022,3,24267,42,46,3.0,3.0,3.0,3.0,0.0,0.0,75.0,3.000000000000001
2022-04-30,Charleston,SC,Passenger,2.0,1.0,3.0,70.0,73.0,4.11,2022,4,24268,42,47,3.0,3.0,3.0,3.0,0.0,0.0,78.0,3.0000000000000067
2022-05-31,Charleston,SC,Passenger,2.0,1.0,3.0,68.0,71.0,4.23,2022,5,24269,42,48,3.0,3.0,3.0,3.0,0.0,0.0,81.0,3.000000000000001
2022-06-30,Charleston,SC,Passenger,2.0,2.0,4.0,68.0,72.0,5.56,2022,6,24270,42,49,3.0,3.0,3.0,3.0,0.33333333333333326,0.33333333333333326,85.0,3.142857142857145
2022-07-31,Charleston,SC,Passenger,2.0,2.0,4.0,68.0,72.0,5.56,2022,7,24271,42,50,4.0,3.0,3.0,3.3333333333333335,0.0,0.33333333333333326,89.0,3.3714285714285785
2022-08-31,Charleston,SC,Passenger,2.0,2.0,4.0,68.0,72.0,5.56,2022,8,24272,42,51,4.0,4.0,3.0,3.6666666666666665,0.0,0.33333333333333326,93.0,3.628571428571434
2022-09-30,Charleston,SC,Passenger,2.0,2.0,4.0,65.0,69.0,5.8,2022,9,24273,42,52,4.0,4.0,4.0,4.0,0.0,0.0,97.0,3.8571428571428634
2022-10-31,Charleston,SC,Passenger,2.0,2.0,4.0,62.0,66.0,6.06,2022,10,24274,42,53,4.0,4.0,4.0,4.0,0.0,0.0,101.0,4.0000000000000115
2022-11-30,Charleston,SC,Passenger,2.0,2.0,4.0,62.0,66.0,6.06,2022,11,24275,42,54,4.0,4.0,4.0,4.0,0.0,0.0,105.0,4.000000000000008
2022-12-31,Charleston,SC,Passenger,2.0,2.0,4.0,63.0,67.0,5.97,2022,12,24276,42,55,4.0,4.0,4.0,4.0,0.0,0.0,109.0,4.000000000000005
2023-01-31,Charleston,SC,Passenger,2.0,2.0,4.0,62.0,66.0,6.06,2023,1,24277,42,56,4.0,4.0,4.0,4.0,0.0,0.0,113.0,4.0
2023-02-28,Charleston,SC,Passenger,2.0,2.0,4.0,62.0,66.0,6.06,2023,2,24278,42,57,4.0,4.0,4.0,4.0,0.0,0.0,117.0,4.000000000000008
2023-03-31,Charleston,SC,Passenger,2.0,2.0,4.0,59.0,63.0,6.35,2023,3,24279,42,58,4.0,4.0,4.0,4.0,0.0,0.0,121.0,4.000000000000008
2023-04-30,Charleston,SC,Passenger,2.0,2.0,4.0,59.0,63.0,6.35,2023,4,24280,42,59,4.0,4.0,4.0,4.0,0.0,0.0,125.0,4.0000000000000036
2023-05-31,Charleston,SC,Passenger,1.0,2.0,3.0,57.0,60.0,5.0,2023,5,24281,42,60,4.0,4.0,4.0,4.0,-0.25,-0.25,128.0,3.85714285714286
2023-06-30,Charleston,SC,Passenger,1.0,2.0,3.0,54.0,57.0,5.26,2023,6,24282,42,61,3.0,4.0,4.0,3.6666666666666665,0.0,-0.25,131.0,3.6285714285714397
2023-07-31,Charleston,SC,Passenger,1.0,2.0,3.0,52.0,55.0,5.45,2023,7,24283,42,62,3.0,3.0,4.0,3.3333333333333335,0.0,-0.25,134.0,3.371428571428569
2023-08-31,Charleston,SC,Passenger,1.0,2.0,3.0,52.0,55.0,5.45,2023,8,24284,42,63,3.0,3.0,3.0,3.0,0.0,0.0,137.0,3.1428571428571432
2023-09-30,Charleston,SC,Passenger,1.0,2.0,3.0,51.0,54.0,5.56,2023,9,24285,42,64,3.0,3.0,3.0,3.0,0.0,0.0,140.0,3.0000000000000027
2023-10-31,Charleston,SC,Passenger,1.0,2.0,3.0,48.0,51.0,5.88,2023,10,24286,42,65,3.0,3.0,3.0,3.0,0.0,0.0,143.0,3.0000000000000107
2023-11-30,Charleston,SC,Passenger,1.0,2.0,3.0,47.0,50.0,6.0,2023,11,24287,42,66,3.0,3.0,3.0,3.0,0.0,0.0,146.0,3.0000000000000107
2023-12-31,Charleston,SC,Passenger,1.0,2.0,3.0,45.0,48.0,6.25,2023,12,24288,42,67,3.0,3.0,3.0,3.0,0.0,0.0,149.0,3.0000000000000107
2024-01-31,Charleston,SC,Passenger,1.0,2.0,3.0,40.0,43.0,6.9025,2024,1,24289,42,68,3.0,3.0,3.0,3.0,0.0,0.0,152.0,3.000000000000014
2024-02-29,Charleston,SC,Passenger,1.0,2.0,3.0,38.0,41.0,6.9025,2024,2,24290,42,69,3.0,3.0,3.0,3.0,0.0,0.0,155.0,3.0000000000000107
2023-12-31,Charlottesville,VA,Passenger,0.0,1.0,1.0,4.0,5.0,6.9025,2023,12,24288,43,5,1.0,1.0,1.0,1.0,0.0,0.0,6.0,0.9999999999999998
2024-01-31,Charlottesville,VA,Passenger,0.0,1.0,1.0,4.0,5.0,6.9025,2024,1,24289,43,6,1.0,1.0,1.0,1.0,0.0,0.0,7.0,0.9999999999999998
2024-02-29,Charlottesville,VA,Passenger,0.0,1.0,1.0,4.0,5.0,6.9025,2024,2,24290,43,7,1.0,1.0,1.0,1.0,0.0,0.0,8.0,0.9999999999999999
2020-02-29,Chesapeake,VA,Passenger,0.0,1.0,1.0,437.0,438.0,0.23,2020,2,24242,45,5,1.0,1.0,1.0,1.0,0.0,0.0,6.0,0.9999999999999998
2020-03-31,Chesapeake,VA,Passenger,0.0,1.0,1.0,432.0,433.0,0.23,2020,3,24243,45,6,1.0,1.0,1.0,1.0,0.0,0.0,7.0,0.9999999999999998
2020-04-30,Chesapeake,VA,Passenger,0.0,1.0,1.0,428.0,429.0,0.23,2020,4,24244,45,7,1.0,1.0,1.0,1.0,0.0,0.0,8.0,0.9999999999999999
2020-05-31,Chesapeake,VA,Passenger,0.0,1.0,1.0,425.0,426.0,0.23,2020,5,24245,45,8,1.0,1.0,1.0,1.0,0.0,0.0,9.0,1.0000000000000002
2020-06-30,Chesapeake,VA,Passenger,0.0,1.0,1.0,422.0,423.0,0.24,2020,6,24246,45,9,1.0,1.0,1.0,1.0,0.0,0.0,10.0,1.0000000000000002
2020-07-31,Chesapeake,VA,Passenger,0.0,1.0,1.0,419.0,420.0,0.24,2020,7,24247,45,10,1.0,1.0,1.0,1.0,0.0,0.0,11.0,1.0
2020-08-31,Chesapeake,VA,Passenger,0.0,1.0,1.0,421.0,422.0,0.24,2020,8,24248,45,11,1.0,1.0,1.0,1.0,0.0,0.0,12.0,1.0000000000000002
2020-09-30,Chesapeake,VA,Passenger,0.0,2.0,2.0,419.0,421.0,0.48,2020,9,24249,45,12,1.0,1.0,1.0,1.0,1.0,1.0,14.0,1.1428571428571432
2020-10-31,Chesapeake,VA,Passenger,0.0,2.0,2.0,412.0,414.0,0.48,2020,10,24250,45,13,2.0,1.0,1.0,1.3333333333333333,0.0,1.0,16.0,1.3714285714285719
2020-11-30,Chesapeake,VA,Passenger,0.0,2.0,2.0,412.0,414.0,0.48,2020,11,24251,45,14,2.0,2.0,1.0,1.6666666666666667,0.0,1.0,18.0,1.6285714285714288
2020-12-31,Chesapeake,VA,Passenger,0.0,2.0,2.0,413.0,415.0,0.48,2020,12,24252,45,15,2.0,2.0,2.0,2.0,0.0,0.0,20.0,1.8571428571428574
2021-01-31,Chesapeake,VA,Passenger,0.0,2.0,2.0,411.0,413.0,0.48,2021,1,24253,45,16,2.0,2.0,2.0,2.0,0.0,0.0,22.0,2.0
2021-02-28,Chesapeake,VA,Passenger,0.0,2.0,2.0,408.0,410.0,0.49,2021,2,24254,45,17,2.0,2.0,2.0,2.0,0.0,0.0,24.0,2.0000000000000004
2021-03-31,Chesapeake,VA,Passenger,0.0,2.0,2.0,407.0,409.0,0.49,2021,3,24255,45,18,2.0,2.0,2.0,2.0,0.0,0.0,26.0,2.0000000000000004
2021-04-30,Chesapeake,VA,Passenger,0.0,2.0,2.0,402.0,404.0,0.5,2021,4,24256,45,19,2.0,2.0,2.0,2.0,0.0,0.0,28.0,2.0000000000000018
2021-05-31,Chesapeake,VA,Passenger,0.0,3.0,3.0,399.0,402.0,0.75,2021,5,24257,45,20,2.0,2.0,2.0,2.0,0.5,0.5,31.0,2.1428571428571437
2021-06-30,Chesapeake,VA,Passenger,0.0,3.0,3.0,402.0,405.0,0.74,2021,6,24258,45,21,3.0,2.0,2.0,2.3333333333333335,0.0,0.5,34.0,2.371428571428572
2021-07-31,Chesapeake,VA,Passenger,0.0,3.0,3.0,400.0,403.0,0.74,2021,7,24259,45,22,3.0,3.0,2.0,2.6666666666666665,0.0,0.5,37.0,2.628571428571429
2021-08-31,Chesapeake,VA,Passenger,0.0,3.0,3.0,397.0,400.0,0.75,2021,8,24260,45,23,3.0,3.0,3.0,3.0,0.0,0.0,40.0,2.8571428571428563
2021-09-30,Chesapeake,VA,Passenger,1.0,2.0,3.0,394.0,397.0,0.76,2021,9,24261,45,24,3.0,3.0,3.0,3.0,0.0,0.0,43.0,3.0
2021-10-31,Chesapeake,VA,Passenger,1.0,2.0,3.0,391.0,394.0,0.76,2021,10,24262,45,25,3.0,3.0,3.0,3.0,0.0,0.0,46.0,3.000000000000002
2021-11-30,Chesapeake,VA,Passenger,2.0,2.0,4.0,390.0,394.0,1.02,2021,11,24263,45,26,3.0,3.0,3.0,3.0,0.33333333333333326,0.33333333333333326,50.0,3.142857142857146
2021-12-31,Chesapeake,VA,Passenger,2.0,2.0,4.0,391.0,395.0,1.01,2021,12,24264,45,27,4.0,3.0,3.0,3.3333333333333335,0.0,0.33333333333333326,54.0,3.371428571428576
2022-01-31,Chesapeake,VA,Passenger,2.0,2.0,4.0,385.0,389.0,1.03,2022,1,24265,45,28,4.0,4.0,3.0,3.6666666666666665,0.0,0.33333333333333326,58.0,3.62857142857143
2022-02-28,Chesapeake,VA,Passenger,2.0,2.0,4.0,375.0,379.0,1.06,2022,2,24266,45,29,4.0,4.0,4.0,4.0,0.0,0.0,62.0,3.857142857142856
2022-03-31,Chesapeake,VA,Passenger,2.0,2.0,4.0,371.0,375.0,1.07,2022,3,24267,45,30,4.0,4.0,4.0,4.0,0.0,0.0,66.0,4.000000000000003
2022-04-30,Chesapeake,VA,Passenger,2.0,2.0,4.0,365.0,369.0,1.08,2022,4,24268,45,31,4.0,4.0,4.0,4.0,0.0,0.0,70.0,4.000000000000002
2022-05-31,Chesapeake,VA,Passenger,2.0,2.0,4.0,355.0,359.0,1.11,2022,5,24269,45,32,4.0,4.0,4.0,4.0,0.0,0.0,74.0,4.000000000000001
2022-06-30,Chesapeake,VA,Passenger,2.0,2.0,4.0,349.0,353.0,1.13,2022,6,24270,45,33,4.0,4.0,4.0,4.0,0.0,0.0,78.0,3.9999999999999982
2022-07-31,Chesapeake,VA,Passenger,3.0,2.0,5.0,340.0,345.0,1.45,2022,7,24271,45,34,4.0,4.0,4.0,4.0,0.25,0.25,83.0,4.142857142857141
2022-08-31,Chesapeake,VA,Passenger,3.0,2.0,5.0,332.0,337.0,1.48,2022,8,24272,45,35,5.0,4.0,4.0,4.333333333333333,0.0,0.25,88.0,4.371428571428574
2022-09-30,Chesapeake,VA,Passenger,3.0,2.0,5.0,327.0,332.0,1.51,2022,9,24273,45,36,5.0,5.0,4.0,4.666666666666667,0.0,0.25,93.0,4.628571428571431
2022-10-31,Chesapeake,VA,Passenger,3.0,2.0,5.0,320.0,325.0,1.54,2022,10,24274,45,37,5.0,5.0,5.0,5.0,0.0,0.0,98.0,4.857142857142863
2022-11-30,Chesapeake,VA,Passenger,2.0,2.0,4.0,315.0,319.0,1.25,2022,11,24275,45,38,5.0,5.0,5.0,5.0,-0.19999999999999996,-0.19999999999999996,102.0,4.857142857142865
2022-12-31,Chesapeake,VA,Passenger,3.0,2.0,5.0,314.0,319.0,1.57,2022,12,24276,45,39,4.0,5.0,5.0,4.666666666666667,0.25,0.0,107.0,4.771428571428577
2023-01-31,Chesapeake,VA,Passenger,3.0,2.0,5.0,309.0,314.0,1.59,2023,1,24277,45,40,5.0,4.0,5.0,4.666666666666667,0.0,0.0,112.0,4.742857142857152
2023-02-28,Chesapeake,VA,Passenger,3.0,2.0,5.0,305.0,310.0,1.61,2023,2,24278,45,41,5.0,5.0,4.0,4.666666666666667,0.0,0.25,117.0,4.7714285714285785
2023-03-31,Chesapeake,VA,Passenger,3.0,2.0,5.0,303.0,308.0,1.62,2023,3,24279,45,42,5.0,5.0,5.0,5.0,0.0,0.0,122.0,4.857142857142865
2023-04-30,Chesapeake,VA,Passenger,3.0,2.0,5.0,297.0,302.0,1.66,2023,4,24280,45,43,5.0,5.0,5.0,5.0,0.0,0.0,127.0,5.000000000000001
2023-05-31,Chesapeake,VA,Passenger,3.0,2.0,5.0,289.0,294.0,1.7,2023,5,24281,45,44,5.0,5.0,5.0,5.0,0.0,0.0,132.0,5.000000000000004
2023-06-30,Chesapeake,VA,Passenger,3.0,2.0,5.0,285.0,290.0,1.72,2023,6,24282,45,45,5.0,5.0,5.0,5.0,0.0,0.0,137.0,5.000000000000004
2023-07-31,Chesapeake,VA,Passenger,2.0,2.0,4.0,277.0,281.0,1.42,2023,7,24283,45,46,5.0,5.0,5.0,5.0,-0.19999999999999996,-0.19999999999999996,141.0,4.8571428571428585
2023-08-31,Chesapeake,VA,Passenger,2.0,2.0,4.0,278.0,282.0,1.42,2023,8,24284,45,47,4.0,5.0,5.0,4.666666666666667,0.0,-0.19999999999999996,145.0,4.628571428571434
2023-09-30,Chesapeake,VA,Passenger,2.0,1.0,3.0,273.0,276.0,1.09,2023,9,24285,45,48,4.0,4.0,5.0,4.333333333333333,-0.25,-0.4,148.0,4.2285714285714375
2023-10-31,Chesapeake,VA,Passenger,2.0,1.0,3.0,267.0,270.0,1.11,2023,10,24286,45,49,3.0,4.0,4.0,3.6666666666666665,0.0,-0.25,151.0,3.771428571428574
2023-11-30,Chesapeake,VA,Passenger,2.0,1.0,3.0,263.0,266.0,1.13,2023,11,24287,45,50,3.0,3.0,4.0,3.3333333333333335,0.0,-0.25,154.0,3.3714285714285808
2023-12-31,Chesapeake,VA,Passenger,2.0,1.0,3.0,256.0,259.0,1.16,2023,12,24288,45,51,3.0,3.0,3.0,3.0,0.0,0.0,157.0,3.142857142857147
2024-01-31,Chesapeake,VA,Passenger,2.0,1.0,3.0,248.0,251.0,1.2,2024,1,24289,45,52,3.0,3.0,3.0,3.0,0.0,0.0,160.0,2.999999999999999
2024-02-29,Chesapeake,VA,Passenger,2.0,1.0,3.0,239.0,242.0,1.24,2024,2,24290,45,53,3.0,3.0,3.0,3.0,0.0,0.0,163.0,3.0000000000000107
2017-06-30,Clackamas,OR,Passenger,0.0,1.0,1.0,289.0,290.0,0.34,2017,6,24210,46,5,2.0,2.0,3.0,2.3333333333333335,-0.5,-0.6666666666666667,14.0,2.2285714285714278
2018-04-30,Clackamas,OR,Passenger,0.0,1.0,1.0,225.0,226.0,0.44,2018,4,24220,46,6,1.0,2.0,2.0,1.6666666666666667,0.0,-0.5,15.0,1.7714285714285711
2018-05-31,Clackamas,OR,Passenger,0.0,1.0,1.0,225.0,226.0,0.44,2018,5,24221,46,7,1.0,1.0,2.0,1.3333333333333333,0.0,-0.5,16.0,1.3714285714285714
2018-06-30,Clackamas,OR,Passenger,0.0,1.0,1.0,224.0,225.0,0.44,2018,6,24222,46,8,1.0,1.0,1.0,1.0,0.0,0.0,17.0,1.1428571428571435
2018-07-31,Clackamas,OR,Passenger,0.0,1.0,1.0,214.0,215.0,0.47,2018,7,24223,46,9,1.0,1.0,1.0,1.0,0.0,0.0,18.0,1.0000000000000002
2018-08-31,Clackamas,OR,Passenger,0.0,1.0,1.0,217.0,218.0,0.46,2018,8,24224,46,10,1.0,1.0,1.0,1.0,0.0,0.0,19.0,1.000000000000002
2018-09-30,Clackamas,OR,Passenger,0.0,1.0,1.0,215.0,216.0,0.46,2018,9,24225,46,11,1.0,1.0,1.0,1.0,0.0,0.0,20.0,0.9999999999999998
2018-10-31,Clackamas,OR,Passenger,0.0,1.0,1.0,212.0,213.0,0.47,2018,10,24226,46,12,1.0,1.0,1.0,1.0,0.0,0.0,21.0,1.000000000000001
2018-11-30,Clackamas,OR,Passenger,1.0,1.0,2.0,216.0,218.0,0.92,2018,11,24227,46,13,1.0,1.0,1.0,1.0,1.0,1.0,23.0,1.1428571428571426
2018-12-31,Clackamas,OR,Passenger,1.0,1.0,2.0,213.0,215.0,0.93,2018,12,24228,46,14,2.0,1.0,1.0,1.3333333333333333,0.0,1.0,25.0,1.371428571428573
2019-01-31,Clackamas,OR,Passenger,1.0,1.0,2.0,211.0,213.0,0.94,2019,1,24229,46,15,2.0,2.0,1.0,1.6666666666666667,0.0,1.0,27.0,1.62857142857143
2019-02-28,Clackamas,OR,Passenger,1.0,1.0,2.0,209.0,211.0,0.95,2019,2,24230,46,16,2.0,2.0,2.0,2.0,0.0,0.0,29.0,1.8571428571428588
2019-03-31,Clackamas,OR,Passenger,1.0,1.0,2.0,204.0,206.0,0.97,2019,3,24231,46,17,2.0,2.0,2.0,2.0,0.0,0.0,31.0,2.0000000000000004
2019-04-30,Clackamas,OR,Passenger,1.0,1.0,2.0,205.0,207.0,0.97,2019,4,24232,46,18,2.0,2.0,2.0,2.0,0.0,0.0,33.0,2.0000000000000013
2019-05-31,Clackamas,OR,Passenger,1.0,1.0,2.0,211.0,213.0,0.94,2019,5,24233,46,19,2.0,2.0,2.0,2.0,0.0,0.0,35.0,2.000000000000001
2019-06-30,Clackamas,OR,Passenger,1.0,1.0,2.0,211.0,213.0,0.94,2019,6,24234,46,20,2.0,2.0,2.0,2.0,0.0,0.0,37.0,2.0000000000000004
2019-07-31,Clackamas,OR,Passenger,1.0,1.0,2.0,212.0,214.0,0.93,2019,7,24235,46,21,2.0,2.0,2.0,2.0,0.0,0.0,39.0,1.9999999999999991
2019-08-31,Clackamas,OR,Passenger,1.0,1.0,2.0,215.0,217.0,0.92,2019,8,24236,46,22,2.0,2.0,2.0,2.0,0.0,0.0,41.0,2.0000000000000027
2019-09-30,Clackamas,OR,Passenger,2.0,1.0,3.0,211.0,214.0,1.4,2019,9,24237,46,23,2.0,2.0,2.0,2.0,0.5,0.5,44.0,2.142857142857146
2019-10-31,Clackamas,OR,Passenger,2.0,1.0,3.0,212.0,215.0,1.4,2019,10,24238,46,24,3.0,2.0,2.0,2.3333333333333335,0.0,0.5,47.0,2.3714285714285728
2019-11-30,Clackamas,OR,Passenger,2.0,1.0,3.0,211.0,214.0,1.4,2019,11,24239,46,25,3.0,3.0,2.0,2.6666666666666665,0.0,0.5,50.0,2.62857142857143
2019-12-31,Clackamas,OR,Passenger,2.0,1.0,3.0,210.0,213.0,1.41,2019,12,24240,46,26,3.0,3.0,3.0,3.0,0.0,0.0,53.0,2.8571428571428568
2020-01-31,Clackamas,OR,Passenger,2.0,1.0,3.0,210.0,213.0,1.41,2020,1,24241,46,27,3.0,3.0,3.0,3.0,0.0,0.0,56.0,3.000000000000001
2020-02-29,Clackamas,OR,Passenger,2.0,1.0,3.0,213.0,216.0,1.39,2020,2,24242,46,28,3.0,3.0,3.0,3.0,0.0,0.0,59.0,3.000000000000004
2020-03-31,Clackamas,OR,Passenger,2.0,1.0,3.0,210.0,213.0,1.41,2020,3,24243,46,29,3.0,3.0,3.0,3.0,0.0,0.0,62.0,3.0000000000000018
2020-04-30,Clackamas,OR,Passenger,2.0,0.0,2.0,202.0,204.0,0.98,2020,4,24244,46,30,3.0,3.0,3.0,3.0,-0.33333333333333337,-0.33333333333333337,64.0,2.8571428571428577
2020-05-31,Clackamas,OR,Passenger,2.0,0.0,2.0,198.0,200.0,1.0,2020,5,24245,46,31,2.0,3.0,3.0,2.6666666666666665,0.0,-0.33333333333333337,66.0,2.62857142857143
2020-06-30,Clackamas,OR,Passenger,2.0,0.0,2.0,198.0,200.0,1.0,2020,6,24246,46,32,2.0,2.0,3.0,2.3333333333333335,0.0,-0.33333333333333337,68.0,2.3714285714285728
2020-07-31,Clackamas,OR,Passenger,2.0,0.0,2.0,192.0,194.0,1.03,2020,7,24247,46,33,2.0,2.0,2.0,2.0,0.0,0.0,70.0,2.142857142857146
2020-08-31,Clackamas,OR,Passenger,2.0,0.0,2.0,186.0,188.0,1.06,2020,8,24248,46,34,2.0,2.0,2.0,2.0,0.0,0.0,72.0,2.0000000000000058
2020-09-30,Clackamas,OR,Passenger,2.0,0.0,2.0,185.0,187.0,1.07,2020,9,24249,46,35,2.0,2.0,2.0,2.0,0.0,0.0,74.0,2.0000000000000075
2020-10-31,Clackamas,OR,Passenger,2.0,0.0,2.0,186.0,188.0,1.06,2020,10,24250,46,36,2.0,2.0,2.0,2.0,0.0,0.0,76.0,2.0
2020-11-30,Clackamas,OR,Passenger,2.0,0.0,2.0,180.0,182.0,1.1,2020,11,24251,46,37,2.0,2.0,2.0,2.0,0.0,0.0,78.0,2.0000000000000018
2020-12-31,Clackamas,OR,Passenger,3.0,0.0,3.0,181.0,184.0,1.63,2020,12,24252,46,38,2.0,2.0,2.0,2.0,0.5,0.5,81.0,2.14285714285715
2021-01-31,Clackamas,OR,Passenger,3.0,0.0,3.0,179.0,182.0,1.65,2021,1,24253,46,39,3.0,2.0,2.0,2.3333333333333335,0.0,0.5,84.0,2.371428571428576
2021-02-28,Clackamas,OR,Passenger,3.0,0.0,3.0,178.0,181.0,1.66,2021,2,24254,46,40,3.0,3.0,2.0,2.6666666666666665,0.0,0.5,87.0,2.628571428571429
2021-03-31,Clackamas,OR,Passenger,3.0,0.0,3.0,178.0,181.0,1.66,2021,3,24255,46,41,3.0,3.0,3.0,3.0,0.0,0.0,90.0,2.8571428571428608
2021-04-30,Clackamas,OR,Passenger,2.0,0.0,2.0,179.0,181.0,1.1,2021,4,24256,46,42,3.0,3.0,3.0,3.0,-0.33333333333333337,-0.33333333333333337,92.0,2.8571428571428625
2021-05-31,Clackamas,OR,Passenger,2.0,0.0,2.0,175.0,177.0,1.13,2021,5,24257,46,43,2.0,3.0,3.0,2.6666666666666665,0.0,-0.33333333333333337,94.0,2.628571428571433
2021-06-30,Clackamas,OR,Passenger,2.0,0.0,2.0,174.0,176.0,1.14,2021,6,24258,46,44,2.0,2.0,3.0,2.3333333333333335,0.0,-0.33333333333333337,96.0,2.3714285714285794
2021-07-31,Clackamas,OR,Passenger,2.0,0.0,2.0,178.0,180.0,1.11,2021,7,24259,46,45,2.0,2.0,2.0,2.0,0.0,0.0,98.0,2.142857142857148
2021-08-31,Clackamas,OR,Passenger,2.0,0.0,2.0,173.0,175.0,1.14,2021,8,24260,46,46,2.0,2.0,2.0,2.0,0.0,0.0,100.0,2.000000000000004
2021-09-30,Clackamas,OR,Passenger,2.0,0.0,2.0,169.0,171.0,1.17,2021,9,24261,46,47,2.0,2.0,2.0,2.0,0.0,0.0,102.0,2.000000000000004
2021-10-31,Clackamas,OR,Passenger,2.0,0.0,2.0,171.0,173.0,1.16,2021,10,24262,46,48,2.0,2.0,2.0,2.0,0.0,0.0,104.0,2.0000000000000018
2021-11-30,Clackamas,OR,Passenger,2.0,0.0,2.0,170.0,172.0,1.16,2021,11,24263,46,49,2.0,2.0,2.0,2.0,0.0,0.0,106.0,2.0000000000000058
2021-12-31,Clackamas,OR,Passenger,2.0,0.0,2.0,167.0,169.0,1.18,2021,12,24264,46,50,2.0,2.0,2.0,2.0,0.0,0.0,108.0,2.0000000000000098
2022-01-31,Clackamas,OR,Passenger,2.0,0.0,2.0,165.0,167.0,1.2,2022,1,24265,46,51,2.0,2.0,2.0,2.0,0.0,0.0,110.0,2.0000000000000075
2022-02-28,Clackamas,OR,Passenger,2.0,0.0,2.0,165.0,167.0,1.2,2022,2,24266,46,52,2.0,2.0,2.0,2.0,0.0,0.0,112.0,2.0
2022-03-31,Clackamas,OR,Passenger,2.0,0.0,2.0,158.0,160.0,1.25,2022,3,24267,46,53,2.0,2.0,2.0,2.0,0.0,0.0,114.0,2.000000000000004
2022-04-30,Clackamas,OR,Passenger,2.0,0.0,2.0,155.0,157.0,1.27,2022,4,24268,46,54,2.0,2.0,2.0,2.0,0.0,0.0,116.0,2.0000000000000075
2022-05-31,Clackamas,OR,Passenger,2.0,0.0,2.0,153.0,155.0,1.29,2022,5,24269,46,55,2.0,2.0,2.0,2.0,0.0,0.0,118.0,2.0000000000000075
2022-06-30,Clackamas,OR,Passenger,2.0,0.0,2.0,148.0,150.0,1.33,2022,6,24270,46,56,2.0,2.0,2.0,2.0,0.0,0.0,120.0,2.0000000000000075
2022-07-31,Clackamas,OR,Passenger,2.0,0.0,2.0,144.0,146.0,1.37,2022,7,24271,46,57,2.0,2.0,2.0,2.0,0.0,0.0,122.0,2.0000000000000098
2022-08-31,Clackamas,OR,Passenger,2.0,0.0,2.0,138.0,140.0,1.43,2022,8,24272,46,58,2.0,2.0,2.0,2.0,0.0,0.0,124.0,2.0000000000000133
2022-09-30,Clackamas,OR,Passenger,1.0,0.0,1.0,139.0,140.0,0.71,2022,9,24273,46,59,2.0,2.0,2.0,2.0,-0.5,-0.5,125.0,1.8571428571428616
2022-10-31,Clackamas,OR,Passenger,1.0,0.0,1.0,132.0,133.0,0.75,2022,10,24274,46,60,1.0,2.0,2.0,1.6666666666666667,0.0,-0.5,126.0,1.6285714285714394
2022-11-30,Clackamas,OR,Passenger,1.0,0.0,1.0,128.0,129.0,0.78,2022,11,24275,46,61,1.0,1.0,2.0,1.3333333333333333,0.0,-0.5,127.0,1.3714285714285863
2018-02-28,Clay,FL,Passenger,0.0,1.0,1.0,102.0,103.0,0.97,2018,2,24218,49,5,1.0,1.0,1.0,1.0,0.0,0.0,6.0,0.9999999999999998
2018-03-31,Clay,FL,Passenger,0.0,1.0,1.0,101.0,102.0,0.98,2018,3,24219,49,6,1.0,1.0,1.0,1.0,0.0,0.0,7.0,0.9999999999999998
2018-04-30,Clay,FL,Passenger,0.0,1.0,1.0,99.0,100.0,1.0,2018,4,24220,49,7,1.0,1.0,1.0,1.0,0.0,0.0,8.0,0.9999999999999999
2018-05-31,Clay,FL,Passenger,0.0,1.0,1.0,93.0,94.0,1.06,2018,5,24221,49,8,1.0,1.0,1.0,1.0,0.0,0.0,9.0,1.0000000000000002
2018-06-30,Clay,FL,Passenger,0.0,1.0,1.0,93.0,94.0,1.06,2018,6,24222,49,9,1.0,1.0,1.0,1.0,0.0,0.0,10.0,1.0000000000000002
2018-07-31,Clay,FL,Passenger,0.0,1.0,1.0,91.0,92.0,1.09,2018,7,24223,49,10,1.0,1.0,1.0,1.0,0.0,0.0,11.0,1.0
2018-08-31,Clay,FL,Passenger,0.0,1.0,1.0,92.0,93.0,1.08,2018,8,24224,49,11,1.0,1.0,1.0,1.0,0.0,0.0,12.0,1.0000000000000002
2018-09-30,Clay,FL,Passenger,0.0,1.0,1.0,90.0,91.0,1.1,2018,9,24225,49,12,1.0,1.0,1.0,1.0,0.0,0.0,13.0,1.0000000000000002
2018-10-31,Clay,FL,Passenger,0.0,1.0,1.0,91.0,92.0,1.09,2018,10,24226,49,13,1.0,1.0,1.0,1.0,0.0,0.0,14.0,1.0000000000000009
2018-11-30,Clay,FL,Passenger,0.0,1.0,1.0,88.0,89.0,1.12,2018,11,24227,49,14,1.0,1.0,1.0,1.0,0.0,0.0,15.0,1.0000000000000007
2018-12-31,Clay,FL,Passenger,0.0,1.0,1.0,87.0,88.0,1.14,2018,12,24228,49,15,1.0,1.0,1.0,1.0,0.0,0.0,16.0,1.0000000000000009
2019-01-31,Clay,FL,Passenger,0.0,1.0,1.0,86.0,87.0,1.15,2019,1,24229,49,16,1.0,1.0,1.0,1.0,0.0,0.0,17.0,1.0
2019-02-28,Clay,FL,Passenger,0.0,1.0,1.0,84.0,85.0,1.18,2019,2,24230,49,17,1.0,1.0,1.0,1.0,0.0,0.0,18.0,1.0000000000000002
2019-03-31,Clay,FL,Passenger,0.0,1.0,1.0,83.0,84.0,1.19,2019,3,24231,49,18,1.0,1.0,1.0,1.0,0.0,0.0,19.0,1.000000000000002
2019-04-30,Clay,FL,Passenger,0.0,1.0,1.0,86.0,87.0,1.15,2019,4,24232,49,19,1.0,1.0,1.0,1.0,0.0,0.0,20.0,0.9999999999999998
2019-05-31,Clay,FL,Passenger,0.0,1.0,1.0,87.0,88.0,1.14,2019,5,24233,49,20,1.0,1.0,1.0,1.0,0.0,0.0,21.0,1.000000000000001
2019-06-30,Clay,FL,Passenger,0.0,1.0,1.0,88.0,89.0,1.12,2019,6,24234,49,21,1.0,1.0,1.0,1.0,0.0,0.0,22.0,1.0000000000000013
2019-07-31,Clay,FL,Passenger,0.0,1.0,1.0,87.0,88.0,1.14,2019,7,24235,49,22,1.0,1.0,1.0,1.0,0.0,0.0,23.0,1.0000000000000013
2019-08-31,Clay,FL,Passenger,0.0,1.0,1.0,84.0,85.0,1.18,2019,8,24236,49,23,1.0,1.0,1.0,1.0,0.0,0.0,24.0,1.0000000000000004
2019-09-30,Clay,FL,Passenger,0.0,1.0,1.0,86.0,87.0,1.15,2019,9,24237,49,24,1.0,1.0,1.0,1.0,0.0,0.0,25.0,1.0000000000000013
2019-10-31,Clay,FL,Passenger,0.0,1.0,1.0,87.0,88.0,1.14,2019,10,24238,49,25,1.0,1.0,1.0,1.0,0.0,0.0,26.0,1.0000000000000013
2019-11-30,Clay,FL,Passenger,0.0,1.0,1.0,88.0,89.0,1.12,2019,11,24239,49,26,1.0,1.0,1.0,1.0,0.0,0.0,27.0,1.0000000000000013
2019-12-31,Clay,FL,Passenger,0.0,1.0,1.0,87.0,88.0,1.14,2019,12,24240,49,27,1.0,1.0,1.0,1.0,0.0,0.0,28.0,1.0000000000000013
2020-01-31,Clay,FL,Passenger,0.0,1.0,1.0,88.0,89.0,1.12,2020,1,24241,49,28,1.0,1.0,1.0,1.0,0.0,0.0,29.0,1.0000000000000024
2020-02-29,Clay,FL,Passenger,0.0,1.0,1.0,86.0,87.0,1.15,2020,2,24242,49,29,1.0,1.0,1.0,1.0,0.0,0.0,30.0,1.000000000000002
2020-03-31,Clay,FL,Passenger,0.0,1.0,1.0,84.0,85.0,1.18,2020,3,24243,49,30,1.0,1.0,1.0,1.0,0.0,0.0,31.0,1.0000000000000009
2020-04-30,Clay,FL,Passenger,0.0,1.0,1.0,81.0,82.0,1.22,2020,4,24244,49,31,1.0,1.0,1.0,1.0,0.0,0.0,32.0,1.000000000000002
2020-05-31,Clay,FL,Passenger,0.0,1.0,1.0,82.0,83.0,1.2,2020,5,24245,49,32,1.0,1.0,1.0,1.0,0.0,0.0,33.0,1.0000000000000038
2020-06-30,Clay,FL,Passenger,0.0,1.0,1.0,83.0,84.0,1.19,2020,6,24246,49,33,1.0,1.0,1.0,1.0,0.0,0.0,34.0,1.0000000000000004
2020-07-31,Clay,FL,Passenger,0.0,1.0,1.0,84.0,85.0,1.18,2020,7,24247,49,34,1.0,1.0,1.0,1.0,0.0,0.0,35.0,1.000000000000002
2020-08-31,Clay,FL,Passenger,0.0,1.0,1.0,83.0,84.0,1.19,2020,8,24248,49,35,1.0,1.0,1.0,1.0,0.0,0.0,36.0,1.0000000000000029
2021-07-31,Clinton,PA,Passenger,1.0,0.0,1.0,0.0,1.0,6.9025,2021,7,24259,50,5,1.0,1.0,1.0,1.0,0.0,0.0,6.0,0.9999999999999998
2021-08-31,Clinton,PA,Passenger,1.0,0.0,1.0,0.0,1.0,6.9025,2021,8,24260,50,6,1.0,1.0,1.0,1.0,0.0,0.0,7.0,0.9999999999999998
2021-09-30,Clinton,PA,Passenger,1.0,0.0,1.0,0.0,1.0,6.9025,2021,9,24261,50,7,1.0,1.0,1.0,1.0,0.0,0.0,8.0,0.9999999999999999
2021-10-31,Clinton,PA,Passenger,1.0,0.0,1.0,0.0,1.0,6.9025,2021,10,24262,50,8,1.0,1.0,1.0,1.0,0.0,0.0,9.0,1.0000000000000002
2021-11-30,Clinton,PA,Passenger,1.0,0.0,1.0,0.0,1.0,6.9025,2021,11,24263,50,9,1.0,1.0,1.0,1.0,0.0,0.0,10.0,1.0000000000000002
2021-12-31,Clinton,PA,Passenger,1.0,0.0,1.0,0.0,1.0,6.9025,2021,12,24264,50,10,1.0,1.0,1.0,1.0,0.0,0.0,11.0,1.0
2022-01-31,Clinton,PA,Passenger,1.0,0.0,1.0,0.0,1.0,6.9025,2022,1,24265,50,11,1.0,1.0,1.0,1.0,0.0,0.0,12.0,1.0000000000000002
2022-02-28,Clinton,PA,Passenger,1.0,0.0,1.0,0.0,1.0,6.9025,2022,2,24266,50,12,1.0,1.0,1.0,1.0,0.0,0.0,13.0,1.0000000000000002
2022-03-31,Clinton,PA,Passenger,1.0,0.0,1.0,0.0,1.0,6.9025,2022,3,24267,50,13,1.0,1.0,1.0,1.0,0.0,0.0,14.0,1.0000000000000009
2022-04-30,Clinton,PA,Passenger,1.0,0.0,1.0,1.0,2.0,6.9025,2022,4,24268,50,14,1.0,1.0,1.0,1.0,0.0,0.0,15.0,1.0000000000000007
2022-05-31,Clinton,PA,Passenger,1.0,0.0,1.0,1.0,2.0,6.9025,2022,5,24269,50,15,1.0,1.0,1.0,1.0,0.0,0.0,16.0,1.0000000000000009
2022-06-30,Clinton,PA,Passenger,1.0,0.0,1.0,1.0,2.0,6.9025,2022,6,24270,50,16,1.0,1.0,1.0,1.0,0.0,0.0,17.0,1.0
2022-07-31,Clinton,PA,Passenger,1.0,0.0,1.0,1.0,2.0,6.9025,2022,7,24271,50,17,1.0,1.0,1.0,1.0,0.0,0.0,18.0,1.0000000000000002
2022-08-31,Clinton,PA,Passenger,1.0,0.0,1.0,1.0,2.0,6.9025,2022,8,24272,50,18,1.0,1.0,1.0,1.0,0.0,0.0,19.0,1.000000000000002
2022-09-30,Clinton,PA,Passenger,1.0,0.0,1.0,1.0,2.0,6.9025,2022,9,24273,50,19,1.0,1.0,1.0,1.0,0.0,0.0,20.0,0.9999999999999998
2022-10-31,Clinton,PA,Passenger,1.0,0.0,1.0,1.0,2.0,6.9025,2022,10,24274,50,20,1.0,1.0,1.0,1.0,0.0,0.0,21.0,1.000000000000001
2022-11-30,Clinton,PA,Passenger,1.0,0.0,1.0,1.0,2.0,6.9025,2022,11,24275,50,21,1.0,1.0,1.0,1.0,0.0,0.0,22.0,1.0000000000000013
2022-12-31,Clinton,PA,Passenger,1.0,0.0,1.0,1.0,2.0,6.9025,2022,12,24276,50,22,1.0,1.0,1.0,1.0,0.0,0.0,23.0,1.0000000000000013
2017-06-30,Cobb,GA,Passenger,0.0,1.0,1.0,77.0,78.0,1.28,2017,6,24210,51,5,1.0,1.0,1.0,1.0,0.0,0.0,6.0,0.9999999999999998
2017-07-31,Cobb,GA,Passenger,0.0,1.0,1.0,78.0,79.0,1.27,2017,7,24211,51,6,1.0,1.0,1.0,1.0,0.0,0.0,7.0,0.9999999999999998
2017-08-31,Cobb,GA,Passenger,0.0,1.0,1.0,74.0,75.0,1.33,2017,8,24212,51,7,1.0,1.0,1.0,1.0,0.0,0.0,8.0,0.9999999999999999
2017-09-30,Cobb,GA,Passenger,0.0,1.0,1.0,69.0,70.0,1.43,2017,9,24213,51,8,1.0,1.0,1.0,1.0,0.0,0.0,9.0,1.0000000000000002
2018-11-30,Cochise,AZ,Passenger,0.0,1.0,1.0,117.0,118.0,0.85,2018,11,24227,52,5,1.0,1.0,1.0,1.0,0.0,0.0,6.0,0.9999999999999998
2018-12-31,Cochise,AZ,Passenger,0.0,1.0,1.0,118.0,119.0,0.84,2018,12,24228,52,6,1.0,1.0,1.0,1.0,0.0,0.0,7.0,0.9999999999999998
2019-01-31,Cochise,AZ,Passenger,0.0,1.0,1.0,117.0,118.0,0.85,2019,1,24229,52,7,1.0,1.0,1.0,1.0,0.0,0.0,8.0,0.9999999999999999
2019-02-28,Cochise,AZ,Passenger,0.0,1.0,1.0,116.0,117.0,0.85,2019,2,24230,52,8,1.0,1.0,1.0,1.0,0.0,0.0,9.0,1.0000000000000002
2019-03-31,Cochise,AZ,Passenger,0.0,1.0,1.0,114.0,115.0,0.87,2019,3,24231,52,9,1.0,1.0,1.0,1.0,0.0,0.0,10.0,1.0000000000000002
2019-04-30,Cochise,AZ,Passenger,0.0,1.0,1.0,115.0,116.0,0.86,2019,4,24232,52,10,1.0,1.0,1.0,1.0,0.0,0.0,11.0,1.0
2019-05-31,Cochise,AZ,Passenger,0.0,1.0,1.0,112.0,113.0,0.88,2019,5,24233,52,11,1.0,1.0,1.0,1.0,0.0,0.0,12.0,1.0000000000000002
2019-06-30,Cochise,AZ,Passenger,0.0,1.0,1.0,113.0,114.0,0.88,2019,6,24234,52,12,1.0,1.0,1.0,1.0,0.0,0.0,13.0,1.0000000000000002
2019-07-31,Cochise,AZ,Passenger,0.0,1.0,1.0,110.0,111.0,0.9,2019,7,24235,52,13,1.0,1.0,1.0,1.0,0.0,0.0,14.0,1.0000000000000009
2019-08-31,Cochise,AZ,Passenger,0.0,1.0,1.0,106.0,107.0,0.93,2019,8,24236,52,14,1.0,1.0,1.0,1.0,0.0,0.0,15.0,1.0000000000000007
2019-09-30,Cochise,AZ,Passenger,0.0,1.0,1.0,106.0,107.0,0.93,2019,9,24237,52,15,1.0,1.0,1.0,1.0,0.0,0.0,16.0,1.0000000000000009
2019-10-31,Cochise,AZ,Passenger,0.0,1.0,1.0,105.0,106.0,0.94,2019,10,24238,52,16,1.0,1.0,1.0,1.0,0.0,0.0,17.0,1.0
2019-11-30,Cochise,AZ,Passenger,0.0,1.0,1.0,103.0,104.0,0.96,2019,11,24239,52,17,1.0,1.0,1.0,1.0,0.0,0.0,18.0,1.0000000000000002
2019-12-31,Cochise,AZ,Passenger,0.0,1.0,1.0,105.0,106.0,0.94,2019,12,24240,52,18,1.0,1.0,1.0,1.0,0.0,0.0,19.0,1.000000000000002
2020-01-31,Cochise,AZ,Passenger,0.0,1.0,1.0,103.0,104.0,0.96,2020,1,24241,52,19,1.0,1.0,1.0,1.0,0.0,0.0,20.0,0.9999999999999998
2020-02-29,Cochise,AZ,Passenger,0.0,1.0,1.0,103.0,104.0,0.96,2020,2,24242,52,20,1.0,1.0,1.0,1.0,0.0,0.0,21.0,1.000000000000001
2020-03-31,Cochise,AZ,Passenger,0.0,1.0,1.0,102.0,103.0,0.97,2020,3,24243,52,21,1.0,1.0,1.0,1.0,0.0,0.0,22.0,1.0000000000000013
2020-04-30,Cochise,AZ,Passenger,0.0,1.0,1.0,101.0,102.0,0.98,2020,4,24244,52,22,1.0,1.0,1.0,1.0,0.0,0.0,23.0,1.0000000000000013
2022-08-31,Cochise,AZ,Passenger,1.0,0.0,1.0,71.0,72.0,1.39,2022,8,24272,52,23,1.0,1.0,1.0,1.0,0.0,0.0,24.0,1.0000000000000004
2022-09-30,Cochise,AZ,Passenger,1.0,0.0,1.0,67.0,68.0,1.47,2022,9,24273,52,24,1.0,1.0,1.0,1.0,0.0,0.0,25.0,1.0000000000000013
2022-10-31,Cochise,AZ,Passenger,1.0,0.0,1.0,67.0,68.0,1.47,2022,10,24274,52,25,1.0,1.0,1.0,1.0,0.0,0.0,26.0,1.0000000000000013
2022-11-30,Cochise,AZ,Passenger,1.0,0.0,1.0,66.0,67.0,1.49,2022,11,24275,52,26,1.0,1.0,1.0,1.0,0.0,0.0,27.0,1.0000000000000013
2022-12-31,Cochise,AZ,Passenger,1.0,0.0,1.0,66.0,67.0,1.49,2022,12,24276,52,27,1.0,1.0,1.0,1.0,0.0,0.0,28.0,1.0000000000000013
2023-01-31,Cochise,AZ,Passenger,1.0,0.0,1.0,65.0,66.0,1.52,2023,1,24277,52,28,1.0,1.0,1.0,1.0,0.0,0.0,29.0,1.0000000000000024
2023-02-28,Cochise,AZ,Passenger,1.0,0.0,1.0,64.0,65.0,1.54,2023,2,24278,52,29,1.0,1.0,1.0,1.0,0.0,0.0,30.0,1.000000000000002
2023-03-31,Cochise,AZ,Passenger,1.0,0.0,1.0,59.0,60.0,1.67,2023,3,24279,52,30,1.0,1.0,1.0,1.0,0.0,0.0,31.0,1.0000000000000009
2023-04-30,Cochise,AZ,Passenger,1.0,0.0,1.0,60.0,61.0,1.64,2023,4,24280,52,31,1.0,1.0,1.0,1.0,0.0,0.0,32.0,1.000000000000002
2023-05-31,Cochise,AZ,Passenger,1.0,0.0,1.0,59.0,60.0,1.67,2023,5,24281,52,32,1.0,1.0,1.0,1.0,0.0,0.0,33.0,1.0000000000000038
2023-06-30,Cochise,AZ,Passenger,1.0,0.0,1.0,58.0,59.0,1.69,2023,6,24282,52,33,1.0,1.0,1.0,1.0,0.0,0.0,34.0,1.0000000000000004
2023-07-31,Cochise,AZ,Passenger,1.0,0.0,1.0,55.0,56.0,1.79,2023,7,24283,52,34,1.0,1.0,1.0,1.0,0.0,0.0,35.0,1.000000000000002
2023-08-31,Cochise,AZ,Passenger,1.0,0.0,1.0,52.0,53.0,1.89,2023,8,24284,52,35,1.0,1.0,1.0,1.0,0.0,0.0,36.0,1.0000000000000029
2023-09-30,Cochise,AZ,Passenger,1.0,0.0,1.0,48.0,49.0,2.04,2023,9,24285,52,36,1.0,1.0,1.0,1.0,0.0,0.0,37.0,1.0000000000000038
2023-10-31,Cochise,AZ,Passenger,1.0,0.0,1.0,46.0,47.0,2.13,2023,10,24286,52,37,1.0,1.0,1.0,1.0,0.0,0.0,38.0,1.0
2023-11-30,Cochise,AZ,Passenger,1.0,0.0,1.0,46.0,47.0,2.13,2023,11,24287,52,38,1.0,1.0,1.0,1.0,0.0,0.0,39.0,1.0000000000000009
2023-12-31,Cochise,AZ,Passenger,1.0,0.0,1.0,42.0,43.0,2.33,2023,12,24288,52,39,1.0,1.0,1.0,1.0,0.0,0.0,40.0,1.0000000000000009
2024-01-31,Cochise,AZ,Passenger,1.0,0.0,1.0,41.0,42.0,2.38,2024,1,24289,52,40,1.0,1.0,1.0,1.0,0.0,0.0,41.0,1.0000000000000038
2024-02-29,Cochise,AZ,Passenger,1.0,0.0,1.0,38.0,39.0,2.56,2024,2,24290,52,41,1.0,1.0,1.0,1.0,0.0,0.0,42.0,1.0000000000000009
2017-06-30,Collier,FL,Passenger,1.0,0.0,1.0,21.0,22.0,4.55,2017,6,24210,53,5,1.0,1.0,1.0,1.0,0.0,0.0,7.0,0.9999999999999998
2017-07-31,Collier,FL,Passenger,1.0,0.0,1.0,21.0,22.0,4.55,2017,7,24211,53,6,1.0,1.0,1.0,1.0,0.0,0.0,8.0,0.9999999999999999
2017-08-31,Collier,FL,Passenger,1.0,0.0,1.0,23.0,24.0,4.17,2017,8,24212,53,7,1.0,1.0,1.0,1.0,0.0,0.0,9.0,1.0000000000000002
2017-09-30,Collier,FL,Passenger,1.0,0.0,1.0,23.0,24.0,4.17,2017,9,24213,53,8,1.0,1.0,1.0,1.0,0.0,0.0,10.0,1.0000000000000002
2017-10-31,Collier,FL,Passenger,1.0,0.0,1.0,22.0,23.0,4.35,2017,10,24214,53,9,1.0,1.0,1.0,1.0,0.0,0.0,11.0,1.0
2017-11-30,Collier,FL,Passenger,1.0,0.0,1.0,22.0,23.0,4.35,2017,11,24215,53,10,1.0,1.0,1.0,1.0,0.0,0.0,12.0,1.0000000000000002
2017-12-31,Collier,FL,Passenger,1.0,0.0,1.0,21.0,22.0,4.55,2017,12,24216,53,11,1.0,1.0,1.0,1.0,0.0,0.0,13.0,1.0000000000000002
2018-01-31,Collier,FL,Passenger,1.0,0.0,1.0,21.0,22.0,4.55,2018,1,24217,53,12,1.0,1.0,1.0,1.0,0.0,0.0,14.0,1.0000000000000009
2018-02-28,Collier,FL,Passenger,1.0,0.0,1.0,21.0,22.0,4.55,2018,2,24218,53,13,1.0,1.0,1.0,1.0,0.0,0.0,15.0,1.0000000000000007
2018-03-31,Collier,FL,Passenger,1.0,0.0,1.0,20.0,21.0,4.76,2018,3,24219,53,14,1.0,1.0,1.0,1.0,0.0,0.0,16.0,1.0000000000000009
2018-04-30,Collier,FL,Passenger,1.0,0.0,1.0,20.0,21.0,4.76,2018,4,24220,53,15,1.0,1.0,1.0,1.0,0.0,0.0,17.0,1.0
2018-05-31,Collier,FL,Passenger,1.0,0.0,1.0,22.0,23.0,4.35,2018,5,24221,53,16,1.0,1.0,1.0,1.0,0.0,0.0,18.0,1.0000000000000002
2018-06-30,Collier,FL,Passenger,1.0,0.0,1.0,21.0,22.0,4.55,2018,6,24222,53,17,1.0,1.0,1.0,1.0,0.0,0.0,19.0,1.000000000000002
2018-07-31,Collier,FL,Passenger,1.0,0.0,1.0,22.0,23.0,4.35,2018,7,24223,53,18,1.0,1.0,1.0,1.0,0.0,0.0,20.0,0.9999999999999998
2018-08-31,Collier,FL,Passenger,1.0,0.0,1.0,20.0,21.0,4.76,2018,8,24224,53,19,1.0,1.0,1.0,1.0,0.0,0.0,21.0,1.000000000000001
2018-09-30,Collier,FL,Passenger,1.0,0.0,1.0,21.0,22.0,4.55,2018,9,24225,53,20,1.0,1.0,1.0,1.0,0.0,0.0,22.0,1.0000000000000013
2018-10-31,Collier,FL,Passenger,1.0,0.0,1.0,20.0,21.0,4.76,2018,10,24226,53,21,1.0,1.0,1.0,1.0,0.0,0.0,23.0,1.0000000000000013
2018-11-30,Collier,FL,Passenger,1.0,0.0,1.0,20.0,21.0,4.76,2018,11,24227,53,22,1.0,1.0,1.0,1.0,0.0,0.0,24.0,1.0000000000000004
2018-12-31,Collier,FL,Passenger,1.0,0.0,1.0,19.0,20.0,5.0,2018,12,24228,53,23,1.0,1.0,1.0,1.0,0.0,0.0,25.0,1.0000000000000013
2019-01-31,Collier,FL,Passenger,1.0,0.0,1.0,18.0,19.0,5.26,2019,1,24229,53,24,1.0,1.0,1.0,1.0,0.0,0.0,26.0,1.0000000000000013
2019-02-28,Collier,FL,Passenger,1.0,0.0,1.0,19.0,20.0,5.0,2019,2,24230,53,25,1.0,1.0,1.0,1.0,0.0,0.0,27.0,1.0000000000000013
2019-03-31,Collier,FL,Passenger,1.0,0.0,1.0,20.0,21.0,4.76,2019,3,24231,53,26,1.0,1.0,1.0,1.0,0.0,0.0,28.0,1.0000000000000013
2019-04-30,Collier,FL,Passenger,1.0,0.0,1.0,20.0,21.0,4.76,2019,4,24232,53,27,1.0,1.0,1.0,1.0,0.0,0.0,29.0,1.0000000000000024
2019-05-31,Collier,FL,Passenger,1.0,0.0,1.0,20.0,21.0,4.76,2019,5,24233,53,28,1.0,1.0,1.0,1.0,0.0,0.0,30.0,1.000000000000002
2019-06-30,Collier,FL,Passenger,1.0,0.0,1.0,19.0,20.0,5.0,2019,6,24234,53,29,1.0,1.0,1.0,1.0,0.0,0.0,31.0,1.0000000000000009
2019-07-31,Collier,FL,Passenger,1.0,0.0,1.0,18.0,19.0,5.26,2019,7,24235,53,30,1.0,1.0,1.0,1.0,0.0,0.0,32.0,1.000000000000002
2019-08-31,Collier,FL,Passenger,1.0,0.0,1.0,19.0,20.0,5.0,2019,8,24236,53,31,1.0,1.0,1.0,1.0,0.0,0.0,33.0,1.0000000000000038
2019-09-30,Collier,FL,Passenger,1.0,0.0,1.0,20.0,21.0,4.76,2019,9,24237,53,32,1.0,1.0,1.0,1.0,0.0,0.0,34.0,1.0000000000000004
2019-10-31,Collier,FL,Passenger,1.0,0.0,1.0,19.0,20.0,5.0,2019,10,24238,53,33,1.0,1.0,1.0,1.0,0.0,0.0,35.0,1.000000000000002
2019-11-30,Collier,FL,Passenger,1.0,0.0,1.0,19.0,20.0,5.0,2019,11,24239,53,34,1.0,1.0,1.0,1.0,0.0,0.0,36.0,1.0000000000000029
2019-12-31,Collier,FL,Passenger,1.0,0.0,1.0,19.0,20.0,5.0,2019,12,24240,53,35,1.0,1.0,1.0,1.0,0.0,0.0,37.0,1.0000000000000038
2020-01-31,Collier,FL,Passenger,1.0,0.0,1.0,18.0,19.0,5.26,2020,1,24241,53,36,1.0,1.0,1.0,1.0,0.0,0.0,38.0,1.0
2020-02-29,Collier,FL,Passenger,1.0,0.0,1.0,17.0,18.0,5.56,2020,2,24242,53,37,1.0,1.0,1.0,1.0,0.0,0.0,39.0,1.0000000000000009
2020-03-31,Collier,FL,Passenger,1.0,0.0,1.0,19.0,20.0,5.0,2020,3,24243,53,38,1.0,1.0,1.0,1.0,0.0,0.0,40.0,1.0000000000000009
2020-04-30,Collier,FL,Passenger,1.0,0.0,1.0,19.0,20.0,5.0,2020,4,24244,53,39,1.0,1.0,1.0,1.0,0.0,0.0,41.0,1.0000000000000038
2020-05-31,Collier,FL,Passenger,1.0,0.0,1.0,20.0,21.0,4.76,2020,5,24245,53,40,1.0,1.0,1.0,1.0,0.0,0.0,42.0,1.0000000000000009
2020-06-30,Collier,FL,Passenger,1.0,0.0,1.0,20.0,21.0,4.76,2020,6,24246,53,41,1.0,1.0,1.0,1.0,0.0,0.0,43.0,1.0000000000000029
2020-07-31,Collier,FL,Passenger,1.0,0.0,1.0,20.0,21.0,4.76,2020,7,24247,53,42,1.0,1.0,1.0,1.0,0.0,0.0,44.0,1.0000000000000029
2020-08-31,Collier,FL,Passenger,1.0,0.0,1.0,20.0,21.0,4.76,2020,8,24248,53,43,1.0,1.0,1.0,1.0,0.0,0.0,45.0,1.0000000000000009
2020-09-30,Collier,FL,Passenger,1.0,0.0,1.0,20.0,21.0,4.76,2020,9,24249,53,44,1.0,1.0,1.0,1.0,0.0,0.0,46.0,1.0000000000000009
2020-10-31,Collier,FL,Passenger,1.0,0.0,1.0,20.0,21.0,4.76,2020,10,24250,53,45,1.0,1.0,1.0,1.0,0.0,0.0,47.0,1.0000000000000029
2020-11-30,Collier,FL,Passenger,1.0,0.0,1.0,19.0,20.0,5.0,2020,11,24251,53,46,1.0,1.0,1.0,1.0,0.0,0.0,48.0,1.0000000000000009
2020-12-31,Collier,FL,Passenger,1.0,0.0,1.0,19.0,20.0,5.0,2020,12,24252,53,47,1.0,1.0,1.0,1.0,0.0,0.0,49.0,1.000000000000002
2021-01-31,Collier,FL,Passenger,1.0,0.0,1.0,19.0,20.0,5.0,2021,1,24253,53,48,1.0,1.0,1.0,1.0,0.0,0.0,50.0,1.000000000000002
2021-02-28,Collier,FL,Passenger,1.0,0.0,1.0,20.0,21.0,4.76,2021,2,24254,53,49,1.0,1.0,1.0,1.0,0.0,0.0,51.0,1.000000000000002
2021-03-31,Collier,FL,Passenger,1.0,0.0,1.0,20.0,21.0,4.76,2021,3,24255,53,50,1.0,1.0,1.0,1.0,0.0,0.0,52.0,1.0000000000000009
2021-04-30,Collier,FL,Passenger,1.0,0.0,1.0,20.0,21.0,4.76,2021,4,24256,53,51,1.0,1.0,1.0,1.0,0.0,0.0,53.0,1.0000000000000029
2021-05-31,Collier,FL,Passenger,1.0,0.0,1.0,20.0,21.0,4.76,2021,5,24257,53,52,1.0,1.0,1.0,1.0,0.0,0.0,54.0,1.0000000000000049
2021-06-30,Collier,FL,Passenger,1.0,0.0,1.0,22.0,23.0,4.35,2021,6,24258,53,53,1.0,1.0,1.0,1.0,0.0,0.0,55.0,1.0000000000000038
2021-07-31,Collier,FL,Passenger,1.0,0.0,1.0,21.0,22.0,4.55,2021,7,24259,53,54,1.0,1.0,1.0,1.0,0.0,0.0,56.0,1.0
2021-08-31,Collier,FL,Passenger,1.0,0.0,1.0,20.0,21.0,4.76,2021,8,24260,53,55,1.0,1.0,1.0,1.0,0.0,0.0,57.0,1.000000000000002
2021-09-30,Collier,FL,Passenger,1.0,0.0,1.0,19.0,20.0,5.0,2021,9,24261,53,56,1.0,1.0,1.0,1.0,0.0,0.0,58.0,1.0000000000000038
2021-10-31,Collier,FL,Passenger,1.0,0.0,1.0,20.0,21.0,4.76,2021,10,24262,53,57,1.0,1.0,1.0,1.0,0.0,0.0,59.0,1.0000000000000038
2021-11-30,Collier,FL,Passenger,1.0,0.0,1.0,21.0,22.0,4.55,2021,11,24263,53,58,1.0,1.0,1.0,1.0,0.0,0.0,60.0,1.0000000000000038
2021-12-31,Collier,FL,Passenger,1.0,0.0,1.0,21.0,22.0,4.55,2021,12,24264,53,59,1.0,1.0,1.0,1.0,0.0,0.0,61.0,1.0000000000000049
2022-01-31,Collier,FL,Passenger,1.0,0.0,1.0,20.0,21.0,4.76,2022,1,24265,53,60,1.0,1.0,1.0,1.0,0.0,0.0,62.0,1.0000000000000067
2022-02-28,Collier,FL,Passenger,1.0,0.0,1.0,20.0,21.0,4.76,2022,2,24266,53,61,1.0,1.0,1.0,1.0,0.0,0.0,63.0,1.0000000000000009
2022-03-31,Collier,FL,Passenger,1.0,0.0,1.0,20.0,21.0,4.76,2022,3,24267,53,62,1.0,1.0,1.0,1.0,0.0,0.0,64.0,0.999999999999999
2022-04-30,Collier,FL,Passenger,1.0,0.0,1.0,20.0,21.0,4.76,2022,4,24268,53,63,1.0,1.0,1.0,1.0,0.0,0.0,65.0,1.0000000000000049
2022-05-31,Collier,FL,Passenger,1.0,0.0,1.0,19.0,20.0,5.0,2022,5,24269,53,64,1.0,1.0,1.0,1.0,0.0,0.0,66.0,1.0000000000000029
2022-06-30,Collier,FL,Passenger,1.0,0.0,1.0,17.0,18.0,5.56,2022,6,24270,53,65,1.0,1.0,1.0,1.0,0.0,0.0,67.0,1.0000000000000049
2022-07-31,Collier,FL,Passenger,1.0,0.0,1.0,17.0,18.0,5.56,2022,7,24271,53,66,1.0,1.0,1.0,1.0,0.0,0.0,68.0,1.0000000000000087
2022-08-31,Collier,FL,Passenger,1.0,0.0,1.0,17.0,18.0,5.56,2022,8,24272,53,67,1.0,1.0,1.0,1.0,0.0,0.0,69.0,1.0000000000000067
2022-09-30,Collier,FL,Passenger,1.0,0.0,1.0,17.0,18.0,5.56,2022,9,24273,53,68,1.0,1.0,1.0,1.0,0.0,0.0,70.0,1.0000000000000049
2022-10-31,Collier,FL,Passenger,1.0,0.0,1.0,16.0,17.0,5.88,2022,10,24274,53,69,1.0,1.0,1.0,1.0,0.0,0.0,71.0,1.0000000000000049
2022-11-30,Collier,FL,Passenger,1.0,0.0,1.0,17.0,18.0,5.56,2022,11,24275,53,70,1.0,1.0,1.0,1.0,0.0,0.0,72.0,1.0000000000000067
2022-12-31,Collier,FL,Passenger,1.0,0.0,1.0,17.0,18.0,5.56,2022,12,24276,53,71,1.0,1.0,1.0,1.0,0.0,0.0,73.0,1.0000000000000049
2023-01-31,Collier,FL,Passenger,1.0,0.0,1.0,17.0,18.0,5.56,2023,1,24277,53,72,1.0,1.0,1.0,1.0,0.0,0.0,74.0,1.0000000000000009
2023-02-28,Collier,FL,Passenger,1.0,0.0,1.0,16.0,17.0,5.88,2023,2,24278,53,73,1.0,1.0,1.0,1.0,0.0,0.0,75.0,1.0000000000000029
2023-03-31,Collier,FL,Passenger,1.0,0.0,1.0,16.0,17.0,5.88,2023,3,24279,53,74,1.0,1.0,1.0,1.0,0.0,0.0,76.0,1.0000000000000049
2023-04-30,Collier,FL,Passenger,1.0,0.0,1.0,16.0,17.0,5.88,2023,4,24280,53,75,1.0,1.0,1.0,1.0,0.0,0.0,77.0,1.0000000000000087
2023-05-31,Collier,FL,Passenger,1.0,0.0,1.0,16.0,17.0,5.88,2023,5,24281,53,76,1.0,1.0,1.0,1.0,0.0,0.0,78.0,1.0000000000000049
2023-06-30,Collier,FL,Passenger,1.0,0.0,1.0,15.0,16.0,6.25,2023,6,24282,53,77,1.0,1.0,1.0,1.0,0.0,0.0,79.0,1.0000000000000029
2023-07-31,Collier,FL,Passenger,1.0,0.0,1.0,15.0,16.0,6.25,2023,7,24283,53,78,1.0,1.0,1.0,1.0,0.0,0.0,80.0,1.0000000000000087
2023-08-31,Collier,FL,Passenger,1.0,0.0,1.0,14.0,15.0,6.67,2023,8,24284,53,79,1.0,1.0,1.0,1.0,0.0,0.0,81.0,1.0000000000000029
2023-09-30,Collier,FL,Passenger,1.0,0.0,1.0,14.0,15.0,6.67,2023,9,24285,53,80,1.0,1.0,1.0,1.0,0.0,0.0,82.0,1.0000000000000104
2023-10-31,Collier,FL,Passenger,1.0,0.0,1.0,13.0,14.0,6.9025,2023,10,24286,53,81,1.0,1.0,1.0,1.0,0.0,0.0,83.0,1.0000000000000049
2023-11-30,Collier,FL,Passenger,1.0,0.0,1.0,13.0,14.0,6.9025,2023,11,24287,53,82,1.0,1.0,1.0,1.0,0.0,0.0,84.0,1.0000000000000049
2023-12-31,Collier,FL,Passenger,1.0,0.0,1.0,13.0,14.0,6.9025,2023,12,24288,53,83,1.0,1.0,1.0,1.0,0.0,0.0,85.0,1.0000000000000009
2024-01-31,Collier,FL,Passenger,1.0,0.0,1.0,12.0,13.0,6.9025,2024,1,24289,53,84,1.0,1.0,1.0,1.0,0.0,0.0,86.0,1.0000000000000067
2024-02-29,Collier,FL,Passenger,1.0,0.0,1.0,11.0,12.0,6.9025,2024,2,24290,53,85,1.0,1.0,1.0,1.0,0.0,0.0,87.0,1.0000000000000049
2017-06-30,Collin,TX,Passenger,0.0,1.0,1.0,149.0,150.0,0.67,2017,6,24210,54,5,1.0,1.0,1.0,1.0,0.0,0.0,6.0,0.9999999999999998
2017-07-31,Collin,TX,Passenger,0.0,1.0,1.0,147.0,148.0,0.68,2017,7,24211,54,6,1.0,1.0,1.0,1.0,0.0,0.0,7.0,0.9999999999999998
2017-08-31,Collin,TX,Passenger,0.0,1.0,1.0,146.0,147.0,0.68,2017,8,24212,54,7,1.0,1.0,1.0,1.0,0.0,0.0,8.0,0.9999999999999999
2017-09-30,Collin,TX,Passenger,0.0,1.0,1.0,149.0,150.0,0.67,2017,9,24213,54,8,1.0,1.0,1.0,1.0,0.0,0.0,9.0,1.0000000000000002
2017-10-31,Collin,TX,Passenger,0.0,1.0,1.0,151.0,152.0,0.66,2017,10,24214,54,9,1.0,1.0,1.0,1.0,0.0,0.0,10.0,1.0000000000000002
2018-05-31,Collin,TX,Passenger,1.0,0.0,1.0,162.0,163.0,0.61,2018,5,24221,54,10,1.0,1.0,1.0,1.0,0.0,0.0,11.0,1.0
2018-06-30,Collin,TX,Passenger,1.0,0.0,1.0,164.0,165.0,0.61,2018,6,24222,54,11,1.0,1.0,1.0,1.0,0.0,0.0,12.0,1.0000000000000002
2018-07-31,Collin,TX,Passenger,1.0,0.0,1.0,166.0,167.0,0.6,2018,7,24223,54,12,1.0,1.0,1.0,1.0,0.0,0.0,13.0,1.0000000000000002
2018-08-31,Collin,TX,Passenger,1.0,0.0,1.0,160.0,161.0,0.62,2018,8,24224,54,13,1.0,1.0,1.0,1.0,0.0,0.0,14.0,1.0000000000000009
2018-09-30,Collin,TX,Passenger,1.0,1.0,2.0,163.0,165.0,1.21,2018,9,24225,54,14,1.0,1.0,1.0,1.0,1.0,1.0,16.0,1.1428571428571435
2018-10-31,Collin,TX,Passenger,1.0,1.0,2.0,163.0,165.0,1.21,2018,10,24226,54,15,2.0,1.0,1.0,1.3333333333333333,0.0,1.0,18.0,1.3714285714285723
2018-11-30,Collin,TX,Passenger,1.0,1.0,2.0,158.0,160.0,1.25,2018,11,24227,54,16,2.0,2.0,1.0,1.6666666666666667,0.0,1.0,20.0,1.6285714285714294
2018-12-31,Collin,TX,Passenger,1.0,1.0,2.0,155.0,157.0,1.27,2018,12,24228,54,17,2.0,2.0,2.0,2.0,0.0,0.0,22.0,1.8571428571428574
2019-01-31,Collin,TX,Passenger,1.0,1.0,2.0,154.0,156.0,1.28,2019,1,24229,54,18,2.0,2.0,2.0,2.0,0.0,0.0,24.0,2.0000000000000004
2019-02-28,Collin,TX,Passenger,1.0,1.0,2.0,148.0,150.0,1.33,2019,2,24230,54,19,2.0,2.0,2.0,2.0,0.0,0.0,26.0,2.0000000000000004
2019-03-31,Collin,TX,Passenger,1.0,1.0,2.0,145.0,147.0,1.36,2019,3,24231,54,20,2.0,2.0,2.0,2.0,0.0,0.0,28.0,2.0000000000000018
2019-04-30,Collin,TX,Passenger,2.0,1.0,3.0,143.0,146.0,2.05,2019,4,24232,54,21,2.0,2.0,2.0,2.0,0.5,0.5,31.0,2.1428571428571437
2019-05-31,Collin,TX,Passenger,2.0,1.0,3.0,142.0,145.0,2.07,2019,5,24233,54,22,3.0,2.0,2.0,2.3333333333333335,0.0,0.5,34.0,2.371428571428572
2019-06-30,Collin,TX,Passenger,2.0,1.0,3.0,141.0,144.0,2.08,2019,6,24234,54,23,3.0,3.0,2.0,2.6666666666666665,0.0,0.5,37.0,2.628571428571429
2019-07-31,Collin,TX,Passenger,2.0,1.0,3.0,146.0,149.0,2.01,2019,7,24235,54,24,3.0,3.0,3.0,3.0,0.0,0.0,40.0,2.8571428571428563
2019-08-31,Collin,TX,Passenger,2.0,1.0,3.0,141.0,144.0,2.08,2019,8,24236,54,25,3.0,3.0,3.0,3.0,0.0,0.0,43.0,3.0
2019-09-30,Collin,TX,Passenger,2.0,1.0,3.0,139.0,142.0,2.11,2019,9,24237,54,26,3.0,3.0,3.0,3.0,0.0,0.0,46.0,3.000000000000002
2019-10-31,Collin,TX,Passenger,2.0,1.0,3.0,140.0,143.0,2.1,2019,10,24238,54,27,3.0,3.0,3.0,3.0,0.0,0.0,49.0,3.0000000000000018
2019-11-30,Collin,TX,Passenger,2.0,1.0,3.0,141.0,144.0,2.08,2019,11,24239,54,28,3.0,3.0,3.0,3.0,0.0,0.0,52.0,3.000000000000001
2019-12-31,Collin,TX,Passenger,2.0,1.0,3.0,141.0,144.0,2.08,2019,12,24240,54,29,3.0,3.0,3.0,3.0,0.0,0.0,55.0,3.0000000000000027
2020-01-31,Collin,TX,Passenger,2.0,1.0,3.0,137.0,140.0,2.14,2020,1,24241,54,30,3.0,3.0,3.0,3.0,0.0,0.0,58.0,3.000000000000004
2020-02-29,Collin,TX,Passenger,2.0,1.0,3.0,139.0,142.0,2.11,2020,2,24242,54,31,3.0,3.0,3.0,3.0,0.0,0.0,61.0,3.000000000000001
2020-03-31,Collin,TX,Passenger,2.0,1.0,3.0,136.0,139.0,2.16,2020,3,24243,54,32,3.0,3.0,3.0,3.0,0.0,0.0,64.0,3.0000000000000058
2020-04-30,Collin,TX,Passenger,2.0,1.0,3.0,134.0,137.0,2.19,2020,4,24244,54,33,3.0,3.0,3.0,3.0,0.0,0.0,67.0,2.999999999999999
2020-05-31,Collin,TX,Passenger,2.0,1.0,3.0,129.0,132.0,2.27,2020,5,24245,54,34,3.0,3.0,3.0,3.0,0.0,0.0,70.0,3.0000000000000027
2020-06-30,Collin,TX,Passenger,2.0,1.0,3.0,129.0,132.0,2.27,2020,6,24246,54,35,3.0,3.0,3.0,3.0,0.0,0.0,73.0,3.0
2020-07-31,Collin,TX,Passenger,2.0,1.0,3.0,130.0,133.0,2.26,2020,7,24247,54,36,3.0,3.0,3.0,3.0,0.0,0.0,76.0,3.000000000000001
2020-08-31,Collin,TX,Passenger,2.0,1.0,3.0,130.0,133.0,2.26,2020,8,24248,54,37,3.0,3.0,3.0,3.0,0.0,0.0,79.0,3.000000000000001
2020-09-30,Collin,TX,Passenger,2.0,1.0,3.0,129.0,132.0,2.27,2020,9,24249,54,38,3.0,3.0,3.0,3.0,0.0,0.0,82.0,3.000000000000005
2020-10-31,Collin,TX,Passenger,2.0,1.0,3.0,126.0,129.0,2.33,2020,10,24250,54,39,3.0,3.0,3.0,3.0,0.0,0.0,85.0,3.000000000000005
2020-11-30,Collin,TX,Passenger,2.0,1.0,3.0,125.0,128.0,2.34,2020,11,24251,54,40,3.0,3.0,3.0,3.0,0.0,0.0,88.0,3.000000000000005
2020-12-31,Collin,TX,Passenger,2.0,1.0,3.0,125.0,128.0,2.34,2020,12,24252,54,41,3.0,3.0,3.0,3.0,0.0,0.0,91.0,3.0000000000000067
2021-01-31,Collin,TX,Passenger,2.0,1.0,3.0,125.0,128.0,2.34,2021,1,24253,54,42,3.0,3.0,3.0,3.0,0.0,0.0,94.0,3.0000000000000067
2021-02-28,Collin,TX,Passenger,2.0,1.0,3.0,124.0,127.0,2.36,2021,2,24254,54,43,3.0,3.0,3.0,3.0,0.0,0.0,97.0,3.0000000000000067
2021-03-31,Collin,TX,Passenger,2.0,1.0,3.0,123.0,126.0,2.38,2021,3,24255,54,44,3.0,3.0,3.0,3.0,0.0,0.0,100.0,2.999999999999999
2021-04-30,Collin,TX,Passenger,2.0,1.0,3.0,124.0,127.0,2.36,2021,4,24256,54,45,3.0,3.0,3.0,3.0,0.0,0.0,103.0,3.0000000000000067
2021-05-31,Collin,TX,Passenger,2.0,1.0,3.0,122.0,125.0,2.4,2021,5,24257,54,46,3.0,3.0,3.0,3.0,0.0,0.0,106.0,3.000000000000005
2021-06-30,Collin,TX,Passenger,2.0,1.0,3.0,118.0,121.0,2.48,2021,6,24258,54,47,3.0,3.0,3.0,3.0,0.0,0.0,109.0,3.0000000000000067
2021-07-31,Collin,TX,Passenger,2.0,1.0,3.0,114.0,117.0,2.56,2021,7,24259,54,48,3.0,3.0,3.0,3.0,0.0,0.0,112.0,3.000000000000005
2021-08-31,Collin,TX,Passenger,2.0,1.0,3.0,114.0,117.0,2.56,2021,8,24260,54,49,3.0,3.0,3.0,3.0,0.0,0.0,115.0,3.0000000000000107
2021-09-30,Collin,TX,Passenger,2.0,0.0,2.0,112.0,114.0,1.75,2021,9,24261,54,50,3.0,3.0,3.0,3.0,-0.33333333333333337,-0.33333333333333337,117.0,2.8571428571428608
2021-10-31,Collin,TX,Passenger,2.0,0.0,2.0,110.0,112.0,1.79,2021,10,24262,54,51,2.0,3.0,3.0,2.6666666666666665,0.0,-0.33333333333333337,119.0,2.6285714285714423
2021-11-30,Collin,TX,Passenger,2.0,0.0,2.0,113.0,115.0,1.74,2021,11,24263,54,52,2.0,2.0,3.0,2.3333333333333335,0.0,-0.33333333333333337,121.0,2.371428571428576
2021-12-31,Collin,TX,Passenger,2.0,0.0,2.0,111.0,113.0,1.77,2021,12,24264,54,53,2.0,2.0,2.0,2.0,0.0,0.0,123.0,2.1428571428571423
2022-01-31,Collin,TX,Passenger,2.0,0.0,2.0,110.0,112.0,1.79,2022,1,24265,54,54,2.0,2.0,2.0,2.0,0.0,0.0,125.0,2.0000000000000058
2022-02-28,Collin,TX,Passenger,3.0,0.0,3.0,107.0,110.0,2.73,2022,2,24266,54,55,2.0,2.0,2.0,2.0,0.5,0.5,128.0,2.14285714285715
2022-03-31,Collin,TX,Passenger,3.0,0.0,3.0,105.0,108.0,2.78,2022,3,24267,54,56,3.0,2.0,2.0,2.3333333333333335,0.0,0.5,131.0,2.371428571428576
2022-04-30,Collin,TX,Passenger,3.0,0.0,3.0,102.0,105.0,2.86,2022,4,24268,54,57,3.0,3.0,2.0,2.6666666666666665,0.0,0.5,134.0,2.628571428571429
2022-05-31,Collin,TX,Passenger,3.0,0.0,3.0,94.0,97.0,3.09,2022,5,24269,54,58,3.0,3.0,3.0,3.0,0.0,0.0,137.0,2.8571428571428665
2022-06-30,Collin,TX,Passenger,3.0,0.0,3.0,90.0,93.0,3.23,2022,6,24270,54,59,3.0,3.0,3.0,3.0,0.0,0.0,140.0,3.0000000000000027
2022-07-31,Collin,TX,Passenger,3.0,0.0,3.0,86.0,89.0,3.37,2022,7,24271,54,60,3.0,3.0,3.0,3.0,0.0,0.0,143.0,3.0000000000000107
2022-08-31,Collin,TX,Passenger,3.0,0.0,3.0,83.0,86.0,3.49,2022,8,24272,54,61,3.0,3.0,3.0,3.0,0.0,0.0,146.0,3.0000000000000107
2022-09-30,Collin,TX,Passenger,3.0,0.0,3.0,80.0,83.0,3.61,2022,9,24273,54,62,3.0,3.0,3.0,3.0,0.0,0.0,149.0,3.0000000000000107
2022-10-31,Collin,TX,Passenger,3.0,0.0,3.0,73.0,76.0,3.95,2022,10,24274,54,63,3.0,3.0,3.0,3.0,0.0,0.0,152.0,3.000000000000014
2022-11-30,Collin,TX,Passenger,3.0,0.0,3.0,71.0,74.0,4.05,2022,11,24275,54,64,3.0,3.0,3.0,3.0,0.0,0.0,155.0,3.0000000000000107
2022-12-31,Collin,TX,Passenger,3.0,0.0,3.0,62.0,65.0,4.62,2022,12,24276,54,65,3.0,3.0,3.0,3.0,0.0,0.0,158.0,3.0000000000000027
2023-01-31,Collin,TX,Passenger,3.0,0.0,3.0,60.0,63.0,4.76,2023,1,24277,54,66,3.0,3.0,3.0,3.0,0.0,0.0,161.0,3.0000000000000107
2023-02-28,Collin,TX,Passenger,3.0,0.0,3.0,58.0,61.0,4.92,2023,2,24278,54,67,3.0,3.0,3.0,3.0,0.0,0.0,164.0,3.0000000000000067
2023-03-31,Collin,TX,Passenger,3.0,0.0,3.0,55.0,58.0,5.17,2023,3,24279,54,68,3.0,3.0,3.0,3.0,0.0,0.0,167.0,3.000000000000014
2023-04-30,Collin,TX,Passenger,4.0,0.0,4.0,53.0,57.0,6.9025,2023,4,24280,54,69,3.0,3.0,3.0,3.0,0.33333333333333326,0.33333333333333326,171.0,3.1428571428571583
2023-05-31,Collin,TX,Passenger,3.0,0.0,3.0,50.0,53.0,5.66,2023,5,24281,54,70,4.0,3.0,3.0,3.3333333333333335,-0.25,0.0,174.0,3.22857142857144
2023-06-30,Collin,TX,Passenger,3.0,0.0,3.0,46.0,49.0,6.12,2023,6,24282,54,71,3.0,4.0,3.0,3.3333333333333335,0.0,0.0,177.0,3.2571428571428678
2023-07-31,Collin,TX,Passenger,3.0,0.0,3.0,41.0,44.0,6.82,2023,7,24283,54,72,3.0,3.0,4.0,3.3333333333333335,0.0,-0.25,180.0,3.22857142857144
2023-08-31,Collin,TX,Passenger,3.0,0.0,3.0,38.0,41.0,6.9025,2023,8,24284,54,73,3.0,3.0,3.0,3.0,0.0,0.0,183.0,3.1428571428571583
2023-09-30,Collin,TX,Passenger,3.0,0.0,3.0,36.0,39.0,6.9025,2023,9,24285,54,74,3.0,3.0,3.0,3.0,0.0,0.0,186.0,3.0000000000000067
2023-10-31,Collin,TX,Passenger,3.0,0.0,3.0,34.0,37.0,6.9025,2023,10,24286,54,75,3.0,3.0,3.0,3.0,0.0,0.0,189.0,3.000000000000014
2023-11-30,Collin,TX,Passenger,3.0,0.0,3.0,31.0,34.0,6.9025,2023,11,24287,54,76,3.0,3.0,3.0,3.0,0.0,0.0,192.0,3.0000000000000067
2023-12-31,Collin,TX,Passenger,2.0,0.0,2.0,31.0,33.0,6.06,2023,12,24288,54,77,3.0,3.0,3.0,3.0,-0.33333333333333337,-0.33333333333333337,194.0,2.85714285714287
2024-01-31,Collin,TX,Passenger,3.0,0.0,3.0,29.0,32.0,6.9025,2024,1,24289,54,78,2.0,3.0,3.0,2.6666666666666665,0.5,0.0,197.0,2.7714285714285807
2024-02-29,Collin,TX,Passenger,2.0,0.0,2.0,28.0,30.0,6.67,2024,2,24290,54,79,3.0,2.0,3.0,2.6666666666666665,-0.33333333333333337,-0.33333333333333337,199.0,2.599999999999998
2020-01-31,Columbia,OR,Passenger,1.0,0.0,1.0,29.0,30.0,3.33,2020,1,24241,55,73,6.0,0.0,6.0,4.0,-0.8333333333333334,-0.8333333333333334,124.0,3.599999999999997
2020-02-29,Columbia,OR,Passenger,1.0,0.0,1.0,28.0,29.0,3.45,2020,2,24242,55,75,0.0,1.0,6.0,2.3333333333333335,0.0,-0.8333333333333334,125.0,1.7714285714285836
2020-03-31,Columbia,OR,Passenger,1.0,0.0,1.0,27.0,28.0,3.57,2020,3,24243,55,78,0.0,6.0,1.0,2.3333333333333335,0.0,0.0,132.0,1.9142857142857201
2020-04-30,Columbia,OR,Passenger,1.0,0.0,1.0,26.0,27.0,3.7,2020,4,24244,55,83,0.0,6.0,6.0,4.0,0.0,-0.8333333333333334,145.0,3.057142857142869
2020-05-31,Columbia,OR,Passenger,1.0,0.0,1.0,28.0,29.0,3.45,2020,5,24245,55,85,7.0,1.0,0.0,2.6666666666666665,-0.8571428571428572,0.0,153.0,2.8571428571428625
2020-06-30,Columbia,OR,Passenger,1.0,0.0,1.0,28.0,29.0,3.45,2020,6,24246,55,89,7.0,0.0,0.0,2.3333333333333335,-0.8571428571428572,0.0,161.0,1.885714285714289
2020-07-31,Columbia,OR,Passenger,1.0,0.0,1.0,28.0,29.0,3.45,2020,7,24247,55,91,0.0,1.0,7.0,2.6666666666666665,0.0,-0.8571428571428572,162.0,2.0000000000000173
2020-08-31,Columbia,OR,Passenger,1.0,0.0,1.0,27.0,28.0,3.57,2020,8,24248,55,93,7.0,1.0,0.0,2.6666666666666665,-0.8571428571428572,0.0,170.0,2.142857142857165
2020-09-30,Columbia,OR,Passenger,1.0,0.0,1.0,27.0,28.0,3.57,2020,9,24249,55,98,7.0,0.0,0.0,2.3333333333333335,-0.8571428571428572,0.0,184.0,2.6000000000000094
2020-10-31,Columbia,OR,Passenger,1.0,0.0,1.0,27.0,28.0,3.57,2020,10,24250,55,100,0.0,1.0,7.0,2.6666666666666665,0.0,-0.8571428571428572,185.0,2.0000000000000058
2020-11-30,Columbia,OR,Passenger,1.0,0.0,1.0,27.0,28.0,3.57,2020,11,24251,55,104,0.0,7.0,7.0,4.666666666666667,0.0,-0.8571428571428572,200.0,3.685714285714296
2020-12-31,Columbia,OR,Passenger,1.0,0.0,1.0,27.0,28.0,3.57,2020,12,24252,55,106,0.0,1.0,0.0,0.3333333333333333,0.0,0.0,201.0,1.4000000000000137
2021-01-31,Columbia,OR,Passenger,1.0,0.0,1.0,24.0,25.0,4.0,2021,1,24253,55,108,8.0,1.0,0.0,3.0,-0.875,0.0,210.0,2.3714285714285874
2021-02-28,Columbia,OR,Passenger,1.0,0.0,1.0,24.0,25.0,4.0,2021,2,24254,55,111,8.0,0.0,1.0,3.0,-0.875,0.0,219.0,3.342857142857153
2021-03-31,Columbia,OR,Passenger,1.0,0.0,1.0,21.0,22.0,4.55,2021,3,24255,55,115,9.0,0.0,9.0,6.0,-0.8888888888888888,-0.8888888888888888,238.0,4.400000000000024
2021-04-30,Columbia,OR,Passenger,1.0,0.0,1.0,20.0,21.0,4.76,2021,4,24256,55,118,0.0,0.0,1.0,0.3333333333333333,0.0,0.0,239.0,1.6571428571428746
2021-05-31,Columbia,OR,Passenger,1.0,0.0,1.0,20.0,21.0,4.76,2021,5,24257,55,122,0.0,9.0,9.0,6.0,0.0,-0.8888888888888888,258.0,4.657142857142858
2021-06-30,Columbia,OR,Passenger,1.0,0.0,1.0,22.0,23.0,4.35,2021,6,24258,55,125,8.0,0.0,1.0,3.0,-0.875,0.0,267.0,2.2000000000000273
2021-07-31,Columbia,OR,Passenger,1.0,0.0,1.0,23.0,24.0,4.17,2021,7,24259,55,127,8.0,1.0,8.0,5.666666666666667,-0.875,-0.875,276.0,4.057142857142897
2021-08-31,Columbia,OR,Passenger,1.0,0.0,1.0,21.0,22.0,4.55,2021,8,24260,55,129,0.0,1.0,8.0,3.0,0.0,-0.875,277.0,2.3714285714285834
2021-09-30,Columbia,OR,Passenger,1.0,0.0,1.0,22.0,23.0,4.35,2021,9,24261,55,134,9.0,0.0,0.0,3.0,-0.8888888888888888,0.0,296.0,3.4857142857143204
2021-10-31,Columbia,OR,Passenger,1.0,0.0,1.0,22.0,23.0,4.35,2021,10,24262,55,135,1.0,9.0,0.0,3.3333333333333335,0.0,0.0,297.0,2.6857142857143104
2021-11-30,Columbia,OR,Passenger,1.0,0.0,1.0,24.0,25.0,4.0,2021,11,24263,55,138,9.0,0.0,1.0,3.3333333333333335,-0.8888888888888888,0.0,307.0,2.5714285714285783
2021-12-31,Columbia,OR,Passenger,1.0,0.0,1.0,25.0,26.0,3.85,2021,12,24264,55,143,0.0,8.0,0.0,2.6666666666666665,0.0,0.0,324.0,3.3428571428571647
2022-01-31,Columbia,OR,Passenger,1.0,0.0,1.0,25.0,26.0,3.85,2022,1,24265,55,145,8.0,1.0,0.0,3.0,-0.875,0.0,333.0,3.3714285714286034
2022-02-28,Columbia,OR,Passenger,1.0,0.0,1.0,26.0,27.0,3.7,2022,2,24266,55,147,0.0,1.0,8.0,3.0,0.0,-0.875,334.0,2.371428571428591
2022-03-31,Columbia,OR,Passenger,1.0,0.0,1.0,26.0,27.0,3.7,2022,3,24267,55,152,6.0,0.0,0.0,2.0,-0.8333333333333334,0.0,348.0,2.514285714285739
2022-04-30,Columbia,OR,Passenger,1.0,0.0,1.0,25.0,26.0,3.85,2022,4,24268,55,154,7.0,1.0,6.0,4.666666666666667,-0.8571428571428572,-0.8333333333333334,356.0,3.3714285714286114
2022-05-31,Columbia,OR,Passenger,1.0,0.0,1.0,21.0,22.0,4.55,2022,5,24269,55,156,0.0,1.0,7.0,2.6666666666666665,0.0,-0.8571428571428572,357.0,2.142857142857173
2022-06-30,Columbia,OR,Passenger,1.0,0.0,1.0,19.0,20.0,5.0,2022,6,24270,55,160,0.0,0.0,7.0,2.3333333333333335,0.0,-0.8571428571428572,365.0,1.885714285714308
2022-07-31,Columbia,OR,Passenger,1.0,0.0,1.0,17.0,18.0,5.56,2022,7,24271,55,162,7.0,1.0,0.0,2.6666666666666665,-0.8571428571428572,0.0,373.0,2.0000000000000404
2022-08-31,Columbia,OR,Passenger,1.0,0.0,1.0,19.0,20.0,5.0,2022,8,24272,55,166,0.0,7.0,0.0,2.3333333333333335,0.0,0.0,381.0,2.085714285714326
2022-09-30,Columbia,OR,Passenger,1.0,0.0,1.0,16.0,17.0,5.88,2022,9,24273,55,168,8.0,1.0,0.0,3.0,-0.875,0.0,390.0,3.228571428571471
2022-10-31,Columbia,OR,Passenger,1.0,0.0,1.0,14.0,15.0,6.67,2022,10,24274,55,172,9.0,0.0,8.0,5.666666666666667,-0.8888888888888888,-0.875,408.0,4.1714285714286055
2022-11-30,Columbia,OR,Passenger,1.0,0.0,1.0,14.0,15.0,6.67,2022,11,24275,55,176,0.0,9.0,0.0,3.0,0.0,0.0,418.0,2.6000000000000094
2022-12-31,Columbia,OR,Passenger,1.0,0.0,1.0,13.0,14.0,6.9025,2022,12,24276,55,177,1.0,0.0,9.0,3.3333333333333335,0.0,-0.8888888888888888,419.0,2.428571428571461
2023-01-31,Columbia,OR,Passenger,1.0,0.0,1.0,13.0,14.0,6.9025,2023,1,24277,55,180,8.0,0.0,1.0,3.0,-0.875,0.0,428.0,2.3428571428571905
2023-02-28,Columbia,OR,Passenger,1.0,0.0,1.0,13.0,14.0,6.9025,2023,2,24278,55,183,0.0,9.0,1.0,3.3333333333333335,0.0,0.0,438.0,3.8285714285714785
2023-03-31,Columbia,OR,Passenger,1.0,0.0,1.0,13.0,14.0,6.9025,2023,3,24279,55,187,9.0,0.0,9.0,6.0,-0.8888888888888888,-0.8888888888888888,457.0,4.4000000000000705
2023-04-30,Columbia,OR,Passenger,1.0,0.0,1.0,14.0,15.0,6.67,2023,4,24280,55,190,9.0,0.0,1.0,3.3333333333333335,-0.8888888888888888,0.0,467.0,3.714285714285754
2023-05-31,Columbia,OR,Passenger,1.0,0.0,1.0,14.0,15.0,6.67,2023,5,24281,55,194,0.0,10.0,0.0,3.3333333333333335,0.0,0.0,478.0,2.8571428571429123
2023-06-30,Columbia,OR,Passenger,1.0,0.0,1.0,14.0,15.0,6.67,2023,6,24282,55,195,1.0,0.0,10.0,3.6666666666666665,0.0,-0.9,479.0,2.657142857142887
2023-07-31,Columbia,OR,Passenger,1.0,0.0,1.0,12.0,13.0,6.9025,2023,7,24283,55,198,0.0,12.0,1.0,4.333333333333333,0.0,0.0,492.0,3.600000000000045
2023-08-31,Columbia,OR,Passenger,1.0,0.0,1.0,13.0,14.0,6.9025,2023,8,24284,55,203,13.0,0.0,12.0,8.333333333333334,-0.9230769230769231,-0.9166666666666666,518.0,5.857142857142896
2023-09-30,Columbia,OR,Passenger,1.0,0.0,1.0,12.0,13.0,6.9025,2023,9,24285,55,205,12.0,1.0,13.0,8.666666666666666,-0.9166666666666666,-0.9230769230769231,531.0,6.114285714285769
2023-10-31,Columbia,OR,Passenger,1.0,0.0,1.0,10.0,11.0,6.9025,2023,10,24286,55,207,0.0,1.0,12.0,4.333333333333333,0.0,-0.9166666666666666,532.0,3.28571428571431
2023-11-30,Columbia,OR,Passenger,1.0,0.0,1.0,9.0,10.0,6.9025,2023,11,24287,55,212,0.0,12.0,12.0,8.0,0.0,-0.9166666666666666,557.0,5.97142857142862
2017-12-31,Contra Costa,CA,Passenger,0.0,1.0,1.0,464.0,465.0,0.22,2017,12,24216,56,5,1.0,1.0,1.0,1.0,0.0,0.0,6.0,0.9999999999999998
2018-01-31,Contra Costa,CA,Passenger,0.0,1.0,1.0,465.0,466.0,0.21,2018,1,24217,56,6,1.0,1.0,1.0,1.0,0.0,0.0,7.0,0.9999999999999998
2018-02-28,Contra Costa,CA,Passenger,0.0,1.0,1.0,465.0,466.0,0.21,2018,2,24218,56,7,1.0,1.0,1.0,1.0,0.0,0.0,8.0,0.9999999999999999
2018-03-31,Contra Costa,CA,Passenger,0.0,1.0,1.0,463.0,464.0,0.22,2018,3,24219,56,8,1.0,1.0,1.0,1.0,0.0,0.0,9.0,1.0000000000000002
2018-04-30,Contra Costa,CA,Passenger,0.0,1.0,1.0,459.0,460.0,0.22,2018,4,24220,56,9,1.0,1.0,1.0,1.0,0.0,0.0,10.0,1.0000000000000002
2018-05-31,Contra Costa,CA,Passenger,0.0,1.0,1.0,449.0,450.0,0.22,2018,5,24221,56,10,1.0,1.0,1.0,1.0,0.0,0.0,11.0,1.0
2018-06-30,Contra Costa,CA,Passenger,0.0,1.0,1.0,450.0,451.0,0.22,2018,6,24222,56,11,1.0,1.0,1.0,1.0,0.0,0.0,12.0,1.0000000000000002
2018-07-31,Contra Costa,CA,Passenger,0.0,1.0,1.0,447.0,448.0,0.22,2018,7,24223,56,12,1.0,1.0,1.0,1.0,0.0,0.0,13.0,1.0000000000000002
2018-08-31,Contra Costa,CA,Passenger,0.0,1.0,1.0,439.0,440.0,0.23,2018,8,24224,56,13,1.0,1.0,1.0,1.0,0.0,0.0,14.0,1.0000000000000009
2018-09-30,Contra Costa,CA,Passenger,0.0,2.0,2.0,421.0,423.0,0.47,2018,9,24225,56,14,1.0,1.0,1.0,1.0,1.0,1.0,16.0,1.1428571428571435
2018-10-31,Contra Costa,CA,Passenger,0.0,2.0,2.0,416.0,418.0,0.48,2018,10,24226,56,15,2.0,1.0,1.0,1.3333333333333333,0.0,1.0,18.0,1.3714285714285723
2018-11-30,Contra Costa,CA,Passenger,0.0,2.0,2.0,413.0,415.0,0.48,2018,11,24227,56,16,2.0,2.0,1.0,1.6666666666666667,0.0,1.0,20.0,1.6285714285714294
2018-12-31,Contra Costa,CA,Passenger,0.0,2.0,2.0,404.0,406.0,0.49,2018,12,24228,56,17,2.0,2.0,2.0,2.0,0.0,0.0,22.0,1.8571428571428574
2019-01-31,Contra Costa,CA,Passenger,1.0,2.0,3.0,401.0,404.0,0.74,2019,1,24229,56,18,2.0,2.0,2.0,2.0,0.5,0.5,25.0,2.142857142857143
2019-02-28,Contra Costa,CA,Passenger,1.0,2.0,3.0,389.0,392.0,0.77,2019,2,24230,56,19,3.0,2.0,2.0,2.3333333333333335,0.0,0.5,28.0,2.3714285714285723
2019-03-31,Contra Costa,CA,Passenger,1.0,2.0,3.0,390.0,393.0,0.76,2019,3,24231,56,20,3.0,3.0,2.0,2.6666666666666665,0.0,0.5,31.0,2.62857142857143
2019-04-30,Contra Costa,CA,Passenger,2.0,2.0,4.0,385.0,389.0,1.03,2019,4,24232,56,21,3.0,3.0,3.0,3.0,0.33333333333333326,0.33333333333333326,35.0,3.0
2019-05-31,Contra Costa,CA,Passenger,2.0,2.0,4.0,379.0,383.0,1.04,2019,5,24233,56,22,4.0,3.0,3.0,3.3333333333333335,0.0,0.33333333333333326,39.0,3.3714285714285728
2019-06-30,Contra Costa,CA,Passenger,2.0,2.0,4.0,382.0,386.0,1.04,2019,6,24234,56,23,4.0,4.0,3.0,3.6666666666666665,0.0,0.33333333333333326,43.0,3.628571428571428
2019-07-31,Contra Costa,CA,Passenger,2.0,2.0,4.0,373.0,377.0,1.06,2019,7,24235,56,24,4.0,4.0,4.0,4.0,0.0,0.0,47.0,3.857142857142857
2019-08-31,Contra Costa,CA,Passenger,2.0,2.0,4.0,365.0,369.0,1.08,2019,8,24236,56,25,4.0,4.0,4.0,4.0,0.0,0.0,51.0,4.000000000000001
2019-09-30,Contra Costa,CA,Passenger,2.0,2.0,4.0,365.0,369.0,1.08,2019,9,24237,56,26,4.0,4.0,4.0,4.0,0.0,0.0,55.0,3.9999999999999996
2019-10-31,Contra Costa,CA,Passenger,2.0,2.0,4.0,354.0,358.0,1.12,2019,10,24238,56,27,4.0,4.0,4.0,4.0,0.0,0.0,59.0,4.000000000000002
2019-11-30,Contra Costa,CA,Passenger,3.0,2.0,5.0,348.0,353.0,1.42,2019,11,24239,56,28,4.0,4.0,4.0,4.0,0.25,0.25,64.0,4.142857142857144
2019-12-31,Contra Costa,CA,Passenger,3.0,2.0,5.0,341.0,346.0,1.45,2019,12,24240,56,29,5.0,4.0,4.0,4.333333333333333,0.0,0.25,69.0,4.371428571428573
2020-01-31,Contra Costa,CA,Passenger,3.0,2.0,5.0,334.0,339.0,1.47,2020,1,24241,56,30,5.0,5.0,4.0,4.666666666666667,0.0,0.25,74.0,4.628571428571431
2020-02-29,Contra Costa,CA,Passenger,3.0,2.0,5.0,329.0,334.0,1.5,2020,2,24242,56,31,5.0,5.0,5.0,5.0,0.0,0.0,79.0,4.85714285714286
2020-03-31,Contra Costa,CA,Passenger,3.0,2.0,5.0,325.0,330.0,1.52,2020,3,24243,56,32,5.0,5.0,5.0,5.0,0.0,0.0,84.0,5.0
2020-04-30,Contra Costa,CA,Passenger,3.0,2.0,5.0,321.0,326.0,1.53,2020,4,24244,56,33,5.0,5.0,5.0,5.0,0.0,0.0,89.0,5.0000000000000036
2020-05-31,Contra Costa,CA,Passenger,3.0,2.0,5.0,316.0,321.0,1.56,2020,5,24245,56,34,5.0,5.0,5.0,5.0,0.0,0.0,94.0,5.000000000000001
2020-06-30,Contra Costa,CA,Passenger,3.0,3.0,6.0,312.0,318.0,1.89,2020,6,24246,56,35,5.0,5.0,5.0,5.0,0.19999999999999996,0.19999999999999996,100.0,5.142857142857147
2020-07-31,Contra Costa,CA,Passenger,4.0,3.0,7.0,303.0,310.0,2.26,2020,7,24247,56,36,6.0,5.0,5.0,5.333333333333333,0.16666666666666674,0.3999999999999999,107.0,5.514285714285715
2020-08-31,Contra Costa,CA,Passenger,4.0,3.0,7.0,299.0,306.0,2.29,2020,8,24248,56,37,7.0,6.0,5.0,6.0,0.0,0.3999999999999999,114.0,6.0000000000000036
2020-09-30,Contra Costa,CA,Passenger,4.0,3.0,7.0,294.0,301.0,2.33,2020,9,24249,56,38,7.0,7.0,6.0,6.666666666666667,0.0,0.16666666666666674,121.0,6.485714285714291
2020-10-31,Contra Costa,CA,Passenger,4.0,3.0,7.0,287.0,294.0,2.38,2020,10,24250,56,39,7.0,7.0,7.0,7.0,0.0,0.0,128.0,6.857142857142865
2020-11-30,Contra Costa,CA,Passenger,4.0,3.0,7.0,285.0,292.0,2.4,2020,11,24251,56,40,7.0,7.0,7.0,7.0,0.0,0.0,135.0,7.000000000000004
2020-12-31,Contra Costa,CA,Passenger,3.0,3.0,6.0,279.0,285.0,2.11,2020,12,24252,56,41,7.0,7.0,7.0,7.0,-0.1428571428571429,-0.1428571428571429,141.0,6.857142857142865
2021-01-31,Contra Costa,CA,Passenger,3.0,3.0,6.0,278.0,284.0,2.11,2021,1,24253,56,42,6.0,7.0,7.0,6.666666666666667,0.0,-0.1428571428571429,147.0,6.628571428571437
2021-02-28,Contra Costa,CA,Passenger,3.0,3.0,6.0,278.0,284.0,2.11,2021,2,24254,56,43,6.0,6.0,7.0,6.333333333333333,0.0,-0.1428571428571429,153.0,6.371428571428578
2021-03-31,Contra Costa,CA,Passenger,3.0,4.0,7.0,272.0,279.0,2.51,2021,3,24255,56,44,6.0,6.0,6.0,6.0,0.16666666666666674,0.16666666666666674,160.0,6.285714285714298
2021-04-30,Contra Costa,CA,Passenger,3.0,4.0,7.0,278.0,285.0,2.46,2021,4,24256,56,45,7.0,6.0,6.0,6.333333333333333,0.0,0.16666666666666674,167.0,6.371428571428575
2021-05-31,Contra Costa,CA,Passenger,3.0,3.0,6.0,266.0,272.0,2.21,2021,5,24257,56,46,7.0,7.0,6.0,6.666666666666667,-0.1428571428571429,0.0,173.0,6.485714285714296
2021-06-30,Contra Costa,CA,Passenger,2.0,3.0,5.0,259.0,264.0,1.89,2021,6,24258,56,47,6.0,7.0,7.0,6.666666666666667,-0.16666666666666663,-0.2857142857142857,178.0,6.342857142857149
2021-07-31,Contra Costa,CA,Passenger,2.0,3.0,5.0,259.0,264.0,1.89,2021,7,24259,56,48,5.0,6.0,7.0,6.0,0.0,-0.2857142857142857,183.0,6.000000000000002
2021-08-31,Contra Costa,CA,Passenger,2.0,4.0,6.0,258.0,264.0,2.27,2021,8,24260,56,49,5.0,5.0,6.0,5.333333333333333,0.19999999999999996,0.0,189.0,5.657142857142878
2021-09-30,Contra Costa,CA,Passenger,2.0,4.0,6.0,261.0,267.0,2.25,2021,9,24261,56,50,6.0,5.0,5.0,5.333333333333333,0.0,0.19999999999999996,195.0,5.514285714285727
2021-10-31,Contra Costa,CA,Passenger,1.0,4.0,5.0,261.0,266.0,1.88,2021,10,24262,56,51,6.0,6.0,5.0,5.666666666666667,-0.16666666666666663,0.0,200.0,5.4857142857142875
2021-11-30,Contra Costa,CA,Passenger,1.0,4.0,5.0,259.0,264.0,1.89,2021,11,24263,56,52,5.0,6.0,6.0,5.666666666666667,0.0,-0.16666666666666663,205.0,5.485714285714307
2021-12-31,Contra Costa,CA,Passenger,1.0,4.0,5.0,257.0,262.0,1.91,2021,12,24264,56,53,5.0,5.0,6.0,5.333333333333333,0.0,-0.16666666666666663,210.0,5.3714285714285905
2022-01-31,Contra Costa,CA,Passenger,1.0,4.0,5.0,252.0,257.0,1.95,2022,1,24265,56,54,5.0,5.0,5.0,5.0,0.0,0.0,215.0,5.142857142857168
2022-02-28,Contra Costa,CA,Passenger,1.0,4.0,5.0,255.0,260.0,1.92,2022,2,24266,56,55,5.0,5.0,5.0,5.0,0.0,0.0,220.0,4.999999999999997
2022-03-31,Contra Costa,CA,Passenger,0.0,3.0,3.0,249.0,252.0,1.19,2022,3,24267,56,56,5.0,5.0,5.0,5.0,-0.4,-0.4,223.0,4.714285714285721
2022-04-30,Contra Costa,CA,Passenger,0.0,3.0,3.0,253.0,256.0,1.17,2022,4,24268,56,57,3.0,5.0,5.0,4.333333333333333,0.0,-0.4,226.0,4.257142857142872
2022-05-31,Contra Costa,CA,Passenger,0.0,4.0,4.0,251.0,255.0,1.57,2022,5,24269,56,58,3.0,3.0,5.0,3.6666666666666665,0.33333333333333326,-0.19999999999999996,230.0,3.8857142857143137
2022-06-30,Contra Costa,CA,Passenger,0.0,4.0,4.0,243.0,247.0,1.62,2022,6,24270,56,59,4.0,3.0,3.0,3.3333333333333335,0.0,0.33333333333333326,234.0,3.6571428571428686
2022-07-31,Contra Costa,CA,Passenger,0.0,4.0,4.0,233.0,237.0,1.69,2022,7,24271,56,60,4.0,4.0,3.0,3.6666666666666665,0.0,0.33333333333333326,238.0,3.62857142857143
2022-08-31,Contra Costa,CA,Passenger,0.0,4.0,4.0,230.0,234.0,1.71,2022,8,24272,56,61,4.0,4.0,4.0,4.0,0.0,0.0,242.0,3.8571428571428714
2022-09-30,Contra Costa,CA,Passenger,0.0,3.0,3.0,226.0,229.0,1.31,2022,9,24273,56,62,4.0,4.0,4.0,4.0,-0.25,-0.25,245.0,3.8571428571428634
2022-10-31,Contra Costa,CA,Passenger,0.0,3.0,3.0,217.0,220.0,1.36,2022,10,24274,56,63,3.0,4.0,4.0,3.6666666666666665,0.0,-0.25,248.0,3.628571428571453
2022-11-30,Contra Costa,CA,Passenger,0.0,3.0,3.0,210.0,213.0,1.41,2022,11,24275,56,64,3.0,3.0,4.0,3.3333333333333335,0.0,-0.25,251.0,3.3714285714285728
2022-12-31,Contra Costa,CA,Passenger,0.0,3.0,3.0,211.0,214.0,1.4,2022,12,24276,56,65,3.0,3.0,3.0,3.0,0.0,0.0,254.0,3.14285714285717
2023-01-31,Contra Costa,CA,Passenger,0.0,3.0,3.0,206.0,209.0,1.44,2023,1,24277,56,66,3.0,3.0,3.0,3.0,0.0,0.0,257.0,3.0000000000000298
2023-02-28,Contra Costa,CA,Passenger,0.0,3.0,3.0,203.0,206.0,1.46,2023,2,24278,56,67,3.0,3.0,3.0,3.0,0.0,0.0,260.0,3.000000000000014
2023-03-31,Contra Costa,CA,Passenger,0.0,3.0,3.0,201.0,204.0,1.47,2023,3,24279,56,68,3.0,3.0,3.0,3.0,0.0,0.0,263.0,3.000000000000014
2023-04-30,Contra Costa,CA,Passenger,0.0,3.0,3.0,197.0,200.0,1.5,2023,4,24280,56,69,3.0,3.0,3.0,3.0,0.0,0.0,266.0,2.999999999999999
2023-05-31,Contra Costa,CA,Passenger,1.0,3.0,4.0,189.0,193.0,2.07,2023,5,24281,56,70,3.0,3.0,3.0,3.0,0.33333333333333326,0.33333333333333326,270.0,3.1428571428571317
2023-06-30,Contra Costa,CA,Passenger,1.0,3.0,4.0,187.0,191.0,2.09,2023,6,24282,56,71,4.0,3.0,3.0,3.3333333333333335,0.0,0.33333333333333326,274.0,3.3714285714285728
2023-07-31,Contra Costa,CA,Passenger,1.0,3.0,4.0,180.0,184.0,2.17,2023,7,24283,56,72,4.0,4.0,3.0,3.6666666666666665,0.0,0.33333333333333326,278.0,3.628571428571453
2023-08-31,Contra Costa,CA,Passenger,1.0,3.0,4.0,174.0,178.0,2.25,2023,8,24284,56,73,4.0,4.0,4.0,4.0,0.0,0.0,282.0,3.8571428571428865
2023-09-30,Contra Costa,CA,Passenger,1.0,2.0,3.0,168.0,171.0,1.75,2023,9,24285,56,74,4.0,4.0,4.0,4.0,-0.25,-0.25,285.0,3.857142857142894
2023-10-31,Contra Costa,CA,Passenger,1.0,2.0,3.0,162.0,165.0,1.82,2023,10,24286,56,75,3.0,4.0,4.0,3.6666666666666665,0.0,-0.25,288.0,3.628571428571453
2023-11-30,Contra Costa,CA,Passenger,1.0,2.0,3.0,160.0,163.0,1.84,2023,11,24287,56,76,3.0,3.0,4.0,3.3333333333333335,0.0,-0.25,291.0,3.371428571428596
2023-12-31,Contra Costa,CA,Passenger,1.0,2.0,3.0,159.0,162.0,1.85,2023,12,24288,56,77,3.0,3.0,3.0,3.0,0.0,0.0,294.0,3.1428571428571774
2024-01-31,Contra Costa,CA,Passenger,2.0,2.0,4.0,155.0,159.0,2.52,2024,1,24289,56,78,3.0,3.0,3.0,3.0,0.33333333333333326,0.33333333333333326,298.0,3.142857142857155
2024-02-29,Contra Costa,CA,Passenger,2.0,2.0,4.0,146.0,150.0,2.67,2024,2,24290,56,79,4.0,3.0,3.0,3.3333333333333335,0.0,0.33333333333333326,302.0,3.3714285714286034
2018-06-30,Cook,IL,Passenger,1.0,0.0,1.0,267.0,268.0,0.37,2018,6,24222,57,5,1.0,1.0,1.0,1.0,0.0,0.0,6.0,0.9999999999999998
2018-07-31,Cook,IL,Passenger,1.0,0.0,1.0,259.0,260.0,0.38,2018,7,24223,57,6,1.0,1.0,1.0,1.0,0.0,0.0,7.0,0.9999999999999998
2018-08-31,Cook,IL,Passenger,1.0,0.0,1.0,254.0,255.0,0.39,2018,8,24224,57,7,1.0,1.0,1.0,1.0,0.0,0.0,8.0,0.9999999999999999
2018-09-30,Cook,IL,Passenger,1.0,0.0,1.0,260.0,261.0,0.38,2018,9,24225,57,8,1.0,1.0,1.0,1.0,0.0,0.0,9.0,1.0000000000000002
2018-10-31,Cook,IL,Passenger,1.0,0.0,1.0,256.0,257.0,0.39,2018,10,24226,57,9,1.0,1.0,1.0,1.0,0.0,0.0,10.0,1.0000000000000002
2018-11-30,Cook,IL,Passenger,1.0,0.0,1.0,255.0,256.0,0.39,2018,11,24227,57,10,1.0,1.0,1.0,1.0,0.0,0.0,11.0,1.0
2018-12-31,Cook,IL,Passenger,1.0,0.0,1.0,252.0,253.0,0.4,2018,12,24228,57,11,1.0,1.0,1.0,1.0,0.0,0.0,12.0,1.0000000000000002
2019-01-31,Cook,IL,Passenger,1.0,0.0,1.0,250.0,251.0,0.4,2019,1,24229,57,12,1.0,1.0,1.0,1.0,0.0,0.0,13.0,1.0000000000000002
2019-02-28,Cook,IL,Passenger,1.0,0.0,1.0,245.0,246.0,0.41,2019,2,24230,57,13,1.0,1.0,1.0,1.0,0.0,0.0,14.0,1.0000000000000009
2019-03-31,Cook,IL,Passenger,1.0,0.0,1.0,249.0,250.0,0.4,2019,3,24231,57,14,1.0,1.0,1.0,1.0,0.0,0.0,15.0,1.0000000000000007
2019-04-30,Cook,IL,Passenger,1.0,0.0,1.0,247.0,248.0,0.4,2019,4,24232,57,15,1.0,1.0,1.0,1.0,0.0,0.0,16.0,1.0000000000000009
2019-05-31,Cook,IL,Passenger,1.0,0.0,1.0,248.0,249.0,0.4,2019,5,24233,57,16,1.0,1.0,1.0,1.0,0.0,0.0,17.0,1.0
2019-06-30,Cook,IL,Passenger,1.0,0.0,1.0,247.0,248.0,0.4,2019,6,24234,57,17,1.0,1.0,1.0,1.0,0.0,0.0,18.0,1.0000000000000002
2019-07-31,Cook,IL,Passenger,1.0,0.0,1.0,247.0,248.0,0.4,2019,7,24235,57,18,1.0,1.0,1.0,1.0,0.0,0.0,19.0,1.000000000000002
2019-08-31,Cook,IL,Passenger,1.0,0.0,1.0,250.0,251.0,0.4,2019,8,24236,57,19,1.0,1.0,1.0,1.0,0.0,0.0,20.0,0.9999999999999998
2019-09-30,Cook,IL,Passenger,1.0,0.0,1.0,250.0,251.0,0.4,2019,9,24237,57,20,1.0,1.0,1.0,1.0,0.0,0.0,21.0,1.000000000000001
2019-10-31,Cook,IL,Passenger,1.0,0.0,1.0,244.0,245.0,0.41,2019,10,24238,57,21,1.0,1.0,1.0,1.0,0.0,0.0,22.0,1.0000000000000013
2019-11-30,Cook,IL,Passenger,1.0,0.0,1.0,241.0,242.0,0.41,2019,11,24239,57,22,1.0,1.0,1.0,1.0,0.0,0.0,23.0,1.0000000000000013
2021-06-30,Cook,IL,Passenger,1.0,0.0,1.0,221.0,222.0,0.45,2021,6,24258,57,23,1.0,1.0,1.0,1.0,0.0,0.0,24.0,1.0000000000000004
2021-07-31,Cook,IL,Passenger,1.0,0.0,1.0,215.0,216.0,0.46,2021,7,24259,57,24,1.0,1.0,1.0,1.0,0.0,0.0,25.0,1.0000000000000013
2021-08-31,Cook,IL,Passenger,1.0,0.0,1.0,219.0,220.0,0.45,2021,8,24260,57,25,1.0,1.0,1.0,1.0,0.0,0.0,26.0,1.0000000000000013
2021-09-30,Cook,IL,Passenger,2.0,0.0,2.0,219.0,221.0,0.9,2021,9,24261,57,26,1.0,1.0,1.0,1.0,1.0,1.0,28.0,1.1428571428571446
2021-10-31,Cook,IL,Passenger,2.0,0.0,2.0,213.0,215.0,0.93,2021,10,24262,57,27,2.0,1.0,1.0,1.3333333333333333,0.0,1.0,30.0,1.3714285714285723
2021-11-30,Cook,IL,Passenger,2.0,0.0,2.0,210.0,212.0,0.94,2021,11,24263,57,28,2.0,2.0,1.0,1.6666666666666667,0.0,1.0,32.0,1.6285714285714314
2021-12-31,Cook,IL,Passenger,2.0,0.0,2.0,209.0,211.0,0.95,2021,12,24264,57,29,2.0,2.0,2.0,2.0,0.0,0.0,34.0,1.8571428571428588
2022-01-31,Cook,IL,Passenger,2.0,0.0,2.0,210.0,212.0,0.94,2022,1,24265,57,30,2.0,2.0,2.0,2.0,0.0,0.0,36.0,2.0000000000000004
2022-02-28,Cook,IL,Passenger,2.0,0.0,2.0,213.0,215.0,0.93,2022,2,24266,57,31,2.0,2.0,2.0,2.0,0.0,0.0,38.0,2.000000000000004
2022-03-31,Cook,IL,Passenger,3.0,0.0,3.0,214.0,217.0,1.38,2022,3,24267,57,32,2.0,2.0,2.0,2.0,0.5,0.5,41.0,2.142857142857145
2022-04-30,Cook,IL,Passenger,3.0,0.0,3.0,211.0,214.0,1.4,2022,4,24268,57,33,3.0,2.0,2.0,2.3333333333333335,0.0,0.5,44.0,2.3714285714285745
2022-05-31,Cook,IL,Passenger,3.0,0.0,3.0,208.0,211.0,1.42,2022,5,24269,57,34,3.0,3.0,2.0,2.6666666666666665,0.0,0.5,47.0,2.6285714285714272
2022-06-30,Cook,IL,Passenger,2.0,0.0,2.0,206.0,208.0,0.96,2022,6,24270,57,35,3.0,3.0,3.0,3.0,-0.33333333333333337,-0.33333333333333337,49.0,2.7142857142857135
2022-07-31,Cook,IL,Passenger,2.0,0.0,2.0,200.0,202.0,0.99,2022,7,24271,57,36,2.0,3.0,3.0,2.6666666666666665,0.0,-0.33333333333333337,51.0,2.628571428571429
2022-08-31,Cook,IL,Passenger,2.0,0.0,2.0,200.0,202.0,0.99,2022,8,24272,57,37,2.0,2.0,3.0,2.3333333333333335,0.0,-0.33333333333333337,53.0,2.371428571428572
2022-09-30,Cook,IL,Passenger,3.0,0.0,3.0,189.0,192.0,1.56,2022,9,24273,57,38,2.0,2.0,2.0,2.0,0.5,0.5,56.0,2.285714285714292
2022-10-31,Cook,IL,Passenger,3.0,0.0,3.0,188.0,191.0,1.57,2022,10,24274,57,39,3.0,2.0,2.0,2.3333333333333335,0.0,0.5,59.0,2.371428571428575
2022-11-30,Cook,IL,Passenger,4.0,0.0,4.0,184.0,188.0,2.13,2022,11,24275,57,40,3.0,3.0,2.0,2.6666666666666665,0.33333333333333326,1.0,63.0,2.771428571428577
2022-12-31,Cook,IL,Passenger,4.0,0.0,4.0,184.0,188.0,2.13,2022,12,24276,57,41,4.0,3.0,3.0,3.3333333333333335,0.0,0.33333333333333326,67.0,3.2285714285714318
2023-01-31,Cook,IL,Passenger,4.0,0.0,4.0,181.0,185.0,2.16,2023,1,24277,57,42,4.0,4.0,3.0,3.6666666666666665,0.0,0.33333333333333326,71.0,3.628571428571433
2023-02-28,Cook,IL,Passenger,4.0,0.0,4.0,177.0,181.0,2.21,2023,2,24278,57,43,4.0,4.0,4.0,4.0,0.0,0.0,75.0,3.8571428571428577
2023-03-31,Cook,IL,Passenger,4.0,0.0,4.0,173.0,177.0,2.26,2023,3,24279,57,44,4.0,4.0,4.0,4.0,0.0,0.0,79.0,3.9999999999999982
2023-04-30,Cook,IL,Passenger,4.0,0.0,4.0,169.0,173.0,2.31,2023,4,24280,57,45,4.0,4.0,4.0,4.0,0.0,0.0,83.0,4.000000000000003
2023-05-31,Cook,IL,Passenger,4.0,1.0,5.0,159.0,164.0,3.05,2023,5,24281,57,46,4.0,4.0,4.0,4.0,0.25,0.25,88.0,4.142857142857146
2023-06-30,Cook,IL,Passenger,4.0,1.0,5.0,156.0,161.0,3.11,2023,6,24282,57,47,5.0,4.0,4.0,4.333333333333333,0.0,0.25,93.0,4.371428571428574
2023-07-31,Cook,IL,Passenger,4.0,1.0,5.0,155.0,160.0,3.12,2023,7,24283,57,48,5.0,5.0,4.0,4.666666666666667,0.0,0.25,98.0,4.6285714285714326
2023-08-31,Cook,IL,Passenger,4.0,1.0,5.0,149.0,154.0,3.25,2023,8,24284,57,49,5.0,5.0,5.0,5.0,0.0,0.0,103.0,4.857142857142863
2023-09-30,Cook,IL,Passenger,4.0,1.0,5.0,143.0,148.0,3.38,2023,9,24285,57,50,5.0,5.0,5.0,5.0,0.0,0.0,108.0,5.000000000000003
2023-10-31,Cook,IL,Passenger,3.0,1.0,4.0,140.0,144.0,2.78,2023,10,24286,57,51,5.0,5.0,5.0,5.0,-0.19999999999999996,-0.19999999999999996,112.0,4.857142857142863
2023-11-30,Cook,IL,Passenger,3.0,1.0,4.0,137.0,141.0,2.84,2023,11,24287,57,52,4.0,5.0,5.0,4.666666666666667,0.0,-0.19999999999999996,116.0,4.628571428571439
2023-12-31,Cook,IL,Passenger,3.0,1.0,4.0,136.0,140.0,2.86,2023,12,24288,57,53,4.0,4.0,5.0,4.333333333333333,0.0,-0.19999999999999996,120.0,4.371428571428575
2024-01-31,Cook,IL,Passenger,3.0,1.0,4.0,127.0,131.0,3.05,2024,1,24289,57,54,4.0,4.0,4.0,4.0,0.0,0.0,124.0,4.142857142857152
2024-02-29,Cook,IL,Passenger,2.0,1.0,3.0,121.0,124.0,2.42,2024,2,24290,57,55,4.0,4.0,4.0,4.0,-0.25,-0.25,127.0,3.8571428571428634
2022-03-31,Coryell,TX,Passenger,1.0,0.0,1.0,103.0,104.0,0.96,2022,3,24267,58,5,1.0,1.0,1.0,1.0,0.0,0.0,6.0,0.9999999999999998
2022-04-30,Coryell,TX,Passenger,1.0,0.0,1.0,102.0,103.0,0.97,2022,4,24268,58,6,1.0,1.0,1.0,1.0,0.0,0.0,7.0,0.9999999999999998
2022-05-31,Coryell,TX,Passenger,1.0,0.0,1.0,99.0,100.0,1.0,2022,5,24269,58,7,1.0,1.0,1.0,1.0,0.0,0.0,8.0,0.9999999999999999
2022-06-30,Coryell,TX,Passenger,1.0,0.0,1.0,98.0,99.0,1.01,2022,6,24270,58,8,1.0,1.0,1.0,1.0,0.0,0.0,9.0,1.0000000000000002
2022-07-31,Coryell,TX,Passenger,1.0,0.0,1.0,94.0,95.0,1.05,2022,7,24271,58,9,1.0,1.0,1.0,1.0,0.0,0.0,10.0,1.0000000000000002
2022-08-31,Coryell,TX,Passenger,1.0,0.0,1.0,92.0,93.0,1.08,2022,8,24272,58,10,1.0,1.0,1.0,1.0,0.0,0.0,11.0,1.0
2022-09-30,Coryell,TX,Passenger,1.0,0.0,1.0,88.0,89.0,1.12,2022,9,24273,58,11,1.0,1.0,1.0,1.0,0.0,0.0,12.0,1.0000000000000002
2023-01-31,Coryell,TX,Passenger,1.0,0.0,1.0,84.0,85.0,1.18,2023,1,24277,58,12,1.0,1.0,1.0,1.0,0.0,0.0,13.0,1.0000000000000002
2023-02-28,Coryell,TX,Passenger,1.0,0.0,1.0,84.0,85.0,1.18,2023,2,24278,58,13,1.0,1.0,1.0,1.0,0.0,0.0,14.0,1.0000000000000009
2023-03-31,Coryell,TX,Passenger,1.0,0.0,1.0,81.0,82.0,1.22,2023,3,24279,58,14,1.0,1.0,1.0,1.0,0.0,0.0,15.0,1.0000000000000007
2023-04-30,Coryell,TX,Passenger,1.0,0.0,1.0,78.0,79.0,1.27,2023,4,24280,58,15,1.0,1.0,1.0,1.0,0.0,0.0,16.0,1.0000000000000009
2023-05-31,Coryell,TX,Passenger,1.0,0.0,1.0,76.0,77.0,1.3,2023,5,24281,58,16,1.0,1.0,1.0,1.0,0.0,0.0,17.0,1.0
2023-06-30,Coryell,TX,Passenger,1.0,0.0,1.0,75.0,76.0,1.32,2023,6,24282,58,17,1.0,1.0,1.0,1.0,0.0,0.0,18.0,1.0000000000000002
2023-07-31,Coryell,TX,Passenger,1.0,0.0,1.0,74.0,75.0,1.33,2023,7,24283,58,18,1.0,1.0,1.0,1.0,0.0,0.0,19.0,1.000000000000002
2023-08-31,Coryell,TX,Passenger,1.0,0.0,1.0,68.0,69.0,1.45,2023,8,24284,58,19,1.0,1.0,1.0,1.0,0.0,0.0,20.0,0.9999999999999998
2023-09-30,Coryell,TX,Passenger,1.0,0.0,1.0,66.0,67.0,1.49,2023,9,24285,58,20,1.0,1.0,1.0,1.0,0.0,0.0,21.0,1.000000000000001
2023-10-31,Coryell,TX,Passenger,1.0,0.0,1.0,66.0,67.0,1.49,2023,10,24286,58,21,1.0,1.0,1.0,1.0,0.0,0.0,22.0,1.0000000000000013
2023-11-30,Coryell,TX,Passenger,1.0,0.0,1.0,65.0,66.0,1.52,2023,11,24287,58,22,1.0,1.0,1.0,1.0,0.0,0.0,23.0,1.0000000000000013
2023-12-31,Coryell,TX,Passenger,1.0,0.0,1.0,61.0,62.0,1.61,2023,12,24288,58,23,1.0,1.0,1.0,1.0,0.0,0.0,24.0,1.0000000000000004
2017-06-30,Cumberland,NC,Passenger,1.0,0.0,1.0,592.0,593.0,0.17,2017,6,24210,60,5,1.0,1.0,1.0,1.0,0.0,0.0,6.0,0.9999999999999998
2018-08-31,Cumberland,NC,Passenger,0.0,1.0,1.0,549.0,550.0,0.18,2018,8,24224,60,6,1.0,1.0,1.0,1.0,0.0,0.0,7.0,0.9999999999999998
2018-09-30,Cumberland,NC,Passenger,0.0,1.0,1.0,542.0,543.0,0.18,2018,9,24225,60,7,1.0,1.0,1.0,1.0,0.0,0.0,8.0,0.9999999999999999
2018-10-31,Cumberland,NC,Passenger,0.0,1.0,1.0,538.0,539.0,0.19,2018,10,24226,60,8,1.0,1.0,1.0,1.0,0.0,0.0,9.0,1.0000000000000002
2018-11-30,Cumberland,NC,Passenger,0.0,1.0,1.0,536.0,537.0,0.19,2018,11,24227,60,9,1.0,1.0,1.0,1.0,0.0,0.0,10.0,1.0000000000000002
2018-12-31,Cumberland,NC,Passenger,0.0,1.0,1.0,537.0,538.0,0.19,2018,12,24228,60,10,1.0,1.0,1.0,1.0,0.0,0.0,11.0,1.0
2019-01-31,Cumberland,NC,Passenger,0.0,2.0,2.0,536.0,538.0,0.37,2019,1,24229,60,11,1.0,1.0,1.0,1.0,1.0,1.0,13.0,1.1428571428571426
2019-02-28,Cumberland,NC,Passenger,0.0,2.0,2.0,526.0,528.0,0.38,2019,2,24230,60,12,2.0,1.0,1.0,1.3333333333333333,0.0,1.0,15.0,1.3714285714285714
2019-03-31,Cumberland,NC,Passenger,0.0,2.0,2.0,521.0,523.0,0.38,2019,3,24231,60,13,2.0,2.0,1.0,1.6666666666666667,0.0,1.0,17.0,1.6285714285714286
2019-04-30,Cumberland,NC,Passenger,0.0,2.0,2.0,522.0,524.0,0.38,2019,4,24232,60,14,2.0,2.0,2.0,2.0,0.0,0.0,19.0,1.8571428571428577
2019-05-31,Cumberland,NC,Passenger,0.0,2.0,2.0,516.0,518.0,0.39,2019,5,24233,60,15,2.0,2.0,2.0,2.0,0.0,0.0,21.0,2.0000000000000004
2019-06-30,Cumberland,NC,Passenger,0.0,2.0,2.0,518.0,520.0,0.38,2019,6,24234,60,16,2.0,2.0,2.0,2.0,0.0,0.0,23.0,1.9999999999999998
2019-07-31,Cumberland,NC,Passenger,0.0,2.0,2.0,514.0,516.0,0.39,2019,7,24235,60,17,2.0,2.0,2.0,2.0,0.0,0.0,25.0,1.9999999999999996
2019-08-31,Cumberland,NC,Passenger,0.0,2.0,2.0,507.0,509.0,0.39,2019,8,24236,60,18,2.0,2.0,2.0,2.0,0.0,0.0,27.0,2.000000000000001
2019-09-30,Cumberland,NC,Passenger,0.0,2.0,2.0,503.0,505.0,0.4,2019,9,24237,60,19,2.0,2.0,2.0,2.0,0.0,0.0,29.0,2.000000000000001
2019-10-31,Cumberland,NC,Passenger,0.0,2.0,2.0,502.0,504.0,0.4,2019,10,24238,60,20,2.0,2.0,2.0,2.0,0.0,0.0,31.0,2.0000000000000004
2019-11-30,Cumberland,NC,Passenger,0.0,2.0,2.0,498.0,500.0,0.4,2019,11,24239,60,21,2.0,2.0,2.0,2.0,0.0,0.0,33.0,2.0000000000000013
2019-12-31,Cumberland,NC,Passenger,0.0,2.0,2.0,501.0,503.0,0.4,2019,12,24240,60,22,2.0,2.0,2.0,2.0,0.0,0.0,35.0,2.000000000000001
2020-01-31,Cumberland,NC,Passenger,0.0,2.0,2.0,503.0,505.0,0.4,2020,1,24241,60,23,2.0,2.0,2.0,2.0,0.0,0.0,37.0,2.0000000000000004
2020-02-29,Cumberland,NC,Passenger,0.0,2.0,2.0,494.0,496.0,0.4,2020,2,24242,60,24,2.0,2.0,2.0,2.0,0.0,0.0,39.0,1.9999999999999991
2020-03-31,Cumberland,NC,Passenger,0.0,2.0,2.0,495.0,497.0,0.4,2020,3,24243,60,25,2.0,2.0,2.0,2.0,0.0,0.0,41.0,2.0000000000000027
2020-04-30,Cumberland,NC,Passenger,0.0,2.0,2.0,486.0,488.0,0.41,2020,4,24244,60,26,2.0,2.0,2.0,2.0,0.0,0.0,43.0,2.0000000000000027
2020-05-31,Cumberland,NC,Passenger,0.0,3.0,3.0,482.0,485.0,0.62,2020,5,24245,60,27,2.0,2.0,2.0,2.0,0.5,0.5,46.0,2.142857142857144
2020-06-30,Cumberland,NC,Passenger,0.0,3.0,3.0,475.0,478.0,0.63,2020,6,24246,60,28,3.0,2.0,2.0,2.3333333333333335,0.0,0.5,49.0,2.3714285714285728
2020-07-31,Cumberland,NC,Passenger,0.0,3.0,3.0,477.0,480.0,0.62,2020,7,24247,60,29,3.0,3.0,2.0,2.6666666666666665,0.0,0.5,52.0,2.628571428571431
2020-08-31,Cumberland,NC,Passenger,0.0,3.0,3.0,471.0,474.0,0.63,2020,8,24248,60,30,3.0,3.0,3.0,3.0,0.0,0.0,55.0,2.8571428571428577
2020-09-30,Cumberland,NC,Passenger,0.0,3.0,3.0,468.0,471.0,0.64,2020,9,24249,60,31,3.0,3.0,3.0,3.0,0.0,0.0,58.0,3.000000000000004
2020-10-31,Cumberland,NC,Passenger,0.0,3.0,3.0,465.0,468.0,0.64,2020,10,24250,60,32,3.0,3.0,3.0,3.0,0.0,0.0,61.0,3.000000000000001
2020-11-30,Cumberland,NC,Passenger,0.0,3.0,3.0,462.0,465.0,0.65,2020,11,24251,60,33,3.0,3.0,3.0,3.0,0.0,0.0,64.0,3.0000000000000058
2020-12-31,Cumberland,NC,Passenger,0.0,3.0,3.0,457.0,460.0,0.65,2020,12,24252,60,34,3.0,3.0,3.0,3.0,0.0,0.0,67.0,2.999999999999999
2021-01-31,Cumberland,NC,Passenger,0.0,2.0,2.0,457.0,459.0,0.44,2021,1,24253,60,35,3.0,3.0,3.0,3.0,-0.33333333333333337,-0.33333333333333337,69.0,2.8571428571428665
2021-02-28,Cumberland,NC,Passenger,0.0,2.0,2.0,458.0,460.0,0.43,2021,2,24254,60,36,2.0,3.0,3.0,2.6666666666666665,0.0,-0.33333333333333337,71.0,2.6285714285714317
2021-03-31,Cumberland,NC,Passenger,0.0,2.0,2.0,455.0,457.0,0.44,2021,3,24255,60,37,2.0,2.0,3.0,2.3333333333333335,0.0,-0.33333333333333337,73.0,2.3714285714285737
2021-04-30,Cumberland,NC,Passenger,0.0,2.0,2.0,453.0,455.0,0.44,2021,4,24256,60,38,2.0,2.0,2.0,2.0,0.0,0.0,75.0,2.142857142857144
2021-05-31,Cumberland,NC,Passenger,0.0,2.0,2.0,447.0,449.0,0.45,2021,5,24257,60,39,2.0,2.0,2.0,2.0,0.0,0.0,77.0,2.0000000000000058
2021-06-30,Cumberland,NC,Passenger,0.0,2.0,2.0,440.0,442.0,0.45,2021,6,24258,60,40,2.0,2.0,2.0,2.0,0.0,0.0,79.0,2.0
2021-07-31,Cumberland,NC,Passenger,0.0,4.0,4.0,438.0,442.0,0.9,2021,7,24259,60,41,2.0,2.0,2.0,2.0,1.0,1.0,83.0,2.285714285714294
2021-08-31,Cumberland,NC,Passenger,0.0,4.0,4.0,437.0,441.0,0.91,2021,8,24260,60,42,4.0,2.0,2.0,2.6666666666666665,0.0,1.0,87.0,2.7428571428571478
2021-09-30,Cumberland,NC,Passenger,0.0,4.0,4.0,428.0,432.0,0.93,2021,9,24261,60,43,4.0,4.0,2.0,3.3333333333333335,0.0,1.0,91.0,3.2571428571428656
2021-10-31,Cumberland,NC,Passenger,0.0,4.0,4.0,423.0,427.0,0.94,2021,10,24262,60,44,4.0,4.0,4.0,4.0,0.0,0.0,95.0,3.7142857142857175
2021-11-30,Cumberland,NC,Passenger,1.0,4.0,5.0,419.0,424.0,1.18,2021,11,24263,60,45,4.0,4.0,4.0,4.0,0.25,0.25,100.0,4.142857142857146
2021-12-31,Cumberland,NC,Passenger,1.0,4.0,5.0,418.0,423.0,1.18,2021,12,24264,60,46,5.0,4.0,4.0,4.333333333333333,0.0,0.25,105.0,4.371428571428574
2022-01-31,Cumberland,NC,Passenger,1.0,4.0,5.0,411.0,416.0,1.2,2022,1,24265,60,47,5.0,5.0,4.0,4.666666666666667,0.0,0.25,110.0,4.628571428571439
2022-02-28,Cumberland,NC,Passenger,1.0,4.0,5.0,404.0,409.0,1.22,2022,2,24266,60,48,5.0,5.0,5.0,5.0,0.0,0.0,115.0,4.857142857142868
2022-03-31,Cumberland,NC,Passenger,1.0,4.0,5.0,400.0,405.0,1.23,2022,3,24267,60,49,5.0,5.0,5.0,5.0,0.0,0.0,120.0,5.000000000000004
2022-04-30,Cumberland,NC,Passenger,1.0,4.0,5.0,398.0,403.0,1.24,2022,4,24268,60,50,5.0,5.0,5.0,5.0,0.0,0.0,125.0,5.000000000000004
2022-05-31,Cumberland,NC,Passenger,1.0,4.0,5.0,388.0,393.0,1.27,2022,5,24269,60,51,5.0,5.0,5.0,5.0,0.0,0.0,130.0,5.000000000000011
2022-06-30,Cumberland,NC,Passenger,1.0,4.0,5.0,381.0,386.0,1.3,2022,6,24270,60,52,5.0,5.0,5.0,5.0,0.0,0.0,135.0,5.000000000000009
2022-07-31,Cumberland,NC,Passenger,1.0,4.0,5.0,370.0,375.0,1.33,2022,7,24271,60,53,5.0,5.0,5.0,5.0,0.0,0.0,140.0,5.000000000000012
2022-07-31,Cumberland,PA,Passenger,1.0,0.0,1.0,45.0,46.0,2.17,2022,7,24271,60,54,5.0,5.0,5.0,5.0,-0.8,-0.8,141.0,4.42857142857144
2022-08-31,Cumberland,NC,Passenger,1.0,4.0,5.0,366.0,371.0,1.35,2022,8,24272,60,55,1.0,5.0,5.0,3.6666666666666665,4.0,0.0,146.0,4.085714285714293
2022-08-31,Cumberland,PA,Passenger,1.0,0.0,1.0,44.0,45.0,2.22,2022,8,24272,60,56,5.0,1.0,5.0,3.6666666666666665,-0.8,-0.8,147.0,3.4000000000000195
2022-09-30,Cumberland,PA,Passenger,1.0,0.0,1.0,45.0,46.0,2.17,2022,9,24273,60,57,1.0,5.0,1.0,2.3333333333333335,0.0,0.0,148.0,2.6000000000000134
2022-09-30,Cumberland,NC,Passenger,1.0,4.0,5.0,367.0,372.0,1.34,2022,9,24273,60,58,1.0,1.0,5.0,2.3333333333333335,4.0,0.0,153.0,2.4857142857143004
2022-10-31,Cumberland,PA,Passenger,1.0,0.0,1.0,45.0,46.0,2.17,2022,10,24274,60,59,5.0,1.0,1.0,2.3333333333333335,-0.8,0.0,154.0,2.4857142857142964
2022-10-31,Cumberland,NC,Passenger,1.0,4.0,5.0,362.0,367.0,1.36,2022,10,24274,60,60,1.0,5.0,1.0,2.3333333333333335,4.0,4.0,159.0,2.600000000000002
2022-11-30,Cumberland,PA,Passenger,1.0,0.0,1.0,45.0,46.0,2.17,2022,11,24275,60,61,5.0,1.0,5.0,3.6666666666666665,-0.8,-0.8,160.0,2.828571428571439
2022-11-30,Cumberland,NC,Passenger,1.0,4.0,5.0,357.0,362.0,1.38,2022,11,24275,60,62,1.0,5.0,1.0,2.3333333333333335,4.0,4.0,165.0,3.171428571428586
2022-12-31,Cumberland,PA,Passenger,1.0,0.0,1.0,42.0,43.0,2.33,2022,12,24276,60,63,5.0,1.0,5.0,3.6666666666666665,-0.8,-0.8,166.0,2.828571428571428
2022-12-31,Cumberland,NC,Passenger,1.0,4.0,5.0,352.0,357.0,1.4,2022,12,24276,60,64,1.0,5.0,1.0,2.3333333333333335,4.0,4.0,171.0,3.171428571428578
2023-01-31,Cumberland,PA,Passenger,1.0,0.0,1.0,43.0,44.0,2.27,2023,1,24277,60,65,5.0,1.0,5.0,3.6666666666666665,-0.8,-0.8,172.0,2.8285714285714354
2023-01-31,Cumberland,NC,Passenger,1.0,4.0,5.0,346.0,351.0,1.42,2023,1,24277,60,66,1.0,5.0,1.0,2.3333333333333335,4.0,4.0,177.0,3.171428571428582
2023-02-28,Cumberland,NC,Passenger,1.0,4.0,5.0,343.0,348.0,1.44,2023,2,24278,60,67,5.0,1.0,5.0,3.6666666666666665,0.0,0.0,182.0,3.4000000000000195
2023-02-28,Cumberland,PA,Passenger,1.0,0.0,1.0,43.0,44.0,2.27,2023,2,24278,60,68,5.0,5.0,1.0,3.6666666666666665,-0.8,0.0,183.0,3.514285714285721
2023-03-31,Cumberland,PA,Passenger,1.0,0.0,1.0,43.0,44.0,2.27,2023,3,24279,60,69,1.0,5.0,5.0,3.6666666666666665,0.0,-0.8,184.0,2.942857142857152
2023-03-31,Cumberland,NC,Passenger,1.0,4.0,5.0,335.0,340.0,1.47,2023,3,24279,60,70,1.0,1.0,5.0,2.3333333333333335,4.0,0.0,189.0,3.057142857142869
2023-04-30,Cumberland,NC,Passenger,1.0,4.0,5.0,328.0,333.0,1.5,2023,4,24280,60,71,5.0,1.0,1.0,2.3333333333333335,0.0,4.0,194.0,3.057142857142865
2023-04-30,Cumberland,PA,Passenger,1.0,0.0,1.0,42.0,43.0,2.33,2023,4,24280,60,72,5.0,5.0,1.0,3.6666666666666665,-0.8,0.0,195.0,2.942857142857152
2023-05-31,Cumberland,PA,Passenger,1.0,0.0,1.0,41.0,42.0,2.38,2023,5,24281,60,73,1.0,5.0,5.0,3.6666666666666665,0.0,-0.8,196.0,2.94285714285716
2023-05-31,Cumberland,NC,Passenger,1.0,4.0,5.0,323.0,328.0,1.52,2023,5,24281,60,74,1.0,1.0,5.0,2.3333333333333335,4.0,0.0,201.0,3.057142857142865
2023-06-30,Cumberland,PA,Passenger,1.0,0.0,1.0,39.0,40.0,2.5,2023,6,24282,60,75,5.0,1.0,1.0,2.3333333333333335,-0.8,0.0,202.0,2.485714285714285
2023-06-30,Cumberland,NC,Passenger,1.0,4.0,5.0,319.0,324.0,1.54,2023,6,24282,60,76,1.0,5.0,1.0,2.3333333333333335,4.0,4.0,207.0,2.599999999999998
2023-07-31,Cumberland,PA,Passenger,1.0,0.0,1.0,38.0,39.0,2.56,2023,7,24283,60,77,5.0,1.0,5.0,3.6666666666666665,-0.8,-0.8,208.0,2.828571428571443
2023-07-31,Cumberland,NC,Passenger,1.0,4.0,5.0,314.0,319.0,1.57,2023,7,24283,60,78,1.0,5.0,1.0,2.3333333333333335,4.0,4.0,213.0,3.1714285714285704
2023-08-31,Cumberland,NC,Passenger,1.0,3.0,4.0,311.0,315.0,1.27,2023,8,24284,60,79,5.0,1.0,5.0,3.6666666666666665,-0.19999999999999996,-0.19999999999999996,217.0,3.2571428571428753
2023-08-31,Cumberland,PA,Passenger,1.0,0.0,1.0,36.0,37.0,2.7,2023,8,24284,60,80,4.0,5.0,1.0,3.3333333333333335,-0.75,0.0,218.0,3.2857142857143025
2023-09-30,Cumberland,NC,Passenger,1.0,3.0,4.0,307.0,311.0,1.29,2023,9,24285,60,81,1.0,4.0,5.0,3.3333333333333335,3.0,-0.19999999999999996,222.0,3.114285714285731
2023-09-30,Cumberland,PA,Passenger,1.0,0.0,1.0,35.0,36.0,2.78,2023,9,24285,60,82,4.0,1.0,4.0,3.0,-0.75,-0.75,223.0,2.942857142857156
2023-10-31,Cumberland,PA,Passenger,1.0,1.0,2.0,35.0,37.0,5.41,2023,10,24286,60,83,1.0,4.0,1.0,2.0,1.0,1.0,225.0,2.342857142857164
2023-10-31,Cumberland,NC,Passenger,1.0,3.0,4.0,300.0,304.0,1.32,2023,10,24286,60,84,2.0,1.0,4.0,2.3333333333333335,1.0,0.0,229.0,2.342857142857168
2023-11-30,Cumberland,PA,Passenger,1.0,1.0,2.0,35.0,37.0,5.41,2023,11,24287,60,85,4.0,2.0,1.0,2.3333333333333335,-0.5,1.0,231.0,2.5142857142857316
2023-11-30,Cumberland,NC,Passenger,1.0,3.0,4.0,296.0,300.0,1.33,2023,11,24287,60,86,2.0,4.0,2.0,2.6666666666666665,1.0,1.0,235.0,2.657142857142887
2023-12-31,Cumberland,PA,Passenger,1.0,1.0,2.0,34.0,36.0,5.56,2023,12,24288,60,87,4.0,2.0,4.0,3.3333333333333335,-0.5,-0.5,237.0,2.914285714285729
2023-12-31,Cumberland,NC,Passenger,1.0,3.0,4.0,287.0,291.0,1.37,2023,12,24288,60,88,2.0,4.0,2.0,2.6666666666666665,1.0,1.0,241.0,3.0857142857143076
2024-01-31,Cumberland,NC,Passenger,1.0,3.0,4.0,278.0,282.0,1.42,2024,1,24289,60,89,4.0,2.0,4.0,3.3333333333333335,0.0,0.0,245.0,3.200000000000009
2024-01-31,Cumberland,PA,Passenger,1.0,1.0,2.0,34.0,36.0,5.56,2024,1,24289,60,90,4.0,4.0,2.0,3.3333333333333335,-0.5,0.0,247.0,3.257142857142879
2024-02-29,Cumberland,PA,Passenger,1.0,1.0,2.0,33.0,35.0,5.71,2024,2,24290,60,91,2.0,4.0,4.0,3.3333333333333335,0.0,-0.5,249.0,2.971428571428583
2024-02-29,Cumberland,NC,Passenger,2.0,3.0,5.0,272.0,277.0,1.81,2024,2,24290,60,92,2.0,2.0,4.0,2.6666666666666665,1.5,0.25,254.0,3.171428571428586
2022-01-31,Currituck,NC,Passenger,1.0,0.0,1.0,23.0,24.0,4.17,2022,1,24265,61,5,1.0,1.0,1.0,1.0,0.0,0.0,6.0,0.9999999999999998
2022-02-28,Currituck,NC,Passenger,1.0,0.0,1.0,23.0,24.0,4.17,2022,2,24266,61,6,1.0,1.0,1.0,1.0,0.0,0.0,7.0,0.9999999999999998
2022-03-31,Currituck,NC,Passenger,1.0,0.0,1.0,23.0,24.0,4.17,2022,3,24267,61,7,1.0,1.0,1.0,1.0,0.0,0.0,8.0,0.9999999999999999
2022-04-30,Currituck,NC,Passenger,1.0,0.0,1.0,23.0,24.0,4.17,2022,4,24268,61,8,1.0,1.0,1.0,1.0,0.0,0.0,9.0,1.0000000000000002
2022-05-31,Currituck,NC,Passenger,1.0,0.0,1.0,23.0,24.0,4.17,2022,5,24269,61,9,1.0,1.0,1.0,1.0,0.0,0.0,10.0,1.0000000000000002
2022-06-30,Currituck,NC,Passenger,1.0,0.0,1.0,23.0,24.0,4.17,2022,6,24270,61,10,1.0,1.0,1.0,1.0,0.0,0.0,11.0,1.0
2022-07-31,Currituck,NC,Passenger,1.0,0.0,1.0,23.0,24.0,4.17,2022,7,24271,61,11,1.0,1.0,1.0,1.0,0.0,0.0,12.0,1.0000000000000002
2022-08-31,Currituck,NC,Passenger,1.0,0.0,1.0,19.0,20.0,5.0,2022,8,24272,61,12,1.0,1.0,1.0,1.0,0.0,0.0,13.0,1.0000000000000002
2022-09-30,Currituck,NC,Passenger,1.0,0.0,1.0,19.0,20.0,5.0,2022,9,24273,61,13,1.0,1.0,1.0,1.0,0.0,0.0,14.0,1.0000000000000009
2022-10-31,Currituck,NC,Passenger,1.0,0.0,1.0,19.0,20.0,5.0,2022,10,24274,61,14,1.0,1.0,1.0,1.0,0.0,0.0,15.0,1.0000000000000007
2022-11-30,Currituck,NC,Passenger,1.0,0.0,1.0,19.0,20.0,5.0,2022,11,24275,61,15,1.0,1.0,1.0,1.0,0.0,0.0,16.0,1.0000000000000009
2022-12-31,Currituck,NC,Passenger,1.0,0.0,1.0,19.0,20.0,5.0,2022,12,24276,61,16,1.0,1.0,1.0,1.0,0.0,0.0,17.0,1.0
2023-01-31,Currituck,NC,Passenger,1.0,0.0,1.0,19.0,20.0,5.0,2023,1,24277,61,17,1.0,1.0,1.0,1.0,0.0,0.0,18.0,1.0000000000000002
2023-02-28,Currituck,NC,Passenger,1.0,0.0,1.0,19.0,20.0,5.0,2023,2,24278,61,18,1.0,1.0,1.0,1.0,0.0,0.0,19.0,1.000000000000002
2023-03-31,Currituck,NC,Passenger,1.0,0.0,1.0,19.0,20.0,5.0,2023,3,24279,61,19,1.0,1.0,1.0,1.0,0.0,0.0,20.0,0.9999999999999998
2023-04-30,Currituck,NC,Passenger,1.0,0.0,1.0,19.0,20.0,5.0,2023,4,24280,61,20,1.0,1.0,1.0,1.0,0.0,0.0,21.0,1.000000000000001
2023-05-31,Currituck,NC,Passenger,1.0,0.0,1.0,19.0,20.0,5.0,2023,5,24281,61,21,1.0,1.0,1.0,1.0,0.0,0.0,22.0,1.0000000000000013
2023-06-30,Currituck,NC,Passenger,1.0,0.0,1.0,19.0,20.0,5.0,2023,6,24282,61,22,1.0,1.0,1.0,1.0,0.0,0.0,23.0,1.0000000000000013
2023-07-31,Currituck,NC,Passenger,1.0,0.0,1.0,19.0,20.0,5.0,2023,7,24283,61,23,1.0,1.0,1.0,1.0,0.0,0.0,24.0,1.0000000000000004
2023-08-31,Currituck,NC,Passenger,1.0,0.0,1.0,19.0,20.0,5.0,2023,8,24284,61,24,1.0,1.0,1.0,1.0,0.0,0.0,25.0,1.0000000000000013
2023-09-30,Currituck,NC,Passenger,1.0,0.0,1.0,19.0,20.0,5.0,2023,9,24285,61,25,1.0,1.0,1.0,1.0,0.0,0.0,26.0,1.0000000000000013
2023-10-31,Currituck,NC,Passenger,1.0,0.0,1.0,18.0,19.0,5.26,2023,10,24286,61,26,1.0,1.0,1.0,1.0,0.0,0.0,27.0,1.0000000000000013
2023-11-30,Currituck,NC,Passenger,1.0,0.0,1.0,17.0,18.0,5.56,2023,11,24287,61,27,1.0,1.0,1.0,1.0,0.0,0.0,28.0,1.0000000000000013
2023-12-31,Currituck,NC,Passenger,1.0,0.0,1.0,17.0,18.0,5.56,2023,12,24288,61,28,1.0,1.0,1.0,1.0,0.0,0.0,29.0,1.0000000000000024
2024-01-31,Currituck,NC,Passenger,1.0,0.0,1.0,16.0,17.0,5.88,2024,1,24289,61,29,1.0,1.0,1.0,1.0,0.0,0.0,30.0,1.000000000000002
2024-02-29,Currituck,NC,Passenger,1.0,0.0,1.0,15.0,16.0,6.25,2024,2,24290,61,30,1.0,1.0,1.0,1.0,0.0,0.0,31.0,1.0000000000000009
2017-06-30,Dakota,MN,Passenger,0.0,1.0,1.0,38.0,39.0,2.56,2017,6,24210,62,5,1.0,1.0,1.0,1.0,0.0,0.0,6.0,0.9999999999999998
2017-07-31,Dakota,MN,Passenger,0.0,1.0,1.0,37.0,38.0,2.63,2017,7,24211,62,6,1.0,1.0,1.0,1.0,0.0,0.0,7.0,0.9999999999999998
2017-08-31,Dakota,MN,Passenger,0.0,2.0,2.0,37.0,39.0,5.13,2017,8,24212,62,7,1.0,1.0,1.0,1.0,1.0,1.0,9.0,1.1428571428571426
2017-09-30,Dakota,MN,Passenger,0.0,2.0,2.0,37.0,39.0,5.13,2017,9,24213,62,8,2.0,1.0,1.0,1.3333333333333333,0.0,1.0,11.0,1.3714285714285712
2017-10-31,Dakota,MN,Passenger,0.0,2.0,2.0,39.0,41.0,4.88,2017,10,24214,62,9,2.0,2.0,1.0,1.6666666666666667,0.0,1.0,13.0,1.6285714285714286
2017-11-30,Dakota,MN,Passenger,0.0,2.0,2.0,38.0,40.0,5.0,2017,11,24215,62,10,2.0,2.0,2.0,2.0,0.0,0.0,15.0,1.8571428571428572
2017-12-31,Dakota,MN,Passenger,0.0,2.0,2.0,39.0,41.0,4.88,2017,12,24216,62,11,2.0,2.0,2.0,2.0,0.0,0.0,17.0,2.0
2018-01-31,Dakota,MN,Passenger,0.0,2.0,2.0,39.0,41.0,4.88,2018,1,24217,62,12,2.0,2.0,2.0,2.0,0.0,0.0,19.0,2.0000000000000004
2018-02-28,Dakota,MN,Passenger,0.0,2.0,2.0,37.0,39.0,5.13,2018,2,24218,62,13,2.0,2.0,2.0,2.0,0.0,0.0,21.0,2.0000000000000004
2018-03-31,Dakota,MN,Passenger,0.0,2.0,2.0,38.0,40.0,5.0,2018,3,24219,62,14,2.0,2.0,2.0,2.0,0.0,0.0,23.0,1.9999999999999998
2018-04-30,Dakota,MN,Passenger,0.0,2.0,2.0,38.0,40.0,5.0,2018,4,24220,62,15,2.0,2.0,2.0,2.0,0.0,0.0,25.0,1.9999999999999996
2018-05-31,Dakota,MN,Passenger,0.0,2.0,2.0,38.0,40.0,5.0,2018,5,24221,62,16,2.0,2.0,2.0,2.0,0.0,0.0,27.0,2.000000000000001
2018-06-30,Dakota,MN,Passenger,0.0,2.0,2.0,39.0,41.0,4.88,2018,6,24222,62,17,2.0,2.0,2.0,2.0,0.0,0.0,29.0,2.000000000000001
2018-07-31,Dakota,MN,Passenger,0.0,2.0,2.0,36.0,38.0,5.26,2018,7,24223,62,18,2.0,2.0,2.0,2.0,0.0,0.0,31.0,2.0000000000000004
2018-08-31,Dakota,MN,Passenger,0.0,2.0,2.0,35.0,37.0,5.41,2018,8,24224,62,19,2.0,2.0,2.0,2.0,0.0,0.0,33.0,2.0000000000000013
2018-09-30,Dakota,MN,Passenger,0.0,2.0,2.0,33.0,35.0,5.71,2018,9,24225,62,20,2.0,2.0,2.0,2.0,0.0,0.0,35.0,2.000000000000001
2018-10-31,Dakota,MN,Passenger,0.0,2.0,2.0,33.0,35.0,5.71,2018,10,24226,62,21,2.0,2.0,2.0,2.0,0.0,0.0,37.0,2.0000000000000004
2018-11-30,Dakota,MN,Passenger,0.0,2.0,2.0,34.0,36.0,5.56,2018,11,24227,62,22,2.0,2.0,2.0,2.0,0.0,0.0,39.0,1.9999999999999991
2018-12-31,Dakota,MN,Passenger,0.0,2.0,2.0,34.0,36.0,5.56,2018,12,24228,62,23,2.0,2.0,2.0,2.0,0.0,0.0,41.0,2.0000000000000027
2019-01-31,Dakota,MN,Passenger,0.0,2.0,2.0,33.0,35.0,5.71,2019,1,24229,62,24,2.0,2.0,2.0,2.0,0.0,0.0,43.0,2.0000000000000027
2019-02-28,Dakota,MN,Passenger,0.0,2.0,2.0,34.0,36.0,5.56,2019,2,24230,62,25,2.0,2.0,2.0,2.0,0.0,0.0,45.0,2.000000000000001
2019-03-31,Dakota,MN,Passenger,0.0,2.0,2.0,34.0,36.0,5.56,2019,3,24231,62,26,2.0,2.0,2.0,2.0,0.0,0.0,47.0,2.0000000000000027
2019-04-30,Dakota,MN,Passenger,0.0,2.0,2.0,35.0,37.0,5.41,2019,4,24232,62,27,2.0,2.0,2.0,2.0,0.0,0.0,49.0,2.000000000000001
2019-05-31,Dakota,MN,Passenger,0.0,2.0,2.0,36.0,38.0,5.26,2019,5,24233,62,28,2.0,2.0,2.0,2.0,0.0,0.0,51.0,2.0000000000000018
2019-06-30,Dakota,MN,Passenger,0.0,1.0,1.0,36.0,37.0,2.7,2019,6,24234,62,29,2.0,2.0,2.0,2.0,-0.5,-0.5,52.0,1.8571428571428588
2019-07-31,Dakota,MN,Passenger,0.0,1.0,1.0,36.0,37.0,2.7,2019,7,24235,62,30,1.0,2.0,2.0,1.6666666666666667,0.0,-0.5,53.0,1.62857142857143
2019-08-31,Dakota,MN,Passenger,0.0,1.0,1.0,37.0,38.0,2.63,2019,8,24236,62,31,1.0,1.0,2.0,1.3333333333333333,0.0,-0.5,54.0,1.3714285714285748
2019-09-30,Dakota,MN,Passenger,0.0,1.0,1.0,36.0,37.0,2.7,2019,9,24237,62,32,1.0,1.0,1.0,1.0,0.0,0.0,55.0,1.142857142857145
2019-10-31,Dakota,MN,Passenger,0.0,1.0,1.0,35.0,36.0,2.78,2019,10,24238,62,33,1.0,1.0,1.0,1.0,0.0,0.0,56.0,1.0
2019-11-30,Dakota,MN,Passenger,0.0,1.0,1.0,33.0,34.0,2.94,2019,11,24239,62,34,1.0,1.0,1.0,1.0,0.0,0.0,57.0,1.000000000000002
2019-12-31,Dakota,MN,Passenger,0.0,1.0,1.0,32.0,33.0,3.03,2019,12,24240,62,35,1.0,1.0,1.0,1.0,0.0,0.0,58.0,1.0000000000000038
2020-01-31,Dakota,MN,Passenger,0.0,1.0,1.0,32.0,33.0,3.03,2020,1,24241,62,36,1.0,1.0,1.0,1.0,0.0,0.0,59.0,1.0000000000000038
2020-02-29,Dakota,MN,Passenger,0.0,1.0,1.0,31.0,32.0,3.12,2020,2,24242,62,37,1.0,1.0,1.0,1.0,0.0,0.0,60.0,1.0000000000000038
2020-03-31,Dakota,MN,Passenger,0.0,1.0,1.0,31.0,32.0,3.12,2020,3,24243,62,38,1.0,1.0,1.0,1.0,0.0,0.0,61.0,1.0000000000000049
2020-04-30,Dakota,MN,Passenger,0.0,1.0,1.0,31.0,32.0,3.12,2020,4,24244,62,39,1.0,1.0,1.0,1.0,0.0,0.0,62.0,1.0000000000000067
2020-05-31,Dakota,MN,Passenger,0.0,1.0,1.0,31.0,32.0,3.12,2020,5,24245,62,40,1.0,1.0,1.0,1.0,0.0,0.0,63.0,1.0000000000000009
2020-06-30,Dakota,MN,Passenger,0.0,1.0,1.0,33.0,34.0,2.94,2020,6,24246,62,41,1.0,1.0,1.0,1.0,0.0,0.0,64.0,0.999999999999999
2020-07-31,Dakota,MN,Passenger,0.0,1.0,1.0,33.0,34.0,2.94,2020,7,24247,62,42,1.0,1.0,1.0,1.0,0.0,0.0,65.0,1.0000000000000049
2020-08-31,Dakota,MN,Passenger,0.0,1.0,1.0,34.0,35.0,2.86,2020,8,24248,62,43,1.0,1.0,1.0,1.0,0.0,0.0,66.0,1.0000000000000029
2020-09-30,Dakota,MN,Passenger,0.0,1.0,1.0,32.0,33.0,3.03,2020,9,24249,62,44,1.0,1.0,1.0,1.0,0.0,0.0,67.0,1.0000000000000049
2020-10-31,Dakota,MN,Passenger,0.0,1.0,1.0,30.0,31.0,3.23,2020,10,24250,62,45,1.0,1.0,1.0,1.0,0.0,0.0,68.0,1.0000000000000087
2020-11-30,Dakota,MN,Passenger,0.0,1.0,1.0,30.0,31.0,3.23,2020,11,24251,62,46,1.0,1.0,1.0,1.0,0.0,0.0,69.0,1.0000000000000067
2020-12-31,Dakota,MN,Passenger,0.0,1.0,1.0,28.0,29.0,3.45,2020,12,24252,62,47,1.0,1.0,1.0,1.0,0.0,0.0,70.0,1.0000000000000049
2021-01-31,Dakota,MN,Passenger,0.0,1.0,1.0,29.0,30.0,3.33,2021,1,24253,62,48,1.0,1.0,1.0,1.0,0.0,0.0,71.0,1.0000000000000049
2021-02-28,Dakota,MN,Passenger,0.0,1.0,1.0,28.0,29.0,3.45,2021,2,24254,62,49,1.0,1.0,1.0,1.0,0.0,0.0,72.0,1.0000000000000067
2021-03-31,Dakota,MN,Passenger,0.0,1.0,1.0,28.0,29.0,3.45,2021,3,24255,62,50,1.0,1.0,1.0,1.0,0.0,0.0,73.0,1.0000000000000049
2021-04-30,Dakota,MN,Passenger,0.0,1.0,1.0,29.0,30.0,3.33,2021,4,24256,62,51,1.0,1.0,1.0,1.0,0.0,0.0,74.0,1.0000000000000009
2021-05-31,Dakota,MN,Passenger,0.0,1.0,1.0,29.0,30.0,3.33,2021,5,24257,62,52,1.0,1.0,1.0,1.0,0.0,0.0,75.0,1.0000000000000029
2021-06-30,Dakota,MN,Passenger,0.0,1.0,1.0,29.0,30.0,3.33,2021,6,24258,62,53,1.0,1.0,1.0,1.0,0.0,0.0,76.0,1.0000000000000049
2017-06-30,Dale,AL,Passenger,0.0,1.0,1.0,62.0,63.0,1.59,2017,6,24210,63,5,1.0,1.0,1.0,1.0,0.0,0.0,6.0,0.9999999999999998
2017-07-31,Dale,AL,Passenger,0.0,1.0,1.0,62.0,63.0,1.59,2017,7,24211,63,6,1.0,1.0,1.0,1.0,0.0,0.0,7.0,0.9999999999999998
2017-08-31,Dale,AL,Passenger,0.0,1.0,1.0,61.0,62.0,1.61,2017,8,24212,63,7,1.0,1.0,1.0,1.0,0.0,0.0,8.0,0.9999999999999999
2017-09-30,Dale,AL,Passenger,0.0,1.0,1.0,61.0,62.0,1.61,2017,9,24213,63,8,1.0,1.0,1.0,1.0,0.0,0.0,9.0,1.0000000000000002
2017-10-31,Dale,AL,Passenger,0.0,1.0,1.0,59.0,60.0,1.67,2017,10,24214,63,9,1.0,1.0,1.0,1.0,0.0,0.0,10.0,1.0000000000000002
2017-11-30,Dale,AL,Passenger,0.0,1.0,1.0,61.0,62.0,1.61,2017,11,24215,63,10,1.0,1.0,1.0,1.0,0.0,0.0,11.0,1.0
2017-12-31,Dale,AL,Passenger,0.0,1.0,1.0,62.0,63.0,1.59,2017,12,24216,63,11,1.0,1.0,1.0,1.0,0.0,0.0,12.0,1.0000000000000002
2018-01-31,Dale,AL,Passenger,0.0,1.0,1.0,63.0,64.0,1.56,2018,1,24217,63,12,1.0,1.0,1.0,1.0,0.0,0.0,13.0,1.0000000000000002
2018-02-28,Dale,AL,Passenger,0.0,1.0,1.0,61.0,62.0,1.61,2018,2,24218,63,13,1.0,1.0,1.0,1.0,0.0,0.0,14.0,1.0000000000000009
2018-03-31,Dale,AL,Passenger,0.0,1.0,1.0,59.0,60.0,1.67,2018,3,24219,63,14,1.0,1.0,1.0,1.0,0.0,0.0,15.0,1.0000000000000007
2018-04-30,Dale,AL,Passenger,0.0,1.0,1.0,60.0,61.0,1.64,2018,4,24220,63,15,1.0,1.0,1.0,1.0,0.0,0.0,16.0,1.0000000000000009
2018-05-31,Dale,AL,Passenger,0.0,1.0,1.0,56.0,57.0,1.75,2018,5,24221,63,16,1.0,1.0,1.0,1.0,0.0,0.0,17.0,1.0
2018-06-30,Dale,AL,Passenger,0.0,1.0,1.0,54.0,55.0,1.82,2018,6,24222,63,17,1.0,1.0,1.0,1.0,0.0,0.0,18.0,1.0000000000000002
2018-07-31,Dale,AL,Passenger,0.0,1.0,1.0,55.0,56.0,1.79,2018,7,24223,63,18,1.0,1.0,1.0,1.0,0.0,0.0,19.0,1.000000000000002
2018-08-31,Dale,AL,Passenger,0.0,1.0,1.0,53.0,54.0,1.85,2018,8,24224,63,19,1.0,1.0,1.0,1.0,0.0,0.0,20.0,0.9999999999999998
2018-09-30,Dale,AL,Passenger,0.0,1.0,1.0,53.0,54.0,1.85,2018,9,24225,63,20,1.0,1.0,1.0,1.0,0.0,0.0,21.0,1.000000000000001
2018-10-31,Dale,AL,Passenger,0.0,1.0,1.0,54.0,55.0,1.82,2018,10,24226,63,21,1.0,1.0,1.0,1.0,0.0,0.0,22.0,1.0000000000000013
2018-11-30,Dale,AL,Passenger,0.0,1.0,1.0,53.0,54.0,1.85,2018,11,24227,63,22,1.0,1.0,1.0,1.0,0.0,0.0,23.0,1.0000000000000013
2018-12-31,Dale,AL,Passenger,0.0,1.0,1.0,52.0,53.0,1.89,2018,12,24228,63,23,1.0,1.0,1.0,1.0,0.0,0.0,24.0,1.0000000000000004
2019-01-31,Dale,AL,Passenger,0.0,1.0,1.0,52.0,53.0,1.89,2019,1,24229,63,24,1.0,1.0,1.0,1.0,0.0,0.0,25.0,1.0000000000000013
2019-02-28,Dale,AL,Passenger,0.0,1.0,1.0,53.0,54.0,1.85,2019,2,24230,63,25,1.0,1.0,1.0,1.0,0.0,0.0,26.0,1.0000000000000013
2019-03-31,Dale,AL,Passenger,0.0,1.0,1.0,51.0,52.0,1.92,2019,3,24231,63,26,1.0,1.0,1.0,1.0,0.0,0.0,27.0,1.0000000000000013
2019-04-30,Dale,AL,Passenger,0.0,1.0,1.0,51.0,52.0,1.92,2019,4,24232,63,27,1.0,1.0,1.0,1.0,0.0,0.0,28.0,1.0000000000000013
2019-05-31,Dale,AL,Passenger,0.0,1.0,1.0,53.0,54.0,1.85,2019,5,24233,63,28,1.0,1.0,1.0,1.0,0.0,0.0,29.0,1.0000000000000024
2019-06-30,Dale,AL,Passenger,0.0,1.0,1.0,54.0,55.0,1.82,2019,6,24234,63,29,1.0,1.0,1.0,1.0,0.0,0.0,30.0,1.000000000000002
2019-07-31,Dale,AL,Passenger,0.0,1.0,1.0,54.0,55.0,1.82,2019,7,24235,63,30,1.0,1.0,1.0,1.0,0.0,0.0,31.0,1.0000000000000009
2019-08-31,Dale,AL,Passenger,0.0,1.0,1.0,52.0,53.0,1.89,2019,8,24236,63,31,1.0,1.0,1.0,1.0,0.0,0.0,32.0,1.000000000000002
2017-06-30,Dallas,TX,Passenger,0.0,1.0,1.0,188.0,189.0,0.53,2017,6,24210,64,5,1.0,1.0,2.0,1.3333333333333333,0.0,-0.5,7.0,1.2285714285714284
2017-07-31,Dallas,TX,Passenger,0.0,1.0,1.0,183.0,184.0,0.54,2017,7,24211,64,6,1.0,1.0,1.0,1.0,0.0,0.0,8.0,1.1428571428571426
2017-08-31,Dallas,TX,Passenger,0.0,1.0,1.0,184.0,185.0,0.54,2017,8,24212,64,7,1.0,1.0,1.0,1.0,0.0,0.0,9.0,1.0000000000000002
2017-09-30,Dallas,TX,Passenger,0.0,1.0,1.0,183.0,184.0,0.54,2017,9,24213,64,8,1.0,1.0,1.0,1.0,0.0,0.0,10.0,1.0000000000000002
2017-10-31,Dallas,TX,Passenger,0.0,1.0,1.0,186.0,187.0,0.53,2017,10,24214,64,9,1.0,1.0,1.0,1.0,0.0,0.0,11.0,1.0
2017-11-30,Dallas,TX,Passenger,0.0,1.0,1.0,187.0,188.0,0.53,2017,11,24215,64,10,1.0,1.0,1.0,1.0,0.0,0.0,12.0,1.0000000000000002
2017-12-31,Dallas,TX,Passenger,0.0,1.0,1.0,188.0,189.0,0.53,2017,12,24216,64,11,1.0,1.0,1.0,1.0,0.0,0.0,13.0,1.0000000000000002
2018-01-31,Dallas,TX,Passenger,0.0,1.0,1.0,191.0,192.0,0.52,2018,1,24217,64,12,1.0,1.0,1.0,1.0,0.0,0.0,14.0,1.0000000000000009
2018-02-28,Dallas,TX,Passenger,0.0,1.0,1.0,190.0,191.0,0.52,2018,2,24218,64,13,1.0,1.0,1.0,1.0,0.0,0.0,15.0,1.0000000000000007
2018-03-31,Dallas,TX,Passenger,0.0,1.0,1.0,193.0,194.0,0.52,2018,3,24219,64,14,1.0,1.0,1.0,1.0,0.0,0.0,16.0,1.0000000000000009
2018-04-30,Dallas,TX,Passenger,0.0,1.0,1.0,194.0,195.0,0.51,2018,4,24220,64,15,1.0,1.0,1.0,1.0,0.0,0.0,17.0,1.0
2018-05-31,Dallas,TX,Passenger,0.0,1.0,1.0,196.0,197.0,0.51,2018,5,24221,64,16,1.0,1.0,1.0,1.0,0.0,0.0,18.0,1.0000000000000002
2018-06-30,Dallas,TX,Passenger,0.0,1.0,1.0,197.0,198.0,0.51,2018,6,24222,64,17,1.0,1.0,1.0,1.0,0.0,0.0,19.0,1.000000000000002
2018-07-31,Dallas,TX,Passenger,0.0,1.0,1.0,199.0,200.0,0.5,2018,7,24223,64,18,1.0,1.0,1.0,1.0,0.0,0.0,20.0,0.9999999999999998
2018-08-31,Dallas,TX,Passenger,0.0,1.0,1.0,202.0,203.0,0.49,2018,8,24224,64,19,1.0,1.0,1.0,1.0,0.0,0.0,21.0,1.000000000000001
2018-09-30,Dallas,TX,Passenger,0.0,1.0,1.0,202.0,203.0,0.49,2018,9,24225,64,20,1.0,1.0,1.0,1.0,0.0,0.0,22.0,1.0000000000000013
2018-10-31,Dallas,TX,Passenger,0.0,1.0,1.0,204.0,205.0,0.49,2018,10,24226,64,21,1.0,1.0,1.0,1.0,0.0,0.0,23.0,1.0000000000000013
2018-11-30,Dallas,TX,Passenger,0.0,1.0,1.0,204.0,205.0,0.49,2018,11,24227,64,22,1.0,1.0,1.0,1.0,0.0,0.0,24.0,1.0000000000000004
2018-12-31,Dallas,TX,Passenger,0.0,1.0,1.0,209.0,210.0,0.48,2018,12,24228,64,23,1.0,1.0,1.0,1.0,0.0,0.0,25.0,1.0000000000000013
2019-05-31,Dallas,TX,Passenger,1.0,0.0,1.0,208.0,209.0,0.48,2019,5,24233,64,24,1.0,1.0,1.0,1.0,0.0,0.0,26.0,1.0000000000000013
2019-06-30,Dallas,TX,Passenger,1.0,0.0,1.0,207.0,208.0,0.48,2019,6,24234,64,25,1.0,1.0,1.0,1.0,0.0,0.0,27.0,1.0000000000000013
2019-07-31,Dallas,TX,Passenger,1.0,0.0,1.0,208.0,209.0,0.48,2019,7,24235,64,26,1.0,1.0,1.0,1.0,0.0,0.0,28.0,1.0000000000000013
2019-08-31,Dallas,TX,Passenger,1.0,0.0,1.0,212.0,213.0,0.47,2019,8,24236,64,27,1.0,1.0,1.0,1.0,0.0,0.0,29.0,1.0000000000000024
2019-09-30,Dallas,TX,Passenger,1.0,0.0,1.0,213.0,214.0,0.47,2019,9,24237,64,28,1.0,1.0,1.0,1.0,0.0,0.0,30.0,1.000000000000002
2019-10-31,Dallas,TX,Passenger,1.0,0.0,1.0,214.0,215.0,0.47,2019,10,24238,64,29,1.0,1.0,1.0,1.0,0.0,0.0,31.0,1.0000000000000009
2019-11-30,Dallas,TX,Passenger,1.0,0.0,1.0,212.0,213.0,0.47,2019,11,24239,64,30,1.0,1.0,1.0,1.0,0.0,0.0,32.0,1.000000000000002
2019-12-31,Dallas,IA,Passenger,0.0,1.0,1.0,10.0,11.0,6.9025,2019,12,24240,64,31,1.0,1.0,1.0,1.0,0.0,0.0,33.0,1.0000000000000038
2019-12-31,Dallas,TX,Passenger,1.0,0.0,1.0,210.0,211.0,0.47,2019,12,24240,64,32,1.0,1.0,1.0,1.0,0.0,0.0,34.0,1.0000000000000004
2020-01-31,Dallas,TX,Passenger,1.0,0.0,1.0,211.0,212.0,0.47,2020,1,24241,64,33,1.0,1.0,1.0,1.0,0.0,0.0,35.0,1.000000000000002
2020-01-31,Dallas,IA,Passenger,0.0,1.0,1.0,10.0,11.0,6.9025,2020,1,24241,64,34,1.0,1.0,1.0,1.0,0.0,0.0,36.0,1.0000000000000029
2020-02-29,Dallas,TX,Passenger,1.0,0.0,1.0,204.0,205.0,0.49,2020,2,24242,64,35,1.0,1.0,1.0,1.0,0.0,0.0,37.0,1.0000000000000038
2020-02-29,Dallas,IA,Passenger,0.0,1.0,1.0,10.0,11.0,6.9025,2020,2,24242,64,36,1.0,1.0,1.0,1.0,0.0,0.0,38.0,1.0
2020-03-31,Dallas,IA,Passenger,0.0,1.0,1.0,10.0,11.0,6.9025,2020,3,24243,64,37,1.0,1.0,1.0,1.0,0.0,0.0,39.0,1.0000000000000009
2020-03-31,Dallas,TX,Passenger,1.0,0.0,1.0,205.0,206.0,0.49,2020,3,24243,64,38,1.0,1.0,1.0,1.0,0.0,0.0,40.0,1.0000000000000009
2020-04-30,Dallas,IA,Passenger,0.0,1.0,1.0,10.0,11.0,6.9025,2020,4,24244,64,39,1.0,1.0,1.0,1.0,0.0,0.0,41.0,1.0000000000000038
2020-04-30,Dallas,TX,Passenger,1.0,0.0,1.0,210.0,211.0,0.47,2020,4,24244,64,40,1.0,1.0,1.0,1.0,0.0,0.0,42.0,1.0000000000000009
2020-05-31,Dallas,IA,Passenger,0.0,1.0,1.0,10.0,11.0,6.9025,2020,5,24245,64,41,1.0,1.0,1.0,1.0,0.0,0.0,43.0,1.0000000000000029
2020-05-31,Dallas,TX,Passenger,1.0,0.0,1.0,205.0,206.0,0.49,2020,5,24245,64,42,1.0,1.0,1.0,1.0,0.0,0.0,44.0,1.0000000000000029
2020-06-30,Dallas,IA,Passenger,0.0,1.0,1.0,10.0,11.0,6.9025,2020,6,24246,64,43,1.0,1.0,1.0,1.0,0.0,0.0,45.0,1.0000000000000009
2020-06-30,Dallas,TX,Passenger,1.0,0.0,1.0,201.0,202.0,0.5,2020,6,24246,64,44,1.0,1.0,1.0,1.0,0.0,0.0,46.0,1.0000000000000009
2020-07-31,Dallas,TX,Passenger,1.0,0.0,1.0,195.0,196.0,0.51,2020,7,24247,64,45,1.0,1.0,1.0,1.0,0.0,0.0,47.0,1.0000000000000029
2020-07-31,Dallas,IA,Passenger,0.0,1.0,1.0,10.0,11.0,6.9025,2020,7,24247,64,46,1.0,1.0,1.0,1.0,0.0,0.0,48.0,1.0000000000000009
2020-08-31,Dallas,IA,Passenger,0.0,1.0,1.0,10.0,11.0,6.9025,2020,8,24248,64,47,1.0,1.0,1.0,1.0,0.0,0.0,49.0,1.000000000000002
2020-08-31,Dallas,TX,Passenger,1.0,0.0,1.0,192.0,193.0,0.52,2020,8,24248,64,48,1.0,1.0,1.0,1.0,0.0,0.0,50.0,1.000000000000002
2020-09-30,Dallas,IA,Passenger,0.0,1.0,1.0,10.0,11.0,6.9025,2020,9,24249,64,49,1.0,1.0,1.0,1.0,0.0,0.0,51.0,1.000000000000002
2020-09-30,Dallas,TX,Passenger,1.0,0.0,1.0,186.0,187.0,0.53,2020,9,24249,64,50,1.0,1.0,1.0,1.0,0.0,0.0,52.0,1.0000000000000009
2020-10-31,Dallas,IA,Passenger,0.0,1.0,1.0,10.0,11.0,6.9025,2020,10,24250,64,51,1.0,1.0,1.0,1.0,0.0,0.0,53.0,1.0000000000000029
2020-10-31,Dallas,TX,Passenger,1.0,0.0,1.0,185.0,186.0,0.54,2020,10,24250,64,52,1.0,1.0,1.0,1.0,0.0,0.0,54.0,1.0000000000000049
2020-11-30,Dallas,IA,Passenger,0.0,1.0,1.0,10.0,11.0,6.9025,2020,11,24251,64,53,1.0,1.0,1.0,1.0,0.0,0.0,55.0,1.0000000000000038
2020-11-30,Dallas,TX,Passenger,1.0,0.0,1.0,181.0,182.0,0.55,2020,11,24251,64,54,1.0,1.0,1.0,1.0,0.0,0.0,56.0,1.0
2020-12-31,Dallas,TX,Passenger,1.0,0.0,1.0,180.0,181.0,0.55,2020,12,24252,64,55,1.0,1.0,1.0,1.0,0.0,0.0,57.0,1.000000000000002
2020-12-31,Dallas,IA,Passenger,0.0,1.0,1.0,10.0,11.0,6.9025,2020,12,24252,64,56,1.0,1.0,1.0,1.0,0.0,0.0,58.0,1.0000000000000038
2021-01-31,Dallas,TX,Passenger,1.0,0.0,1.0,176.0,177.0,0.56,2021,1,24253,64,57,1.0,1.0,1.0,1.0,0.0,0.0,59.0,1.0000000000000038
2021-01-31,Dallas,IA,Passenger,0.0,1.0,1.0,10.0,11.0,6.9025,2021,1,24253,64,58,1.0,1.0,1.0,1.0,0.0,0.0,60.0,1.0000000000000038
2021-02-28,Dallas,TX,Passenger,1.0,0.0,1.0,177.0,178.0,0.56,2021,2,24254,64,59,1.0,1.0,1.0,1.0,0.0,0.0,61.0,1.0000000000000049
2021-02-28,Dallas,IA,Passenger,0.0,1.0,1.0,10.0,11.0,6.9025,2021,2,24254,64,60,1.0,1.0,1.0,1.0,0.0,0.0,62.0,1.0000000000000067
2021-03-31,Dallas,IA,Passenger,0.0,1.0,1.0,10.0,11.0,6.9025,2021,3,24255,64,61,1.0,1.0,1.0,1.0,0.0,0.0,63.0,1.0000000000000009
2021-03-31,Dallas,TX,Passenger,1.0,0.0,1.0,174.0,175.0,0.57,2021,3,24255,64,62,1.0,1.0,1.0,1.0,0.0,0.0,64.0,0.999999999999999
2021-04-30,Dallas,TX,Passenger,1.0,0.0,1.0,173.0,174.0,0.57,2021,4,24256,64,63,1.0,1.0,1.0,1.0,0.0,0.0,65.0,1.0000000000000049
2021-04-30,Dallas,IA,Passenger,0.0,1.0,1.0,9.0,10.0,6.9025,2021,4,24256,64,64,1.0,1.0,1.0,1.0,0.0,0.0,66.0,1.0000000000000029
2021-05-31,Dallas,IA,Passenger,0.0,1.0,1.0,9.0,10.0,6.9025,2021,5,24257,64,65,1.0,1.0,1.0,1.0,0.0,0.0,67.0,1.0000000000000049
2021-05-31,Dallas,TX,Passenger,1.0,0.0,1.0,169.0,170.0,0.59,2021,5,24257,64,66,1.0,1.0,1.0,1.0,0.0,0.0,68.0,1.0000000000000087
2021-06-30,Dallas,TX,Passenger,1.0,0.0,1.0,169.0,170.0,0.59,2021,6,24258,64,67,1.0,1.0,1.0,1.0,0.0,0.0,69.0,1.0000000000000067
2021-06-30,Dallas,IA,Passenger,0.0,1.0,1.0,9.0,10.0,6.9025,2021,6,24258,64,68,1.0,1.0,1.0,1.0,0.0,0.0,70.0,1.0000000000000049
2021-07-31,Dallas,IA,Passenger,0.0,1.0,1.0,8.0,9.0,6.9025,2021,7,24259,64,69,1.0,1.0,1.0,1.0,0.0,0.0,71.0,1.0000000000000049
2021-07-31,Dallas,TX,Passenger,1.0,0.0,1.0,159.0,160.0,0.62,2021,7,24259,64,70,1.0,1.0,1.0,1.0,0.0,0.0,72.0,1.0000000000000067
2021-08-31,Dallas,TX,Passenger,1.0,0.0,1.0,157.0,158.0,0.63,2021,8,24260,64,71,1.0,1.0,1.0,1.0,0.0,0.0,73.0,1.0000000000000049
2021-08-31,Dallas,IA,Passenger,0.0,1.0,1.0,9.0,10.0,6.9025,2021,8,24260,64,72,1.0,1.0,1.0,1.0,0.0,0.0,74.0,1.0000000000000009
2021-09-30,Dallas,IA,Passenger,0.0,1.0,1.0,9.0,10.0,6.9025,2021,9,24261,64,73,1.0,1.0,1.0,1.0,0.0,0.0,75.0,1.0000000000000029
2021-09-30,Dallas,TX,Passenger,1.0,0.0,1.0,158.0,159.0,0.63,2021,9,24261,64,74,1.0,1.0,1.0,1.0,0.0,0.0,76.0,1.0000000000000049
2021-10-31,Dallas,TX,Passenger,1.0,0.0,1.0,156.0,157.0,0.64,2021,10,24262,64,75,1.0,1.0,1.0,1.0,0.0,0.0,77.0,1.0000000000000087
2021-10-31,Dallas,IA,Passenger,0.0,1.0,1.0,8.0,9.0,6.9025,2021,10,24262,64,76,1.0,1.0,1.0,1.0,0.0,0.0,78.0,1.0000000000000049
2021-11-30,Dallas,TX,Passenger,1.0,0.0,1.0,155.0,156.0,0.64,2021,11,24263,64,77,1.0,1.0,1.0,1.0,0.0,0.0,79.0,1.0000000000000029
2021-12-31,Dallas,TX,Passenger,1.0,0.0,1.0,148.0,149.0,0.67,2021,12,24264,64,78,1.0,1.0,1.0,1.0,0.0,0.0,80.0,1.0000000000000087
2022-01-31,Dallas,TX,Passenger,1.0,0.0,1.0,141.0,142.0,0.7,2022,1,24265,64,79,1.0,1.0,1.0,1.0,0.0,0.0,81.0,1.0000000000000029
2022-02-28,Dallas,TX,Passenger,1.0,0.0,1.0,138.0,139.0,0.72,2022,2,24266,64,80,1.0,1.0,1.0,1.0,0.0,0.0,82.0,1.0000000000000104
2022-03-31,Dallas,TX,Passenger,1.0,0.0,1.0,130.0,131.0,0.76,2022,3,24267,64,81,1.0,1.0,1.0,1.0,0.0,0.0,83.0,1.0000000000000049
2022-04-30,Dallas,TX,Passenger,1.0,0.0,1.0,126.0,127.0,0.79,2022,4,24268,64,82,1.0,1.0,1.0,1.0,0.0,0.0,84.0,1.0000000000000049
2022-09-30,Dallas,TX,Passenger,1.0,0.0,1.0,108.0,109.0,0.92,2022,9,24273,64,83,1.0,1.0,1.0,1.0,0.0,0.0,85.0,1.0000000000000009
2022-10-31,Dallas,TX,Passenger,1.0,0.0,1.0,105.0,106.0,0.94,2022,10,24274,64,84,1.0,1.0,1.0,1.0,0.0,0.0,86.0,1.0000000000000067
2022-11-30,Dallas,TX,Passenger,1.0,0.0,1.0,102.0,103.0,0.97,2022,11,24275,64,85,1.0,1.0,1.0,1.0,0.0,0.0,87.0,1.0000000000000049
2022-12-31,Dallas,TX,Passenger,1.0,0.0,1.0,98.0,99.0,1.01,2022,12,24276,64,86,1.0,1.0,1.0,1.0,0.0,0.0,88.0,1.0000000000000087
2023-01-31,Dallas,TX,Passenger,1.0,0.0,1.0,95.0,96.0,1.04,2023,1,24277,64,87,1.0,1.0,1.0,1.0,0.0,0.0,89.0,1.0000000000000009
2023-02-28,Dallas,TX,Passenger,1.0,0.0,1.0,91.0,92.0,1.09,2023,2,24278,64,88,1.0,1.0,1.0,1.0,0.0,0.0,90.0,1.0000000000000049
2023-03-31,Dallas,TX,Passenger,1.0,0.0,1.0,91.0,92.0,1.09,2023,3,24279,64,89,1.0,1.0,1.0,1.0,0.0,0.0,91.0,1.0000000000000049
2023-04-30,Dallas,TX,Passenger,1.0,0.0,1.0,90.0,91.0,1.1,2023,4,24280,64,90,1.0,1.0,1.0,1.0,0.0,0.0,92.0,1.0000000000000029
2023-05-31,Dallas,TX,Passenger,1.0,0.0,1.0,89.0,90.0,1.11,2023,5,24281,64,91,1.0,1.0,1.0,1.0,0.0,0.0,93.0,1.0000000000000067
2023-06-30,Dallas,TX,Passenger,1.0,0.0,1.0,85.0,86.0,1.16,2023,6,24282,64,92,1.0,1.0,1.0,1.0,0.0,0.0,94.0,1.0000000000000049
2023-07-31,Dallas,TX,Passenger,1.0,0.0,1.0,82.0,83.0,1.2,2023,7,24283,64,93,1.0,1.0,1.0,1.0,0.0,0.0,95.0,1.0000000000000049
2023-08-31,Dallas,TX,Passenger,1.0,0.0,1.0,76.0,77.0,1.3,2023,8,24284,64,94,1.0,1.0,1.0,1.0,0.0,0.0,96.0,1.0000000000000029
2017-06-30,Dane,WI,Passenger,1.0,0.0,1.0,104.0,105.0,0.95,2017,6,24210,65,5,1.0,1.0,1.0,1.0,0.0,0.0,6.0,0.9999999999999998
2017-07-31,Dane,WI,Passenger,1.0,0.0,1.0,87.0,88.0,1.14,2017,7,24211,65,6,1.0,1.0,1.0,1.0,0.0,0.0,7.0,0.9999999999999998
2021-09-30,Danville,VA,Passenger,1.0,0.0,1.0,0.0,1.0,6.9025,2021,9,24261,66,5,1.0,1.0,1.0,1.0,0.0,0.0,6.0,0.9999999999999998
2021-10-31,Danville,VA,Passenger,1.0,0.0,1.0,0.0,1.0,6.9025,2021,10,24262,66,6,1.0,1.0,1.0,1.0,0.0,0.0,7.0,0.9999999999999998
2021-11-30,Danville,VA,Passenger,1.0,0.0,1.0,0.0,1.0,6.9025,2021,11,24263,66,7,1.0,1.0,1.0,1.0,0.0,0.0,8.0,0.9999999999999999
2021-12-31,Danville,VA,Passenger,1.0,0.0,1.0,0.0,1.0,6.9025,2021,12,24264,66,8,1.0,1.0,1.0,1.0,0.0,0.0,9.0,1.0000000000000002
2022-01-31,Danville,VA,Passenger,1.0,0.0,1.0,0.0,1.0,6.9025,2022,1,24265,66,9,1.0,1.0,1.0,1.0,0.0,0.0,10.0,1.0000000000000002
2022-02-28,Danville,VA,Passenger,1.0,0.0,1.0,0.0,1.0,6.9025,2022,2,24266,66,10,1.0,1.0,1.0,1.0,0.0,0.0,11.0,1.0
2022-03-31,Danville,VA,Passenger,1.0,0.0,1.0,0.0,1.0,6.9025,2022,3,24267,66,11,1.0,1.0,1.0,1.0,0.0,0.0,12.0,1.0000000000000002
2022-04-30,Danville,VA,Passenger,1.0,0.0,1.0,0.0,1.0,6.9025,2022,4,24268,66,12,1.0,1.0,1.0,1.0,0.0,0.0,13.0,1.0000000000000002
2022-05-31,Danville,VA,Passenger,1.0,0.0,1.0,0.0,1.0,6.9025,2022,5,24269,66,13,1.0,1.0,1.0,1.0,0.0,0.0,14.0,1.0000000000000009
2022-06-30,Danville,VA,Passenger,1.0,0.0,1.0,0.0,1.0,6.9025,2022,6,24270,66,14,1.0,1.0,1.0,1.0,0.0,0.0,15.0,1.0000000000000007
2022-07-31,Danville,VA,Passenger,1.0,0.0,1.0,0.0,1.0,6.9025,2022,7,24271,66,15,1.0,1.0,1.0,1.0,0.0,0.0,16.0,1.0000000000000009
2022-08-31,Danville,VA,Passenger,1.0,0.0,1.0,0.0,1.0,6.9025,2022,8,24272,66,16,1.0,1.0,1.0,1.0,0.0,0.0,17.0,1.0
2022-09-30,Danville,VA,Passenger,1.0,0.0,1.0,0.0,1.0,6.9025,2022,9,24273,66,17,1.0,1.0,1.0,1.0,0.0,0.0,18.0,1.0000000000000002
2022-10-31,Danville,VA,Passenger,1.0,0.0,1.0,0.0,1.0,6.9025,2022,10,24274,66,18,1.0,1.0,1.0,1.0,0.0,0.0,19.0,1.000000000000002
2022-11-30,Danville,VA,Passenger,1.0,0.0,1.0,0.0,1.0,6.9025,2022,11,24275,66,19,1.0,1.0,1.0,1.0,0.0,0.0,20.0,0.9999999999999998
2022-12-31,Danville,VA,Passenger,1.0,0.0,1.0,0.0,1.0,6.9025,2022,12,24276,66,20,1.0,1.0,1.0,1.0,0.0,0.0,21.0,1.000000000000001
2023-01-31,Danville,VA,Passenger,1.0,0.0,1.0,0.0,1.0,6.9025,2023,1,24277,66,21,1.0,1.0,1.0,1.0,0.0,0.0,22.0,1.0000000000000013
2023-02-28,Danville,VA,Passenger,1.0,0.0,1.0,0.0,1.0,6.9025,2023,2,24278,66,22,1.0,1.0,1.0,1.0,0.0,0.0,23.0,1.0000000000000013
2017-03-31,DeKalb,IN,Passenger,1.0,0.0,1.0,1.0,2.0,6.9025,2017,3,24207,67,5,1.0,1.0,1.0,1.0,0.0,0.0,6.0,0.9999999999999998
2017-04-30,DeKalb,IN,Passenger,1.0,0.0,1.0,1.0,2.0,6.9025,2017,4,24208,67,6,1.0,1.0,1.0,1.0,0.0,0.0,7.0,0.9999999999999998
2017-04-30,DeKalb,GA,Passenger,1.0,0.0,1.0,85.0,86.0,1.16,2017,4,24208,67,7,1.0,1.0,1.0,1.0,0.0,0.0,8.0,0.9999999999999999
2017-05-31,DeKalb,IN,Passenger,1.0,0.0,1.0,1.0,2.0,6.9025,2017,5,24209,67,8,1.0,1.0,1.0,1.0,0.0,0.0,9.0,1.0000000000000002
2017-05-31,DeKalb,GA,Passenger,1.0,0.0,1.0,84.0,85.0,1.18,2017,5,24209,67,9,1.0,1.0,1.0,1.0,0.0,0.0,10.0,1.0000000000000002
2017-06-30,DeKalb,GA,Passenger,1.0,0.0,1.0,87.0,88.0,1.14,2017,6,24210,67,10,1.0,1.0,1.0,1.0,0.0,0.0,11.0,1.0
2017-06-30,DeKalb,IN,Passenger,1.0,0.0,1.0,1.0,2.0,6.9025,2017,6,24210,67,11,1.0,1.0,1.0,1.0,0.0,0.0,12.0,1.0000000000000002
2017-07-31,DeKalb,GA,Passenger,1.0,0.0,1.0,86.0,87.0,1.15,2017,7,24211,67,12,1.0,1.0,1.0,1.0,0.0,0.0,13.0,1.0000000000000002
2017-07-31,DeKalb,IN,Passenger,1.0,0.0,1.0,1.0,2.0,6.9025,2017,7,24211,67,13,1.0,1.0,1.0,1.0,0.0,0.0,14.0,1.0000000000000009
2017-08-31,DeKalb,IN,Passenger,1.0,0.0,1.0,1.0,2.0,6.9025,2017,8,24212,67,14,1.0,1.0,1.0,1.0,0.0,0.0,15.0,1.0000000000000007
2017-08-31,DeKalb,GA,Passenger,1.0,0.0,1.0,88.0,89.0,1.12,2017,8,24212,67,15,1.0,1.0,1.0,1.0,0.0,0.0,16.0,1.0000000000000009
2017-09-30,DeKalb,IN,Passenger,1.0,0.0,1.0,1.0,2.0,6.9025,2017,9,24213,67,16,1.0,1.0,1.0,1.0,0.0,0.0,17.0,1.0
2017-09-30,DeKalb,GA,Passenger,1.0,0.0,1.0,86.0,87.0,1.15,2017,9,24213,67,17,1.0,1.0,1.0,1.0,0.0,0.0,18.0,1.0000000000000002
2017-10-31,DeKalb,IN,Passenger,1.0,0.0,1.0,1.0,2.0,6.9025,2017,10,24214,67,18,1.0,1.0,1.0,1.0,0.0,0.0,19.0,1.000000000000002
2017-10-31,DeKalb,GA,Passenger,1.0,0.0,1.0,87.0,88.0,1.14,2017,10,24214,67,19,1.0,1.0,1.0,1.0,0.0,0.0,20.0,0.9999999999999998
2017-11-30,DeKalb,IN,Passenger,1.0,0.0,1.0,1.0,2.0,6.9025,2017,11,24215,67,20,1.0,1.0,1.0,1.0,0.0,0.0,21.0,1.000000000000001
2017-11-30,DeKalb,GA,Passenger,1.0,0.0,1.0,87.0,88.0,1.14,2017,11,24215,67,21,1.0,1.0,1.0,1.0,0.0,0.0,22.0,1.0000000000000013
2017-12-31,DeKalb,IN,Passenger,1.0,0.0,1.0,1.0,2.0,6.9025,2017,12,24216,67,22,1.0,1.0,1.0,1.0,0.0,0.0,23.0,1.0000000000000013
2017-12-31,DeKalb,GA,Passenger,1.0,0.0,1.0,89.0,90.0,1.11,2017,12,24216,67,23,1.0,1.0,1.0,1.0,0.0,0.0,24.0,1.0000000000000004
2018-01-31,DeKalb,IN,Passenger,1.0,0.0,1.0,1.0,2.0,6.9025,2018,1,24217,67,24,1.0,1.0,1.0,1.0,0.0,0.0,25.0,1.0000000000000013
2018-01-31,DeKalb,GA,Passenger,1.0,0.0,1.0,86.0,87.0,1.15,2018,1,24217,67,25,1.0,1.0,1.0,1.0,0.0,0.0,26.0,1.0000000000000013
2018-02-28,DeKalb,IN,Passenger,1.0,0.0,1.0,1.0,2.0,6.9025,2018,2,24218,67,26,1.0,1.0,1.0,1.0,0.0,0.0,27.0,1.0000000000000013
2018-02-28,DeKalb,GA,Passenger,1.0,0.0,1.0,86.0,87.0,1.15,2018,2,24218,67,27,1.0,1.0,1.0,1.0,0.0,0.0,28.0,1.0000000000000013
2018-03-31,DeKalb,GA,Passenger,1.0,0.0,1.0,83.0,84.0,1.19,2018,3,24219,67,28,1.0,1.0,1.0,1.0,0.0,0.0,29.0,1.0000000000000024
2018-03-31,DeKalb,IN,Passenger,1.0,0.0,1.0,1.0,2.0,6.9025,2018,3,24219,67,29,1.0,1.0,1.0,1.0,0.0,0.0,30.0,1.000000000000002
2018-04-30,DeKalb,GA,Passenger,1.0,0.0,1.0,85.0,86.0,1.16,2018,4,24220,67,30,1.0,1.0,1.0,1.0,0.0,0.0,31.0,1.0000000000000009
2018-04-30,DeKalb,IN,Passenger,1.0,0.0,1.0,1.0,2.0,6.9025,2018,4,24220,67,31,1.0,1.0,1.0,1.0,0.0,0.0,32.0,1.000000000000002
2018-05-31,DeKalb,GA,Passenger,1.0,0.0,1.0,83.0,84.0,1.19,2018,5,24221,67,32,1.0,1.0,1.0,1.0,0.0,0.0,33.0,1.0000000000000038
2018-05-31,DeKalb,IN,Passenger,1.0,0.0,1.0,1.0,2.0,6.9025,2018,5,24221,67,33,1.0,1.0,1.0,1.0,0.0,0.0,34.0,1.0000000000000004
2018-06-30,DeKalb,GA,Passenger,1.0,0.0,1.0,82.0,83.0,1.2,2018,6,24222,67,34,1.0,1.0,1.0,1.0,0.0,0.0,35.0,1.000000000000002
2018-06-30,DeKalb,IN,Passenger,1.0,0.0,1.0,1.0,2.0,6.9025,2018,6,24222,67,35,1.0,1.0,1.0,1.0,0.0,0.0,36.0,1.0000000000000029
2018-07-31,DeKalb,GA,Passenger,1.0,0.0,1.0,81.0,82.0,1.22,2018,7,24223,67,36,1.0,1.0,1.0,1.0,0.0,0.0,37.0,1.0000000000000038
2018-07-31,DeKalb,IN,Passenger,1.0,0.0,1.0,1.0,2.0,6.9025,2018,7,24223,67,37,1.0,1.0,1.0,1.0,0.0,0.0,38.0,1.0
2018-08-31,DeKalb,IN,Passenger,1.0,0.0,1.0,1.0,2.0,6.9025,2018,8,24224,67,38,1.0,1.0,1.0,1.0,0.0,0.0,39.0,1.0000000000000009
2018-08-31,DeKalb,GA,Passenger,1.0,0.0,1.0,81.0,82.0,1.22,2018,8,24224,67,39,1.0,1.0,1.0,1.0,0.0,0.0,40.0,1.0000000000000009
2018-09-30,DeKalb,GA,Passenger,1.0,0.0,1.0,80.0,81.0,1.23,2018,9,24225,67,40,1.0,1.0,1.0,1.0,0.0,0.0,41.0,1.0000000000000038
2018-09-30,DeKalb,IN,Passenger,1.0,0.0,1.0,1.0,2.0,6.9025,2018,9,24225,67,41,1.0,1.0,1.0,1.0,0.0,0.0,42.0,1.0000000000000009
2018-10-31,DeKalb,GA,Passenger,1.0,0.0,1.0,80.0,81.0,1.23,2018,10,24226,67,42,1.0,1.0,1.0,1.0,0.0,0.0,43.0,1.0000000000000029
2018-10-31,DeKalb,IN,Passenger,1.0,0.0,1.0,1.0,2.0,6.9025,2018,10,24226,67,43,1.0,1.0,1.0,1.0,0.0,0.0,44.0,1.0000000000000029
2018-11-30,DeKalb,GA,Passenger,1.0,0.0,1.0,79.0,80.0,1.25,2018,11,24227,67,44,1.0,1.0,1.0,1.0,0.0,0.0,45.0,1.0000000000000009
2018-11-30,DeKalb,IN,Passenger,1.0,0.0,1.0,1.0,2.0,6.9025,2018,11,24227,67,45,1.0,1.0,1.0,1.0,0.0,0.0,46.0,1.0000000000000009
2018-12-31,DeKalb,IN,Passenger,1.0,0.0,1.0,1.0,2.0,6.9025,2018,12,24228,67,46,1.0,1.0,1.0,1.0,0.0,0.0,47.0,1.0000000000000029
2018-12-31,DeKalb,GA,Passenger,1.0,0.0,1.0,79.0,80.0,1.25,2018,12,24228,67,47,1.0,1.0,1.0,1.0,0.0,0.0,48.0,1.0000000000000009
2019-01-31,DeKalb,IN,Passenger,1.0,0.0,1.0,1.0,2.0,6.9025,2019,1,24229,67,48,1.0,1.0,1.0,1.0,0.0,0.0,49.0,1.000000000000002
2019-01-31,DeKalb,GA,Passenger,1.0,0.0,1.0,79.0,80.0,1.25,2019,1,24229,67,49,1.0,1.0,1.0,1.0,0.0,0.0,50.0,1.000000000000002
2019-02-28,DeKalb,IN,Passenger,1.0,0.0,1.0,1.0,2.0,6.9025,2019,2,24230,67,50,1.0,1.0,1.0,1.0,0.0,0.0,51.0,1.000000000000002
2019-02-28,DeKalb,GA,Passenger,1.0,0.0,1.0,79.0,80.0,1.25,2019,2,24230,67,51,1.0,1.0,1.0,1.0,0.0,0.0,52.0,1.0000000000000009
2019-03-31,DeKalb,GA,Passenger,1.0,0.0,1.0,82.0,83.0,1.2,2019,3,24231,67,52,1.0,1.0,1.0,1.0,0.0,0.0,53.0,1.0000000000000029
2019-03-31,DeKalb,IN,Passenger,1.0,0.0,1.0,1.0,2.0,6.9025,2019,3,24231,67,53,1.0,1.0,1.0,1.0,0.0,0.0,54.0,1.0000000000000049
2019-04-30,DeKalb,GA,Passenger,1.0,0.0,1.0,82.0,83.0,1.2,2019,4,24232,67,54,1.0,1.0,1.0,1.0,0.0,0.0,55.0,1.0000000000000038
2019-04-30,DeKalb,IN,Passenger,1.0,0.0,1.0,1.0,2.0,6.9025,2019,4,24232,67,55,1.0,1.0,1.0,1.0,0.0,0.0,56.0,1.0
2019-05-31,DeKalb,IN,Passenger,1.0,0.0,1.0,1.0,2.0,6.9025,2019,5,24233,67,56,1.0,1.0,1.0,1.0,0.0,0.0,57.0,1.000000000000002
2019-05-31,DeKalb,GA,Passenger,1.0,0.0,1.0,81.0,82.0,1.22,2019,5,24233,67,57,1.0,1.0,1.0,1.0,0.0,0.0,58.0,1.0000000000000038
2019-06-30,DeKalb,GA,Passenger,1.0,0.0,1.0,81.0,82.0,1.22,2019,6,24234,67,58,1.0,1.0,1.0,1.0,0.0,0.0,59.0,1.0000000000000038
2019-06-30,DeKalb,IN,Passenger,1.0,0.0,1.0,1.0,2.0,6.9025,2019,6,24234,67,59,1.0,1.0,1.0,1.0,0.0,0.0,60.0,1.0000000000000038
2019-07-31,DeKalb,IN,Passenger,1.0,0.0,1.0,1.0,2.0,6.9025,2019,7,24235,67,60,1.0,1.0,1.0,1.0,0.0,0.0,61.0,1.0000000000000049
2019-07-31,DeKalb,GA,Passenger,1.0,0.0,1.0,80.0,81.0,1.23,2019,7,24235,67,61,1.0,1.0,1.0,1.0,0.0,0.0,62.0,1.0000000000000067
2019-08-31,DeKalb,GA,Passenger,1.0,0.0,1.0,81.0,82.0,1.22,2019,8,24236,67,62,1.0,1.0,1.0,1.0,0.0,0.0,63.0,1.0000000000000009
2019-08-31,DeKalb,IN,Passenger,1.0,0.0,1.0,1.0,2.0,6.9025,2019,8,24236,67,63,1.0,1.0,1.0,1.0,0.0,0.0,64.0,0.999999999999999
2019-09-30,DeKalb,IN,Passenger,1.0,0.0,1.0,1.0,2.0,6.9025,2019,9,24237,67,64,1.0,1.0,1.0,1.0,0.0,0.0,65.0,1.0000000000000049
2019-09-30,DeKalb,GA,Passenger,1.0,0.0,1.0,83.0,84.0,1.19,2019,9,24237,67,65,1.0,1.0,1.0,1.0,0.0,0.0,66.0,1.0000000000000029
2019-10-31,DeKalb,GA,Passenger,1.0,0.0,1.0,84.0,85.0,1.18,2019,10,24238,67,66,1.0,1.0,1.0,1.0,0.0,0.0,67.0,1.0000000000000049
2019-10-31,DeKalb,IN,Passenger,1.0,0.0,1.0,1.0,2.0,6.9025,2019,10,24238,67,67,1.0,1.0,1.0,1.0,0.0,0.0,68.0,1.0000000000000087
2019-11-30,DeKalb,IN,Passenger,1.0,0.0,1.0,1.0,2.0,6.9025,2019,11,24239,67,68,1.0,1.0,1.0,1.0,0.0,0.0,69.0,1.0000000000000067
2019-11-30,DeKalb,GA,Passenger,1.0,0.0,1.0,85.0,86.0,1.16,2019,11,24239,67,69,1.0,1.0,1.0,1.0,0.0,0.0,70.0,1.0000000000000049
2019-12-31,DeKalb,IN,Passenger,1.0,0.0,1.0,1.0,2.0,6.9025,2019,12,24240,67,70,1.0,1.0,1.0,1.0,0.0,0.0,71.0,1.0000000000000049
2019-12-31,DeKalb,GA,Passenger,1.0,0.0,1.0,85.0,86.0,1.16,2019,12,24240,67,71,1.0,1.0,1.0,1.0,0.0,0.0,72.0,1.0000000000000067
2020-01-31,DeKalb,IN,Passenger,1.0,0.0,1.0,1.0,2.0,6.9025,2020,1,24241,67,72,1.0,1.0,1.0,1.0,0.0,0.0,73.0,1.0000000000000049
2020-01-31,DeKalb,GA,Passenger,1.0,0.0,1.0,87.0,88.0,1.14,2020,1,24241,67,73,1.0,1.0,1.0,1.0,0.0,0.0,74.0,1.0000000000000009
2020-02-29,DeKalb,GA,Passenger,1.0,0.0,1.0,87.0,88.0,1.14,2020,2,24242,67,74,1.0,1.0,1.0,1.0,0.0,0.0,75.0,1.0000000000000029
2020-02-29,DeKalb,IN,Passenger,1.0,0.0,1.0,1.0,2.0,6.9025,2020,2,24242,67,75,1.0,1.0,1.0,1.0,0.0,0.0,76.0,1.0000000000000049
2020-03-31,DeKalb,IN,Passenger,1.0,0.0,1.0,1.0,2.0,6.9025,2020,3,24243,67,76,1.0,1.0,1.0,1.0,0.0,0.0,77.0,1.0000000000000087
2020-03-31,DeKalb,GA,Passenger,1.0,0.0,1.0,85.0,86.0,1.16,2020,3,24243,67,77,1.0,1.0,1.0,1.0,0.0,0.0,78.0,1.0000000000000049
2020-04-30,DeKalb,IN,Passenger,1.0,0.0,1.0,1.0,2.0,6.9025,2020,4,24244,67,78,1.0,1.0,1.0,1.0,0.0,0.0,79.0,1.0000000000000029
2020-04-30,DeKalb,GA,Passenger,1.0,0.0,1.0,84.0,85.0,1.18,2020,4,24244,67,79,1.0,1.0,1.0,1.0,0.0,0.0,80.0,1.0000000000000087
2020-05-31,DeKalb,IN,Passenger,1.0,0.0,1.0,1.0,2.0,6.9025,2020,5,24245,67,80,1.0,1.0,1.0,1.0,0.0,0.0,81.0,1.0000000000000029
2020-05-31,DeKalb,GA,Passenger,1.0,0.0,1.0,83.0,84.0,1.19,2020,5,24245,67,81,1.0,1.0,1.0,1.0,0.0,0.0,82.0,1.0000000000000104
2020-06-30,DeKalb,GA,Passenger,1.0,0.0,1.0,84.0,85.0,1.18,2020,6,24246,67,82,1.0,1.0,1.0,1.0,0.0,0.0,83.0,1.0000000000000049
2020-06-30,DeKalb,IN,Passenger,1.0,0.0,1.0,1.0,2.0,6.9025,2020,6,24246,67,83,1.0,1.0,1.0,1.0,0.0,0.0,84.0,1.0000000000000049
2020-07-31,DeKalb,IN,Passenger,1.0,0.0,1.0,1.0,2.0,6.9025,2020,7,24247,67,84,1.0,1.0,1.0,1.0,0.0,0.0,85.0,1.0000000000000009
2020-07-31,DeKalb,GA,Passenger,1.0,0.0,1.0,80.0,81.0,1.23,2020,7,24247,67,85,1.0,1.0,1.0,1.0,0.0,0.0,86.0,1.0000000000000067
2020-08-31,DeKalb,IN,Passenger,1.0,0.0,1.0,1.0,2.0,6.9025,2020,8,24248,67,86,1.0,1.0,1.0,1.0,0.0,0.0,87.0,1.0000000000000049
2020-08-31,DeKalb,GA,Passenger,1.0,0.0,1.0,81.0,82.0,1.22,2020,8,24248,67,87,1.0,1.0,1.0,1.0,0.0,0.0,88.0,1.0000000000000087
2020-09-30,DeKalb,IN,Passenger,1.0,0.0,1.0,1.0,2.0,6.9025,2020,9,24249,67,88,1.0,1.0,1.0,1.0,0.0,0.0,89.0,1.0000000000000009
2020-09-30,DeKalb,GA,Passenger,1.0,0.0,1.0,81.0,82.0,1.22,2020,9,24249,67,89,1.0,1.0,1.0,1.0,0.0,0.0,90.0,1.0000000000000049
2020-10-31,DeKalb,GA,Passenger,1.0,0.0,1.0,78.0,79.0,1.27,2020,10,24250,67,90,1.0,1.0,1.0,1.0,0.0,0.0,91.0,1.0000000000000049
2020-10-31,DeKalb,IN,Passenger,1.0,0.0,1.0,1.0,2.0,6.9025,2020,10,24250,67,91,1.0,1.0,1.0,1.0,0.0,0.0,92.0,1.0000000000000029
2020-11-30,DeKalb,GA,Passenger,1.0,0.0,1.0,75.0,76.0,1.32,2020,11,24251,67,92,1.0,1.0,1.0,1.0,0.0,0.0,93.0,1.0000000000000067
2020-11-30,DeKalb,IN,Passenger,1.0,0.0,1.0,0.0,1.0,6.9025,2020,11,24251,67,93,1.0,1.0,1.0,1.0,0.0,0.0,94.0,1.0000000000000049
2020-12-31,DeKalb,GA,Passenger,1.0,0.0,1.0,73.0,74.0,1.35,2020,12,24252,67,94,1.0,1.0,1.0,1.0,0.0,0.0,95.0,1.0000000000000049
2020-12-31,DeKalb,IN,Passenger,1.0,0.0,1.0,0.0,1.0,6.9025,2020,12,24252,67,95,1.0,1.0,1.0,1.0,0.0,0.0,96.0,1.0000000000000029
2021-01-31,DeKalb,IN,Passenger,1.0,0.0,1.0,0.0,1.0,6.9025,2021,1,24253,67,96,1.0,1.0,1.0,1.0,0.0,0.0,97.0,1.0000000000000049
2021-01-31,DeKalb,GA,Passenger,1.0,0.0,1.0,68.0,69.0,1.45,2021,1,24253,67,97,1.0,1.0,1.0,1.0,0.0,0.0,98.0,1.0000000000000049
2021-02-28,DeKalb,IN,Passenger,1.0,0.0,1.0,0.0,1.0,6.9025,2021,2,24254,67,98,1.0,1.0,1.0,1.0,0.0,0.0,99.0,1.0000000000000009
2021-02-28,DeKalb,GA,Passenger,1.0,0.0,1.0,68.0,69.0,1.45,2021,2,24254,67,99,1.0,1.0,1.0,1.0,0.0,0.0,100.0,1.0000000000000029
2021-03-31,DeKalb,GA,Passenger,1.0,0.0,1.0,66.0,67.0,1.49,2021,3,24255,67,100,1.0,1.0,1.0,1.0,0.0,0.0,101.0,1.0000000000000087
2021-04-30,DeKalb,GA,Passenger,1.0,0.0,1.0,65.0,66.0,1.52,2021,4,24256,67,101,1.0,1.0,1.0,1.0,0.0,0.0,102.0,1.0000000000000009
2021-05-31,DeKalb,GA,Passenger,1.0,0.0,1.0,61.0,62.0,1.61,2021,5,24257,67,102,1.0,1.0,1.0,1.0,0.0,0.0,103.0,1.0000000000000087
2021-06-30,DeKalb,GA,Passenger,1.0,0.0,1.0,62.0,63.0,1.59,2021,6,24258,67,103,1.0,1.0,1.0,1.0,0.0,0.0,104.0,1.0000000000000067
2021-07-31,DeKalb,GA,Passenger,1.0,0.0,1.0,62.0,63.0,1.59,2021,7,24259,67,104,1.0,1.0,1.0,1.0,0.0,0.0,105.0,1.0000000000000104
2021-08-31,DeKalb,GA,Passenger,1.0,0.0,1.0,63.0,64.0,1.56,2021,8,24260,67,105,1.0,1.0,1.0,1.0,0.0,0.0,106.0,1.0000000000000067
2021-09-30,DeKalb,GA,Passenger,1.0,0.0,1.0,62.0,63.0,1.59,2021,9,24261,67,106,1.0,1.0,1.0,1.0,0.0,0.0,107.0,1.0000000000000067
2021-10-31,DeKalb,GA,Passenger,1.0,0.0,1.0,62.0,63.0,1.59,2021,10,24262,67,107,1.0,1.0,1.0,1.0,0.0,0.0,108.0,1.0000000000000067
2021-11-30,DeKalb,GA,Passenger,1.0,0.0,1.0,63.0,64.0,1.56,2021,11,24263,67,108,1.0,1.0,1.0,1.0,0.0,0.0,109.0,1.0000000000000067
2021-12-31,DeKalb,GA,Passenger,1.0,0.0,1.0,63.0,64.0,1.56,2021,12,24264,67,109,1.0,1.0,1.0,1.0,0.0,0.0,110.0,1.0000000000000067
2022-01-31,DeKalb,GA,Passenger,1.0,0.0,1.0,61.0,62.0,1.61,2022,1,24265,67,110,1.0,1.0,1.0,1.0,0.0,0.0,111.0,0.999999999999999
2022-02-28,DeKalb,GA,Passenger,1.0,0.0,1.0,58.0,59.0,1.69,2022,2,24266,67,111,1.0,1.0,1.0,1.0,0.0,0.0,112.0,1.0000000000000087
2022-03-31,DeKalb,GA,Passenger,1.0,0.0,1.0,56.0,57.0,1.75,2022,3,24267,67,112,1.0,1.0,1.0,1.0,0.0,0.0,113.0,1.0000000000000124
2022-04-30,DeKalb,GA,Passenger,1.0,0.0,1.0,55.0,56.0,1.79,2022,4,24268,67,113,1.0,1.0,1.0,1.0,0.0,0.0,114.0,1.0000000000000049
2022-05-31,DeKalb,GA,Passenger,1.0,0.0,1.0,53.0,54.0,1.85,2022,5,24269,67,114,1.0,1.0,1.0,1.0,0.0,0.0,115.0,1.0000000000000087
2022-06-30,DeKalb,GA,Passenger,1.0,0.0,1.0,54.0,55.0,1.82,2022,6,24270,67,115,1.0,1.0,1.0,1.0,0.0,0.0,116.0,1.0000000000000087
2022-07-31,DeKalb,GA,Passenger,1.0,0.0,1.0,53.0,54.0,1.85,2022,7,24271,67,116,1.0,1.0,1.0,1.0,0.0,0.0,117.0,1.0000000000000049
2022-08-31,DeKalb,GA,Passenger,1.0,0.0,1.0,52.0,53.0,1.89,2022,8,24272,67,117,1.0,1.0,1.0,1.0,0.0,0.0,118.0,1.0000000000000009
2022-09-30,DeKalb,GA,Passenger,1.0,0.0,1.0,50.0,51.0,1.96,2022,9,24273,67,118,1.0,1.0,1.0,1.0,0.0,0.0,119.0,1.0000000000000049
2022-10-31,DeKalb,GA,Passenger,1.0,0.0,1.0,49.0,50.0,2.0,2022,10,24274,67,119,1.0,1.0,1.0,1.0,0.0,0.0,120.0,1.0000000000000162
2022-11-30,DeKalb,GA,Passenger,1.0,0.0,1.0,48.0,49.0,2.04,2022,11,24275,67,120,1.0,1.0,1.0,1.0,0.0,0.0,121.0,1.0000000000000049
2022-12-31,DeKalb,GA,Passenger,1.0,0.0,1.0,47.0,48.0,2.08,2022,12,24276,67,121,1.0,1.0,1.0,1.0,0.0,0.0,122.0,1.0000000000000049
2023-01-31,DeKalb,GA,Passenger,1.0,0.0,1.0,47.0,48.0,2.08,2023,1,24277,67,122,1.0,1.0,1.0,1.0,0.0,0.0,123.0,1.0000000000000009
2023-02-28,DeKalb,GA,Passenger,2.0,0.0,2.0,47.0,49.0,4.08,2023,2,24278,67,123,1.0,1.0,1.0,1.0,1.0,1.0,125.0,1.1428571428571528
2023-03-31,DeKalb,GA,Passenger,2.0,0.0,2.0,46.0,48.0,4.17,2023,3,24279,67,124,2.0,1.0,1.0,1.3333333333333333,0.0,1.0,127.0,1.3714285714285863
2023-04-30,DeKalb,GA,Passenger,2.0,0.0,2.0,46.0,48.0,4.17,2023,4,24280,67,125,2.0,2.0,1.0,1.6666666666666667,0.0,1.0,129.0,1.628571428571432
2023-05-31,DeKalb,GA,Passenger,2.0,0.0,2.0,44.0,46.0,4.35,2023,5,24281,67,126,2.0,2.0,2.0,2.0,0.0,0.0,131.0,1.8571428571428616
2023-06-30,DeKalb,GA,Passenger,2.0,0.0,2.0,42.0,44.0,4.55,2023,6,24282,67,127,2.0,2.0,2.0,2.0,0.0,0.0,133.0,2.0000000000000133
2023-07-31,DeKalb,GA,Passenger,2.0,0.0,2.0,38.0,40.0,5.0,2023,7,24283,67,128,2.0,2.0,2.0,2.0,0.0,0.0,135.0,1.999999999999998
2023-08-31,DeKalb,GA,Passenger,2.0,0.0,2.0,36.0,38.0,5.26,2023,8,24284,67,129,2.0,2.0,2.0,2.0,0.0,0.0,137.0,2.0000000000000018
2023-09-30,DeKalb,GA,Passenger,2.0,0.0,2.0,36.0,38.0,5.26,2023,9,24285,67,130,2.0,2.0,2.0,2.0,0.0,0.0,139.0,2.0000000000000058
2023-10-31,DeKalb,GA,Passenger,2.0,0.0,2.0,35.0,37.0,5.41,2023,10,24286,67,131,2.0,2.0,2.0,2.0,0.0,0.0,141.0,2.0000000000000058
2023-11-30,DeKalb,GA,Passenger,2.0,0.0,2.0,35.0,37.0,5.41,2023,11,24287,67,132,2.0,2.0,2.0,2.0,0.0,0.0,143.0,2.0000000000000173
2023-12-31,DeKalb,GA,Passenger,2.0,0.0,2.0,32.0,34.0,5.88,2023,12,24288,67,133,2.0,2.0,2.0,2.0,0.0,0.0,145.0,2.0000000000000133
2024-01-31,DeKalb,GA,Passenger,1.0,0.0,1.0,31.0,32.0,3.12,2024,1,24289,67,134,2.0,2.0,2.0,2.0,-0.5,-0.5,146.0,1.8571428571428694
2024-02-29,DeKalb,GA,Passenger,1.0,0.0,1.0,30.0,31.0,3.23,2024,2,24290,67,135,1.0,2.0,2.0,1.6666666666666667,0.0,-0.5,147.0,1.6285714285714357
2020-06-30,Denton,TX,Passenger,1.0,0.0,1.0,90.0,91.0,1.1,2020,6,24246,68,5,1.0,1.0,1.0,1.0,0.0,0.0,6.0,0.9999999999999998
2020-07-31,Denton,TX,Passenger,1.0,0.0,1.0,91.0,92.0,1.09,2020,7,24247,68,6,1.0,1.0,1.0,1.0,0.0,0.0,7.0,0.9999999999999998
2020-08-31,Denton,TX,Passenger,1.0,0.0,1.0,92.0,93.0,1.08,2020,8,24248,68,7,1.0,1.0,1.0,1.0,0.0,0.0,8.0,0.9999999999999999
2020-09-30,Denton,TX,Passenger,1.0,0.0,1.0,90.0,91.0,1.1,2020,9,24249,68,8,1.0,1.0,1.0,1.0,0.0,0.0,9.0,1.0000000000000002
2020-10-31,Denton,TX,Passenger,1.0,0.0,1.0,87.0,88.0,1.14,2020,10,24250,68,9,1.0,1.0,1.0,1.0,0.0,0.0,10.0,1.0000000000000002
2020-11-30,Denton,TX,Passenger,1.0,0.0,1.0,87.0,88.0,1.14,2020,11,24251,68,10,1.0,1.0,1.0,1.0,0.0,0.0,11.0,1.0
2020-12-31,Denton,TX,Passenger,1.0,0.0,1.0,86.0,87.0,1.15,2020,12,24252,68,11,1.0,1.0,1.0,1.0,0.0,0.0,12.0,1.0000000000000002
2021-07-31,Denton,TX,Passenger,1.0,0.0,1.0,82.0,83.0,1.2,2021,7,24259,68,12,1.0,1.0,1.0,1.0,0.0,0.0,13.0,1.0000000000000002
2021-08-31,Denton,TX,Passenger,1.0,0.0,1.0,79.0,80.0,1.25,2021,8,24260,68,13,1.0,1.0,1.0,1.0,0.0,0.0,14.0,1.0000000000000009
2021-09-30,Denton,TX,Passenger,1.0,0.0,1.0,76.0,77.0,1.3,2021,9,24261,68,14,1.0,1.0,1.0,1.0,0.0,0.0,15.0,1.0000000000000007
2021-10-31,Denton,TX,Passenger,1.0,0.0,1.0,78.0,79.0,1.27,2021,10,24262,68,15,1.0,1.0,1.0,1.0,0.0,0.0,16.0,1.0000000000000009
2021-11-30,Denton,TX,Passenger,1.0,0.0,1.0,77.0,78.0,1.28,2021,11,24263,68,16,1.0,1.0,1.0,1.0,0.0,0.0,17.0,1.0
2021-12-31,Denton,TX,Passenger,2.0,0.0,2.0,77.0,79.0,2.53,2021,12,24264,68,17,1.0,1.0,1.0,1.0,1.0,1.0,19.0,1.1428571428571443
2022-01-31,Denton,TX,Passenger,2.0,0.0,2.0,74.0,76.0,2.63,2022,1,24265,68,18,2.0,1.0,1.0,1.3333333333333333,0.0,1.0,21.0,1.371428571428572
2022-02-28,Denton,TX,Passenger,2.0,0.0,2.0,73.0,75.0,2.67,2022,2,24266,68,19,2.0,2.0,1.0,1.6666666666666667,0.0,1.0,23.0,1.62857142857143
2022-03-31,Denton,TX,Passenger,2.0,0.0,2.0,69.0,71.0,2.82,2022,3,24267,68,20,2.0,2.0,2.0,2.0,0.0,0.0,25.0,1.857142857142859
2022-04-30,Denton,TX,Passenger,2.0,0.0,2.0,65.0,67.0,2.99,2022,4,24268,68,21,2.0,2.0,2.0,2.0,0.0,0.0,27.0,2.000000000000001
2022-05-31,Denton,TX,Passenger,2.0,0.0,2.0,64.0,66.0,3.03,2022,5,24269,68,22,2.0,2.0,2.0,2.0,0.0,0.0,29.0,2.000000000000001
2022-06-30,Denton,TX,Passenger,2.0,0.0,2.0,64.0,66.0,3.03,2022,6,24270,68,23,2.0,2.0,2.0,2.0,0.0,0.0,31.0,2.0000000000000004
2022-07-31,Denton,TX,Passenger,2.0,0.0,2.0,63.0,65.0,3.08,2022,7,24271,68,24,2.0,2.0,2.0,2.0,0.0,0.0,33.0,2.0000000000000013
2022-08-31,Denton,TX,Passenger,2.0,0.0,2.0,60.0,62.0,3.23,2022,8,24272,68,25,2.0,2.0,2.0,2.0,0.0,0.0,35.0,2.000000000000001
2022-09-30,Denton,TX,Passenger,2.0,0.0,2.0,61.0,63.0,3.17,2022,9,24273,68,26,2.0,2.0,2.0,2.0,0.0,0.0,37.0,2.0000000000000004
2022-10-31,Denton,TX,Passenger,2.0,0.0,2.0,59.0,61.0,3.28,2022,10,24274,68,27,2.0,2.0,2.0,2.0,0.0,0.0,39.0,1.9999999999999991
2022-11-30,Denton,TX,Passenger,2.0,0.0,2.0,56.0,58.0,3.45,2022,11,24275,68,28,2.0,2.0,2.0,2.0,0.0,0.0,41.0,2.0000000000000027
2022-12-31,Denton,TX,Passenger,2.0,0.0,2.0,54.0,56.0,3.57,2022,12,24276,68,29,2.0,2.0,2.0,2.0,0.0,0.0,43.0,2.0000000000000027
2023-01-31,Denton,TX,Passenger,2.0,0.0,2.0,49.0,51.0,3.92,2023,1,24277,68,30,2.0,2.0,2.0,2.0,0.0,0.0,45.0,2.000000000000001
2023-02-28,Denton,TX,Passenger,2.0,0.0,2.0,50.0,52.0,3.85,2023,2,24278,68,31,2.0,2.0,2.0,2.0,0.0,0.0,47.0,2.0000000000000027
2023-03-31,Denton,TX,Passenger,2.0,0.0,2.0,47.0,49.0,4.08,2023,3,24279,68,32,2.0,2.0,2.0,2.0,0.0,0.0,49.0,2.000000000000001
2023-04-30,Denton,TX,Passenger,2.0,0.0,2.0,48.0,50.0,4.0,2023,4,24280,68,33,2.0,2.0,2.0,2.0,0.0,0.0,51.0,2.0000000000000018
2023-05-31,Denton,TX,Passenger,2.0,0.0,2.0,48.0,50.0,4.0,2023,5,24281,68,34,2.0,2.0,2.0,2.0,0.0,0.0,53.0,2.0000000000000027
2023-06-30,Denton,TX,Passenger,1.0,0.0,1.0,44.0,45.0,2.22,2023,6,24282,68,35,2.0,2.0,2.0,2.0,-0.5,-0.5,54.0,1.8571428571428568
2023-07-31,Denton,TX,Passenger,1.0,0.0,1.0,40.0,41.0,2.44,2023,7,24283,68,36,1.0,2.0,2.0,1.6666666666666667,0.0,-0.5,55.0,1.628571428571429
2023-08-31,Denton,TX,Passenger,1.0,0.0,1.0,37.0,38.0,2.63,2023,8,24284,68,37,1.0,1.0,2.0,1.3333333333333333,0.0,-0.5,56.0,1.3714285714285739
2023-09-30,Denton,TX,Passenger,1.0,0.0,1.0,34.0,35.0,2.86,2023,9,24285,68,38,1.0,1.0,1.0,1.0,0.0,0.0,57.0,1.142857142857148
2023-10-31,Denton,TX,Passenger,1.0,0.0,1.0,31.0,32.0,3.12,2023,10,24286,68,39,1.0,1.0,1.0,1.0,0.0,0.0,58.0,1.0000000000000038
2023-11-30,Denton,TX,Passenger,1.0,0.0,1.0,29.0,30.0,3.33,2023,11,24287,68,40,1.0,1.0,1.0,1.0,0.0,0.0,59.0,1.0000000000000038
2024-01-31,Denton,TX,Passenger,1.0,0.0,1.0,26.0,27.0,3.7,2024,1,24289,68,41,1.0,1.0,1.0,1.0,0.0,0.0,60.0,1.0000000000000038
2024-02-29,Denton,TX,Passenger,1.0,0.0,1.0,25.0,26.0,3.85,2024,2,24290,68,42,1.0,1.0,1.0,1.0,0.0,0.0,61.0,1.0000000000000049
2019-02-28,Denver,CO,Passenger,1.0,0.0,1.0,130.0,131.0,0.76,2019,2,24230,69,5,1.0,1.0,1.0,1.0,0.0,0.0,6.0,0.9999999999999998
2019-03-31,Denver,CO,Passenger,1.0,0.0,1.0,133.0,134.0,0.75,2019,3,24231,69,6,1.0,1.0,1.0,1.0,0.0,0.0,7.0,0.9999999999999998
2019-04-30,Denver,CO,Passenger,1.0,0.0,1.0,131.0,132.0,0.76,2019,4,24232,69,7,1.0,1.0,1.0,1.0,0.0,0.0,8.0,0.9999999999999999
2019-05-31,Denver,CO,Passenger,1.0,0.0,1.0,132.0,133.0,0.75,2019,5,24233,69,8,1.0,1.0,1.0,1.0,0.0,0.0,9.0,1.0000000000000002
2019-06-30,Denver,CO,Passenger,1.0,0.0,1.0,133.0,134.0,0.75,2019,6,24234,69,9,1.0,1.0,1.0,1.0,0.0,0.0,10.0,1.0000000000000002
2019-07-31,Denver,CO,Passenger,1.0,0.0,1.0,127.0,128.0,0.78,2019,7,24235,69,10,1.0,1.0,1.0,1.0,0.0,0.0,11.0,1.0
2019-08-31,Denver,CO,Passenger,1.0,0.0,1.0,128.0,129.0,0.78,2019,8,24236,69,11,1.0,1.0,1.0,1.0,0.0,0.0,12.0,1.0000000000000002
2019-09-30,Denver,CO,Passenger,1.0,0.0,1.0,128.0,129.0,0.78,2019,9,24237,69,12,1.0,1.0,1.0,1.0,0.0,0.0,13.0,1.0000000000000002
2019-10-31,Denver,CO,Passenger,1.0,0.0,1.0,132.0,133.0,0.75,2019,10,24238,69,13,1.0,1.0,1.0,1.0,0.0,0.0,14.0,1.0000000000000009
2019-11-30,Denver,CO,Passenger,1.0,0.0,1.0,130.0,131.0,0.76,2019,11,24239,69,14,1.0,1.0,1.0,1.0,0.0,0.0,15.0,1.0000000000000007
2019-12-31,Denver,CO,Passenger,1.0,0.0,1.0,129.0,130.0,0.77,2019,12,24240,69,15,1.0,1.0,1.0,1.0,0.0,0.0,16.0,1.0000000000000009
2020-01-31,Denver,CO,Passenger,1.0,0.0,1.0,126.0,127.0,0.79,2020,1,24241,69,16,1.0,1.0,1.0,1.0,0.0,0.0,17.0,1.0
2020-02-29,Denver,CO,Passenger,1.0,0.0,1.0,129.0,130.0,0.77,2020,2,24242,69,17,1.0,1.0,1.0,1.0,0.0,0.0,18.0,1.0000000000000002
2020-03-31,Denver,CO,Passenger,1.0,0.0,1.0,124.0,125.0,0.8,2020,3,24243,69,18,1.0,1.0,1.0,1.0,0.0,0.0,19.0,1.000000000000002
2020-04-30,Denver,CO,Passenger,1.0,0.0,1.0,123.0,124.0,0.81,2020,4,24244,69,19,1.0,1.0,1.0,1.0,0.0,0.0,20.0,0.9999999999999998
2020-05-31,Denver,CO,Passenger,1.0,0.0,1.0,122.0,123.0,0.81,2020,5,24245,69,20,1.0,1.0,1.0,1.0,0.0,0.0,21.0,1.000000000000001
2020-06-30,Denver,CO,Passenger,1.0,0.0,1.0,119.0,120.0,0.83,2020,6,24246,69,21,1.0,1.0,1.0,1.0,0.0,0.0,22.0,1.0000000000000013
2020-07-31,Denver,CO,Passenger,1.0,0.0,1.0,119.0,120.0,0.83,2020,7,24247,69,22,1.0,1.0,1.0,1.0,0.0,0.0,23.0,1.0000000000000013
2020-08-31,Denver,CO,Passenger,1.0,0.0,1.0,119.0,120.0,0.83,2020,8,24248,69,23,1.0,1.0,1.0,1.0,0.0,0.0,24.0,1.0000000000000004
2020-09-30,Denver,CO,Passenger,1.0,0.0,1.0,119.0,120.0,0.83,2020,9,24249,69,24,1.0,1.0,1.0,1.0,0.0,0.0,25.0,1.0000000000000013
2020-10-31,Denver,CO,Passenger,1.0,0.0,1.0,119.0,120.0,0.83,2020,10,24250,69,25,1.0,1.0,1.0,1.0,0.0,0.0,26.0,1.0000000000000013
2020-11-30,Denver,CO,Passenger,1.0,0.0,1.0,120.0,121.0,0.83,2020,11,24251,69,26,1.0,1.0,1.0,1.0,0.0,0.0,27.0,1.0000000000000013
2020-12-31,Denver,CO,Passenger,1.0,0.0,1.0,121.0,122.0,0.82,2020,12,24252,69,27,1.0,1.0,1.0,1.0,0.0,0.0,28.0,1.0000000000000013
2021-01-31,Denver,CO,Passenger,1.0,0.0,1.0,121.0,122.0,0.82,2021,1,24253,69,28,1.0,1.0,1.0,1.0,0.0,0.0,29.0,1.0000000000000024
2021-02-28,Denver,CO,Passenger,1.0,0.0,1.0,119.0,120.0,0.83,2021,2,24254,69,29,1.0,1.0,1.0,1.0,0.0,0.0,30.0,1.000000000000002
2021-03-31,Denver,CO,Passenger,1.0,0.0,1.0,118.0,119.0,0.84,2021,3,24255,69,30,1.0,1.0,1.0,1.0,0.0,0.0,31.0,1.0000000000000009
2021-04-30,Denver,CO,Passenger,1.0,0.0,1.0,119.0,120.0,0.83,2021,4,24256,69,31,1.0,1.0,1.0,1.0,0.0,0.0,32.0,1.000000000000002
2021-05-31,Denver,CO,Passenger,1.0,0.0,1.0,115.0,116.0,0.86,2021,5,24257,69,32,1.0,1.0,1.0,1.0,0.0,0.0,33.0,1.0000000000000038
2021-06-30,Denver,CO,Passenger,1.0,0.0,1.0,123.0,124.0,0.81,2021,6,24258,69,33,1.0,1.0,1.0,1.0,0.0,0.0,34.0,1.0000000000000004
2021-07-31,Denver,CO,Passenger,1.0,0.0,1.0,121.0,122.0,0.82,2021,7,24259,69,34,1.0,1.0,1.0,1.0,0.0,0.0,35.0,1.000000000000002
2021-08-31,Denver,CO,Passenger,1.0,0.0,1.0,122.0,123.0,0.81,2021,8,24260,69,35,1.0,1.0,1.0,1.0,0.0,0.0,36.0,1.0000000000000029
2017-06-30,Deschutes,OR,Passenger,1.0,0.0,1.0,201.0,202.0,0.5,2017,6,24210,70,5,1.0,1.0,1.0,1.0,0.0,0.0,7.0,0.9999999999999998
2017-07-31,Deschutes,OR,Passenger,1.0,0.0,1.0,200.0,201.0,0.5,2017,7,24211,70,6,1.0,1.0,1.0,1.0,0.0,0.0,8.0,0.9999999999999999
2017-08-31,Deschutes,OR,Passenger,1.0,0.0,1.0,199.0,200.0,0.5,2017,8,24212,70,7,1.0,1.0,1.0,1.0,0.0,0.0,9.0,1.0000000000000002
2017-09-30,Deschutes,OR,Passenger,1.0,0.0,1.0,198.0,199.0,0.5,2017,9,24213,70,8,1.0,1.0,1.0,1.0,0.0,0.0,10.0,1.0000000000000002
2017-10-31,Deschutes,OR,Passenger,1.0,0.0,1.0,191.0,192.0,0.52,2017,10,24214,70,9,1.0,1.0,1.0,1.0,0.0,0.0,11.0,1.0
2017-11-30,Deschutes,OR,Passenger,1.0,0.0,1.0,186.0,187.0,0.53,2017,11,24215,70,10,1.0,1.0,1.0,1.0,0.0,0.0,12.0,1.0000000000000002
2017-12-31,Deschutes,OR,Passenger,1.0,0.0,1.0,184.0,185.0,0.54,2017,12,24216,70,11,1.0,1.0,1.0,1.0,0.0,0.0,13.0,1.0000000000000002
2018-01-31,Deschutes,OR,Passenger,1.0,0.0,1.0,184.0,185.0,0.54,2018,1,24217,70,12,1.0,1.0,1.0,1.0,0.0,0.0,14.0,1.0000000000000009
2018-02-28,Deschutes,OR,Passenger,1.0,0.0,1.0,183.0,184.0,0.54,2018,2,24218,70,13,1.0,1.0,1.0,1.0,0.0,0.0,15.0,1.0000000000000007
2018-03-31,Deschutes,OR,Passenger,1.0,0.0,1.0,179.0,180.0,0.56,2018,3,24219,70,14,1.0,1.0,1.0,1.0,0.0,0.0,16.0,1.0000000000000009
2018-04-30,Deschutes,OR,Passenger,1.0,0.0,1.0,180.0,181.0,0.55,2018,4,24220,70,15,1.0,1.0,1.0,1.0,0.0,0.0,17.0,1.0
2018-05-31,Deschutes,OR,Passenger,1.0,0.0,1.0,177.0,178.0,0.56,2018,5,24221,70,16,1.0,1.0,1.0,1.0,0.0,0.0,18.0,1.0000000000000002
2018-06-30,Deschutes,OR,Passenger,1.0,0.0,1.0,177.0,178.0,0.56,2018,6,24222,70,17,1.0,1.0,1.0,1.0,0.0,0.0,19.0,1.000000000000002
2018-07-31,Deschutes,OR,Passenger,1.0,0.0,1.0,174.0,175.0,0.57,2018,7,24223,70,18,1.0,1.0,1.0,1.0,0.0,0.0,20.0,0.9999999999999998
2018-08-31,Deschutes,OR,Passenger,2.0,0.0,2.0,172.0,174.0,1.15,2018,8,24224,70,19,1.0,1.0,1.0,1.0,1.0,1.0,22.0,1.1428571428571432
2018-09-30,Deschutes,OR,Passenger,2.0,0.0,2.0,170.0,172.0,1.16,2018,9,24225,70,20,2.0,1.0,1.0,1.3333333333333333,0.0,1.0,24.0,1.371428571428573
2018-10-31,Deschutes,OR,Passenger,3.0,0.0,3.0,169.0,172.0,1.74,2018,10,24226,70,21,2.0,2.0,1.0,1.6666666666666667,0.5,2.0,27.0,1.7714285714285727
2018-11-30,Deschutes,OR,Passenger,3.0,0.0,3.0,171.0,174.0,1.72,2018,11,24227,70,22,3.0,2.0,2.0,2.3333333333333335,0.0,0.5,30.0,2.22857142857143
2018-12-31,Deschutes,OR,Passenger,3.0,0.0,3.0,173.0,176.0,1.7,2018,12,24228,70,23,3.0,3.0,2.0,2.6666666666666665,0.0,0.5,33.0,2.628571428571429
2019-01-31,Deschutes,OR,Passenger,3.0,0.0,3.0,172.0,175.0,1.71,2019,1,24229,70,24,3.0,3.0,3.0,3.0,0.0,0.0,36.0,2.8571428571428577
2019-02-28,Deschutes,OR,Passenger,3.0,0.0,3.0,171.0,174.0,1.72,2019,2,24230,70,25,3.0,3.0,3.0,3.0,0.0,0.0,39.0,3.000000000000001
2019-03-31,Deschutes,OR,Passenger,3.0,0.0,3.0,165.0,168.0,1.79,2019,3,24231,70,26,3.0,3.0,3.0,3.0,0.0,0.0,42.0,3.0000000000000018
2019-04-30,Deschutes,OR,Passenger,3.0,0.0,3.0,161.0,164.0,1.83,2019,4,24232,70,27,3.0,3.0,3.0,3.0,0.0,0.0,45.0,3.0
2019-05-31,Deschutes,OR,Passenger,3.0,0.0,3.0,165.0,168.0,1.79,2019,5,24233,70,28,3.0,3.0,3.0,3.0,0.0,0.0,48.0,3.0
2019-06-30,Deschutes,OR,Passenger,3.0,0.0,3.0,164.0,167.0,1.8,2019,6,24234,70,29,3.0,3.0,3.0,3.0,0.0,0.0,51.0,3.0000000000000018
2019-07-31,Deschutes,OR,Passenger,3.0,0.0,3.0,163.0,166.0,1.81,2019,7,24235,70,30,3.0,3.0,3.0,3.0,0.0,0.0,54.0,3.000000000000004
2019-08-31,Deschutes,OR,Passenger,3.0,0.0,3.0,162.0,165.0,1.82,2019,8,24236,70,31,3.0,3.0,3.0,3.0,0.0,0.0,57.0,3.000000000000001
2019-09-30,Deschutes,OR,Passenger,4.0,0.0,4.0,162.0,166.0,2.41,2019,9,24237,70,32,3.0,3.0,3.0,3.0,0.33333333333333326,0.33333333333333326,61.0,3.142857142857144
2019-10-31,Deschutes,OR,Passenger,4.0,0.0,4.0,160.0,164.0,2.44,2019,10,24238,70,33,4.0,3.0,3.0,3.3333333333333335,0.0,0.33333333333333326,65.0,3.371428571428572
2019-11-30,Deschutes,OR,Passenger,4.0,0.0,4.0,156.0,160.0,2.5,2019,11,24239,70,34,4.0,4.0,3.0,3.6666666666666665,0.0,0.33333333333333326,69.0,3.62857142857143
2019-12-31,Deschutes,OR,Passenger,4.0,0.0,4.0,158.0,162.0,2.47,2019,12,24240,70,35,4.0,4.0,4.0,4.0,0.0,0.0,73.0,3.8571428571428608
2020-01-31,Deschutes,OR,Passenger,4.0,0.0,4.0,154.0,158.0,2.53,2020,1,24241,70,36,4.0,4.0,4.0,4.0,0.0,0.0,77.0,4.000000000000003
2020-02-29,Deschutes,OR,Passenger,4.0,0.0,4.0,149.0,153.0,2.61,2020,2,24242,70,37,4.0,4.0,4.0,4.0,0.0,0.0,81.0,4.000000000000008
2020-03-31,Deschutes,OR,Passenger,4.0,0.0,4.0,153.0,157.0,2.55,2020,3,24243,70,38,4.0,4.0,4.0,4.0,0.0,0.0,85.0,4.0
2020-04-30,Deschutes,OR,Passenger,4.0,0.0,4.0,149.0,153.0,2.61,2020,4,24244,70,39,4.0,4.0,4.0,4.0,0.0,0.0,89.0,4.0
2020-05-31,Deschutes,OR,Passenger,4.0,0.0,4.0,144.0,148.0,2.7,2020,5,24245,70,40,4.0,4.0,4.0,4.0,0.0,0.0,93.0,4.000000000000005
2020-06-30,Deschutes,OR,Passenger,4.0,0.0,4.0,143.0,147.0,2.72,2020,6,24246,70,41,4.0,4.0,4.0,4.0,0.0,0.0,97.0,4.000000000000005
2020-07-31,Deschutes,OR,Passenger,3.0,0.0,3.0,141.0,144.0,2.08,2020,7,24247,70,42,4.0,4.0,4.0,4.0,-0.25,-0.25,100.0,3.8571428571428616
2020-08-31,Deschutes,OR,Passenger,2.0,0.0,2.0,140.0,142.0,1.41,2020,8,24248,70,43,3.0,4.0,4.0,3.6666666666666665,-0.33333333333333337,-0.5,102.0,3.485714285714288
2020-09-30,Deschutes,OR,Passenger,2.0,0.0,2.0,138.0,140.0,1.43,2020,9,24249,70,44,2.0,3.0,4.0,3.0,0.0,-0.5,104.0,3.0000000000000067
2020-10-31,Deschutes,OR,Passenger,2.0,0.0,2.0,137.0,139.0,1.44,2020,10,24250,70,45,2.0,2.0,3.0,2.3333333333333335,0.0,-0.33333333333333337,106.0,2.514285714285712
2020-11-30,Deschutes,OR,Passenger,2.0,0.0,2.0,136.0,138.0,1.45,2020,11,24251,70,46,2.0,2.0,2.0,2.0,0.0,0.0,108.0,2.1428571428571592
2020-12-31,Deschutes,OR,Passenger,2.0,0.0,2.0,131.0,133.0,1.5,2020,12,24252,70,47,2.0,2.0,2.0,2.0,0.0,0.0,110.0,2.0000000000000075
2021-01-31,Deschutes,OR,Passenger,2.0,0.0,2.0,133.0,135.0,1.48,2021,1,24253,70,48,2.0,2.0,2.0,2.0,0.0,0.0,112.0,2.0
2021-02-28,Deschutes,OR,Passenger,2.0,0.0,2.0,133.0,135.0,1.48,2021,2,24254,70,49,2.0,2.0,2.0,2.0,0.0,0.0,114.0,2.000000000000004
2021-03-31,Deschutes,OR,Passenger,2.0,0.0,2.0,132.0,134.0,1.49,2021,3,24255,70,50,2.0,2.0,2.0,2.0,0.0,0.0,116.0,2.0000000000000075
2021-04-30,Deschutes,OR,Passenger,2.0,0.0,2.0,130.0,132.0,1.52,2021,4,24256,70,51,2.0,2.0,2.0,2.0,0.0,0.0,118.0,2.0000000000000075
2021-05-31,Deschutes,OR,Passenger,2.0,0.0,2.0,126.0,128.0,1.56,2021,5,24257,70,52,2.0,2.0,2.0,2.0,0.0,0.0,120.0,2.0000000000000075
2021-06-30,Deschutes,OR,Passenger,1.0,0.0,1.0,125.0,126.0,0.79,2021,6,24258,70,53,2.0,2.0,2.0,2.0,-0.5,-0.5,121.0,1.8571428571428616
2021-07-31,Deschutes,OR,Passenger,1.0,0.0,1.0,123.0,124.0,0.81,2021,7,24259,70,54,1.0,2.0,2.0,1.6666666666666667,0.0,-0.5,122.0,1.6285714285714281
2021-08-31,Deschutes,OR,Passenger,1.0,0.0,1.0,122.0,123.0,0.81,2021,8,24260,70,55,1.0,1.0,2.0,1.3333333333333333,0.0,-0.5,123.0,1.3714285714285748
2021-09-30,Deschutes,OR,Passenger,1.0,0.0,1.0,120.0,121.0,0.83,2021,9,24261,70,56,1.0,1.0,1.0,1.0,0.0,0.0,124.0,1.142857142857145
2021-10-31,Deschutes,OR,Passenger,1.0,0.0,1.0,115.0,116.0,0.86,2021,10,24262,70,57,1.0,1.0,1.0,1.0,0.0,0.0,125.0,1.0000000000000124
2021-11-30,Deschutes,OR,Passenger,2.0,0.0,2.0,113.0,115.0,1.74,2021,11,24263,70,58,1.0,1.0,1.0,1.0,1.0,1.0,127.0,1.1428571428571412
2021-12-31,Deschutes,OR,Passenger,2.0,0.0,2.0,112.0,114.0,1.75,2021,12,24264,70,59,2.0,1.0,1.0,1.3333333333333333,0.0,1.0,129.0,1.371428571428571
2022-01-31,Deschutes,OR,Passenger,2.0,0.0,2.0,110.0,112.0,1.79,2022,1,24265,70,60,2.0,2.0,1.0,1.6666666666666667,0.0,1.0,131.0,1.628571428571451
2022-02-28,Deschutes,OR,Passenger,2.0,0.0,2.0,104.0,106.0,1.89,2022,2,24266,70,61,2.0,2.0,2.0,2.0,0.0,0.0,133.0,1.8571428571428654
2022-03-31,Deschutes,OR,Passenger,2.0,0.0,2.0,103.0,105.0,1.9,2022,3,24267,70,62,2.0,2.0,2.0,2.0,0.0,0.0,135.0,1.999999999999998
2022-04-30,Deschutes,OR,Passenger,2.0,0.0,2.0,100.0,102.0,1.96,2022,4,24268,70,63,2.0,2.0,2.0,2.0,0.0,0.0,137.0,2.0000000000000018
2022-05-31,Deschutes,OR,Passenger,2.0,0.0,2.0,94.0,96.0,2.08,2022,5,24269,70,64,2.0,2.0,2.0,2.0,0.0,0.0,139.0,2.0000000000000058
2022-06-30,Deschutes,OR,Passenger,2.0,0.0,2.0,89.0,91.0,2.2,2022,6,24270,70,65,2.0,2.0,2.0,2.0,0.0,0.0,141.0,2.0000000000000058
2022-07-31,Deschutes,OR,Passenger,2.0,0.0,2.0,91.0,93.0,2.15,2022,7,24271,70,66,2.0,2.0,2.0,2.0,0.0,0.0,143.0,2.0000000000000173
2022-08-31,Deschutes,OR,Passenger,2.0,0.0,2.0,87.0,89.0,2.25,2022,8,24272,70,67,2.0,2.0,2.0,2.0,0.0,0.0,145.0,2.0000000000000133
2022-09-30,Deschutes,OR,Passenger,1.0,0.0,1.0,81.0,82.0,1.22,2022,9,24273,70,68,2.0,2.0,2.0,2.0,-0.5,-0.5,146.0,1.8571428571428694
2022-10-31,Deschutes,OR,Passenger,1.0,0.0,1.0,81.0,82.0,1.22,2022,10,24274,70,69,1.0,2.0,2.0,1.6666666666666667,0.0,-0.5,147.0,1.6285714285714357
2022-11-30,Deschutes,OR,Passenger,1.0,0.0,1.0,80.0,81.0,1.23,2022,11,24275,70,70,1.0,1.0,2.0,1.3333333333333333,0.0,-0.5,148.0,1.3714285714285785
2022-12-31,Deschutes,OR,Passenger,1.0,0.0,1.0,77.0,78.0,1.28,2022,12,24276,70,71,1.0,1.0,1.0,1.0,0.0,0.0,149.0,1.142857142857145
2023-01-31,Deschutes,OR,Passenger,1.0,0.0,1.0,72.0,73.0,1.37,2023,1,24277,70,72,1.0,1.0,1.0,1.0,0.0,0.0,150.0,1.0000000000000124
2023-02-28,Deschutes,OR,Passenger,1.0,0.0,1.0,73.0,74.0,1.35,2023,2,24278,70,73,1.0,1.0,1.0,1.0,0.0,0.0,151.0,1.0000000000000124
2023-03-31,Deschutes,OR,Passenger,1.0,0.0,1.0,71.0,72.0,1.39,2023,3,24279,70,74,1.0,1.0,1.0,1.0,0.0,0.0,152.0,1.0000000000000009
2023-04-30,Deschutes,OR,Passenger,1.0,0.0,1.0,66.0,67.0,1.49,2023,4,24280,70,75,1.0,1.0,1.0,1.0,0.0,0.0,153.0,1.0000000000000049
2023-05-31,Deschutes,OR,Passenger,1.0,0.0,1.0,66.0,67.0,1.49,2023,5,24281,70,76,1.0,1.0,1.0,1.0,0.0,0.0,154.0,1.0000000000000087
2023-06-30,Deschutes,OR,Passenger,1.0,0.0,1.0,63.0,64.0,1.56,2023,6,24282,70,77,1.0,1.0,1.0,1.0,0.0,0.0,155.0,1.0000000000000049
2023-07-31,Deschutes,OR,Passenger,1.0,0.0,1.0,61.0,62.0,1.61,2023,7,24283,70,78,1.0,1.0,1.0,1.0,0.0,0.0,156.0,1.0000000000000124
2023-08-31,Deschutes,OR,Passenger,1.0,0.0,1.0,57.0,58.0,1.72,2023,8,24284,70,79,1.0,1.0,1.0,1.0,0.0,0.0,157.0,1.0000000000000124
2017-06-30,District of Columbia,DC,Passenger,0.0,3.0,3.0,217.0,220.0,1.36,2017,6,24210,71,5,3.0,3.0,3.0,3.0,0.0,0.0,18.0,2.9999999999999996
2017-07-31,District of Columbia,DC,Passenger,0.0,3.0,3.0,210.0,213.0,1.41,2017,7,24211,71,6,3.0,3.0,3.0,3.0,0.0,0.0,21.0,2.9999999999999996
2017-08-31,District of Columbia,DC,Passenger,0.0,2.0,2.0,205.0,207.0,0.97,2017,8,24212,71,7,3.0,3.0,3.0,3.0,-0.33333333333333337,-0.33333333333333337,23.0,2.8571428571428568
2017-09-30,District of Columbia,DC,Passenger,0.0,2.0,2.0,203.0,205.0,0.98,2017,9,24213,71,8,2.0,3.0,3.0,2.6666666666666665,0.0,-0.33333333333333337,25.0,2.628571428571428
2017-10-31,District of Columbia,DC,Passenger,0.0,3.0,3.0,203.0,206.0,1.46,2017,10,24214,71,9,2.0,2.0,3.0,2.3333333333333335,0.5,0.0,28.0,2.514285714285715
2017-11-30,District of Columbia,DC,Passenger,0.0,3.0,3.0,205.0,208.0,1.44,2017,11,24215,71,10,3.0,2.0,2.0,2.3333333333333335,0.0,0.5,31.0,2.514285714285715
2017-12-31,District of Columbia,DC,Passenger,0.0,3.0,3.0,200.0,203.0,1.48,2017,12,24216,71,11,3.0,3.0,2.0,2.6666666666666665,0.0,0.5,34.0,2.628571428571429
2018-01-31,District of Columbia,DC,Passenger,0.0,3.0,3.0,197.0,200.0,1.5,2018,1,24217,71,12,3.0,3.0,3.0,3.0,0.0,0.0,37.0,2.857142857142859
2018-02-28,District of Columbia,DC,Passenger,0.0,3.0,3.0,193.0,196.0,1.53,2018,2,24218,71,13,3.0,3.0,3.0,3.0,0.0,0.0,40.0,3.0000000000000004
2018-03-31,District of Columbia,DC,Passenger,0.0,3.0,3.0,194.0,197.0,1.52,2018,3,24219,71,14,3.0,3.0,3.0,3.0,0.0,0.0,43.0,3.0
2018-04-30,District of Columbia,DC,Passenger,0.0,3.0,3.0,191.0,194.0,1.55,2018,4,24220,71,15,3.0,3.0,3.0,3.0,0.0,0.0,46.0,3.000000000000002
2018-05-31,District of Columbia,DC,Passenger,0.0,3.0,3.0,190.0,193.0,1.55,2018,5,24221,71,16,3.0,3.0,3.0,3.0,0.0,0.0,49.0,3.0000000000000018
2018-06-30,District of Columbia,DC,Passenger,0.0,3.0,3.0,188.0,191.0,1.57,2018,6,24222,71,17,3.0,3.0,3.0,3.0,0.0,0.0,52.0,3.000000000000001
2018-07-31,District of Columbia,DC,Passenger,0.0,3.0,3.0,192.0,195.0,1.54,2018,7,24223,71,18,3.0,3.0,3.0,3.0,0.0,0.0,55.0,3.0000000000000027
2018-08-31,District of Columbia,DC,Passenger,0.0,3.0,3.0,192.0,195.0,1.54,2018,8,24224,71,19,3.0,3.0,3.0,3.0,0.0,0.0,58.0,3.000000000000004
2018-09-30,District of Columbia,DC,Passenger,0.0,3.0,3.0,196.0,199.0,1.51,2018,9,24225,71,20,3.0,3.0,3.0,3.0,0.0,0.0,61.0,3.000000000000001
2018-10-31,District of Columbia,DC,Passenger,0.0,3.0,3.0,191.0,194.0,1.55,2018,10,24226,71,21,3.0,3.0,3.0,3.0,0.0,0.0,64.0,3.0000000000000058
2018-11-30,District of Columbia,DC,Passenger,1.0,3.0,4.0,192.0,196.0,2.04,2018,11,24227,71,22,3.0,3.0,3.0,3.0,0.33333333333333326,0.33333333333333326,68.0,3.142857142857145
2018-12-31,District of Columbia,DC,Passenger,1.0,3.0,4.0,195.0,199.0,2.01,2018,12,24228,71,23,4.0,3.0,3.0,3.3333333333333335,0.0,0.33333333333333326,72.0,3.371428571428571
2019-01-31,District of Columbia,DC,Passenger,1.0,3.0,4.0,201.0,205.0,1.95,2019,1,24229,71,24,4.0,4.0,3.0,3.6666666666666665,0.0,0.33333333333333326,76.0,3.628571428571428
2019-02-28,District of Columbia,DC,Passenger,1.0,1.0,2.0,204.0,206.0,0.97,2019,2,24230,71,25,4.0,4.0,4.0,4.0,-0.5,-0.5,78.0,3.5714285714285774
2019-03-31,District of Columbia,DC,Passenger,1.0,1.0,2.0,201.0,203.0,0.99,2019,3,24231,71,26,2.0,4.0,4.0,3.3333333333333335,0.0,-0.5,80.0,3.257142857142862
2019-04-30,District of Columbia,DC,Passenger,1.0,1.0,2.0,204.0,206.0,0.97,2019,4,24232,71,27,2.0,2.0,4.0,2.6666666666666665,0.0,-0.5,82.0,2.7428571428571478
2019-05-31,District of Columbia,DC,Passenger,1.0,1.0,2.0,204.0,206.0,0.97,2019,5,24233,71,28,2.0,2.0,2.0,2.0,0.0,0.0,84.0,2.28571428571429
2019-06-30,District of Columbia,DC,Passenger,1.0,1.0,2.0,203.0,205.0,0.98,2019,6,24234,71,29,2.0,2.0,2.0,2.0,0.0,0.0,86.0,2.0000000000000058
2019-07-31,District of Columbia,DC,Passenger,1.0,1.0,2.0,209.0,211.0,0.95,2019,7,24235,71,30,2.0,2.0,2.0,2.0,0.0,0.0,88.0,2.0000000000000058
2019-08-31,District of Columbia,DC,Passenger,1.0,1.0,2.0,208.0,210.0,0.95,2019,8,24236,71,31,2.0,2.0,2.0,2.0,0.0,0.0,90.0,2.0000000000000018
2019-09-30,District of Columbia,DC,Passenger,1.0,1.0,2.0,208.0,210.0,0.95,2019,9,24237,71,32,2.0,2.0,2.0,2.0,0.0,0.0,92.0,2.0000000000000018
2019-10-31,District of Columbia,DC,Passenger,1.0,1.0,2.0,208.0,210.0,0.95,2019,10,24238,71,33,2.0,2.0,2.0,2.0,0.0,0.0,94.0,2.0000000000000058
2019-11-30,District of Columbia,DC,Passenger,1.0,1.0,2.0,209.0,211.0,0.95,2019,11,24239,71,34,2.0,2.0,2.0,2.0,0.0,0.0,96.0,2.0000000000000018
2019-12-31,District of Columbia,DC,Passenger,1.0,1.0,2.0,210.0,212.0,0.94,2019,12,24240,71,35,2.0,2.0,2.0,2.0,0.0,0.0,98.0,2.000000000000004
2020-01-31,District of Columbia,DC,Passenger,1.0,1.0,2.0,208.0,210.0,0.95,2020,1,24241,71,36,2.0,2.0,2.0,2.0,0.0,0.0,100.0,2.000000000000004
2020-02-29,District of Columbia,DC,Passenger,1.0,1.0,2.0,204.0,206.0,0.97,2020,2,24242,71,37,2.0,2.0,2.0,2.0,0.0,0.0,102.0,2.000000000000004
2020-03-31,District of Columbia,DC,Passenger,1.0,1.0,2.0,205.0,207.0,0.97,2020,3,24243,71,38,2.0,2.0,2.0,2.0,0.0,0.0,104.0,2.0000000000000018
2020-04-30,District of Columbia,DC,Passenger,1.0,1.0,2.0,201.0,203.0,0.99,2020,4,24244,71,39,2.0,2.0,2.0,2.0,0.0,0.0,106.0,2.0000000000000058
2020-05-31,District of Columbia,DC,Passenger,1.0,1.0,2.0,200.0,202.0,0.99,2020,5,24245,71,40,2.0,2.0,2.0,2.0,0.0,0.0,108.0,2.0000000000000098
2020-06-30,District of Columbia,DC,Passenger,1.0,1.0,2.0,204.0,206.0,0.97,2020,6,24246,71,41,2.0,2.0,2.0,2.0,0.0,0.0,110.0,2.0000000000000075
2020-07-31,District of Columbia,DC,Passenger,1.0,1.0,2.0,203.0,205.0,0.98,2020,7,24247,71,42,2.0,2.0,2.0,2.0,0.0,0.0,112.0,2.0
2020-08-31,District of Columbia,DC,Passenger,1.0,1.0,2.0,201.0,203.0,0.99,2020,8,24248,71,43,2.0,2.0,2.0,2.0,0.0,0.0,114.0,2.000000000000004
2020-09-30,District of Columbia,DC,Passenger,1.0,1.0,2.0,198.0,200.0,1.0,2020,9,24249,71,44,2.0,2.0,2.0,2.0,0.0,0.0,116.0,2.0000000000000075
2020-10-31,District of Columbia,DC,Passenger,1.0,1.0,2.0,199.0,201.0,1.0,2020,10,24250,71,45,2.0,2.0,2.0,2.0,0.0,0.0,118.0,2.0000000000000075
2020-11-30,District of Columbia,DC,Passenger,2.0,1.0,3.0,198.0,201.0,1.49,2020,11,24251,71,46,2.0,2.0,2.0,2.0,0.5,0.5,121.0,2.1428571428571535
2020-12-31,District of Columbia,DC,Passenger,2.0,1.0,3.0,199.0,202.0,1.49,2020,12,24252,71,47,3.0,2.0,2.0,2.3333333333333335,0.0,0.5,124.0,2.3714285714285794
2021-01-31,District of Columbia,DC,Passenger,2.0,1.0,3.0,198.0,201.0,1.49,2021,1,24253,71,48,3.0,3.0,2.0,2.6666666666666665,0.0,0.5,127.0,2.6285714285714366
2021-02-28,District of Columbia,DC,Passenger,2.0,1.0,3.0,198.0,201.0,1.49,2021,2,24254,71,49,3.0,3.0,3.0,3.0,0.0,0.0,130.0,2.8571428571428625
2021-03-31,District of Columbia,DC,Passenger,2.0,1.0,3.0,198.0,201.0,1.49,2021,3,24255,71,50,3.0,3.0,3.0,3.0,0.0,0.0,133.0,2.999999999999995
2021-04-30,District of Columbia,DC,Passenger,3.0,1.0,4.0,192.0,196.0,2.04,2021,4,24256,71,51,3.0,3.0,3.0,3.0,0.33333333333333326,0.33333333333333326,137.0,3.142857142857151
2021-05-31,District of Columbia,DC,Passenger,4.0,1.0,5.0,193.0,198.0,2.53,2021,5,24257,71,52,4.0,3.0,3.0,3.3333333333333335,0.25,0.6666666666666667,142.0,3.5142857142857284
2021-06-30,District of Columbia,DC,Passenger,4.0,1.0,5.0,197.0,202.0,2.48,2021,6,24258,71,53,5.0,4.0,3.0,4.0,0.0,0.6666666666666667,147.0,4.0000000000000195
2021-07-31,District of Columbia,DC,Passenger,4.0,1.0,5.0,197.0,202.0,2.48,2021,7,24259,71,54,5.0,5.0,4.0,4.666666666666667,0.0,0.25,152.0,4.485714285714291
2021-08-31,District of Columbia,DC,Passenger,4.0,1.0,5.0,196.0,201.0,2.49,2021,8,24260,71,55,5.0,5.0,5.0,5.0,0.0,0.0,157.0,4.85714285714286
2021-09-30,District of Columbia,DC,Passenger,4.0,0.0,4.0,195.0,199.0,2.01,2021,9,24261,71,56,5.0,5.0,5.0,5.0,-0.19999999999999996,-0.19999999999999996,161.0,4.857142857142876
2021-10-31,District of Columbia,DC,Passenger,4.0,0.0,4.0,196.0,200.0,2.0,2021,10,24262,71,57,4.0,5.0,5.0,4.666666666666667,0.0,-0.19999999999999996,165.0,4.628571428571446
2021-11-30,District of Columbia,DC,Passenger,4.0,0.0,4.0,194.0,198.0,2.02,2021,11,24263,71,58,4.0,4.0,5.0,4.333333333333333,0.0,-0.19999999999999996,169.0,4.371428571428578
2021-12-31,District of Columbia,DC,Passenger,4.0,0.0,4.0,192.0,196.0,2.04,2021,12,24264,71,59,4.0,4.0,4.0,4.0,0.0,0.0,173.0,4.142857142857156
2022-01-31,District of Columbia,DC,Passenger,4.0,0.0,4.0,190.0,194.0,2.06,2022,1,24265,71,60,4.0,4.0,4.0,4.0,0.0,0.0,177.0,4.000000000000008
2022-02-28,District of Columbia,DC,Passenger,4.0,0.0,4.0,189.0,193.0,2.07,2022,2,24266,71,61,4.0,4.0,4.0,4.0,0.0,0.0,181.0,4.000000000000015
2022-03-31,District of Columbia,DC,Passenger,3.0,0.0,3.0,190.0,193.0,1.55,2022,3,24267,71,62,4.0,4.0,4.0,4.0,-0.25,-0.25,184.0,3.8571428571428714
2022-04-30,District of Columbia,DC,Passenger,3.0,0.0,3.0,186.0,189.0,1.59,2022,4,24268,71,63,3.0,4.0,4.0,3.6666666666666665,0.0,-0.25,187.0,3.62857142857143
2022-05-31,District of Columbia,DC,Passenger,3.0,0.0,3.0,183.0,186.0,1.61,2022,5,24269,71,64,3.0,3.0,4.0,3.3333333333333335,0.0,-0.25,190.0,3.3714285714285768
2022-06-30,District of Columbia,DC,Passenger,2.0,0.0,2.0,177.0,179.0,1.12,2022,6,24270,71,65,3.0,3.0,3.0,3.0,-0.33333333333333337,-0.33333333333333337,192.0,3.000000000000018
2022-07-31,District of Columbia,DC,Passenger,2.0,0.0,2.0,172.0,174.0,1.15,2022,7,24271,71,66,2.0,3.0,3.0,2.6666666666666665,0.0,-0.33333333333333337,194.0,2.628571428571448
2022-08-31,District of Columbia,DC,Passenger,2.0,0.0,2.0,168.0,170.0,1.18,2022,8,24272,71,67,2.0,2.0,3.0,2.3333333333333335,0.0,-0.33333333333333337,196.0,2.3714285714285834
2022-09-30,District of Columbia,DC,Passenger,2.0,0.0,2.0,165.0,167.0,1.2,2022,9,24273,71,68,2.0,2.0,2.0,2.0,0.0,0.0,198.0,2.1428571428571614
2022-10-31,District of Columbia,DC,Passenger,2.0,0.0,2.0,166.0,168.0,1.19,2022,10,24274,71,69,2.0,2.0,2.0,2.0,0.0,0.0,200.0,2.0000000000000058
2022-11-30,District of Columbia,DC,Passenger,2.0,0.0,2.0,164.0,166.0,1.2,2022,11,24275,71,70,2.0,2.0,2.0,2.0,0.0,0.0,202.0,2.0000000000000173
2022-12-31,District of Columbia,DC,Passenger,2.0,0.0,2.0,162.0,164.0,1.22,2022,12,24276,71,71,2.0,2.0,2.0,2.0,0.0,0.0,204.0,2.0000000000000018
2023-01-31,District of Columbia,DC,Passenger,2.0,0.0,2.0,161.0,163.0,1.23,2023,1,24277,71,72,2.0,2.0,2.0,2.0,0.0,0.0,206.0,2.0000000000000173
2023-02-28,District of Columbia,DC,Passenger,2.0,0.0,2.0,159.0,161.0,1.24,2023,2,24278,71,73,2.0,2.0,2.0,2.0,0.0,0.0,208.0,2.0000000000000133
2023-03-31,District of Columbia,DC,Passenger,2.0,0.0,2.0,156.0,158.0,1.27,2023,3,24279,71,74,2.0,2.0,2.0,2.0,0.0,0.0,210.0,2.000000000000021
2023-04-30,District of Columbia,DC,Passenger,2.0,0.0,2.0,154.0,156.0,1.28,2023,4,24280,71,75,2.0,2.0,2.0,2.0,0.0,0.0,212.0,2.0000000000000133
2023-05-31,District of Columbia,DC,Passenger,3.0,0.0,3.0,153.0,156.0,1.92,2023,5,24281,71,76,2.0,2.0,2.0,2.0,0.5,0.5,215.0,2.1428571428571574
2023-06-30,District of Columbia,DC,Passenger,3.0,0.0,3.0,146.0,149.0,2.01,2023,6,24282,71,77,3.0,2.0,2.0,2.3333333333333335,0.0,0.5,218.0,2.371428571428599
2023-07-31,District of Columbia,DC,Passenger,3.0,0.0,3.0,144.0,147.0,2.04,2023,7,24283,71,78,3.0,3.0,2.0,2.6666666666666665,0.0,0.5,221.0,2.6285714285714405
2023-08-31,District of Columbia,DC,Passenger,3.0,0.0,3.0,144.0,147.0,2.04,2023,8,24284,71,79,3.0,3.0,3.0,3.0,0.0,0.0,224.0,2.8571428571428816
2023-09-30,District of Columbia,DC,Passenger,3.0,0.0,3.0,143.0,146.0,2.05,2023,9,24285,71,80,3.0,3.0,3.0,3.0,0.0,0.0,227.0,2.999999999999999
2023-10-31,District of Columbia,DC,Passenger,2.0,0.0,2.0,141.0,143.0,1.4,2023,10,24286,71,81,3.0,3.0,3.0,3.0,-0.33333333333333337,-0.33333333333333337,229.0,2.857142857142859
2023-11-30,District of Columbia,DC,Passenger,2.0,0.0,2.0,140.0,142.0,1.41,2023,11,24287,71,82,2.0,3.0,3.0,2.6666666666666665,0.0,-0.33333333333333337,231.0,2.6285714285714556
2023-12-31,District of Columbia,DC,Passenger,3.0,0.0,3.0,139.0,142.0,2.11,2023,12,24288,71,83,2.0,2.0,3.0,2.3333333333333335,0.5,0.0,234.0,2.514285714285739
2024-01-31,District of Columbia,DC,Passenger,3.0,0.0,3.0,137.0,140.0,2.14,2024,1,24289,71,84,3.0,2.0,2.0,2.3333333333333335,0.0,0.5,237.0,2.5142857142857316
2024-02-29,District of Columbia,DC,Passenger,3.0,0.0,3.0,133.0,136.0,2.21,2024,2,24290,71,85,3.0,3.0,2.0,2.6666666666666665,0.0,0.5,240.0,2.628571428571448
2022-03-31,Dorchester,SC,Passenger,1.0,0.0,1.0,71.0,72.0,1.39,2022,3,24267,72,5,1.0,1.0,1.0,1.0,0.0,0.0,6.0,0.9999999999999998
2022-04-30,Dorchester,SC,Passenger,1.0,0.0,1.0,70.0,71.0,1.41,2022,4,24268,72,6,1.0,1.0,1.0,1.0,0.0,0.0,7.0,0.9999999999999998
2022-05-31,Dorchester,SC,Passenger,1.0,0.0,1.0,68.0,69.0,1.45,2022,5,24269,72,7,1.0,1.0,1.0,1.0,0.0,0.0,8.0,0.9999999999999999
2022-06-30,Dorchester,SC,Passenger,1.0,0.0,1.0,66.0,67.0,1.49,2022,6,24270,72,8,1.0,1.0,1.0,1.0,0.0,0.0,9.0,1.0000000000000002
2022-07-31,Dorchester,SC,Passenger,1.0,0.0,1.0,62.0,63.0,1.59,2022,7,24271,72,9,1.0,1.0,1.0,1.0,0.0,0.0,10.0,1.0000000000000002
2022-08-31,Dorchester,SC,Passenger,1.0,0.0,1.0,61.0,62.0,1.61,2022,8,24272,72,10,1.0,1.0,1.0,1.0,0.0,0.0,11.0,1.0
2022-09-30,Dorchester,SC,Passenger,1.0,0.0,1.0,61.0,62.0,1.61,2022,9,24273,72,11,1.0,1.0,1.0,1.0,0.0,0.0,12.0,1.0000000000000002
2022-10-31,Dorchester,SC,Passenger,1.0,0.0,1.0,57.0,58.0,1.72,2022,10,24274,72,12,1.0,1.0,1.0,1.0,0.0,0.0,13.0,1.0000000000000002
2022-11-30,Dorchester,SC,Passenger,1.0,0.0,1.0,56.0,57.0,1.75,2022,11,24275,72,13,1.0,1.0,1.0,1.0,0.0,0.0,14.0,1.0000000000000009
2022-12-31,Dorchester,SC,Passenger,1.0,0.0,1.0,54.0,55.0,1.82,2022,12,24276,72,14,1.0,1.0,1.0,1.0,0.0,0.0,15.0,1.0000000000000007
2023-01-31,Dorchester,SC,Passenger,1.0,0.0,1.0,54.0,55.0,1.82,2023,1,24277,72,15,1.0,1.0,1.0,1.0,0.0,0.0,16.0,1.0000000000000009
2023-02-28,Dorchester,SC,Passenger,1.0,0.0,1.0,53.0,54.0,1.85,2023,2,24278,72,16,1.0,1.0,1.0,1.0,0.0,0.0,17.0,1.0
2023-03-31,Dorchester,SC,Passenger,1.0,0.0,1.0,52.0,53.0,1.89,2023,3,24279,72,17,1.0,1.0,1.0,1.0,0.0,0.0,18.0,1.0000000000000002
2023-04-30,Dorchester,SC,Passenger,1.0,0.0,1.0,51.0,52.0,1.92,2023,4,24280,72,18,1.0,1.0,1.0,1.0,0.0,0.0,19.0,1.000000000000002
2023-05-31,Dorchester,SC,Passenger,1.0,0.0,1.0,47.0,48.0,2.08,2023,5,24281,72,19,1.0,1.0,1.0,1.0,0.0,0.0,20.0,0.9999999999999998
2023-06-30,Dorchester,SC,Passenger,1.0,0.0,1.0,45.0,46.0,2.17,2023,6,24282,72,20,1.0,1.0,1.0,1.0,0.0,0.0,21.0,1.000000000000001
2023-07-31,Dorchester,SC,Passenger,1.0,0.0,1.0,43.0,44.0,2.27,2023,7,24283,72,21,1.0,1.0,1.0,1.0,0.0,0.0,22.0,1.0000000000000013
2023-08-31,Dorchester,SC,Passenger,1.0,0.0,1.0,41.0,42.0,2.38,2023,8,24284,72,22,1.0,1.0,1.0,1.0,0.0,0.0,23.0,1.0000000000000013
2017-03-31,Douglas,OR,Passenger,0.0,1.0,1.0,75.0,76.0,1.32,2017,3,24207,73,8,48.0,0.0,0.0,16.0,-0.9791666666666666,0.0,148.0,18.114285714285714
2017-04-30,Douglas,OR,Passenger,0.0,1.0,1.0,74.0,75.0,1.33,2017,4,24208,73,10,0.0,1.0,48.0,16.333333333333332,0.0,-0.9791666666666666,149.0,11.37142857142857
2018-07-31,Douglas,NE,Passenger,0.0,1.0,1.0,74.0,75.0,1.33,2018,7,24223,73,41,75.0,0.0,74.0,49.666666666666664,-0.9866666666666667,-0.9864864864864865,1237.0,44.914285714285825
2018-08-31,Douglas,NE,Passenger,0.0,1.0,1.0,73.0,74.0,1.35,2018,8,24224,73,43,0.0,1.0,75.0,25.333333333333332,0.0,-0.9866666666666667,1238.0,17.54285714285725
2018-09-30,Douglas,NE,Passenger,0.0,1.0,1.0,71.0,72.0,1.39,2018,9,24225,73,46,76.0,0.0,1.0,25.666666666666668,-0.9868421052631579,0.0,1315.0,17.742857142857243
2018-10-31,Douglas,NE,Passenger,0.0,1.0,1.0,71.0,72.0,1.39,2018,10,24226,73,49,81.0,0.0,1.0,27.333333333333332,-0.9876543209876543,0.0,1397.0,29.742857142857304
2018-11-30,Douglas,NE,Passenger,0.0,1.0,1.0,68.0,69.0,1.45,2018,11,24227,73,53,0.0,80.0,0.0,26.666666666666668,0.0,0.0,1478.0,20.85714285714286
2018-12-31,Douglas,NE,Passenger,0.0,1.0,1.0,69.0,70.0,1.43,2018,12,24228,73,57,84.0,0.0,82.0,55.333333333333336,-0.9880952380952381,-0.9878048780487805,1645.0,38.2285714285716
2019-01-31,Douglas,NE,Passenger,0.0,1.0,1.0,69.0,70.0,1.43,2019,1,24229,73,58,1.0,84.0,0.0,28.333333333333332,0.0,0.0,1646.0,33.68571428571429
2019-02-28,Douglas,NE,Passenger,0.0,1.0,1.0,68.0,69.0,1.45,2019,2,24230,73,62,87.0,0.0,86.0,57.666666666666664,-0.9885057471264368,-0.9883720930232558,1820.0,39.828571428571436
2019-03-31,Douglas,NE,Passenger,0.0,1.0,1.0,66.0,67.0,1.49,2019,3,24231,73,65,0.0,0.0,1.0,0.3333333333333333,0.0,0.0,1821.0,12.800000000000036
2019-04-30,Douglas,NE,Passenger,0.0,1.0,1.0,65.0,66.0,1.52,2019,4,24232,73,69,0.0,89.0,87.0,58.666666666666664,0.0,-0.9885057471264368,1998.0,43.05714285714299
2019-05-31,Douglas,NE,Passenger,0.0,1.0,1.0,65.0,66.0,1.52,2019,5,24233,73,72,0.0,92.0,1.0,31.0,0.0,0.0,2091.0,24.02857142857154
2019-06-30,Douglas,NE,Passenger,0.0,1.0,1.0,64.0,65.0,1.54,2019,6,24234,73,75,0.0,94.0,1.0,31.666666666666668,0.0,0.0,2186.0,24.542857142857223
2019-07-31,Douglas,NE,Passenger,0.0,1.0,1.0,64.0,65.0,1.54,2019,7,24235,73,78,0.0,97.0,1.0,32.666666666666664,0.0,0.0,2284.0,25.314285714285838
2019-08-31,Douglas,NE,Passenger,0.0,1.0,1.0,62.0,63.0,1.59,2019,8,24236,73,79,1.0,0.0,97.0,32.666666666666664,0.0,-0.9896907216494846,2285.0,22.685714285714454
2019-09-30,Douglas,NE,Passenger,0.0,1.0,1.0,62.0,63.0,1.59,2019,9,24237,73,84,0.0,99.0,97.0,65.33333333333333,0.0,-0.9896907216494846,2482.0,47.77142857142878
2019-10-31,Douglas,NE,Passenger,0.0,1.0,1.0,61.0,62.0,1.61,2019,10,24238,73,85,1.0,0.0,99.0,33.333333333333336,0.0,-0.98989898989899,2483.0,36.85714285714306
2019-11-30,Douglas,NE,Passenger,0.0,1.0,1.0,62.0,63.0,1.59,2019,11,24239,73,90,103.0,0.0,101.0,68.0,-0.9902912621359223,-0.9900990099009901,2688.0,46.77142857142878
2019-12-31,Douglas,NE,Passenger,0.0,1.0,1.0,60.0,61.0,1.64,2019,12,24240,73,91,1.0,103.0,0.0,34.666666666666664,0.0,0.0,2689.0,41.285714285714434
2020-01-31,Douglas,NE,Passenger,0.0,1.0,1.0,59.0,60.0,1.67,2020,1,24241,73,96,0.0,108.0,0.0,36.0,0.0,0.0,2903.0,42.91428571428581
2020-02-29,Douglas,NE,Passenger,0.0,1.0,1.0,60.0,61.0,1.64,2020,2,24242,73,98,0.0,1.0,0.0,0.3333333333333333,0.0,0.0,2904.0,15.828571428571658
2020-03-31,Douglas,NE,Passenger,0.0,1.0,1.0,59.0,60.0,1.67,2020,3,24243,73,102,111.0,0.0,109.0,73.33333333333333,-0.990990990990991,-0.9908256880733946,3125.0,50.57142857142865
2020-04-30,Douglas,NE,Passenger,0.0,1.0,1.0,58.0,59.0,1.69,2020,4,24244,73,104,109.0,1.0,111.0,73.66666666666667,-0.9908256880733946,-0.990990990990991,3235.0,50.68571428571434
2020-05-31,Douglas,NE,Passenger,0.0,1.0,1.0,57.0,58.0,1.72,2020,5,24245,73,108,0.0,109.0,0.0,36.333333333333336,0.0,0.0,3345.0,28.31428571428567
2020-06-30,Douglas,NE,Passenger,0.0,1.0,1.0,56.0,57.0,1.75,2020,6,24246,73,109,1.0,0.0,109.0,36.666666666666664,0.0,-0.9908256880733946,3346.0,25.285714285714416
2020-07-31,Douglas,NE,Passenger,0.0,1.0,1.0,55.0,56.0,1.79,2020,7,24247,73,112,0.0,111.0,1.0,37.333333333333336,0.0,0.0,3458.0,29.05714285714317
2020-08-31,Douglas,NE,Passenger,0.0,1.0,1.0,54.0,55.0,1.82,2020,8,24248,73,115,0.0,116.0,1.0,39.0,0.0,0.0,3575.0,30.200000000000355
2020-08-31,Douglas,CO,Passenger,0.0,1.0,1.0,83.0,84.0,1.19,2020,8,24248,73,118,118.0,0.0,1.0,39.666666666666664,-0.9915254237288136,0.0,3694.0,27.342857142857273
2020-09-30,Douglas,CO,Passenger,0.0,1.0,1.0,81.0,82.0,1.22,2020,9,24249,73,119,1.0,118.0,0.0,39.666666666666664,0.0,0.0,3695.0,30.857142857142847
2020-09-30,Douglas,NE,Passenger,0.0,1.0,1.0,53.0,54.0,1.85,2020,9,24249,73,120,1.0,1.0,118.0,40.0,0.0,-0.9915254237288136,3696.0,27.600000000000083
2020-10-31,Douglas,CO,Passenger,0.0,1.0,1.0,82.0,83.0,1.2,2020,10,24250,73,123,124.0,0.0,1.0,41.666666666666664,-0.9919354838709677,0.0,3821.0,28.85714285714296
2020-10-31,Douglas,NE,Passenger,0.0,1.0,1.0,53.0,54.0,1.85,2020,10,24250,73,125,0.0,1.0,124.0,41.666666666666664,0.0,-0.9919354838709677,3822.0,28.742857142857268
2020-11-30,Douglas,NE,Passenger,0.0,1.0,1.0,53.0,54.0,1.85,2020,11,24251,73,128,125.0,123.0,1.0,83.0,-0.992,0.0,4071.0,60.571428571429
2020-11-30,Douglas,CO,Passenger,0.0,1.0,1.0,84.0,85.0,1.18,2020,11,24251,73,130,0.0,1.0,125.0,42.0,0.0,-0.992,4072.0,46.542857142857265
2020-12-31,Douglas,CO,Passenger,0.0,1.0,1.0,84.0,85.0,1.18,2020,12,24252,73,133,0.0,130.0,1.0,43.666666666666664,0.0,0.0,4203.0,33.800000000000075
2020-12-31,Douglas,NE,Passenger,0.0,1.0,1.0,56.0,57.0,1.75,2020,12,24252,73,134,1.0,0.0,130.0,43.666666666666664,0.0,-0.9923076923076923,4204.0,30.228571428571655
2021-01-31,Douglas,CO,Passenger,0.0,1.0,1.0,84.0,85.0,1.18,2021,1,24253,73,137,130.0,0.0,1.0,43.666666666666664,-0.9923076923076923,0.0,4335.0,30.228571428571776
2021-01-31,Douglas,NE,Passenger,1.0,1.0,2.0,56.0,58.0,3.45,2021,1,24253,73,138,1.0,130.0,0.0,43.666666666666664,1.0,0.0,4337.0,34.0857142857148
2021-02-28,Douglas,CO,Passenger,0.0,1.0,1.0,82.0,83.0,1.2,2021,2,24254,73,139,2.0,1.0,130.0,44.333333333333336,-0.5,-0.9923076923076923,4338.0,30.57142857142898
2021-02-28,Douglas,NE,Passenger,1.0,1.0,2.0,55.0,57.0,3.51,2021,2,24254,73,140,1.0,2.0,1.0,1.3333333333333333,1.0,1.0,4340.0,19.8285714285718
2021-03-31,Douglas,CO,Passenger,0.0,1.0,1.0,82.0,83.0,1.2,2021,3,24255,73,145,0.0,133.0,0.0,44.333333333333336,0.0,0.0,4606.0,53.20000000000028
2021-03-31,Douglas,NE,Passenger,1.0,1.0,2.0,54.0,56.0,3.57,2021,3,24255,73,146,1.0,0.0,133.0,44.666666666666664,1.0,-0.9849624060150376,4608.0,30.914285714286308
2021-04-30,Douglas,NE,Passenger,1.0,1.0,2.0,55.0,57.0,3.51,2021,4,24256,73,149,134.0,0.0,2.0,45.333333333333336,-0.9850746268656716,0.0,4744.0,31.514285714285954
2021-04-30,Douglas,CO,Passenger,0.0,1.0,1.0,82.0,83.0,1.2,2021,4,24256,73,150,2.0,134.0,0.0,45.333333333333336,-0.5,0.0,4745.0,35.342857142857554
2021-05-31,Douglas,CO,Passenger,0.0,1.0,1.0,80.0,81.0,1.23,2021,5,24257,73,151,1.0,2.0,134.0,45.666666666666664,0.0,-0.9925373134328358,4746.0,31.51428571428608
2021-05-31,Douglas,NE,Passenger,1.0,1.0,2.0,54.0,56.0,3.57,2021,5,24257,73,152,1.0,1.0,2.0,1.3333333333333333,1.0,0.0,4748.0,20.371428571428723
2021-06-30,Douglas,NE,Passenger,1.0,1.0,2.0,55.0,57.0,3.51,2021,6,24258,73,156,141.0,139.0,0.0,93.33333333333333,-0.9858156028368794,0.0,5030.0,68.54285714285774
2021-06-30,Douglas,CO,Passenger,0.0,1.0,1.0,81.0,82.0,1.22,2021,6,24258,73,157,2.0,141.0,139.0,94.0,-0.5,-0.9928057553956835,5031.0,68.62857142857189
2021-07-31,Douglas,CO,Passenger,0.0,1.0,1.0,83.0,84.0,1.19,2021,7,24259,73,159,0.0,1.0,2.0,1.0,0.0,-0.5,5032.0,21.00000000000041
2021-07-31,Douglas,NE,Passenger,1.0,1.0,2.0,56.0,58.0,3.45,2021,7,24259,73,162,151.0,0.0,1.0,50.666666666666664,-0.9867549668874173,1.0,5185.0,35.02857142857165
2021-08-31,Douglas,NE,Passenger,1.0,1.0,2.0,55.0,57.0,3.51,2021,8,24260,73,163,2.0,151.0,0.0,51.0,0.0,0.0,5187.0,39.71428571428608
2021-08-31,Douglas,CO,Passenger,0.0,1.0,1.0,81.0,82.0,1.22,2021,8,24260,73,164,2.0,2.0,151.0,51.666666666666664,-0.5,-0.9933774834437086,5188.0,35.62857142857167
2021-09-30,Douglas,NE,Passenger,1.0,1.0,2.0,53.0,55.0,3.64,2021,9,24261,73,167,154.0,0.0,1.0,51.666666666666664,-0.987012987012987,1.0,5344.0,36.00000000000054
2021-09-30,Douglas,CO,Passenger,0.0,1.0,1.0,85.0,86.0,1.16,2021,9,24261,73,170,154.0,0.0,2.0,52.0,-0.9935064935064936,-0.5,5499.0,57.80000000000068
2021-10-31,Douglas,NE,Passenger,1.0,1.0,2.0,54.0,56.0,3.57,2021,10,24262,73,173,0.0,154.0,1.0,51.666666666666664,0.0,1.0,5655.0,62.11428571428623
2021-10-31,Douglas,CO,Passenger,0.0,1.0,1.0,84.0,85.0,1.18,2021,10,24262,73,174,2.0,0.0,154.0,52.0,-0.5,-0.9935064935064936,5656.0,35.94285714285733
2021-11-30,Douglas,CO,Passenger,0.0,1.0,1.0,86.0,87.0,1.15,2021,11,24263,73,176,159.0,1.0,2.0,54.0,-0.9937106918238994,-0.5,5816.0,37.20000000000032
2021-11-30,Douglas,NE,Passenger,1.0,1.0,2.0,51.0,53.0,3.77,2021,11,24263,73,178,0.0,1.0,159.0,53.333333333333336,0.0,-0.9874213836477987,5818.0,37.0285714285713
2021-12-31,Douglas,CO,Passenger,0.0,1.0,1.0,85.0,86.0,1.16,2021,12,24264,73,179,2.0,0.0,1.0,1.0,-0.5,0.0,5819.0,23.54285714285771
2021-12-31,Douglas,NE,Passenger,1.0,2.0,3.0,51.0,54.0,5.56,2021,12,24264,73,181,172.0,1.0,2.0,58.333333333333336,-0.9825581395348837,0.5,5994.0,40.45714285714333
2022-01-31,Douglas,NE,Passenger,1.0,2.0,3.0,50.0,53.0,5.66,2022,1,24265,73,183,0.0,3.0,172.0,58.333333333333336,0.0,-0.9825581395348837,5997.0,40.65714285714318
2022-01-31,Douglas,CO,Passenger,0.0,1.0,1.0,85.0,86.0,1.16,2022,1,24265,73,184,3.0,0.0,3.0,2.0,-0.6666666666666667,-0.6666666666666667,5998.0,26.085714285715376
2022-02-28,Douglas,NE,Passenger,1.0,2.0,3.0,50.0,53.0,5.66,2022,2,24266,73,188,177.0,174.0,0.0,117.0,-0.9830508474576272,0.0,6352.0,85.77142857142903
2022-02-28,Douglas,CO,Passenger,0.0,1.0,1.0,86.0,87.0,1.15,2022,2,24266,73,190,0.0,3.0,177.0,60.0,0.0,-0.9943502824858758,6353.0,66.22857142857195
2022-03-31,Douglas,CO,Passenger,0.0,1.0,1.0,84.0,85.0,1.18,2022,3,24267,73,191,1.0,0.0,3.0,1.3333333333333333,0.0,-0.6666666666666667,6354.0,26.342857142857696
2022-03-31,Douglas,NE,Passenger,1.0,2.0,3.0,50.0,53.0,5.66,2022,3,24267,73,192,1.0,1.0,0.0,0.6666666666666666,2.0,0.0,6357.0,1.3428571428575153
2022-04-30,Douglas,NE,Passenger,1.0,2.0,3.0,48.0,51.0,5.88,2022,4,24268,73,195,181.0,0.0,3.0,61.333333333333336,-0.9834254143646409,0.0,6541.0,42.62857142857201
2022-04-30,Douglas,CO,Passenger,0.0,1.0,1.0,83.0,84.0,1.19,2022,4,24268,73,198,0.0,183.0,3.0,62.0,0.0,-0.6666666666666667,6725.0,73.74285714285767
2022-05-31,Douglas,NE,Passenger,1.0,2.0,3.0,47.0,50.0,6.0,2022,5,24269,73,199,1.0,0.0,183.0,61.333333333333336,2.0,-0.9836065573770492,6728.0,42.914285714285874
2022-05-31,Douglas,CO,Passenger,0.0,1.0,1.0,81.0,82.0,1.22,2022,5,24269,73,201,189.0,3.0,1.0,64.33333333333333,-0.9947089947089947,0.0,6918.0,44.34285714285778
2022-06-30,Douglas,NE,Passenger,1.0,2.0,3.0,44.0,47.0,6.38,2022,6,24270,73,204,0.0,0.0,1.0,0.3333333333333333,0.0,2.0,6921.0,27.65714285714379
2022-06-30,Douglas,CO,Passenger,0.0,1.0,1.0,80.0,81.0,1.23,2022,6,24270,73,206,189.0,3.0,0.0,64.0,-0.9947089947089947,0.0,7111.0,44.11428571428566
2022-07-31,Douglas,NE,Passenger,1.0,2.0,3.0,43.0,46.0,6.52,2022,7,24271,73,207,1.0,189.0,3.0,64.33333333333333,2.0,0.0,7114.0,49.94285714285727
2022-07-31,Douglas,CO,Passenger,0.0,1.0,1.0,78.0,79.0,1.27,2022,7,24271,73,210,1.0,198.0,3.0,67.33333333333333,0.0,-0.6666666666666667,7314.0,52.11428571428619
2022-08-31,Douglas,NE,Passenger,1.0,2.0,3.0,40.0,43.0,6.9025,2022,8,24272,73,211,1.0,1.0,198.0,66.66666666666667,2.0,-0.9848484848484849,7317.0,46.60000000000036
2022-08-31,Douglas,CO,Passenger,0.0,1.0,1.0,73.0,74.0,1.35,2022,8,24272,73,214,201.0,1.0,3.0,68.33333333333333,-0.9950248756218906,-0.6666666666666667,7520.0,47.171428571429075
2022-09-30,Douglas,NE,Passenger,2.0,2.0,4.0,39.0,43.0,6.9025,2022,9,24273,73,216,1.0,1.0,201.0,67.66666666666667,3.0,-0.9800995024875622,7525.0,47.14285714285777
2022-09-30,Douglas,CO,Passenger,0.0,1.0,1.0,74.0,75.0,1.33,2022,9,24273,73,217,4.0,1.0,1.0,2.0,-0.75,0.0,7526.0,30.25714285714369
2022-10-31,Douglas,CO,Passenger,0.0,1.0,1.0,72.0,73.0,1.37,2022,10,24274,73,220,2.0,208.0,1.0,70.33333333333333,-0.5,0.0,7737.0,54.885714285714876
2022-10-31,Douglas,NE,Passenger,2.0,2.0,4.0,36.0,40.0,6.9025,2022,10,24274,73,222,217.0,1.0,2.0,73.33333333333333,-0.9815668202764977,1.0,7958.0,80.60000000000015
2022-11-30,Douglas,NE,Passenger,2.0,2.0,4.0,34.0,38.0,6.9025,2022,11,24275,73,225,220.0,2.0,4.0,75.33333333333333,-0.9818181818181818,0.0,8184.0,83.28571428571469
2022-11-30,Douglas,CO,Passenger,0.0,1.0,1.0,69.0,70.0,1.43,2022,11,24275,73,226,4.0,220.0,2.0,75.33333333333333,-0.75,-0.5,8185.0,58.657142857143015
2022-12-31,Douglas,NE,Passenger,2.0,1.0,3.0,34.0,37.0,6.9025,2022,12,24276,73,228,226.0,1.0,4.0,77.0,-0.9867256637168141,-0.25,8414.0,84.68571428571505
2022-12-31,Douglas,CO,Passenger,0.0,1.0,1.0,69.0,70.0,1.43,2022,12,24276,73,230,3.0,3.0,226.0,77.33333333333333,-0.6666666666666667,-0.995575221238938,8418.0,53.40000000000037
2023-01-31,Douglas,NE,Passenger,2.0,1.0,3.0,32.0,35.0,6.9025,2023,1,24277,73,232,5.0,1.0,3.0,3.0,-0.4,0.0,8426.0,2.9428571428579646
2023-01-31,Douglas,CO,Passenger,0.0,1.0,1.0,66.0,67.0,1.49,2023,1,24277,73,234,228.0,3.0,5.0,78.66666666666667,-0.9956140350877193,-0.8,8655.0,54.314285714286406
2023-02-28,Douglas,NE,Passenger,2.0,1.0,3.0,31.0,34.0,6.9025,2023,2,24278,73,236,6.0,1.0,228.0,78.33333333333333,-0.5,-0.9868421052631579,8664.0,54.60000000000015
2023-02-28,Douglas,CO,Passenger,0.0,1.0,1.0,66.0,67.0,1.49,2023,2,24278,73,238,237.0,3.0,6.0,82.0,-0.9957805907172996,-0.8333333333333334,8902.0,56.60000000000102
2023-03-31,Douglas,NE,Passenger,2.0,1.0,3.0,30.0,33.0,6.9025,2023,3,24279,73,241,6.0,238.0,1.0,81.66666666666667,-0.5,2.0,9149.0,97.08571428571504
2023-03-31,Douglas,CO,Passenger,0.0,1.0,1.0,65.0,66.0,1.52,2023,3,24279,73,242,3.0,6.0,238.0,82.33333333333333,-0.6666666666666667,-0.9957983193277311,9150.0,56.91428571428631
2023-04-30,Douglas,CO,Passenger,0.0,2.0,2.0,60.0,62.0,3.23,2023,4,24280,73,244,248.0,1.0,3.0,84.0,-0.9919354838709677,-0.33333333333333337,9400.0,58.771428571429446
2023-04-30,Douglas,NE,Passenger,1.0,1.0,2.0,29.0,31.0,6.45,2023,4,24280,73,245,2.0,248.0,1.0,83.66666666666667,0.0,1.0,9402.0,65.17142857142903
2023-05-31,Douglas,NE,Passenger,1.0,1.0,2.0,30.0,32.0,6.25,2023,5,24281,73,247,7.0,2.0,2.0,3.6666666666666665,-0.7142857142857143,0.0,9411.0,38.28571428571478
2023-05-31,Douglas,CO,Passenger,0.0,2.0,2.0,59.0,61.0,3.28,2023,5,24281,73,249,258.0,2.0,7.0,89.0,-0.9922480620155039,-0.7142857142857143,9671.0,61.65714285714383
2023-06-30,Douglas,NE,Passenger,1.0,1.0,2.0,27.0,29.0,6.9,2023,6,24282,73,251,7.0,2.0,258.0,89.0,-0.7142857142857143,-0.9922480620155039,9680.0,61.65714285714358
2023-06-30,Douglas,CO,Passenger,0.0,2.0,2.0,55.0,57.0,3.51,2023,6,24282,73,254,6.0,271.0,2.0,93.0,-0.6666666666666667,0.0,9959.0,72.80000000000094
2023-07-31,Douglas,NE,Passenger,1.0,1.0,2.0,24.0,26.0,6.9025,2023,7,24283,73,255,2.0,6.0,271.0,93.0,0.0,-0.992619926199262,9961.0,64.51428571428666
2023-07-31,Douglas,CO,Passenger,0.0,2.0,2.0,55.0,57.0,3.51,2023,7,24283,73,257,6.0,2.0,2.0,3.3333333333333335,-0.6666666666666667,0.0,9969.0,3.4857142857156234
2023-08-31,Douglas,NE,Passenger,1.0,1.0,2.0,24.0,26.0,6.9025,2023,8,24284,73,260,288.0,276.0,2.0,188.66666666666666,-0.9930555555555556,0.0,10535.0,138.40000000000023
2023-08-31,Douglas,CO,Passenger,0.0,1.0,1.0,53.0,54.0,1.85,2023,8,24284,73,262,7.0,2.0,288.0,99.0,-0.8571428571428572,-0.9965277777777778,10543.0,107.51428571428644
2023-09-30,Douglas,CO,Passenger,0.0,1.0,1.0,49.0,50.0,2.0,2023,9,24285,73,263,1.0,7.0,2.0,3.3333333333333335,0.0,-0.5,10544.0,43.77142857142931
2023-09-30,Douglas,NE,Passenger,1.0,1.0,2.0,24.0,26.0,6.9025,2023,9,24285,73,265,8.0,1.0,1.0,3.3333333333333335,-0.75,1.0,10554.0,3.6000000000008265
2023-10-31,Douglas,NE,Passenger,1.0,1.0,2.0,24.0,26.0,6.9025,2023,10,24286,73,268,314.0,296.0,2.0,204.0,-0.9936305732484076,0.0,11166.0,149.77142857142846
2023-10-31,Douglas,CO,Passenger,0.0,1.0,1.0,44.0,45.0,2.22,2023,10,24286,73,270,8.0,2.0,314.0,108.0,-0.875,-0.9968152866242038,11175.0,116.54285714285847
2023-11-30,Douglas,CO,Passenger,0.0,1.0,1.0,43.0,44.0,2.27,2023,11,24287,73,273,323.0,8.0,1.0,110.66666666666667,-0.9969040247678018,0.0,11507.0,77.40000000000047
2023-11-30,Douglas,NE,Passenger,1.0,1.0,2.0,24.0,26.0,6.9025,2023,11,24287,73,274,1.0,323.0,8.0,110.66666666666667,1.0,-0.75,11509.0,85.5428571428585
2023-12-31,Douglas,CO,Passenger,0.0,1.0,1.0,43.0,44.0,2.27,2023,12,24288,73,276,11.0,2.0,1.0,4.666666666666667,-0.9090909090909091,0.0,11521.0,49.542857142858075
2023-12-31,Douglas,NE,Passenger,0.0,1.0,1.0,23.0,24.0,4.17,2023,12,24288,73,278,329.0,1.0,11.0,113.66666666666667,-0.9969604863221885,-0.9090909090909091,11851.0,78.40000000000018
2024-01-31,Douglas,CO,Passenger,0.0,1.0,1.0,39.0,40.0,2.5,2024,1,24289,73,279,1.0,329.0,1.0,110.33333333333333,0.0,0.0,11852.0,86.77142857143008
2024-01-31,Douglas,NE,Passenger,0.0,1.0,1.0,22.0,23.0,4.35,2024,1,24289,73,281,10.0,1.0,1.0,4.0,-0.9,0.0,11863.0,49.914285714285725
2024-02-29,Douglas,CO,Passenger,0.0,1.0,1.0,38.0,39.0,2.56,2024,2,24290,73,284,351.0,345.0,1.0,232.33333333333334,-0.9971509971509972,0.0,12560.0,170.74285714285745
2024-02-29,Douglas,NE,Passenger,0.0,1.0,1.0,23.0,24.0,4.17,2024,2,24290,73,285,1.0,351.0,345.0,232.33333333333334,0.0,-0.9971014492753624,12561.0,169.62857142857158
2018-05-31,DuPage,IL,Passenger,1.0,0.0,1.0,66.0,67.0,1.49,2018,5,24221,74,5,1.0,1.0,1.0,1.0,0.0,0.0,6.0,0.9999999999999998
2018-06-30,DuPage,IL,Passenger,1.0,0.0,1.0,64.0,65.0,1.54,2018,6,24222,74,6,1.0,1.0,1.0,1.0,0.0,0.0,7.0,0.9999999999999998
2018-07-31,DuPage,IL,Passenger,1.0,0.0,1.0,63.0,64.0,1.56,2018,7,24223,74,7,1.0,1.0,1.0,1.0,0.0,0.0,8.0,0.9999999999999999
2018-08-31,DuPage,IL,Passenger,1.0,0.0,1.0,59.0,60.0,1.67,2018,8,24224,74,8,1.0,1.0,1.0,1.0,0.0,0.0,9.0,1.0000000000000002
2018-09-30,DuPage,IL,Passenger,1.0,0.0,1.0,59.0,60.0,1.67,2018,9,24225,74,9,1.0,1.0,1.0,1.0,0.0,0.0,10.0,1.0000000000000002
2018-10-31,DuPage,IL,Passenger,1.0,0.0,1.0,59.0,60.0,1.67,2018,10,24226,74,10,1.0,1.0,1.0,1.0,0.0,0.0,11.0,1.0
2018-11-30,DuPage,IL,Passenger,1.0,0.0,1.0,60.0,61.0,1.64,2018,11,24227,74,11,1.0,1.0,1.0,1.0,0.0,0.0,12.0,1.0000000000000002
2018-12-31,DuPage,IL,Passenger,1.0,0.0,1.0,62.0,63.0,1.59,2018,12,24228,74,12,1.0,1.0,1.0,1.0,0.0,0.0,13.0,1.0000000000000002
2019-01-31,DuPage,IL,Passenger,1.0,0.0,1.0,63.0,64.0,1.56,2019,1,24229,74,13,1.0,1.0,1.0,1.0,0.0,0.0,14.0,1.0000000000000009
2019-02-28,DuPage,IL,Passenger,1.0,0.0,1.0,64.0,65.0,1.54,2019,2,24230,74,14,1.0,1.0,1.0,1.0,0.0,0.0,15.0,1.0000000000000007
2019-03-31,DuPage,IL,Passenger,1.0,0.0,1.0,64.0,65.0,1.54,2019,3,24231,74,15,1.0,1.0,1.0,1.0,0.0,0.0,16.0,1.0000000000000009
2019-04-30,DuPage,IL,Passenger,1.0,0.0,1.0,63.0,64.0,1.56,2019,4,24232,74,16,1.0,1.0,1.0,1.0,0.0,0.0,17.0,1.0
2019-05-31,DuPage,IL,Passenger,1.0,0.0,1.0,65.0,66.0,1.52,2019,5,24233,74,17,1.0,1.0,1.0,1.0,0.0,0.0,18.0,1.0000000000000002
2019-06-30,DuPage,IL,Passenger,2.0,0.0,2.0,64.0,66.0,3.03,2019,6,24234,74,18,1.0,1.0,1.0,1.0,1.0,1.0,20.0,1.1428571428571428
2019-07-31,DuPage,IL,Passenger,3.0,0.0,3.0,60.0,63.0,4.76,2019,7,24235,74,19,2.0,1.0,1.0,1.3333333333333333,0.5,2.0,23.0,1.5142857142857145
2019-08-31,DuPage,IL,Passenger,3.0,0.0,3.0,63.0,66.0,4.55,2019,8,24236,74,20,3.0,2.0,1.0,2.0,0.0,2.0,26.0,2.0000000000000004
2019-09-30,DuPage,IL,Passenger,3.0,0.0,3.0,64.0,67.0,4.48,2019,9,24237,74,21,3.0,3.0,2.0,2.6666666666666665,0.0,0.5,29.0,2.4857142857142853
2019-10-31,DuPage,IL,Passenger,3.0,0.0,3.0,63.0,66.0,4.55,2019,10,24238,74,22,3.0,3.0,3.0,3.0,0.0,0.0,32.0,2.8571428571428577
2019-11-30,DuPage,IL,Passenger,3.0,0.0,3.0,66.0,69.0,4.35,2019,11,24239,74,23,3.0,3.0,3.0,3.0,0.0,0.0,35.0,3.0
2019-12-31,DuPage,IL,Passenger,3.0,0.0,3.0,66.0,69.0,4.35,2019,12,24240,74,24,3.0,3.0,3.0,3.0,0.0,0.0,38.0,3.000000000000001
2020-01-31,DuPage,IL,Passenger,4.0,0.0,4.0,66.0,70.0,5.71,2020,1,24241,74,25,3.0,3.0,3.0,3.0,0.33333333333333326,0.33333333333333326,42.0,3.142857142857145
2020-02-29,DuPage,IL,Passenger,4.0,0.0,4.0,65.0,69.0,5.8,2020,2,24242,74,26,4.0,3.0,3.0,3.3333333333333335,0.0,0.33333333333333326,46.0,3.371428571428572
2020-03-31,DuPage,IL,Passenger,4.0,0.0,4.0,64.0,68.0,5.88,2020,3,24243,74,27,4.0,4.0,3.0,3.6666666666666665,0.0,0.33333333333333326,50.0,3.62857142857143
2020-04-30,DuPage,IL,Passenger,4.0,0.0,4.0,61.0,65.0,6.15,2020,4,24244,74,28,4.0,4.0,4.0,4.0,0.0,0.0,54.0,3.8571428571428577
2020-05-31,DuPage,IL,Passenger,4.0,0.0,4.0,60.0,64.0,6.25,2020,5,24245,74,29,4.0,4.0,4.0,4.0,0.0,0.0,58.0,4.000000000000002
2020-06-30,DuPage,IL,Passenger,4.0,0.0,4.0,61.0,65.0,6.15,2020,6,24246,74,30,4.0,4.0,4.0,4.0,0.0,0.0,62.0,4.000000000000001
2020-07-31,DuPage,IL,Passenger,4.0,0.0,4.0,61.0,65.0,6.15,2020,7,24247,74,31,4.0,4.0,4.0,4.0,0.0,0.0,66.0,4.000000000000003
2020-08-31,DuPage,IL,Passenger,4.0,0.0,4.0,60.0,64.0,6.25,2020,8,24248,74,32,4.0,4.0,4.0,4.0,0.0,0.0,70.0,4.000000000000002
2020-09-30,DuPage,IL,Passenger,4.0,1.0,5.0,58.0,63.0,6.9025,2020,9,24249,74,33,4.0,4.0,4.0,4.0,0.25,0.25,75.0,4.142857142857145
2020-10-31,DuPage,IL,Passenger,4.0,1.0,5.0,58.0,63.0,6.9025,2020,10,24250,74,34,5.0,4.0,4.0,4.333333333333333,0.0,0.25,80.0,4.371428571428574
2020-11-30,DuPage,IL,Passenger,4.0,1.0,5.0,57.0,62.0,6.9025,2020,11,24251,74,35,5.0,5.0,4.0,4.666666666666667,0.0,0.25,85.0,4.628571428571429
2020-12-31,DuPage,IL,Passenger,3.0,1.0,4.0,57.0,61.0,6.56,2020,12,24252,74,36,5.0,5.0,5.0,5.0,-0.19999999999999996,-0.19999999999999996,89.0,4.714285714285719
2021-01-31,DuPage,IL,Passenger,4.0,1.0,5.0,58.0,63.0,6.9025,2021,1,24253,74,37,4.0,5.0,5.0,4.666666666666667,0.25,0.0,94.0,4.771428571428571
2021-02-28,DuPage,IL,Passenger,4.0,1.0,5.0,58.0,63.0,6.9025,2021,2,24254,74,38,5.0,4.0,5.0,4.666666666666667,0.0,0.0,99.0,4.742857142857142
2021-03-31,DuPage,IL,Passenger,4.0,1.0,5.0,58.0,63.0,6.9025,2021,3,24255,74,39,5.0,5.0,4.0,4.666666666666667,0.0,0.25,104.0,4.771428571428577
2021-04-30,DuPage,IL,Passenger,4.0,1.0,5.0,59.0,64.0,6.9025,2021,4,24256,74,40,5.0,5.0,5.0,5.0,0.0,0.0,109.0,4.857142857142865
2021-05-31,DuPage,IL,Passenger,3.0,1.0,4.0,57.0,61.0,6.56,2021,5,24257,74,41,5.0,5.0,5.0,5.0,-0.19999999999999996,-0.19999999999999996,113.0,4.857142857142865
2021-06-30,DuPage,IL,Passenger,3.0,1.0,4.0,55.0,59.0,6.78,2021,6,24258,74,42,4.0,5.0,5.0,4.666666666666667,0.0,-0.19999999999999996,117.0,4.6285714285714326
2021-07-31,DuPage,IL,Passenger,3.0,1.0,4.0,56.0,60.0,6.67,2021,7,24259,74,43,4.0,4.0,5.0,4.333333333333333,0.0,-0.19999999999999996,121.0,4.371428571428572
2021-08-31,DuPage,IL,Passenger,3.0,1.0,4.0,56.0,60.0,6.67,2021,8,24260,74,44,4.0,4.0,4.0,4.0,0.0,0.0,125.0,4.142857142857148
2021-09-30,DuPage,IL,Passenger,3.0,1.0,4.0,57.0,61.0,6.56,2021,9,24261,74,45,4.0,4.0,4.0,4.0,0.0,0.0,129.0,4.0000000000000036
2021-10-31,DuPage,IL,Passenger,3.0,1.0,4.0,55.0,59.0,6.78,2021,10,24262,74,46,4.0,4.0,4.0,4.0,0.0,0.0,133.0,4.000000000000002
2021-11-30,DuPage,IL,Passenger,3.0,1.0,4.0,54.0,58.0,6.9,2021,11,24263,74,47,4.0,4.0,4.0,4.0,0.0,0.0,137.0,4.000000000000008
2021-12-31,DuPage,IL,Passenger,3.0,1.0,4.0,53.0,57.0,6.9025,2021,12,24264,74,48,4.0,4.0,4.0,4.0,0.0,0.0,141.0,4.0000000000000036
2022-01-31,DuPage,IL,Passenger,3.0,1.0,4.0,54.0,58.0,6.9,2022,1,24265,74,49,4.0,4.0,4.0,4.0,0.0,0.0,145.0,4.000000000000008
2022-02-28,DuPage,IL,Passenger,3.0,1.0,4.0,53.0,57.0,6.9025,2022,2,24266,74,50,4.0,4.0,4.0,4.0,0.0,0.0,149.0,4.0000000000000036
2022-03-31,DuPage,IL,Passenger,3.0,1.0,4.0,52.0,56.0,6.9025,2022,3,24267,74,51,4.0,4.0,4.0,4.0,0.0,0.0,153.0,4.0000000000000115
2022-04-30,DuPage,IL,Passenger,3.0,1.0,4.0,50.0,54.0,6.9025,2022,4,24268,74,52,4.0,4.0,4.0,4.0,0.0,0.0,157.0,4.0000000000000115
2022-05-31,DuPage,IL,Passenger,3.0,1.0,4.0,51.0,55.0,6.9025,2022,5,24269,74,53,4.0,4.0,4.0,4.0,0.0,0.0,161.0,4.000000000000008
2022-06-30,DuPage,IL,Passenger,3.0,1.0,4.0,50.0,54.0,6.9025,2022,6,24270,74,54,4.0,4.0,4.0,4.0,0.0,0.0,165.0,4.0000000000000115
2022-07-31,DuPage,IL,Passenger,2.0,1.0,3.0,49.0,52.0,5.77,2022,7,24271,74,55,4.0,4.0,4.0,4.0,-0.25,-0.25,168.0,3.8571428571428674
2022-08-31,DuPage,IL,Passenger,2.0,1.0,3.0,47.0,50.0,6.0,2022,8,24272,74,56,3.0,4.0,4.0,3.6666666666666665,0.0,-0.25,171.0,3.62857142857143
2022-09-30,DuPage,IL,Passenger,2.0,1.0,3.0,47.0,50.0,6.0,2022,9,24273,74,57,3.0,3.0,4.0,3.3333333333333335,0.0,-0.25,174.0,3.3714285714285843
2022-10-31,DuPage,IL,Passenger,2.0,1.0,3.0,44.0,47.0,6.38,2022,10,24274,74,58,3.0,3.0,3.0,3.0,0.0,0.0,177.0,3.142857142857151
2022-11-30,DuPage,IL,Passenger,2.0,1.0,3.0,43.0,46.0,6.52,2022,11,24275,74,59,3.0,3.0,3.0,3.0,0.0,0.0,180.0,3.0000000000000067
2022-12-31,DuPage,IL,Passenger,2.0,1.0,3.0,39.0,42.0,6.9025,2022,12,24276,74,60,3.0,3.0,3.0,3.0,0.0,0.0,183.0,3.000000000000014
2023-01-31,DuPage,IL,Passenger,2.0,1.0,3.0,37.0,40.0,6.9025,2023,1,24277,74,61,3.0,3.0,3.0,3.0,0.0,0.0,186.0,3.0000000000000067
2023-02-28,DuPage,IL,Passenger,2.0,1.0,3.0,36.0,39.0,6.9025,2023,2,24278,74,62,3.0,3.0,3.0,3.0,0.0,0.0,189.0,3.000000000000014
2023-03-31,DuPage,IL,Passenger,2.0,1.0,3.0,36.0,39.0,6.9025,2023,3,24279,74,63,3.0,3.0,3.0,3.0,0.0,0.0,192.0,3.0000000000000067
2023-04-30,DuPage,IL,Passenger,2.0,1.0,3.0,32.0,35.0,6.9025,2023,4,24280,74,64,3.0,3.0,3.0,3.0,0.0,0.0,195.0,3.0000000000000107
2023-05-31,DuPage,IL,Passenger,2.0,1.0,3.0,32.0,35.0,6.9025,2023,5,24281,74,65,3.0,3.0,3.0,3.0,0.0,0.0,198.0,3.000000000000022
2023-06-30,DuPage,IL,Passenger,2.0,1.0,3.0,32.0,35.0,6.9025,2023,6,24282,74,66,3.0,3.0,3.0,3.0,0.0,0.0,201.0,3.0000000000000107
2023-07-31,DuPage,IL,Passenger,2.0,1.0,3.0,34.0,37.0,6.9025,2023,7,24283,74,67,3.0,3.0,3.0,3.0,0.0,0.0,204.0,3.000000000000018
2023-08-31,DuPage,IL,Passenger,2.0,1.0,3.0,32.0,35.0,6.9025,2023,8,24284,74,68,3.0,3.0,3.0,3.0,0.0,0.0,207.0,3.0000000000000067
2023-09-30,DuPage,IL,Passenger,2.0,1.0,3.0,31.0,34.0,6.9025,2023,9,24285,74,69,3.0,3.0,3.0,3.0,0.0,0.0,210.0,2.999999999999995
2023-10-31,DuPage,IL,Passenger,2.0,1.0,3.0,31.0,34.0,6.9025,2023,10,24286,74,70,3.0,3.0,3.0,3.0,0.0,0.0,213.0,3.0000000000000067
2023-11-30,DuPage,IL,Passenger,2.0,1.0,3.0,30.0,33.0,6.9025,2023,11,24287,74,71,3.0,3.0,3.0,3.0,0.0,0.0,216.0,3.000000000000022
2023-12-31,DuPage,IL,Passenger,2.0,1.0,3.0,29.0,32.0,6.9025,2023,12,24288,74,72,3.0,3.0,3.0,3.0,0.0,0.0,219.0,3.0000000000000067
2024-01-31,DuPage,IL,Passenger,2.0,1.0,3.0,27.0,30.0,6.9025,2024,1,24289,74,73,3.0,3.0,3.0,3.0,0.0,0.0,222.0,3.0000000000000027
2024-02-29,DuPage,IL,Passenger,2.0,1.0,3.0,27.0,30.0,6.9025,2024,2,24290,74,74,3.0,3.0,3.0,3.0,0.0,0.0,225.0,3.0000000000000298
2017-06-30,Duval,FL,Passenger,1.0,1.0,2.0,381.0,383.0,0.52,2017,6,24210,76,5,2.0,2.0,2.0,2.0,0.0,0.0,12.0,1.9999999999999996
2017-07-31,Duval,FL,Passenger,1.0,1.0,2.0,376.0,378.0,0.53,2017,7,24211,76,6,2.0,2.0,2.0,2.0,0.0,0.0,14.0,1.9999999999999996
2017-08-31,Duval,FL,Passenger,1.0,1.0,2.0,375.0,377.0,0.53,2017,8,24212,76,7,2.0,2.0,2.0,2.0,0.0,0.0,16.0,1.9999999999999998
2017-09-30,Duval,FL,Passenger,1.0,1.0,2.0,365.0,367.0,0.54,2017,9,24213,76,8,2.0,2.0,2.0,2.0,0.0,0.0,18.0,2.0000000000000004
2017-10-31,Duval,FL,Passenger,1.0,1.0,2.0,366.0,368.0,0.54,2017,10,24214,76,9,2.0,2.0,2.0,2.0,0.0,0.0,20.0,2.0000000000000004
2017-11-30,Duval,FL,Passenger,1.0,1.0,2.0,364.0,366.0,0.55,2017,11,24215,76,10,2.0,2.0,2.0,2.0,0.0,0.0,22.0,2.0
2017-12-31,Duval,FL,Passenger,1.0,2.0,3.0,369.0,372.0,0.81,2017,12,24216,76,11,2.0,2.0,2.0,2.0,0.5,0.5,25.0,2.142857142857143
2018-01-31,Duval,FL,Passenger,1.0,2.0,3.0,367.0,370.0,0.81,2018,1,24217,76,12,3.0,2.0,2.0,2.3333333333333335,0.0,0.5,28.0,2.3714285714285723
2018-02-28,Duval,FL,Passenger,1.0,2.0,3.0,368.0,371.0,0.81,2018,2,24218,76,13,3.0,3.0,2.0,2.6666666666666665,0.0,0.5,31.0,2.62857142857143
2018-03-31,Duval,FL,Passenger,1.0,2.0,3.0,374.0,377.0,0.8,2018,3,24219,76,14,3.0,3.0,3.0,3.0,0.0,0.0,34.0,2.8571428571428568
2018-04-30,Duval,FL,Passenger,1.0,2.0,3.0,377.0,380.0,0.79,2018,4,24220,76,15,3.0,3.0,3.0,3.0,0.0,0.0,37.0,3.0000000000000004
2018-05-31,Duval,FL,Passenger,1.0,2.0,3.0,382.0,385.0,0.78,2018,5,24221,76,16,3.0,3.0,3.0,3.0,0.0,0.0,40.0,3.0000000000000004
2018-06-30,Duval,FL,Passenger,1.0,2.0,3.0,384.0,387.0,0.78,2018,6,24222,76,17,3.0,3.0,3.0,3.0,0.0,0.0,43.0,3.0
2018-07-31,Duval,FL,Passenger,1.0,2.0,3.0,384.0,387.0,0.78,2018,7,24223,76,18,3.0,3.0,3.0,3.0,0.0,0.0,46.0,3.000000000000002
2018-08-31,Duval,FL,Passenger,1.0,2.0,3.0,381.0,384.0,0.78,2018,8,24224,76,19,3.0,3.0,3.0,3.0,0.0,0.0,49.0,3.0000000000000018
2018-09-30,Duval,FL,Passenger,1.0,2.0,3.0,385.0,388.0,0.77,2018,9,24225,76,20,3.0,3.0,3.0,3.0,0.0,0.0,52.0,3.000000000000001
2018-10-31,Duval,FL,Passenger,1.0,2.0,3.0,385.0,388.0,0.77,2018,10,24226,76,21,3.0,3.0,3.0,3.0,0.0,0.0,55.0,3.0000000000000027
2018-11-30,Duval,FL,Passenger,1.0,2.0,3.0,385.0,388.0,0.77,2018,11,24227,76,22,3.0,3.0,3.0,3.0,0.0,0.0,58.0,3.000000000000004
2018-12-31,Duval,FL,Passenger,1.0,2.0,3.0,385.0,388.0,0.77,2018,12,24228,76,23,3.0,3.0,3.0,3.0,0.0,0.0,61.0,3.000000000000001
2019-01-31,Duval,FL,Passenger,1.0,2.0,3.0,387.0,390.0,0.77,2019,1,24229,76,24,3.0,3.0,3.0,3.0,0.0,0.0,64.0,3.0000000000000058
2019-02-28,Duval,FL,Passenger,1.0,2.0,3.0,389.0,392.0,0.77,2019,2,24230,76,25,3.0,3.0,3.0,3.0,0.0,0.0,67.0,2.999999999999999
2019-03-31,Duval,FL,Passenger,1.0,2.0,3.0,390.0,393.0,0.76,2019,3,24231,76,26,3.0,3.0,3.0,3.0,0.0,0.0,70.0,3.0000000000000027
2019-04-30,Duval,FL,Passenger,1.0,2.0,3.0,390.0,393.0,0.76,2019,4,24232,76,27,3.0,3.0,3.0,3.0,0.0,0.0,73.0,3.0
2019-05-31,Duval,FL,Passenger,1.0,2.0,3.0,380.0,383.0,0.78,2019,5,24233,76,28,3.0,3.0,3.0,3.0,0.0,0.0,76.0,3.000000000000001
2019-06-30,Duval,FL,Passenger,1.0,2.0,3.0,380.0,383.0,0.78,2019,6,24234,76,29,3.0,3.0,3.0,3.0,0.0,0.0,79.0,3.000000000000001
2019-07-31,Duval,FL,Passenger,1.0,2.0,3.0,379.0,382.0,0.79,2019,7,24235,76,30,3.0,3.0,3.0,3.0,0.0,0.0,82.0,3.000000000000005
2019-08-31,Duval,FL,Passenger,1.0,2.0,3.0,381.0,384.0,0.78,2019,8,24236,76,31,3.0,3.0,3.0,3.0,0.0,0.0,85.0,3.000000000000005
2019-09-30,Duval,FL,Passenger,1.0,2.0,3.0,375.0,378.0,0.79,2019,9,24237,76,32,3.0,3.0,3.0,3.0,0.0,0.0,88.0,3.000000000000005
2019-10-31,Duval,FL,Passenger,1.0,2.0,3.0,376.0,379.0,0.79,2019,10,24238,76,33,3.0,3.0,3.0,3.0,0.0,0.0,91.0,3.0000000000000067
2019-11-30,Duval,FL,Passenger,1.0,2.0,3.0,374.0,377.0,0.8,2019,11,24239,76,34,3.0,3.0,3.0,3.0,0.0,0.0,94.0,3.0000000000000067
2019-12-31,Duval,FL,Passenger,1.0,2.0,3.0,369.0,372.0,0.81,2019,12,24240,76,35,3.0,3.0,3.0,3.0,0.0,0.0,97.0,3.0000000000000067
2020-01-31,Duval,FL,Passenger,1.0,2.0,3.0,375.0,378.0,0.79,2020,1,24241,76,36,3.0,3.0,3.0,3.0,0.0,0.0,100.0,2.999999999999999
2020-02-29,Duval,FL,Passenger,1.0,2.0,3.0,370.0,373.0,0.8,2020,2,24242,76,37,3.0,3.0,3.0,3.0,0.0,0.0,103.0,3.0000000000000067
2020-03-31,Duval,FL,Passenger,0.0,2.0,2.0,369.0,371.0,0.54,2020,3,24243,76,38,3.0,3.0,3.0,3.0,-0.33333333333333337,-0.33333333333333337,105.0,2.8571428571428625
2020-04-30,Duval,FL,Passenger,0.0,2.0,2.0,364.0,366.0,0.55,2020,4,24244,76,39,2.0,3.0,3.0,2.6666666666666665,0.0,-0.33333333333333337,107.0,2.6285714285714388
2020-05-31,Duval,FL,Passenger,0.0,2.0,2.0,362.0,364.0,0.55,2020,5,24245,76,40,2.0,2.0,3.0,2.3333333333333335,0.0,-0.33333333333333337,109.0,2.3714285714285777
2020-06-30,Duval,FL,Passenger,0.0,2.0,2.0,367.0,369.0,0.54,2020,6,24246,76,41,2.0,2.0,2.0,2.0,0.0,0.0,111.0,2.1428571428571557
2020-07-31,Duval,FL,Passenger,0.0,2.0,2.0,370.0,372.0,0.54,2020,7,24247,76,42,2.0,2.0,2.0,2.0,0.0,0.0,113.0,2.000000000000004
2020-08-31,Duval,FL,Passenger,0.0,2.0,2.0,367.0,369.0,0.54,2020,8,24248,76,43,2.0,2.0,2.0,2.0,0.0,0.0,115.0,2.0000000000000098
2020-09-30,Duval,FL,Passenger,0.0,2.0,2.0,368.0,370.0,0.54,2020,9,24249,76,44,2.0,2.0,2.0,2.0,0.0,0.0,117.0,2.0000000000000058
2020-10-31,Duval,FL,Passenger,0.0,2.0,2.0,368.0,370.0,0.54,2020,10,24250,76,45,2.0,2.0,2.0,2.0,0.0,0.0,119.0,2.0
2020-11-30,Duval,FL,Passenger,0.0,2.0,2.0,366.0,368.0,0.54,2020,11,24251,76,46,2.0,2.0,2.0,2.0,0.0,0.0,121.0,2.0000000000000133
2020-12-31,Duval,FL,Passenger,0.0,2.0,2.0,365.0,367.0,0.54,2020,12,24252,76,47,2.0,2.0,2.0,2.0,0.0,0.0,123.0,2.0000000000000018
2021-01-31,Duval,FL,Passenger,0.0,2.0,2.0,363.0,365.0,0.55,2021,1,24253,76,48,2.0,2.0,2.0,2.0,0.0,0.0,125.0,2.0000000000000058
2021-02-28,Duval,FL,Passenger,0.0,2.0,2.0,358.0,360.0,0.56,2021,2,24254,76,49,2.0,2.0,2.0,2.0,0.0,0.0,127.0,2.0000000000000133
2021-03-31,Duval,FL,Passenger,0.0,2.0,2.0,358.0,360.0,0.56,2021,3,24255,76,50,2.0,2.0,2.0,2.0,0.0,0.0,129.0,2.0000000000000098
2021-04-30,Duval,FL,Passenger,0.0,2.0,2.0,353.0,355.0,0.56,2021,4,24256,76,51,2.0,2.0,2.0,2.0,0.0,0.0,131.0,2.0000000000000133
2021-05-31,Duval,FL,Passenger,0.0,2.0,2.0,347.0,349.0,0.57,2021,5,24257,76,52,2.0,2.0,2.0,2.0,0.0,0.0,133.0,2.0000000000000133
2021-06-30,Duval,FL,Passenger,0.0,2.0,2.0,349.0,351.0,0.57,2021,6,24258,76,53,2.0,2.0,2.0,2.0,0.0,0.0,135.0,1.999999999999998
2021-07-31,Duval,FL,Passenger,0.0,2.0,2.0,345.0,347.0,0.58,2021,7,24259,76,54,2.0,2.0,2.0,2.0,0.0,0.0,137.0,2.0000000000000018
2021-08-31,Duval,FL,Passenger,0.0,2.0,2.0,345.0,347.0,0.58,2021,8,24260,76,55,2.0,2.0,2.0,2.0,0.0,0.0,139.0,2.0000000000000058
2021-09-30,Duval,FL,Passenger,0.0,2.0,2.0,341.0,343.0,0.58,2021,9,24261,76,56,2.0,2.0,2.0,2.0,0.0,0.0,141.0,2.0000000000000058
2021-10-31,Duval,FL,Passenger,0.0,2.0,2.0,337.0,339.0,0.59,2021,10,24262,76,57,2.0,2.0,2.0,2.0,0.0,0.0,143.0,2.0000000000000173
2021-11-30,Duval,FL,Passenger,0.0,2.0,2.0,337.0,339.0,0.59,2021,11,24263,76,58,2.0,2.0,2.0,2.0,0.0,0.0,145.0,2.0000000000000133
2021-12-31,Duval,FL,Passenger,0.0,2.0,2.0,330.0,332.0,0.6,2021,12,24264,76,59,2.0,2.0,2.0,2.0,0.0,0.0,147.0,2.0000000000000058
2022-01-31,Duval,FL,Passenger,0.0,2.0,2.0,318.0,320.0,0.62,2022,1,24265,76,60,2.0,2.0,2.0,2.0,0.0,0.0,149.0,2.0000000000000098
2022-02-28,Duval,FL,Passenger,0.0,2.0,2.0,314.0,316.0,0.63,2022,2,24266,76,61,2.0,2.0,2.0,2.0,0.0,0.0,151.0,2.0000000000000098
2022-03-31,Duval,FL,Passenger,0.0,2.0,2.0,306.0,308.0,0.65,2022,3,24267,76,62,2.0,2.0,2.0,2.0,0.0,0.0,153.0,2.0000000000000018
2022-04-30,Duval,FL,Passenger,0.0,2.0,2.0,303.0,305.0,0.66,2022,4,24268,76,63,2.0,2.0,2.0,2.0,0.0,0.0,155.0,2.0000000000000058
2022-05-31,Duval,FL,Passenger,0.0,2.0,2.0,298.0,300.0,0.67,2022,5,24269,76,64,2.0,2.0,2.0,2.0,0.0,0.0,157.0,2.0000000000000173
2022-06-30,Duval,FL,Passenger,0.0,2.0,2.0,290.0,292.0,0.68,2022,6,24270,76,65,2.0,2.0,2.0,2.0,0.0,0.0,159.0,2.0000000000000058
2022-07-31,Duval,FL,Passenger,0.0,2.0,2.0,286.0,288.0,0.69,2022,7,24271,76,66,2.0,2.0,2.0,2.0,0.0,0.0,161.0,2.0000000000000173
2022-08-31,Duval,FL,Passenger,0.0,2.0,2.0,281.0,283.0,0.71,2022,8,24272,76,67,2.0,2.0,2.0,2.0,0.0,0.0,163.0,2.0000000000000133
2022-09-30,Duval,FL,Passenger,0.0,2.0,2.0,280.0,282.0,0.71,2022,9,24273,76,68,2.0,2.0,2.0,2.0,0.0,0.0,165.0,2.0000000000000098
2022-10-31,Duval,FL,Passenger,0.0,2.0,2.0,273.0,275.0,0.73,2022,10,24274,76,69,2.0,2.0,2.0,2.0,0.0,0.0,167.0,2.0000000000000098
2022-11-30,Duval,FL,Passenger,0.0,1.0,1.0,271.0,272.0,0.37,2022,11,24275,76,70,2.0,2.0,2.0,2.0,-0.5,-0.5,168.0,1.8571428571428654
2017-06-30,Eagle,CO,Passenger,1.0,0.0,1.0,7.0,8.0,6.9025,2017,6,24210,77,5,1.0,1.0,1.0,1.0,0.0,0.0,6.0,0.9999999999999998
2017-07-31,Eagle,CO,Passenger,1.0,0.0,1.0,7.0,8.0,6.9025,2017,7,24211,77,6,1.0,1.0,1.0,1.0,0.0,0.0,7.0,0.9999999999999998
2017-08-31,Eagle,CO,Passenger,1.0,0.0,1.0,7.0,8.0,6.9025,2017,8,24212,77,7,1.0,1.0,1.0,1.0,0.0,0.0,8.0,0.9999999999999999
2017-09-30,Eagle,CO,Passenger,1.0,0.0,1.0,7.0,8.0,6.9025,2017,9,24213,77,8,1.0,1.0,1.0,1.0,0.0,0.0,9.0,1.0000000000000002
2017-10-31,Eagle,CO,Passenger,1.0,0.0,1.0,7.0,8.0,6.9025,2017,10,24214,77,9,1.0,1.0,1.0,1.0,0.0,0.0,10.0,1.0000000000000002
2017-11-30,Eagle,CO,Passenger,1.0,0.0,1.0,6.0,7.0,6.9025,2017,11,24215,77,10,1.0,1.0,1.0,1.0,0.0,0.0,11.0,1.0
2017-12-31,Eagle,CO,Passenger,1.0,0.0,1.0,6.0,7.0,6.9025,2017,12,24216,77,11,1.0,1.0,1.0,1.0,0.0,0.0,12.0,1.0000000000000002
2018-01-31,Eagle,CO,Passenger,1.0,0.0,1.0,6.0,7.0,6.9025,2018,1,24217,77,12,1.0,1.0,1.0,1.0,0.0,0.0,13.0,1.0000000000000002
2018-02-28,Eagle,CO,Passenger,1.0,0.0,1.0,6.0,7.0,6.9025,2018,2,24218,77,13,1.0,1.0,1.0,1.0,0.0,0.0,14.0,1.0000000000000009
2018-03-31,Eagle,CO,Passenger,1.0,0.0,1.0,6.0,7.0,6.9025,2018,3,24219,77,14,1.0,1.0,1.0,1.0,0.0,0.0,15.0,1.0000000000000007
2018-04-30,Eagle,CO,Passenger,1.0,0.0,1.0,6.0,7.0,6.9025,2018,4,24220,77,15,1.0,1.0,1.0,1.0,0.0,0.0,16.0,1.0000000000000009
2018-05-31,Eagle,CO,Passenger,1.0,0.0,1.0,6.0,7.0,6.9025,2018,5,24221,77,16,1.0,1.0,1.0,1.0,0.0,0.0,17.0,1.0
2018-06-30,Eagle,CO,Passenger,1.0,0.0,1.0,6.0,7.0,6.9025,2018,6,24222,77,17,1.0,1.0,1.0,1.0,0.0,0.0,18.0,1.0000000000000002
2018-07-31,Eagle,CO,Passenger,1.0,0.0,1.0,5.0,6.0,6.9025,2018,7,24223,77,18,1.0,1.0,1.0,1.0,0.0,0.0,19.0,1.000000000000002
2018-08-31,Eagle,CO,Passenger,1.0,0.0,1.0,5.0,6.0,6.9025,2018,8,24224,77,19,1.0,1.0,1.0,1.0,0.0,0.0,20.0,0.9999999999999998
2018-09-30,Eagle,CO,Passenger,1.0,0.0,1.0,5.0,6.0,6.9025,2018,9,24225,77,20,1.0,1.0,1.0,1.0,0.0,0.0,21.0,1.000000000000001
2018-10-31,Eagle,CO,Passenger,1.0,0.0,1.0,5.0,6.0,6.9025,2018,10,24226,77,21,1.0,1.0,1.0,1.0,0.0,0.0,22.0,1.0000000000000013
2018-11-30,Eagle,CO,Passenger,1.0,0.0,1.0,5.0,6.0,6.9025,2018,11,24227,77,22,1.0,1.0,1.0,1.0,0.0,0.0,23.0,1.0000000000000013
2018-12-31,Eagle,CO,Passenger,1.0,0.0,1.0,5.0,6.0,6.9025,2018,12,24228,77,23,1.0,1.0,1.0,1.0,0.0,0.0,24.0,1.0000000000000004
2019-01-31,Eagle,CO,Passenger,1.0,0.0,1.0,5.0,6.0,6.9025,2019,1,24229,77,24,1.0,1.0,1.0,1.0,0.0,0.0,25.0,1.0000000000000013
2019-02-28,Eagle,CO,Passenger,1.0,0.0,1.0,5.0,6.0,6.9025,2019,2,24230,77,25,1.0,1.0,1.0,1.0,0.0,0.0,26.0,1.0000000000000013
2019-03-31,Eagle,CO,Passenger,1.0,0.0,1.0,5.0,6.0,6.9025,2019,3,24231,77,26,1.0,1.0,1.0,1.0,0.0,0.0,27.0,1.0000000000000013
2019-04-30,Eagle,CO,Passenger,1.0,0.0,1.0,6.0,7.0,6.9025,2019,4,24232,77,27,1.0,1.0,1.0,1.0,0.0,0.0,28.0,1.0000000000000013
2019-05-31,Eagle,CO,Passenger,1.0,0.0,1.0,6.0,7.0,6.9025,2019,5,24233,77,28,1.0,1.0,1.0,1.0,0.0,0.0,29.0,1.0000000000000024
2019-06-30,Eagle,CO,Passenger,1.0,0.0,1.0,6.0,7.0,6.9025,2019,6,24234,77,29,1.0,1.0,1.0,1.0,0.0,0.0,30.0,1.000000000000002
2019-07-31,Eagle,CO,Passenger,1.0,0.0,1.0,6.0,7.0,6.9025,2019,7,24235,77,30,1.0,1.0,1.0,1.0,0.0,0.0,31.0,1.0000000000000009
2019-08-31,Eagle,CO,Passenger,1.0,0.0,1.0,6.0,7.0,6.9025,2019,8,24236,77,31,1.0,1.0,1.0,1.0,0.0,0.0,32.0,1.000000000000002
2019-09-30,Eagle,CO,Passenger,1.0,0.0,1.0,6.0,7.0,6.9025,2019,9,24237,77,32,1.0,1.0,1.0,1.0,0.0,0.0,33.0,1.0000000000000038
2019-10-31,Eagle,CO,Passenger,1.0,0.0,1.0,6.0,7.0,6.9025,2019,10,24238,77,33,1.0,1.0,1.0,1.0,0.0,0.0,34.0,1.0000000000000004
2019-11-30,Eagle,CO,Passenger,1.0,0.0,1.0,6.0,7.0,6.9025,2019,11,24239,77,34,1.0,1.0,1.0,1.0,0.0,0.0,35.0,1.000000000000002
2019-12-31,Eagle,CO,Passenger,1.0,0.0,1.0,6.0,7.0,6.9025,2019,12,24240,77,35,1.0,1.0,1.0,1.0,0.0,0.0,36.0,1.0000000000000029
2020-01-31,Eagle,CO,Passenger,1.0,0.0,1.0,6.0,7.0,6.9025,2020,1,24241,77,36,1.0,1.0,1.0,1.0,0.0,0.0,37.0,1.0000000000000038
2020-02-29,Eagle,CO,Passenger,1.0,0.0,1.0,9.0,10.0,6.9025,2020,2,24242,77,37,1.0,1.0,1.0,1.0,0.0,0.0,38.0,1.0
2020-03-31,Eagle,CO,Passenger,1.0,0.0,1.0,9.0,10.0,6.9025,2020,3,24243,77,38,1.0,1.0,1.0,1.0,0.0,0.0,39.0,1.0000000000000009
2020-04-30,Eagle,CO,Passenger,1.0,0.0,1.0,9.0,10.0,6.9025,2020,4,24244,77,39,1.0,1.0,1.0,1.0,0.0,0.0,40.0,1.0000000000000009
2020-05-31,Eagle,CO,Passenger,1.0,0.0,1.0,9.0,10.0,6.9025,2020,5,24245,77,40,1.0,1.0,1.0,1.0,0.0,0.0,41.0,1.0000000000000038
2020-06-30,Eagle,CO,Passenger,1.0,0.0,1.0,8.0,9.0,6.9025,2020,6,24246,77,41,1.0,1.0,1.0,1.0,0.0,0.0,42.0,1.0000000000000009
2020-07-31,Eagle,CO,Passenger,1.0,0.0,1.0,8.0,9.0,6.9025,2020,7,24247,77,42,1.0,1.0,1.0,1.0,0.0,0.0,43.0,1.0000000000000029
2020-08-31,Eagle,CO,Passenger,1.0,0.0,1.0,8.0,9.0,6.9025,2020,8,24248,77,43,1.0,1.0,1.0,1.0,0.0,0.0,44.0,1.0000000000000029
2020-09-30,Eagle,CO,Passenger,1.0,0.0,1.0,8.0,9.0,6.9025,2020,9,24249,77,44,1.0,1.0,1.0,1.0,0.0,0.0,45.0,1.0000000000000009
2020-10-31,Eagle,CO,Passenger,1.0,0.0,1.0,8.0,9.0,6.9025,2020,10,24250,77,45,1.0,1.0,1.0,1.0,0.0,0.0,46.0,1.0000000000000009
2020-11-30,Eagle,CO,Passenger,1.0,0.0,1.0,8.0,9.0,6.9025,2020,11,24251,77,46,1.0,1.0,1.0,1.0,0.0,0.0,47.0,1.0000000000000029
2020-12-31,Eagle,CO,Passenger,1.0,0.0,1.0,8.0,9.0,6.9025,2020,12,24252,77,47,1.0,1.0,1.0,1.0,0.0,0.0,48.0,1.0000000000000009
2021-01-31,Eagle,CO,Passenger,1.0,0.0,1.0,8.0,9.0,6.9025,2021,1,24253,77,48,1.0,1.0,1.0,1.0,0.0,0.0,49.0,1.000000000000002
2021-02-28,Eagle,CO,Passenger,1.0,0.0,1.0,8.0,9.0,6.9025,2021,2,24254,77,49,1.0,1.0,1.0,1.0,0.0,0.0,50.0,1.000000000000002
2021-03-31,Eagle,CO,Passenger,1.0,0.0,1.0,8.0,9.0,6.9025,2021,3,24255,77,50,1.0,1.0,1.0,1.0,0.0,0.0,51.0,1.000000000000002
2021-04-30,Eagle,CO,Passenger,1.0,0.0,1.0,9.0,10.0,6.9025,2021,4,24256,77,51,1.0,1.0,1.0,1.0,0.0,0.0,52.0,1.0000000000000009
2021-05-31,Eagle,CO,Passenger,1.0,0.0,1.0,9.0,10.0,6.9025,2021,5,24257,77,52,1.0,1.0,1.0,1.0,0.0,0.0,53.0,1.0000000000000029
2021-06-30,Eagle,CO,Passenger,1.0,0.0,1.0,9.0,10.0,6.9025,2021,6,24258,77,53,1.0,1.0,1.0,1.0,0.0,0.0,54.0,1.0000000000000049
2021-07-31,Eagle,CO,Passenger,1.0,0.0,1.0,9.0,10.0,6.9025,2021,7,24259,77,54,1.0,1.0,1.0,1.0,0.0,0.0,55.0,1.0000000000000038
2021-08-31,Eagle,CO,Passenger,1.0,0.0,1.0,9.0,10.0,6.9025,2021,8,24260,77,55,1.0,1.0,1.0,1.0,0.0,0.0,56.0,1.0
2021-09-30,Eagle,CO,Passenger,1.0,0.0,1.0,9.0,10.0,6.9025,2021,9,24261,77,56,1.0,1.0,1.0,1.0,0.0,0.0,57.0,1.000000000000002
2021-10-31,Eagle,CO,Passenger,1.0,0.0,1.0,9.0,10.0,6.9025,2021,10,24262,77,57,1.0,1.0,1.0,1.0,0.0,0.0,58.0,1.0000000000000038
2021-11-30,Eagle,CO,Passenger,1.0,0.0,1.0,9.0,10.0,6.9025,2021,11,24263,77,58,1.0,1.0,1.0,1.0,0.0,0.0,59.0,1.0000000000000038
2021-12-31,Eagle,CO,Passenger,1.0,0.0,1.0,8.0,9.0,6.9025,2021,12,24264,77,59,1.0,1.0,1.0,1.0,0.0,0.0,60.0,1.0000000000000038
2022-01-31,Eagle,CO,Passenger,1.0,0.0,1.0,7.0,8.0,6.9025,2022,1,24265,77,60,1.0,1.0,1.0,1.0,0.0,0.0,61.0,1.0000000000000049
2022-02-28,Eagle,CO,Passenger,1.0,0.0,1.0,7.0,8.0,6.9025,2022,2,24266,77,61,1.0,1.0,1.0,1.0,0.0,0.0,62.0,1.0000000000000067
2022-03-31,Eagle,CO,Passenger,1.0,0.0,1.0,7.0,8.0,6.9025,2022,3,24267,77,62,1.0,1.0,1.0,1.0,0.0,0.0,63.0,1.0000000000000009
2022-04-30,Eagle,CO,Passenger,1.0,0.0,1.0,7.0,8.0,6.9025,2022,4,24268,77,63,1.0,1.0,1.0,1.0,0.0,0.0,64.0,0.999999999999999
2022-05-31,Eagle,CO,Passenger,1.0,0.0,1.0,7.0,8.0,6.9025,2022,5,24269,77,64,1.0,1.0,1.0,1.0,0.0,0.0,65.0,1.0000000000000049
2022-06-30,Eagle,CO,Passenger,1.0,0.0,1.0,7.0,8.0,6.9025,2022,6,24270,77,65,1.0,1.0,1.0,1.0,0.0,0.0,66.0,1.0000000000000029
2022-07-31,Eagle,CO,Passenger,1.0,0.0,1.0,7.0,8.0,6.9025,2022,7,24271,77,66,1.0,1.0,1.0,1.0,0.0,0.0,67.0,1.0000000000000049
2022-08-31,Eagle,CO,Passenger,1.0,0.0,1.0,7.0,8.0,6.9025,2022,8,24272,77,67,1.0,1.0,1.0,1.0,0.0,0.0,68.0,1.0000000000000087
2022-09-30,Eagle,CO,Passenger,1.0,0.0,1.0,8.0,9.0,6.9025,2022,9,24273,77,68,1.0,1.0,1.0,1.0,0.0,0.0,69.0,1.0000000000000067
2022-10-31,Eagle,CO,Passenger,1.0,0.0,1.0,8.0,9.0,6.9025,2022,10,24274,77,69,1.0,1.0,1.0,1.0,0.0,0.0,70.0,1.0000000000000049
2022-11-30,Eagle,CO,Passenger,1.0,0.0,1.0,8.0,9.0,6.9025,2022,11,24275,77,70,1.0,1.0,1.0,1.0,0.0,0.0,71.0,1.0000000000000049
2022-12-31,Eagle,CO,Passenger,1.0,0.0,1.0,8.0,9.0,6.9025,2022,12,24276,77,71,1.0,1.0,1.0,1.0,0.0,0.0,72.0,1.0000000000000067
2023-01-31,Eagle,CO,Passenger,1.0,0.0,1.0,7.0,8.0,6.9025,2023,1,24277,77,72,1.0,1.0,1.0,1.0,0.0,0.0,73.0,1.0000000000000049
2023-02-28,Eagle,CO,Passenger,1.0,0.0,1.0,7.0,8.0,6.9025,2023,2,24278,77,73,1.0,1.0,1.0,1.0,0.0,0.0,74.0,1.0000000000000009
2023-03-31,Eagle,CO,Passenger,1.0,0.0,1.0,7.0,8.0,6.9025,2023,3,24279,77,74,1.0,1.0,1.0,1.0,0.0,0.0,75.0,1.0000000000000029
2023-04-30,Eagle,CO,Passenger,1.0,0.0,1.0,7.0,8.0,6.9025,2023,4,24280,77,75,1.0,1.0,1.0,1.0,0.0,0.0,76.0,1.0000000000000049
2023-05-31,Eagle,CO,Passenger,1.0,0.0,1.0,7.0,8.0,6.9025,2023,5,24281,77,76,1.0,1.0,1.0,1.0,0.0,0.0,77.0,1.0000000000000087
2023-06-30,Eagle,CO,Passenger,1.0,0.0,1.0,7.0,8.0,6.9025,2023,6,24282,77,77,1.0,1.0,1.0,1.0,0.0,0.0,78.0,1.0000000000000049
2023-01-31,Eau Claire,WI,Passenger,1.0,0.0,1.0,1.0,2.0,6.9025,2023,1,24277,78,5,1.0,1.0,1.0,1.0,0.0,0.0,6.0,0.9999999999999998
2023-02-28,Eau Claire,WI,Passenger,1.0,0.0,1.0,1.0,2.0,6.9025,2023,2,24278,78,6,1.0,1.0,1.0,1.0,0.0,0.0,7.0,0.9999999999999998
2023-03-31,Eau Claire,WI,Passenger,1.0,0.0,1.0,1.0,2.0,6.9025,2023,3,24279,78,7,1.0,1.0,1.0,1.0,0.0,0.0,8.0,0.9999999999999999
2023-04-30,Eau Claire,WI,Passenger,1.0,0.0,1.0,1.0,2.0,6.9025,2023,4,24280,78,8,1.0,1.0,1.0,1.0,0.0,0.0,9.0,1.0000000000000002
2023-05-31,Eau Claire,WI,Passenger,1.0,0.0,1.0,1.0,2.0,6.9025,2023,5,24281,78,9,1.0,1.0,1.0,1.0,0.0,0.0,10.0,1.0000000000000002
2023-06-30,Eau Claire,WI,Passenger,1.0,0.0,1.0,1.0,2.0,6.9025,2023,6,24282,78,10,1.0,1.0,1.0,1.0,0.0,0.0,11.0,1.0
2021-02-28,El Dorado,CA,Passenger,1.0,0.0,1.0,36.0,37.0,2.7,2021,2,24254,79,5,1.0,1.0,1.0,1.0,0.0,0.0,6.0,0.9999999999999998
2021-03-31,El Dorado,CA,Passenger,1.0,0.0,1.0,34.0,35.0,2.86,2021,3,24255,79,6,1.0,1.0,1.0,1.0,0.0,0.0,7.0,0.9999999999999998
2021-04-30,El Dorado,CA,Passenger,1.0,0.0,1.0,35.0,36.0,2.78,2021,4,24256,79,7,1.0,1.0,1.0,1.0,0.0,0.0,8.0,0.9999999999999999
2021-05-31,El Dorado,CA,Passenger,1.0,0.0,1.0,33.0,34.0,2.94,2021,5,24257,79,8,1.0,1.0,1.0,1.0,0.0,0.0,9.0,1.0000000000000002
2021-06-30,El Dorado,CA,Passenger,1.0,0.0,1.0,35.0,36.0,2.78,2021,6,24258,79,9,1.0,1.0,1.0,1.0,0.0,0.0,10.0,1.0000000000000002
2021-07-31,El Dorado,CA,Passenger,1.0,0.0,1.0,34.0,35.0,2.86,2021,7,24259,79,10,1.0,1.0,1.0,1.0,0.0,0.0,11.0,1.0
2023-10-31,El Dorado,CA,Passenger,1.0,0.0,1.0,16.0,17.0,5.88,2023,10,24286,79,11,1.0,1.0,1.0,1.0,0.0,0.0,12.0,1.0000000000000002
2023-11-30,El Dorado,CA,Passenger,1.0,0.0,1.0,16.0,17.0,5.88,2023,11,24287,79,12,1.0,1.0,1.0,1.0,0.0,0.0,13.0,1.0000000000000002
2023-12-31,El Dorado,CA,Passenger,1.0,0.0,1.0,17.0,18.0,5.56,2023,12,24288,79,13,1.0,1.0,1.0,1.0,0.0,0.0,14.0,1.0000000000000009
2024-01-31,El Dorado,CA,Passenger,1.0,0.0,1.0,16.0,17.0,5.88,2024,1,24289,79,14,1.0,1.0,1.0,1.0,0.0,0.0,15.0,1.0000000000000007
2024-02-29,El Dorado,CA,Passenger,1.0,0.0,1.0,14.0,15.0,6.67,2024,2,24290,79,15,1.0,1.0,1.0,1.0,0.0,0.0,16.0,1.0000000000000009
2017-05-31,El Paso,CO,Passenger,2.0,1.0,3.0,814.0,817.0,0.37,2017,5,24209,80,5,2.0,2.0,2.0,2.0,0.5,0.5,12.0,2.1428571428571423
2017-06-30,El Paso,CO,Passenger,2.0,1.0,3.0,811.0,814.0,0.37,2017,6,24210,80,6,3.0,2.0,2.0,2.3333333333333335,0.0,0.5,15.0,2.371428571428571
2017-07-31,El Paso,CO,Passenger,2.0,0.0,2.0,796.0,798.0,0.25,2017,7,24211,80,7,3.0,3.0,2.0,2.6666666666666665,-0.33333333333333337,0.0,17.0,2.4857142857142853
2017-08-31,El Paso,CO,Passenger,2.0,0.0,2.0,786.0,788.0,0.25,2017,8,24212,80,8,2.0,3.0,3.0,2.6666666666666665,0.0,-0.33333333333333337,19.0,2.485714285714285
2017-09-30,El Paso,CO,Passenger,2.0,0.0,2.0,784.0,786.0,0.25,2017,9,24213,80,9,2.0,2.0,3.0,2.3333333333333335,0.0,-0.33333333333333337,21.0,2.3714285714285714
2017-09-30,El Paso,TX,Passenger,1.0,0.0,1.0,548.0,549.0,0.18,2017,9,24213,80,10,2.0,2.0,2.0,2.0,-0.5,-0.5,22.0,2.000000000000001
2017-10-31,El Paso,TX,Passenger,1.0,0.0,1.0,530.0,531.0,0.19,2017,10,24214,80,11,1.0,2.0,2.0,1.6666666666666667,0.0,-0.5,23.0,1.62857142857143
2017-10-31,El Paso,CO,Passenger,2.0,0.0,2.0,778.0,780.0,0.26,2017,10,24214,80,12,1.0,1.0,2.0,1.3333333333333333,1.0,0.0,25.0,1.5142857142857162
2017-11-30,El Paso,CO,Passenger,2.0,0.0,2.0,772.0,774.0,0.26,2017,11,24215,80,13,2.0,1.0,1.0,1.3333333333333333,0.0,1.0,27.0,1.514285714285714
2017-11-30,El Paso,TX,Passenger,1.0,0.0,1.0,528.0,529.0,0.19,2017,11,24215,80,14,2.0,2.0,1.0,1.6666666666666667,-0.5,0.0,28.0,1.4857142857142882
2017-12-31,El Paso,TX,Passenger,1.0,0.0,1.0,526.0,527.0,0.19,2017,12,24216,80,15,1.0,2.0,2.0,1.6666666666666667,0.0,-0.5,29.0,1.485714285714286
2017-12-31,El Paso,CO,Passenger,2.0,0.0,2.0,771.0,773.0,0.26,2017,12,24216,80,16,1.0,1.0,2.0,1.3333333333333333,1.0,0.0,31.0,1.5142857142857156
2018-01-31,El Paso,CO,Passenger,2.0,0.0,2.0,770.0,772.0,0.26,2018,1,24217,80,17,2.0,1.0,1.0,1.3333333333333333,0.0,1.0,33.0,1.5142857142857156
2018-01-31,El Paso,TX,Passenger,1.0,0.0,1.0,522.0,523.0,0.19,2018,1,24217,80,18,2.0,2.0,1.0,1.6666666666666667,-0.5,0.0,34.0,1.4857142857142864
2018-02-28,El Paso,TX,Passenger,1.0,0.0,1.0,524.0,525.0,0.19,2018,2,24218,80,19,1.0,2.0,2.0,1.6666666666666667,0.0,-0.5,35.0,1.485714285714286
2018-02-28,El Paso,CO,Passenger,2.0,0.0,2.0,772.0,774.0,0.26,2018,2,24218,80,20,1.0,1.0,2.0,1.3333333333333333,1.0,0.0,37.0,1.5142857142857176
2018-03-31,El Paso,TX,Passenger,1.0,0.0,1.0,527.0,528.0,0.19,2018,3,24219,80,21,2.0,1.0,1.0,1.3333333333333333,-0.5,0.0,38.0,1.3714285714285739
2018-03-31,El Paso,CO,Passenger,2.0,0.0,2.0,763.0,765.0,0.26,2018,3,24219,80,22,1.0,2.0,1.0,1.3333333333333333,1.0,1.0,40.0,1.400000000000003
2018-04-30,El Paso,TX,Passenger,1.0,0.0,1.0,521.0,522.0,0.19,2018,4,24220,80,23,2.0,1.0,2.0,1.6666666666666667,-0.5,-0.5,41.0,1.4571428571428604
2018-04-30,El Paso,CO,Passenger,2.0,0.0,2.0,761.0,763.0,0.26,2018,4,24220,80,24,1.0,2.0,1.0,1.3333333333333333,1.0,1.0,43.0,1.5428571428571443
2018-05-31,El Paso,TX,Passenger,1.0,0.0,1.0,526.0,527.0,0.19,2018,5,24221,80,25,2.0,1.0,2.0,1.6666666666666667,-0.5,-0.5,44.0,1.4571428571428615
2018-05-31,El Paso,CO,Passenger,2.0,1.0,3.0,761.0,764.0,0.39,2018,5,24221,80,26,1.0,2.0,1.0,1.3333333333333333,2.0,2.0,47.0,1.6857142857142884
2018-06-30,El Paso,TX,Passenger,1.0,0.0,1.0,521.0,522.0,0.19,2018,6,24222,80,27,3.0,1.0,2.0,2.0,-0.6666666666666667,-0.5,48.0,1.6857142857142875
2018-06-30,El Paso,CO,Passenger,2.0,1.0,3.0,762.0,765.0,0.39,2018,6,24222,80,28,1.0,3.0,1.0,1.6666666666666667,2.0,2.0,51.0,1.9428571428571455
2018-07-31,El Paso,CO,Passenger,2.0,1.0,3.0,765.0,768.0,0.39,2018,7,24223,80,29,3.0,1.0,3.0,2.3333333333333335,0.0,0.0,54.0,2.2000000000000015
2018-07-31,El Paso,TX,Passenger,1.0,0.0,1.0,512.0,513.0,0.19,2018,7,24223,80,30,3.0,3.0,1.0,2.3333333333333335,-0.6666666666666667,0.0,55.0,2.25714285714286
2018-08-31,El Paso,CO,Passenger,3.0,1.0,4.0,768.0,772.0,0.52,2018,8,24224,80,31,1.0,3.0,3.0,2.3333333333333335,3.0,0.33333333333333326,59.0,2.4000000000000012
2018-08-31,El Paso,TX,Passenger,1.0,0.0,1.0,510.0,511.0,0.2,2018,8,24224,80,32,4.0,1.0,3.0,2.6666666666666665,-0.75,-0.6666666666666667,60.0,2.4285714285714315
2018-09-30,El Paso,TX,Passenger,1.0,0.0,1.0,500.0,501.0,0.2,2018,9,24225,80,33,1.0,4.0,1.0,2.0,0.0,0.0,61.0,2.057142857142863
2018-09-30,El Paso,CO,Passenger,3.0,1.0,4.0,773.0,777.0,0.51,2018,9,24225,80,34,1.0,1.0,4.0,2.0,3.0,0.0,65.0,2.1142857142857228
2018-10-31,El Paso,TX,Passenger,1.0,0.0,1.0,501.0,502.0,0.2,2018,10,24226,80,35,4.0,1.0,1.0,2.0,-0.75,0.0,66.0,2.114285714285717
2018-10-31,El Paso,CO,Passenger,3.0,1.0,4.0,770.0,774.0,0.52,2018,10,24226,80,36,1.0,4.0,1.0,2.0,3.0,3.0,70.0,2.2000000000000033
2018-11-30,El Paso,CO,Passenger,3.0,1.0,4.0,779.0,783.0,0.51,2018,11,24227,80,37,4.0,1.0,4.0,3.0,0.0,0.0,74.0,2.800000000000001
2018-11-30,El Paso,TX,Passenger,1.0,0.0,1.0,495.0,496.0,0.2,2018,11,24227,80,38,4.0,4.0,1.0,3.0,-0.75,0.0,75.0,2.885714285714292
2018-12-31,El Paso,TX,Passenger,1.0,0.0,1.0,495.0,496.0,0.2,2018,12,24228,80,39,1.0,4.0,4.0,3.0,0.0,-0.75,76.0,2.4571428571428653
2018-12-31,El Paso,CO,Passenger,3.0,1.0,4.0,776.0,780.0,0.51,2018,12,24228,80,40,1.0,1.0,4.0,2.0,3.0,0.0,80.0,2.5428571428571396
2019-01-31,El Paso,CO,Passenger,3.0,1.0,4.0,773.0,777.0,0.51,2019,1,24229,80,41,4.0,1.0,1.0,2.0,0.0,3.0,84.0,2.542857142857147
2019-01-31,El Paso,TX,Passenger,2.0,0.0,2.0,502.0,504.0,0.4,2019,1,24229,80,42,4.0,4.0,1.0,3.0,-0.5,1.0,86.0,2.5999999999999996
2019-02-28,El Paso,TX,Passenger,2.0,0.0,2.0,498.0,500.0,0.4,2019,2,24230,80,43,2.0,4.0,4.0,3.3333333333333335,0.0,-0.5,88.0,2.8285714285714314
2019-02-28,El Paso,CO,Passenger,3.0,2.0,5.0,769.0,774.0,0.65,2019,2,24230,80,44,2.0,2.0,4.0,2.6666666666666665,1.5,0.25,93.0,3.171428571428576
2019-03-31,El Paso,TX,Passenger,2.0,0.0,2.0,495.0,497.0,0.4,2019,3,24231,80,45,5.0,2.0,2.0,3.0,-0.6,0.0,95.0,2.9714285714285738
2019-03-31,El Paso,CO,Passenger,3.0,2.0,5.0,764.0,769.0,0.65,2019,3,24231,80,46,2.0,5.0,2.0,3.0,1.5,1.5,100.0,3.2000000000000055
2019-04-30,El Paso,TX,Passenger,3.0,0.0,3.0,488.0,491.0,0.61,2019,4,24232,80,47,5.0,2.0,5.0,4.0,-0.4,-0.4,103.0,3.514285714285719
2019-04-30,El Paso,CO,Passenger,3.0,2.0,5.0,763.0,768.0,0.65,2019,4,24232,80,48,3.0,5.0,2.0,3.3333333333333335,0.6666666666666667,1.5,108.0,3.8571428571428634
2019-05-31,El Paso,CO,Passenger,2.0,1.0,3.0,753.0,756.0,0.4,2019,5,24233,80,49,5.0,3.0,5.0,4.333333333333333,-0.4,-0.4,111.0,3.771428571428574
2019-05-31,El Paso,TX,Passenger,3.0,0.0,3.0,483.0,486.0,0.62,2019,5,24233,80,50,3.0,5.0,3.0,3.6666666666666665,0.0,0.0,114.0,3.800000000000007
2019-06-30,El Paso,CO,Passenger,2.0,1.0,3.0,743.0,746.0,0.4,2019,6,24234,80,51,3.0,3.0,5.0,3.6666666666666665,0.0,-0.4,117.0,3.4571428571428644
2019-06-30,El Paso,TX,Passenger,3.0,0.0,3.0,484.0,487.0,0.62,2019,6,24234,80,52,3.0,3.0,3.0,3.0,0.0,0.0,120.0,3.2857142857142834
2019-07-31,El Paso,TX,Passenger,3.0,0.0,3.0,488.0,491.0,0.61,2019,7,24235,80,53,3.0,3.0,3.0,3.0,0.0,0.0,123.0,3.0000000000000164
2019-07-31,El Paso,CO,Passenger,2.0,1.0,3.0,750.0,753.0,0.4,2019,7,24235,80,54,3.0,3.0,3.0,3.0,0.0,0.0,126.0,3.0000000000000067
2019-08-31,El Paso,TX,Passenger,3.0,0.0,3.0,484.0,487.0,0.62,2019,8,24236,80,55,3.0,3.0,3.0,3.0,0.0,0.0,129.0,3.0000000000000067
2019-08-31,El Paso,CO,Passenger,2.0,1.0,3.0,751.0,754.0,0.4,2019,8,24236,80,56,3.0,3.0,3.0,3.0,0.0,0.0,132.0,3.0000000000000067
2019-09-30,El Paso,TX,Passenger,3.0,0.0,3.0,477.0,480.0,0.62,2019,9,24237,80,57,3.0,3.0,3.0,3.0,0.0,0.0,135.0,3.0000000000000027
2019-09-30,El Paso,CO,Passenger,2.0,1.0,3.0,754.0,757.0,0.4,2019,9,24237,80,58,3.0,3.0,3.0,3.0,0.0,0.0,138.0,3.0000000000000067
2019-10-31,El Paso,CO,Passenger,2.0,1.0,3.0,749.0,752.0,0.4,2019,10,24238,80,59,3.0,3.0,3.0,3.0,0.0,0.0,141.0,3.000000000000014
2019-10-31,El Paso,TX,Passenger,3.0,0.0,3.0,469.0,472.0,0.64,2019,10,24238,80,60,3.0,3.0,3.0,3.0,0.0,0.0,144.0,3.0000000000000027
2019-11-30,El Paso,TX,Passenger,3.0,0.0,3.0,467.0,470.0,0.64,2019,11,24239,80,61,3.0,3.0,3.0,3.0,0.0,0.0,147.0,3.0000000000000067
2019-11-30,El Paso,CO,Passenger,2.0,1.0,3.0,757.0,760.0,0.39,2019,11,24239,80,62,3.0,3.0,3.0,3.0,0.0,0.0,150.0,3.0000000000000107
2019-12-31,El Paso,TX,Passenger,3.0,0.0,3.0,461.0,464.0,0.65,2019,12,24240,80,63,3.0,3.0,3.0,3.0,0.0,0.0,153.0,3.000000000000014
2019-12-31,El Paso,CO,Passenger,2.0,1.0,3.0,759.0,762.0,0.39,2019,12,24240,80,64,3.0,3.0,3.0,3.0,0.0,0.0,156.0,3.0000000000000107
2020-01-31,El Paso,TX,Passenger,3.0,0.0,3.0,455.0,458.0,0.66,2020,1,24241,80,65,3.0,3.0,3.0,3.0,0.0,0.0,159.0,3.000000000000018
2020-01-31,El Paso,CO,Passenger,2.0,1.0,3.0,755.0,758.0,0.4,2020,1,24241,80,66,3.0,3.0,3.0,3.0,0.0,0.0,162.0,3.000000000000014
2020-02-29,El Paso,TX,Passenger,3.0,0.0,3.0,446.0,449.0,0.67,2020,2,24242,80,67,3.0,3.0,3.0,3.0,0.0,0.0,165.0,3.0000000000000067
2020-02-29,El Paso,CO,Passenger,2.0,0.0,2.0,756.0,758.0,0.26,2020,2,24242,80,68,3.0,3.0,3.0,3.0,-0.33333333333333337,-0.33333333333333337,167.0,2.857142857142878
2020-03-31,El Paso,TX,Passenger,3.0,0.0,3.0,444.0,447.0,0.67,2020,3,24243,80,69,2.0,3.0,3.0,2.6666666666666665,0.5,0.0,170.0,2.7714285714285807
2020-03-31,El Paso,CO,Passenger,2.0,0.0,2.0,750.0,752.0,0.27,2020,3,24243,80,70,3.0,2.0,3.0,2.6666666666666665,-0.33333333333333337,-0.33333333333333337,172.0,2.6000000000000054
2020-04-30,El Paso,TX,Passenger,3.0,0.0,3.0,441.0,444.0,0.68,2020,4,24244,80,71,2.0,3.0,2.0,2.3333333333333335,0.5,0.5,175.0,2.5428571428571662
2020-04-30,El Paso,CO,Passenger,2.0,0.0,2.0,744.0,746.0,0.27,2020,4,24244,80,72,3.0,2.0,3.0,2.6666666666666665,-0.33333333333333337,-0.33333333333333337,177.0,2.457142857142873
2020-05-31,El Paso,CO,Passenger,2.0,0.0,2.0,738.0,740.0,0.27,2020,5,24245,80,73,2.0,3.0,2.0,2.3333333333333335,0.0,0.0,179.0,2.4000000000000106
2020-05-31,El Paso,TX,Passenger,3.0,0.0,3.0,437.0,440.0,0.68,2020,5,24245,80,74,2.0,2.0,3.0,2.3333333333333335,0.5,0.0,182.0,2.3714285714285874
2020-06-30,El Paso,TX,Passenger,3.0,0.0,3.0,427.0,430.0,0.7,2020,6,24246,80,75,3.0,2.0,2.0,2.3333333333333335,0.0,0.5,185.0,2.5142857142857236
2020-06-30,El Paso,CO,Passenger,2.0,0.0,2.0,736.0,738.0,0.27,2020,6,24246,80,76,3.0,3.0,2.0,2.6666666666666665,-0.33333333333333337,0.0,187.0,2.4857142857143004
2020-07-31,El Paso,TX,Passenger,3.0,0.0,3.0,424.0,427.0,0.7,2020,7,24247,80,77,2.0,3.0,3.0,2.6666666666666665,0.5,0.0,190.0,2.6285714285714445
2020-07-31,El Paso,CO,Passenger,2.0,0.0,2.0,739.0,741.0,0.27,2020,7,24247,80,78,3.0,2.0,3.0,2.6666666666666665,-0.33333333333333337,-0.33333333333333337,192.0,2.6000000000000094
2020-08-31,El Paso,CO,Passenger,2.0,0.0,2.0,731.0,733.0,0.27,2020,8,24248,80,79,2.0,3.0,2.0,2.3333333333333335,0.0,0.0,194.0,2.4000000000000106
2020-08-31,El Paso,TX,Passenger,3.0,0.0,3.0,421.0,424.0,0.71,2020,8,24248,80,80,2.0,2.0,3.0,2.3333333333333335,0.5,0.0,197.0,2.3714285714285874
2020-09-30,El Paso,CO,Passenger,2.0,0.0,2.0,732.0,734.0,0.27,2020,9,24249,80,81,3.0,2.0,2.0,2.3333333333333335,-0.33333333333333337,0.0,199.0,2.371428571428576
2020-09-30,El Paso,TX,Passenger,3.0,0.0,3.0,425.0,428.0,0.7,2020,9,24249,80,82,2.0,3.0,2.0,2.3333333333333335,0.5,0.5,202.0,2.4000000000000146
2020-10-31,El Paso,TX,Passenger,3.0,0.0,3.0,421.0,424.0,0.71,2020,10,24250,80,83,3.0,2.0,3.0,2.6666666666666665,0.0,0.0,205.0,2.6000000000000054
2020-10-31,El Paso,CO,Passenger,2.0,0.0,2.0,724.0,726.0,0.28,2020,10,24250,80,84,3.0,3.0,2.0,2.6666666666666665,-0.33333333333333337,0.0,207.0,2.6285714285714405
2020-11-30,El Paso,CO,Passenger,2.0,0.0,2.0,723.0,725.0,0.28,2020,11,24251,80,85,2.0,3.0,3.0,2.6666666666666665,0.0,-0.33333333333333337,209.0,2.4857142857142924
2020-11-30,El Paso,TX,Passenger,3.0,0.0,3.0,413.0,416.0,0.72,2020,11,24251,80,86,2.0,2.0,3.0,2.3333333333333335,0.5,0.0,212.0,2.51428571428572
2020-12-31,El Paso,CO,Passenger,2.0,0.0,2.0,723.0,725.0,0.28,2020,12,24252,80,87,3.0,2.0,2.0,2.3333333333333335,-0.33333333333333337,0.0,214.0,2.3714285714285834
2020-12-31,El Paso,TX,Passenger,3.0,0.0,3.0,410.0,413.0,0.73,2020,12,24252,80,88,2.0,3.0,2.0,2.3333333333333335,0.5,0.5,217.0,2.4000000000000106
2021-01-31,El Paso,CO,Passenger,2.0,0.0,2.0,715.0,717.0,0.28,2021,1,24253,80,89,3.0,2.0,3.0,2.6666666666666665,-0.33333333333333337,-0.33333333333333337,219.0,2.4571428571428693
2021-01-31,El Paso,TX,Passenger,3.0,0.0,3.0,402.0,405.0,0.74,2021,1,24253,80,90,2.0,3.0,2.0,2.3333333333333335,0.5,0.5,222.0,2.5428571428571587
2021-02-28,El Paso,CO,Passenger,2.0,0.0,2.0,714.0,716.0,0.28,2021,2,24254,80,91,3.0,2.0,3.0,2.6666666666666665,-0.33333333333333337,-0.33333333333333337,224.0,2.457142857142873
2021-02-28,El Paso,TX,Passenger,3.0,0.0,3.0,399.0,402.0,0.75,2021,2,24254,80,92,2.0,3.0,2.0,2.3333333333333335,0.5,0.5,227.0,2.542857142857143
2021-03-31,El Paso,CO,Passenger,3.0,0.0,3.0,710.0,713.0,0.42,2021,3,24255,80,93,3.0,2.0,3.0,2.6666666666666665,0.0,0.0,230.0,2.5999999999999863
2021-03-31,El Paso,TX,Passenger,3.0,0.0,3.0,399.0,402.0,0.75,2021,3,24255,80,94,3.0,3.0,2.0,2.6666666666666665,0.0,0.5,233.0,2.771428571428596
2021-04-30,El Paso,CO,Passenger,3.0,0.0,3.0,713.0,716.0,0.42,2021,4,24256,80,95,3.0,3.0,3.0,3.0,0.0,0.0,236.0,2.857142857142874
2021-04-30,El Paso,TX,Passenger,3.0,0.0,3.0,396.0,399.0,0.75,2021,4,24256,80,96,3.0,3.0,3.0,3.0,0.0,0.0,239.0,3.0000000000000067
2021-05-31,El Paso,TX,Passenger,3.0,0.0,3.0,394.0,397.0,0.76,2021,5,24257,80,97,3.0,3.0,3.0,3.0,0.0,0.0,242.0,3.000000000000014
2021-05-31,El Paso,CO,Passenger,3.0,0.0,3.0,707.0,710.0,0.42,2021,5,24257,80,98,3.0,3.0,3.0,3.0,0.0,0.0,245.0,2.999999999999999
2021-06-30,El Paso,TX,Passenger,3.0,0.0,3.0,398.0,401.0,0.75,2021,6,24258,80,99,3.0,3.0,3.0,3.0,0.0,0.0,248.0,3.0000000000000298
2021-06-30,El Paso,CO,Passenger,3.0,0.0,3.0,699.0,702.0,0.43,2021,6,24258,80,100,3.0,3.0,3.0,3.0,0.0,0.0,251.0,2.999999999999999
2021-07-31,El Paso,CO,Passenger,3.0,0.0,3.0,698.0,701.0,0.43,2021,7,24259,80,101,3.0,3.0,3.0,3.0,0.0,0.0,254.0,2.999999999999999
2021-07-31,El Paso,TX,Passenger,3.0,0.0,3.0,390.0,393.0,0.76,2021,7,24259,80,102,3.0,3.0,3.0,3.0,0.0,0.0,257.0,3.0000000000000298
2021-08-31,El Paso,CO,Passenger,3.0,0.0,3.0,693.0,696.0,0.43,2021,8,24260,80,103,3.0,3.0,3.0,3.0,0.0,0.0,260.0,3.000000000000014
2021-08-31,El Paso,TX,Passenger,3.0,0.0,3.0,384.0,387.0,0.78,2021,8,24260,80,104,3.0,3.0,3.0,3.0,0.0,0.0,263.0,3.000000000000014
2021-09-30,El Paso,CO,Passenger,3.0,0.0,3.0,687.0,690.0,0.43,2021,9,24261,80,105,3.0,3.0,3.0,3.0,0.0,0.0,266.0,2.999999999999999
2021-09-30,El Paso,TX,Passenger,3.0,0.0,3.0,382.0,385.0,0.78,2021,9,24261,80,106,3.0,3.0,3.0,3.0,0.0,0.0,269.0,3.0000000000000067
2021-10-31,El Paso,CO,Passenger,3.0,0.0,3.0,689.0,692.0,0.43,2021,10,24262,80,107,3.0,3.0,3.0,3.0,0.0,0.0,272.0,3.0000000000000298
2021-10-31,El Paso,TX,Passenger,3.0,0.0,3.0,376.0,379.0,0.79,2021,10,24262,80,108,3.0,3.0,3.0,3.0,0.0,0.0,275.0,3.000000000000014
2021-11-30,El Paso,CO,Passenger,3.0,0.0,3.0,687.0,690.0,0.43,2021,11,24263,80,109,3.0,3.0,3.0,3.0,0.0,0.0,278.0,3.000000000000022
2021-11-30,El Paso,TX,Passenger,3.0,0.0,3.0,376.0,379.0,0.79,2021,11,24263,80,110,3.0,3.0,3.0,3.0,0.0,0.0,281.0,3.0000000000000298
2021-12-31,El Paso,CO,Passenger,3.0,0.0,3.0,679.0,682.0,0.44,2021,12,24264,80,111,3.0,3.0,3.0,3.0,0.0,0.0,284.0,3.0000000000000298
2021-12-31,El Paso,TX,Passenger,2.0,0.0,2.0,372.0,374.0,0.53,2021,12,24264,80,112,3.0,3.0,3.0,3.0,-0.33333333333333337,-0.33333333333333337,286.0,2.8571428571428665
2022-01-31,El Paso,CO,Passenger,3.0,0.0,3.0,678.0,681.0,0.44,2022,1,24265,80,113,2.0,3.0,3.0,2.6666666666666665,0.5,0.0,289.0,2.7714285714285882
2022-01-31,El Paso,TX,Passenger,2.0,0.0,2.0,372.0,374.0,0.53,2022,1,24265,80,114,3.0,2.0,3.0,2.6666666666666665,-0.33333333333333337,-0.33333333333333337,291.0,2.6000000000000094
2022-02-28,El Paso,CO,Passenger,3.0,1.0,4.0,667.0,671.0,0.6,2022,2,24266,80,115,2.0,3.0,2.0,2.3333333333333335,1.0,1.0,295.0,2.6857142857142953
2022-02-28,El Paso,TX,Passenger,2.0,0.0,2.0,371.0,373.0,0.54,2022,2,24266,80,116,4.0,2.0,3.0,3.0,-0.5,-0.33333333333333337,297.0,2.6857142857142953
2022-03-31,El Paso,CO,Passenger,3.0,1.0,4.0,657.0,661.0,0.61,2022,3,24267,80,117,2.0,4.0,2.0,2.6666666666666665,1.0,1.0,301.0,2.942857142857152
2022-03-31,El Paso,TX,Passenger,3.0,0.0,3.0,373.0,376.0,0.8,2022,3,24267,80,118,4.0,2.0,4.0,3.3333333333333335,-0.25,-0.25,304.0,3.0571428571428614
2022-04-30,El Paso,TX,Passenger,3.0,0.0,3.0,369.0,372.0,0.81,2022,4,24268,80,119,3.0,4.0,2.0,3.0,0.0,0.5,307.0,3.1714285714285935
2022-04-30,El Paso,CO,Passenger,3.0,1.0,4.0,645.0,649.0,0.62,2022,4,24268,80,120,3.0,3.0,4.0,3.3333333333333335,0.33333333333333326,0.0,311.0,3.2285714285714633
2022-05-31,El Paso,CO,Passenger,3.0,2.0,5.0,633.0,638.0,0.78,2022,5,24269,80,121,4.0,3.0,3.0,3.3333333333333335,0.25,0.6666666666666667,316.0,3.6571428571428917
2022-05-31,El Paso,TX,Passenger,3.0,0.0,3.0,360.0,363.0,0.83,2022,5,24269,80,122,5.0,4.0,3.0,4.0,-0.4,0.0,319.0,3.714285714285731
2022-06-30,El Paso,TX,Passenger,3.0,0.0,3.0,355.0,358.0,0.84,2022,6,24270,80,123,3.0,5.0,4.0,4.0,0.0,-0.25,322.0,3.742857142857185
2022-06-30,El Paso,CO,Passenger,3.0,2.0,5.0,632.0,637.0,0.78,2022,6,24270,80,124,3.0,3.0,5.0,3.6666666666666665,0.6666666666666667,0.0,327.0,3.8857142857143026
2022-07-31,El Paso,CO,Passenger,2.0,2.0,4.0,612.0,616.0,0.65,2022,7,24271,80,125,5.0,3.0,3.0,3.6666666666666665,-0.19999999999999996,0.33333333333333326,331.0,3.8857142857142946
2022-07-31,El Paso,TX,Passenger,3.0,0.0,3.0,349.0,352.0,0.85,2022,7,24271,80,126,4.0,5.0,3.0,4.0,-0.25,0.0,334.0,3.74285714285717
2022-08-31,El Paso,TX,Passenger,3.0,0.0,3.0,341.0,344.0,0.87,2022,8,24272,80,127,3.0,4.0,5.0,4.0,0.0,-0.4,337.0,3.714285714285739
2022-08-31,El Paso,CO,Passenger,2.0,2.0,4.0,607.0,611.0,0.65,2022,8,24272,80,128,3.0,3.0,4.0,3.3333333333333335,0.33333333333333326,0.0,341.0,3.657142857142884
2022-09-30,El Paso,TX,Passenger,3.0,0.0,3.0,333.0,336.0,0.89,2022,9,24273,80,129,4.0,3.0,3.0,3.3333333333333335,-0.25,0.0,344.0,3.371428571428619
2022-09-30,El Paso,CO,Passenger,2.0,2.0,4.0,597.0,601.0,0.67,2022,9,24273,80,130,3.0,4.0,3.0,3.3333333333333335,0.33333333333333326,0.33333333333333326,348.0,3.400000000000012
2022-10-31,El Paso,TX,Passenger,3.0,0.0,3.0,330.0,333.0,0.9,2022,10,24274,80,131,4.0,3.0,4.0,3.6666666666666665,-0.25,-0.25,351.0,3.4571428571428893
2022-10-31,El Paso,CO,Passenger,2.0,2.0,4.0,588.0,592.0,0.68,2022,10,24274,80,132,3.0,4.0,3.0,3.3333333333333335,0.33333333333333326,0.33333333333333326,355.0,3.542857142857167
2022-11-30,El Paso,CO,Passenger,2.0,2.0,4.0,576.0,580.0,0.69,2022,11,24275,80,133,4.0,3.0,4.0,3.6666666666666665,0.0,0.0,359.0,3.6000000000000294
2022-11-30,El Paso,TX,Passenger,3.0,0.0,3.0,330.0,333.0,0.9,2022,11,24275,80,134,4.0,4.0,3.0,3.6666666666666665,-0.25,0.0,362.0,3.628571428571453
2022-12-31,El Paso,CO,Passenger,2.0,2.0,4.0,568.0,572.0,0.7,2022,12,24276,80,135,3.0,4.0,4.0,3.6666666666666665,0.33333333333333326,0.0,366.0,3.6285714285714454
2022-12-31,El Paso,TX,Passenger,3.0,0.0,3.0,326.0,329.0,0.91,2022,12,24276,80,136,4.0,3.0,4.0,3.6666666666666665,-0.25,-0.25,369.0,3.6000000000000143
2023-01-31,El Paso,CO,Passenger,2.0,2.0,4.0,564.0,568.0,0.7,2023,1,24277,80,137,3.0,4.0,3.0,3.3333333333333335,0.33333333333333326,0.33333333333333326,373.0,3.542857142857167
2023-01-31,El Paso,TX,Passenger,3.0,0.0,3.0,315.0,318.0,0.94,2023,1,24277,80,138,4.0,3.0,4.0,3.6666666666666665,-0.25,-0.25,376.0,3.4571428571428893
2023-02-28,El Paso,CO,Passenger,2.0,2.0,4.0,551.0,555.0,0.72,2023,2,24278,80,139,3.0,4.0,3.0,3.3333333333333335,0.33333333333333326,0.33333333333333326,380.0,3.542857142857175
2023-02-28,El Paso,TX,Passenger,3.0,0.0,3.0,312.0,315.0,0.95,2023,2,24278,80,140,4.0,3.0,4.0,3.6666666666666665,-0.25,-0.25,383.0,3.4571428571429044
2023-03-31,El Paso,TX,Passenger,3.0,0.0,3.0,304.0,307.0,0.98,2023,3,24279,80,141,3.0,4.0,3.0,3.3333333333333335,0.0,0.0,386.0,3.400000000000027
2023-03-31,El Paso,CO,Passenger,2.0,2.0,4.0,534.0,538.0,0.74,2023,3,24279,80,142,3.0,3.0,4.0,3.3333333333333335,0.33333333333333326,0.0,390.0,3.3714285714286114
2023-04-30,El Paso,CO,Passenger,2.0,1.0,3.0,527.0,530.0,0.57,2023,4,24280,80,143,4.0,3.0,3.0,3.3333333333333335,-0.25,0.0,393.0,3.3714285714285883
2023-04-30,El Paso,TX,Passenger,3.0,0.0,3.0,301.0,304.0,0.99,2023,4,24280,80,144,3.0,4.0,3.0,3.3333333333333335,0.0,0.0,396.0,3.257142857142887
2023-05-31,El Paso,CO,Passenger,2.0,1.0,3.0,521.0,524.0,0.57,2023,5,24281,80,145,3.0,3.0,4.0,3.3333333333333335,0.0,-0.25,399.0,3.2285714285714633
2023-05-31,El Paso,TX,Passenger,3.0,0.0,3.0,292.0,295.0,1.02,2023,5,24281,80,146,3.0,3.0,3.0,3.0,0.0,0.0,402.0,3.142857142857193
2023-06-30,El Paso,TX,Passenger,3.0,0.0,3.0,282.0,285.0,1.05,2023,6,24282,80,147,3.0,3.0,3.0,3.0,0.0,0.0,405.0,3.000000000000022
2023-06-30,El Paso,CO,Passenger,2.0,1.0,3.0,502.0,505.0,0.59,2023,6,24282,80,148,3.0,3.0,3.0,3.0,0.0,0.0,408.0,3.0000000000000298
2023-07-31,El Paso,CO,Passenger,3.0,1.0,4.0,493.0,497.0,0.8,2023,7,24283,80,149,3.0,3.0,3.0,3.0,0.33333333333333326,0.33333333333333326,412.0,3.14285714285717
2023-07-31,El Paso,TX,Passenger,3.0,0.0,3.0,277.0,280.0,1.07,2023,7,24283,80,150,4.0,3.0,3.0,3.3333333333333335,-0.25,0.0,415.0,3.2285714285714326
2023-08-31,El Paso,CO,Passenger,3.0,1.0,4.0,477.0,481.0,0.83,2023,8,24284,80,151,3.0,4.0,3.0,3.3333333333333335,0.33333333333333326,0.33333333333333326,419.0,3.400000000000027
2023-08-31,El Paso,TX,Passenger,3.0,0.0,3.0,276.0,279.0,1.08,2023,8,24284,80,152,4.0,3.0,4.0,3.6666666666666665,-0.25,-0.25,422.0,3.4571428571428817
2023-09-30,El Paso,TX,Passenger,3.0,0.0,3.0,272.0,275.0,1.09,2023,9,24285,80,153,3.0,4.0,3.0,3.3333333333333335,0.0,0.0,425.0,3.4000000000000346
2023-09-30,El Paso,CO,Passenger,3.0,1.0,4.0,468.0,472.0,0.85,2023,9,24285,80,154,3.0,3.0,4.0,3.3333333333333335,0.33333333333333326,0.0,429.0,3.371428571428596
2023-10-31,El Paso,TX,Passenger,3.0,0.0,3.0,263.0,266.0,1.13,2023,10,24286,80,155,4.0,3.0,3.0,3.3333333333333335,-0.25,0.0,432.0,3.3714285714286114
2023-10-31,El Paso,CO,Passenger,4.0,1.0,5.0,457.0,462.0,1.08,2023,10,24286,80,156,3.0,4.0,3.0,3.3333333333333335,0.6666666666666667,0.6666666666666667,437.0,3.5428571428571978
2023-11-30,El Paso,CO,Passenger,4.0,1.0,5.0,442.0,447.0,1.12,2023,11,24287,80,157,5.0,3.0,4.0,4.0,0.0,0.25,442.0,3.971428571428611
2023-11-30,El Paso,TX,Passenger,3.0,0.0,3.0,256.0,259.0,1.16,2023,11,24287,80,158,5.0,5.0,3.0,4.333333333333333,-0.4,0.0,445.0,4.114285714285759
2023-12-31,El Paso,TX,Passenger,3.0,0.0,3.0,254.0,257.0,1.17,2023,12,24288,80,159,3.0,5.0,5.0,4.333333333333333,0.0,-0.4,448.0,3.971428571428611
2023-12-31,El Paso,CO,Passenger,4.0,1.0,5.0,436.0,441.0,1.13,2023,12,24288,80,160,3.0,3.0,5.0,3.6666666666666665,0.6666666666666667,0.0,453.0,4.028571428571458
2024-01-31,El Paso,TX,Passenger,3.0,0.0,3.0,247.0,250.0,1.2,2024,1,24289,80,161,5.0,3.0,3.0,3.6666666666666665,-0.4,0.0,456.0,3.742857142857208
2024-01-31,El Paso,CO,Passenger,4.0,1.0,5.0,423.0,428.0,1.17,2024,1,24289,80,162,3.0,5.0,3.0,3.6666666666666665,0.6666666666666667,0.6666666666666667,461.0,3.800000000000055
2024-02-29,El Paso,TX,Passenger,3.0,0.0,3.0,242.0,245.0,1.22,2024,2,24290,80,163,5.0,3.0,5.0,4.333333333333333,-0.4,-0.4,464.0,3.914285714285749
2024-02-29,El Paso,CO,Passenger,4.0,1.0,5.0,410.0,415.0,1.2,2024,2,24290,80,164,3.0,5.0,3.0,3.6666666666666665,0.6666666666666667,0.6666666666666667,469.0,4.08571428571432
2022-01-31,Escambia,FL,Passenger,0.0,1.0,1.0,150.0,151.0,0.66,2022,1,24265,81,5,1.0,1.0,1.0,1.0,0.0,0.0,6.0,0.9999999999999998
2022-02-28,Escambia,FL,Passenger,0.0,1.0,1.0,152.0,153.0,0.65,2022,2,24266,81,6,1.0,1.0,1.0,1.0,0.0,0.0,7.0,0.9999999999999998
2022-03-31,Escambia,FL,Passenger,0.0,1.0,1.0,150.0,151.0,0.66,2022,3,24267,81,7,1.0,1.0,1.0,1.0,0.0,0.0,8.0,0.9999999999999999
2022-04-30,Escambia,FL,Passenger,0.0,1.0,1.0,148.0,149.0,0.67,2022,4,24268,81,8,1.0,1.0,1.0,1.0,0.0,0.0,9.0,1.0000000000000002
2022-05-31,Escambia,FL,Passenger,0.0,1.0,1.0,148.0,149.0,0.67,2022,5,24269,81,9,1.0,1.0,1.0,1.0,0.0,0.0,10.0,1.0000000000000002
2022-06-30,Escambia,FL,Passenger,0.0,1.0,1.0,144.0,145.0,0.69,2022,6,24270,81,10,1.0,1.0,1.0,1.0,0.0,0.0,11.0,1.0
2022-07-31,Escambia,FL,Passenger,0.0,1.0,1.0,143.0,144.0,0.69,2022,7,24271,81,11,1.0,1.0,1.0,1.0,0.0,0.0,12.0,1.0000000000000002
2022-08-31,Escambia,FL,Passenger,0.0,1.0,1.0,146.0,147.0,0.68,2022,8,24272,81,12,1.0,1.0,1.0,1.0,0.0,0.0,13.0,1.0000000000000002
2022-09-30,Escambia,FL,Passenger,0.0,1.0,1.0,144.0,145.0,0.69,2022,9,24273,81,13,1.0,1.0,1.0,1.0,0.0,0.0,14.0,1.0000000000000009
2022-10-31,Escambia,FL,Passenger,0.0,1.0,1.0,145.0,146.0,0.68,2022,10,24274,81,14,1.0,1.0,1.0,1.0,0.0,0.0,15.0,1.0000000000000007
2022-11-30,Escambia,FL,Passenger,0.0,1.0,1.0,145.0,146.0,0.68,2022,11,24275,81,15,1.0,1.0,1.0,1.0,0.0,0.0,16.0,1.0000000000000009
2022-12-31,Escambia,FL,Passenger,0.0,1.0,1.0,142.0,143.0,0.7,2022,12,24276,81,16,1.0,1.0,1.0,1.0,0.0,0.0,17.0,1.0
2023-01-31,Escambia,FL,Passenger,0.0,1.0,1.0,139.0,140.0,0.71,2023,1,24277,81,17,1.0,1.0,1.0,1.0,0.0,0.0,18.0,1.0000000000000002
2023-02-28,Escambia,FL,Passenger,0.0,1.0,1.0,142.0,143.0,0.7,2023,2,24278,81,18,1.0,1.0,1.0,1.0,0.0,0.0,19.0,1.000000000000002
2023-03-31,Escambia,FL,Passenger,0.0,1.0,1.0,139.0,140.0,0.71,2023,3,24279,81,19,1.0,1.0,1.0,1.0,0.0,0.0,20.0,0.9999999999999998
2023-04-30,Escambia,FL,Passenger,0.0,1.0,1.0,138.0,139.0,0.72,2023,4,24280,81,20,1.0,1.0,1.0,1.0,0.0,0.0,21.0,1.000000000000001
2023-05-31,Escambia,FL,Passenger,0.0,1.0,1.0,136.0,137.0,0.73,2023,5,24281,81,21,1.0,1.0,1.0,1.0,0.0,0.0,22.0,1.0000000000000013
2023-06-30,Escambia,FL,Passenger,0.0,1.0,1.0,134.0,135.0,0.74,2023,6,24282,81,22,1.0,1.0,1.0,1.0,0.0,0.0,23.0,1.0000000000000013
2023-07-31,Escambia,FL,Passenger,0.0,1.0,1.0,133.0,134.0,0.75,2023,7,24283,81,23,1.0,1.0,1.0,1.0,0.0,0.0,24.0,1.0000000000000004
2023-08-31,Escambia,FL,Passenger,0.0,1.0,1.0,129.0,130.0,0.77,2023,8,24284,81,24,1.0,1.0,1.0,1.0,0.0,0.0,25.0,1.0000000000000013
2023-09-30,Escambia,FL,Passenger,0.0,1.0,1.0,126.0,127.0,0.79,2023,9,24285,81,25,1.0,1.0,1.0,1.0,0.0,0.0,26.0,1.0000000000000013
2023-10-31,Escambia,FL,Passenger,0.0,1.0,1.0,122.0,123.0,0.81,2023,10,24286,81,26,1.0,1.0,1.0,1.0,0.0,0.0,27.0,1.0000000000000013
2023-11-30,Escambia,FL,Passenger,0.0,1.0,1.0,116.0,117.0,0.85,2023,11,24287,81,27,1.0,1.0,1.0,1.0,0.0,0.0,28.0,1.0000000000000013
2023-12-31,Escambia,FL,Passenger,0.0,1.0,1.0,112.0,113.0,0.88,2023,12,24288,81,28,1.0,1.0,1.0,1.0,0.0,0.0,29.0,1.0000000000000024
2024-01-31,Escambia,FL,Passenger,0.0,1.0,1.0,109.0,110.0,0.91,2024,1,24289,81,29,1.0,1.0,1.0,1.0,0.0,0.0,30.0,1.000000000000002
2024-02-29,Escambia,FL,Passenger,0.0,1.0,1.0,107.0,108.0,0.93,2024,2,24290,81,30,1.0,1.0,1.0,1.0,0.0,0.0,31.0,1.0000000000000009
2017-06-30,Essex,NJ,Passenger,1.0,0.0,1.0,16.0,17.0,5.88,2017,6,24210,82,5,1.0,1.0,1.0,1.0,0.0,0.0,6.0,0.9999999999999998
2017-07-31,Essex,NJ,Passenger,1.0,0.0,1.0,16.0,17.0,5.88,2017,7,24211,82,6,1.0,1.0,1.0,1.0,0.0,0.0,7.0,0.9999999999999998
2017-08-31,Essex,NJ,Passenger,1.0,0.0,1.0,15.0,16.0,6.25,2017,8,24212,82,7,1.0,1.0,1.0,1.0,0.0,0.0,8.0,0.9999999999999999
2017-09-30,Essex,NJ,Passenger,1.0,0.0,1.0,15.0,16.0,6.25,2017,9,24213,82,8,1.0,1.0,1.0,1.0,0.0,0.0,9.0,1.0000000000000002
2017-10-31,Essex,NJ,Passenger,1.0,0.0,1.0,15.0,16.0,6.25,2017,10,24214,82,9,1.0,1.0,1.0,1.0,0.0,0.0,10.0,1.0000000000000002
2017-11-30,Essex,NJ,Passenger,1.0,0.0,1.0,12.0,13.0,6.9025,2017,11,24215,82,10,1.0,1.0,1.0,1.0,0.0,0.0,11.0,1.0
2017-12-31,Essex,NJ,Passenger,1.0,0.0,1.0,12.0,13.0,6.9025,2017,12,24216,82,11,1.0,1.0,1.0,1.0,0.0,0.0,12.0,1.0000000000000002
2018-01-31,Essex,NJ,Passenger,1.0,0.0,1.0,12.0,13.0,6.9025,2018,1,24217,82,12,1.0,1.0,1.0,1.0,0.0,0.0,13.0,1.0000000000000002
2018-02-28,Essex,NJ,Passenger,1.0,0.0,1.0,12.0,13.0,6.9025,2018,2,24218,82,13,1.0,1.0,1.0,1.0,0.0,0.0,14.0,1.0000000000000009
2018-03-31,Essex,NJ,Passenger,1.0,0.0,1.0,13.0,14.0,6.9025,2018,3,24219,82,14,1.0,1.0,1.0,1.0,0.0,0.0,15.0,1.0000000000000007
2018-04-30,Essex,NJ,Passenger,1.0,0.0,1.0,13.0,14.0,6.9025,2018,4,24220,82,15,1.0,1.0,1.0,1.0,0.0,0.0,16.0,1.0000000000000009
2018-05-31,Essex,NJ,Passenger,1.0,0.0,1.0,12.0,13.0,6.9025,2018,5,24221,82,16,1.0,1.0,1.0,1.0,0.0,0.0,17.0,1.0
2018-06-30,Essex,NJ,Passenger,1.0,0.0,1.0,13.0,14.0,6.9025,2018,6,24222,82,17,1.0,1.0,1.0,1.0,0.0,0.0,18.0,1.0000000000000002
2018-07-31,Essex,NJ,Passenger,1.0,0.0,1.0,13.0,14.0,6.9025,2018,7,24223,82,18,1.0,1.0,1.0,1.0,0.0,0.0,19.0,1.000000000000002
2018-08-31,Essex,NJ,Passenger,1.0,0.0,1.0,13.0,14.0,6.9025,2018,8,24224,82,19,1.0,1.0,1.0,1.0,0.0,0.0,20.0,0.9999999999999998
2021-07-31,Essex,NJ,Passenger,1.0,0.0,1.0,12.0,13.0,6.9025,2021,7,24259,82,20,1.0,1.0,1.0,1.0,0.0,0.0,21.0,1.000000000000001
2021-08-31,Essex,NJ,Passenger,2.0,0.0,2.0,12.0,14.0,6.9025,2021,8,24260,82,21,1.0,1.0,1.0,1.0,1.0,1.0,23.0,1.1428571428571426
2021-09-30,Essex,NJ,Passenger,2.0,0.0,2.0,12.0,14.0,6.9025,2021,9,24261,82,22,2.0,1.0,1.0,1.3333333333333333,0.0,1.0,25.0,1.371428571428573
2021-10-31,Essex,NJ,Passenger,2.0,0.0,2.0,13.0,15.0,6.9025,2021,10,24262,82,23,2.0,2.0,1.0,1.6666666666666667,0.0,1.0,27.0,1.62857142857143
2021-11-30,Essex,NJ,Passenger,2.0,0.0,2.0,13.0,15.0,6.9025,2021,11,24263,82,24,2.0,2.0,2.0,2.0,0.0,0.0,29.0,1.8571428571428588
2021-12-31,Essex,NJ,Passenger,2.0,0.0,2.0,13.0,15.0,6.9025,2021,12,24264,82,25,2.0,2.0,2.0,2.0,0.0,0.0,31.0,2.0000000000000004
2022-01-31,Essex,NJ,Passenger,2.0,0.0,2.0,13.0,15.0,6.9025,2022,1,24265,82,26,2.0,2.0,2.0,2.0,0.0,0.0,33.0,2.0000000000000013
2022-02-28,Essex,NJ,Passenger,2.0,0.0,2.0,13.0,15.0,6.9025,2022,2,24266,82,27,2.0,2.0,2.0,2.0,0.0,0.0,35.0,2.000000000000001
2022-03-31,Essex,NJ,Passenger,2.0,0.0,2.0,12.0,14.0,6.9025,2022,3,24267,82,28,2.0,2.0,2.0,2.0,0.0,0.0,37.0,2.0000000000000004
2022-04-30,Essex,NJ,Passenger,2.0,0.0,2.0,12.0,14.0,6.9025,2022,4,24268,82,29,2.0,2.0,2.0,2.0,0.0,0.0,39.0,1.9999999999999991
2022-05-31,Essex,NJ,Passenger,2.0,0.0,2.0,12.0,14.0,6.9025,2022,5,24269,82,30,2.0,2.0,2.0,2.0,0.0,0.0,41.0,2.0000000000000027
2022-06-30,Essex,NJ,Passenger,2.0,0.0,2.0,12.0,14.0,6.9025,2022,6,24270,82,31,2.0,2.0,2.0,2.0,0.0,0.0,43.0,2.0000000000000027
2022-07-31,Essex,MA,Passenger,1.0,0.0,1.0,18.0,19.0,5.26,2022,7,24271,82,32,2.0,2.0,2.0,2.0,-0.5,-0.5,44.0,1.8571428571428568
2022-07-31,Essex,NJ,Passenger,2.0,0.0,2.0,12.0,14.0,6.9025,2022,7,24271,82,33,1.0,2.0,2.0,1.6666666666666667,1.0,0.0,46.0,1.7714285714285722
2022-08-31,Essex,MA,Passenger,1.0,0.0,1.0,17.0,18.0,5.56,2022,8,24272,82,34,2.0,1.0,2.0,1.6666666666666667,-0.5,-0.5,47.0,1.6000000000000008
2022-08-31,Essex,NJ,Passenger,2.0,0.0,2.0,11.0,13.0,6.9025,2022,8,24272,82,35,1.0,2.0,1.0,1.3333333333333333,1.0,1.0,49.0,1.5428571428571443
2022-09-30,Essex,MA,Passenger,1.0,0.0,1.0,16.0,17.0,5.88,2022,9,24273,82,36,2.0,1.0,2.0,1.6666666666666667,-0.5,-0.5,50.0,1.4571428571428586
2022-09-30,Essex,NJ,Passenger,2.0,0.0,2.0,11.0,13.0,6.9025,2022,9,24273,82,37,1.0,2.0,1.0,1.3333333333333333,1.0,1.0,52.0,1.5428571428571463
2022-10-31,Essex,NJ,Passenger,2.0,0.0,2.0,11.0,13.0,6.9025,2022,10,24274,82,38,2.0,1.0,2.0,1.6666666666666667,0.0,0.0,54.0,1.6000000000000016
2022-10-31,Essex,MA,Passenger,1.0,0.0,1.0,16.0,17.0,5.88,2022,10,24274,82,39,2.0,2.0,1.0,1.6666666666666667,-0.5,0.0,55.0,1.6285714285714328
2022-11-30,Essex,NJ,Passenger,2.0,0.0,2.0,11.0,13.0,6.9025,2022,11,24275,82,40,1.0,2.0,2.0,1.6666666666666667,1.0,0.0,57.0,1.628571428571432
2022-11-30,Essex,MA,Passenger,1.0,0.0,1.0,16.0,17.0,5.88,2022,11,24275,82,41,2.0,1.0,2.0,1.6666666666666667,-0.5,-0.5,58.0,1.6000000000000036
2022-12-31,Essex,NJ,Passenger,2.0,0.0,2.0,11.0,13.0,6.9025,2022,12,24276,82,42,1.0,2.0,1.0,1.3333333333333333,1.0,1.0,60.0,1.5428571428571423
2022-12-31,Essex,MA,Passenger,1.0,0.0,1.0,16.0,17.0,5.88,2022,12,24276,82,43,2.0,1.0,2.0,1.6666666666666667,-0.5,-0.5,61.0,1.4571428571428586
2023-01-31,Essex,MA,Passenger,1.0,0.0,1.0,16.0,17.0,5.88,2023,1,24277,82,44,1.0,2.0,1.0,1.3333333333333333,0.0,0.0,62.0,1.4000000000000021
2023-01-31,Essex,NJ,Passenger,2.0,0.0,2.0,10.0,12.0,6.9025,2023,1,24277,82,45,1.0,1.0,2.0,1.3333333333333333,1.0,0.0,64.0,1.3714285714285785
2023-02-28,Essex,MA,Passenger,1.0,0.0,1.0,16.0,17.0,5.88,2023,2,24278,82,46,2.0,1.0,1.0,1.3333333333333333,-0.5,0.0,65.0,1.3714285714285768
2023-02-28,Essex,NJ,Passenger,2.0,0.0,2.0,10.0,12.0,6.9025,2023,2,24278,82,47,1.0,2.0,1.0,1.3333333333333333,1.0,1.0,67.0,1.4000000000000041
2023-03-31,Essex,MA,Passenger,1.0,0.0,1.0,16.0,17.0,5.88,2023,3,24279,82,48,2.0,1.0,2.0,1.6666666666666667,-0.5,-0.5,68.0,1.4571428571428604
2023-03-31,Essex,NJ,Passenger,2.0,0.0,2.0,10.0,12.0,6.9025,2023,3,24279,82,49,1.0,2.0,1.0,1.3333333333333333,1.0,1.0,70.0,1.5428571428571443
2023-04-30,Essex,NJ,Passenger,2.0,0.0,2.0,9.0,11.0,6.9025,2023,4,24280,82,50,2.0,1.0,2.0,1.6666666666666667,0.0,0.0,72.0,1.6000000000000008
2023-04-30,Essex,MA,Passenger,1.0,0.0,1.0,14.0,15.0,6.67,2023,4,24280,82,51,2.0,2.0,1.0,1.6666666666666667,-0.5,0.0,73.0,1.6285714285714357
2023-05-31,Essex,MA,Passenger,1.0,0.0,1.0,12.0,13.0,6.9025,2023,5,24281,82,52,1.0,2.0,2.0,1.6666666666666667,0.0,-0.5,74.0,1.4857142857142915
2023-05-31,Essex,NJ,Passenger,2.0,0.0,2.0,8.0,10.0,6.9025,2023,5,24281,82,53,1.0,1.0,2.0,1.3333333333333333,1.0,0.0,76.0,1.514285714285717
2023-06-30,Essex,MA,Passenger,1.0,0.0,1.0,11.0,12.0,6.9025,2023,6,24282,82,54,2.0,1.0,1.0,1.3333333333333333,-0.5,0.0,77.0,1.3714285714285768
2023-06-30,Essex,NJ,Passenger,2.0,0.0,2.0,8.0,10.0,6.9025,2023,6,24282,82,55,1.0,2.0,1.0,1.3333333333333333,1.0,1.0,79.0,1.4000000000000041
2023-07-31,Essex,NJ,Passenger,2.0,0.0,2.0,8.0,10.0,6.9025,2023,7,24283,82,56,2.0,1.0,2.0,1.6666666666666667,0.0,0.0,81.0,1.6000000000000045
2023-07-31,Essex,MA,Passenger,1.0,0.0,1.0,11.0,12.0,6.9025,2023,7,24283,82,57,2.0,2.0,1.0,1.6666666666666667,-0.5,0.0,82.0,1.628571428571432
2023-08-31,Essex,NJ,Passenger,2.0,0.0,2.0,8.0,10.0,6.9025,2023,8,24284,82,58,1.0,2.0,2.0,1.6666666666666667,1.0,0.0,84.0,1.6285714285714339
2023-08-31,Essex,MA,Passenger,1.0,0.0,1.0,12.0,13.0,6.9025,2023,8,24284,82,59,2.0,1.0,2.0,1.6666666666666667,-0.5,-0.5,85.0,1.6000000000000065
2023-09-30,Essex,NJ,Passenger,2.0,0.0,2.0,8.0,10.0,6.9025,2023,9,24285,82,60,1.0,2.0,1.0,1.3333333333333333,1.0,1.0,87.0,1.542857142857148
2023-09-30,Essex,MA,Passenger,1.0,0.0,1.0,12.0,13.0,6.9025,2023,9,24285,82,61,2.0,1.0,2.0,1.6666666666666667,-0.5,-0.5,88.0,1.4571428571428682
2023-10-31,Essex,MA,Passenger,1.0,0.0,1.0,12.0,13.0,6.9025,2023,10,24286,82,62,1.0,2.0,1.0,1.3333333333333333,0.0,0.0,89.0,1.400000000000006
2023-10-31,Essex,NJ,Passenger,2.0,0.0,2.0,8.0,10.0,6.9025,2023,10,24286,82,63,1.0,1.0,2.0,1.3333333333333333,1.0,0.0,91.0,1.3714285714285805
2023-11-30,Essex,MA,Passenger,1.0,0.0,1.0,12.0,13.0,6.9025,2023,11,24287,82,64,2.0,1.0,1.0,1.3333333333333333,-0.5,0.0,92.0,1.3714285714285768
2023-11-30,Essex,NJ,Passenger,2.0,0.0,2.0,8.0,10.0,6.9025,2023,11,24287,82,65,1.0,2.0,1.0,1.3333333333333333,1.0,1.0,94.0,1.400000000000006
2023-12-31,Essex,NJ,Passenger,2.0,0.0,2.0,8.0,10.0,6.9025,2023,12,24288,82,66,2.0,1.0,2.0,1.6666666666666667,0.0,0.0,96.0,1.6000000000000008
2023-12-31,Essex,MA,Passenger,1.0,0.0,1.0,12.0,13.0,6.9025,2023,12,24288,82,67,2.0,2.0,1.0,1.6666666666666667,-0.5,0.0,97.0,1.6285714285714339
2024-01-31,Essex,NJ,Passenger,2.0,0.0,2.0,8.0,10.0,6.9025,2024,1,24289,82,68,1.0,2.0,2.0,1.6666666666666667,1.0,0.0,99.0,1.6285714285714377
2024-01-31,Essex,MA,Passenger,1.0,0.0,1.0,12.0,13.0,6.9025,2024,1,24289,82,69,2.0,1.0,2.0,1.6666666666666667,-0.5,-0.5,100.0,1.6000000000000085
2024-02-29,Essex,MA,Passenger,1.0,0.0,1.0,11.0,12.0,6.9025,2024,2,24290,82,70,1.0,2.0,1.0,1.3333333333333333,0.0,0.0,101.0,1.4000000000000041
2024-02-29,Essex,NJ,Passenger,2.0,1.0,3.0,7.0,10.0,6.9025,2024,2,24290,82,71,1.0,1.0,2.0,1.3333333333333333,2.0,0.5,104.0,1.514285714285717
2019-12-31,Fairbanks North Star,AK,Passenger,0.0,1.0,1.0,99.0,100.0,1.0,2019,12,24240,83,5,1.0,1.0,1.0,1.0,0.0,0.0,6.0,0.9999999999999998
2020-01-31,Fairbanks North Star,AK,Passenger,0.0,1.0,1.0,101.0,102.0,0.98,2020,1,24241,83,6,1.0,1.0,1.0,1.0,0.0,0.0,7.0,0.9999999999999998
2020-02-29,Fairbanks North Star,AK,Passenger,0.0,1.0,1.0,99.0,100.0,1.0,2020,2,24242,83,7,1.0,1.0,1.0,1.0,0.0,0.0,8.0,0.9999999999999999
2020-03-31,Fairbanks North Star,AK,Passenger,0.0,1.0,1.0,98.0,99.0,1.01,2020,3,24243,83,8,1.0,1.0,1.0,1.0,0.0,0.0,9.0,1.0000000000000002
2020-04-30,Fairbanks North Star,AK,Passenger,0.0,1.0,1.0,98.0,99.0,1.01,2020,4,24244,83,9,1.0,1.0,1.0,1.0,0.0,0.0,10.0,1.0000000000000002
2020-05-31,Fairbanks North Star,AK,Passenger,0.0,1.0,1.0,99.0,100.0,1.0,2020,5,24245,83,10,1.0,1.0,1.0,1.0,0.0,0.0,11.0,1.0
2020-06-30,Fairbanks North Star,AK,Passenger,0.0,1.0,1.0,97.0,98.0,1.02,2020,6,24246,83,11,1.0,1.0,1.0,1.0,0.0,0.0,12.0,1.0000000000000002
2020-07-31,Fairbanks North Star,AK,Passenger,0.0,1.0,1.0,96.0,97.0,1.03,2020,7,24247,83,12,1.0,1.0,1.0,1.0,0.0,0.0,13.0,1.0000000000000002
2020-08-31,Fairbanks North Star,AK,Passenger,0.0,1.0,1.0,96.0,97.0,1.03,2020,8,24248,83,13,1.0,1.0,1.0,1.0,0.0,0.0,14.0,1.0000000000000009
2020-09-30,Fairbanks North Star,AK,Passenger,0.0,1.0,1.0,95.0,96.0,1.04,2020,9,24249,83,14,1.0,1.0,1.0,1.0,0.0,0.0,15.0,1.0000000000000007
2020-10-31,Fairbanks North Star,AK,Passenger,0.0,1.0,1.0,95.0,96.0,1.04,2020,10,24250,83,15,1.0,1.0,1.0,1.0,0.0,0.0,16.0,1.0000000000000009
2020-11-30,Fairbanks North Star,AK,Passenger,0.0,1.0,1.0,94.0,95.0,1.05,2020,11,24251,83,16,1.0,1.0,1.0,1.0,0.0,0.0,17.0,1.0
2020-12-31,Fairbanks North Star,AK,Passenger,0.0,1.0,1.0,92.0,93.0,1.08,2020,12,24252,83,17,1.0,1.0,1.0,1.0,0.0,0.0,18.0,1.0000000000000002
2021-01-31,Fairbanks North Star,AK,Passenger,0.0,1.0,1.0,89.0,90.0,1.11,2021,1,24253,83,18,1.0,1.0,1.0,1.0,0.0,0.0,19.0,1.000000000000002
2021-02-28,Fairbanks North Star,AK,Passenger,0.0,1.0,1.0,90.0,91.0,1.1,2021,2,24254,83,19,1.0,1.0,1.0,1.0,0.0,0.0,20.0,0.9999999999999998
2021-03-31,Fairbanks North Star,AK,Passenger,0.0,1.0,1.0,89.0,90.0,1.11,2021,3,24255,83,20,1.0,1.0,1.0,1.0,0.0,0.0,21.0,1.000000000000001
2021-04-30,Fairbanks North Star,AK,Passenger,0.0,1.0,1.0,86.0,87.0,1.15,2021,4,24256,83,21,1.0,1.0,1.0,1.0,0.0,0.0,22.0,1.0000000000000013
2021-05-31,Fairbanks North Star,AK,Passenger,0.0,1.0,1.0,88.0,89.0,1.12,2021,5,24257,83,22,1.0,1.0,1.0,1.0,0.0,0.0,23.0,1.0000000000000013
2021-06-30,Fairbanks North Star,AK,Passenger,0.0,1.0,1.0,88.0,89.0,1.12,2021,6,24258,83,23,1.0,1.0,1.0,1.0,0.0,0.0,24.0,1.0000000000000004
2021-07-31,Fairbanks North Star,AK,Passenger,0.0,1.0,1.0,86.0,87.0,1.15,2021,7,24259,83,24,1.0,1.0,1.0,1.0,0.0,0.0,25.0,1.0000000000000013
2021-08-31,Fairbanks North Star,AK,Passenger,0.0,1.0,1.0,82.0,83.0,1.2,2021,8,24260,83,25,1.0,1.0,1.0,1.0,0.0,0.0,26.0,1.0000000000000013
2021-09-30,Fairbanks North Star,AK,Passenger,0.0,1.0,1.0,82.0,83.0,1.2,2021,9,24261,83,26,1.0,1.0,1.0,1.0,0.0,0.0,27.0,1.0000000000000013
2021-10-31,Fairbanks North Star,AK,Passenger,0.0,1.0,1.0,80.0,81.0,1.23,2021,10,24262,83,27,1.0,1.0,1.0,1.0,0.0,0.0,28.0,1.0000000000000013
2021-11-30,Fairbanks North Star,AK,Passenger,0.0,1.0,1.0,79.0,80.0,1.25,2021,11,24263,83,28,1.0,1.0,1.0,1.0,0.0,0.0,29.0,1.0000000000000024
2021-12-31,Fairbanks North Star,AK,Passenger,0.0,1.0,1.0,80.0,81.0,1.23,2021,12,24264,83,29,1.0,1.0,1.0,1.0,0.0,0.0,30.0,1.000000000000002
2022-01-31,Fairbanks North Star,AK,Passenger,0.0,1.0,1.0,79.0,80.0,1.25,2022,1,24265,83,30,1.0,1.0,1.0,1.0,0.0,0.0,31.0,1.0000000000000009
2022-02-28,Fairbanks North Star,AK,Passenger,0.0,1.0,1.0,79.0,80.0,1.25,2022,2,24266,83,31,1.0,1.0,1.0,1.0,0.0,0.0,32.0,1.000000000000002
2022-03-31,Fairbanks North Star,AK,Passenger,0.0,1.0,1.0,79.0,80.0,1.25,2022,3,24267,83,32,1.0,1.0,1.0,1.0,0.0,0.0,33.0,1.0000000000000038
2022-04-30,Fairbanks North Star,AK,Passenger,0.0,1.0,1.0,80.0,81.0,1.23,2022,4,24268,83,33,1.0,1.0,1.0,1.0,0.0,0.0,34.0,1.0000000000000004
2022-05-31,Fairbanks North Star,AK,Passenger,0.0,1.0,1.0,78.0,79.0,1.27,2022,5,24269,83,34,1.0,1.0,1.0,1.0,0.0,0.0,35.0,1.000000000000002
2022-06-30,Fairbanks North Star,AK,Passenger,0.0,1.0,1.0,75.0,76.0,1.32,2022,6,24270,83,35,1.0,1.0,1.0,1.0,0.0,0.0,36.0,1.0000000000000029
2022-07-31,Fairbanks North Star,AK,Passenger,0.0,1.0,1.0,73.0,74.0,1.35,2022,7,24271,83,36,1.0,1.0,1.0,1.0,0.0,0.0,37.0,1.0000000000000038
2022-08-31,Fairbanks North Star,AK,Passenger,0.0,1.0,1.0,71.0,72.0,1.39,2022,8,24272,83,37,1.0,1.0,1.0,1.0,0.0,0.0,38.0,1.0
2022-09-30,Fairbanks North Star,AK,Passenger,0.0,1.0,1.0,69.0,70.0,1.43,2022,9,24273,83,38,1.0,1.0,1.0,1.0,0.0,0.0,39.0,1.0000000000000009
2022-10-31,Fairbanks North Star,AK,Passenger,0.0,1.0,1.0,68.0,69.0,1.45,2022,10,24274,83,39,1.0,1.0,1.0,1.0,0.0,0.0,40.0,1.0000000000000009
2022-11-30,Fairbanks North Star,AK,Passenger,0.0,1.0,1.0,65.0,66.0,1.52,2022,11,24275,83,40,1.0,1.0,1.0,1.0,0.0,0.0,41.0,1.0000000000000038
2022-12-31,Fairbanks North Star,AK,Passenger,0.0,1.0,1.0,62.0,63.0,1.59,2022,12,24276,83,41,1.0,1.0,1.0,1.0,0.0,0.0,42.0,1.0000000000000009
2023-01-31,Fairbanks North Star,AK,Passenger,0.0,1.0,1.0,61.0,62.0,1.61,2023,1,24277,83,42,1.0,1.0,1.0,1.0,0.0,0.0,43.0,1.0000000000000029
2023-02-28,Fairbanks North Star,AK,Passenger,0.0,1.0,1.0,60.0,61.0,1.64,2023,2,24278,83,43,1.0,1.0,1.0,1.0,0.0,0.0,44.0,1.0000000000000029
2023-03-31,Fairbanks North Star,AK,Passenger,0.0,1.0,1.0,58.0,59.0,1.69,2023,3,24279,83,44,1.0,1.0,1.0,1.0,0.0,0.0,45.0,1.0000000000000009
2023-04-30,Fairbanks North Star,AK,Passenger,0.0,1.0,1.0,52.0,53.0,1.89,2023,4,24280,83,45,1.0,1.0,1.0,1.0,0.0,0.0,46.0,1.0000000000000009
2023-05-31,Fairbanks North Star,AK,Passenger,0.0,1.0,1.0,49.0,50.0,2.0,2023,5,24281,83,46,1.0,1.0,1.0,1.0,0.0,0.0,47.0,1.0000000000000029
2023-06-30,Fairbanks North Star,AK,Passenger,0.0,1.0,1.0,48.0,49.0,2.04,2023,6,24282,83,47,1.0,1.0,1.0,1.0,0.0,0.0,48.0,1.0000000000000009
2017-06-30,Fairfax,VA,Passenger,3.0,2.0,5.0,857.0,862.0,0.58,2017,6,24210,84,5,5.0,5.0,5.0,5.0,0.0,0.0,30.0,4.999999999999999
2017-07-31,Fairfax,VA,Passenger,3.0,2.0,5.0,848.0,853.0,0.59,2017,7,24211,84,6,5.0,5.0,5.0,5.0,0.0,0.0,35.0,4.999999999999999
2017-08-31,Fairfax,VA,Passenger,3.0,2.0,5.0,841.0,846.0,0.59,2017,8,24212,84,7,5.0,5.0,5.0,5.0,0.0,0.0,40.0,5.0
2017-09-30,Fairfax,VA,Passenger,3.0,2.0,5.0,844.0,849.0,0.59,2017,9,24213,84,8,5.0,5.0,5.0,5.0,0.0,0.0,45.0,5.000000000000001
2017-10-31,Fairfax,VA,Passenger,3.0,2.0,5.0,839.0,844.0,0.59,2017,10,24214,84,9,5.0,5.0,5.0,5.0,0.0,0.0,50.0,5.0
2017-11-30,Fairfax,VA,Passenger,3.0,2.0,5.0,833.0,838.0,0.6,2017,11,24215,84,10,5.0,5.0,5.0,5.0,0.0,0.0,55.0,5.000000000000001
2017-12-31,Fairfax,VA,Passenger,3.0,2.0,5.0,828.0,833.0,0.6,2017,12,24216,84,11,5.0,5.0,5.0,5.0,0.0,0.0,60.0,5.0
2018-01-31,Fairfax,VA,Passenger,3.0,2.0,5.0,821.0,826.0,0.61,2018,1,24217,84,12,5.0,5.0,5.0,5.0,0.0,0.0,65.0,5.000000000000001
2018-02-28,Fairfax,VA,Passenger,3.0,2.0,5.0,825.0,830.0,0.6,2018,2,24218,84,13,5.0,5.0,5.0,5.0,0.0,0.0,70.0,4.999999999999998
2018-03-31,Fairfax,VA,Passenger,3.0,2.0,5.0,826.0,831.0,0.6,2018,3,24219,84,14,5.0,5.0,5.0,5.0,0.0,0.0,75.0,5.0
2018-04-30,Fairfax,VA,Passenger,3.0,2.0,5.0,835.0,840.0,0.6,2018,4,24220,84,15,5.0,5.0,5.0,5.0,0.0,0.0,80.0,5.000000000000001
2018-05-31,Fairfax,VA,Passenger,3.0,2.0,5.0,836.0,841.0,0.59,2018,5,24221,84,16,5.0,5.0,5.0,5.0,0.0,0.0,85.0,5.000000000000001
2018-06-30,Fairfax,VA,Passenger,3.0,2.0,5.0,834.0,839.0,0.6,2018,6,24222,84,17,5.0,5.0,5.0,5.0,0.0,0.0,90.0,5.000000000000003
2018-07-31,Fairfax,VA,Passenger,3.0,2.0,5.0,835.0,840.0,0.6,2018,7,24223,84,18,5.0,5.0,5.0,5.0,0.0,0.0,95.0,5.000000000000003
2018-08-31,Fairfax,VA,Passenger,3.0,2.0,5.0,817.0,822.0,0.61,2018,8,24224,84,19,5.0,5.0,5.0,5.0,0.0,0.0,100.0,5.000000000000004
2018-09-30,Fairfax,VA,Passenger,3.0,2.0,5.0,811.0,816.0,0.61,2018,9,24225,84,20,5.0,5.0,5.0,5.0,0.0,0.0,105.0,5.000000000000003
2018-10-31,Fairfax,VA,Passenger,2.0,2.0,4.0,811.0,815.0,0.49,2018,10,24226,84,21,5.0,5.0,5.0,5.0,-0.19999999999999996,-0.19999999999999996,109.0,4.8571428571428585
2018-11-30,Fairfax,VA,Passenger,2.0,2.0,4.0,810.0,814.0,0.49,2018,11,24227,84,22,4.0,5.0,5.0,4.666666666666667,0.0,-0.19999999999999996,113.0,4.6285714285714326
2018-12-31,Fairfax,VA,Passenger,4.0,2.0,6.0,812.0,818.0,0.73,2018,12,24228,84,23,4.0,4.0,5.0,4.333333333333333,0.5,0.19999999999999996,119.0,4.65714285714286
2019-01-31,Fairfax,VA,Passenger,4.0,2.0,6.0,806.0,812.0,0.74,2019,1,24229,84,24,6.0,4.0,4.0,4.666666666666667,0.0,0.5,125.0,4.8857142857142914
2019-02-28,Fairfax,VA,Passenger,4.0,2.0,6.0,803.0,809.0,0.74,2019,2,24230,84,25,6.0,6.0,4.0,5.333333333333333,0.0,0.5,131.0,5.257142857142853
2019-03-31,Fairfax,VA,Passenger,4.0,2.0,6.0,802.0,808.0,0.74,2019,3,24231,84,26,6.0,6.0,6.0,6.0,0.0,0.0,137.0,5.714285714285718
2019-04-30,Fairfax,VA,Passenger,4.0,2.0,6.0,789.0,795.0,0.75,2019,4,24232,84,27,6.0,6.0,6.0,6.0,0.0,0.0,143.0,6.000000000000002
2019-05-31,Fairfax,VA,Passenger,4.0,2.0,6.0,789.0,795.0,0.75,2019,5,24233,84,28,6.0,6.0,6.0,6.0,0.0,0.0,149.0,6.0000000000000115
2019-06-30,Fairfax,VA,Passenger,4.0,2.0,6.0,781.0,787.0,0.76,2019,6,24234,84,29,6.0,6.0,6.0,6.0,0.0,0.0,155.0,5.999999999999998
2019-07-31,Fairfax,VA,Passenger,4.0,2.0,6.0,789.0,795.0,0.75,2019,7,24235,84,30,6.0,6.0,6.0,6.0,0.0,0.0,161.0,5.999999999999998
2019-08-31,Fairfax,VA,Passenger,4.0,2.0,6.0,768.0,774.0,0.78,2019,8,24236,84,31,6.0,6.0,6.0,6.0,0.0,0.0,167.0,6.000000000000005
2019-09-30,Fairfax,VA,Passenger,4.0,2.0,6.0,767.0,773.0,0.78,2019,9,24237,84,32,6.0,6.0,6.0,6.0,0.0,0.0,173.0,6.000000000000002
2019-10-31,Fairfax,VA,Passenger,5.0,2.0,7.0,769.0,776.0,0.9,2019,10,24238,84,33,6.0,6.0,6.0,6.0,0.16666666666666674,0.16666666666666674,180.0,6.1428571428571574
2019-11-30,Fairfax,VA,Passenger,5.0,2.0,7.0,765.0,772.0,0.91,2019,11,24239,84,34,7.0,6.0,6.0,6.333333333333333,0.0,0.16666666666666674,187.0,6.371428571428591
2019-12-31,Fairfax,VA,Passenger,5.0,2.0,7.0,764.0,771.0,0.91,2019,12,24240,84,35,7.0,7.0,6.0,6.666666666666667,0.0,0.16666666666666674,194.0,6.6285714285714485
2020-01-31,Fairfax,VA,Passenger,5.0,2.0,7.0,767.0,774.0,0.9,2020,1,24241,84,36,7.0,7.0,7.0,7.0,0.0,0.0,201.0,6.8571428571428585
2020-02-29,Fairfax,VA,Passenger,5.0,3.0,8.0,763.0,771.0,1.04,2020,2,24242,84,37,7.0,7.0,7.0,7.0,0.1428571428571428,0.1428571428571428,209.0,7.142857142857147
2020-03-31,Fairfax,VA,Passenger,5.0,3.0,8.0,760.0,768.0,1.04,2020,3,24243,84,38,8.0,7.0,7.0,7.333333333333333,0.0,0.1428571428571428,217.0,7.371428571428592
2020-04-30,Fairfax,VA,Passenger,5.0,3.0,8.0,754.0,762.0,1.05,2020,4,24244,84,39,8.0,8.0,7.0,7.666666666666667,0.0,0.1428571428571428,225.0,7.628571428571426
2020-05-31,Fairfax,VA,Passenger,5.0,3.0,8.0,751.0,759.0,1.05,2020,5,24245,84,40,8.0,8.0,8.0,8.0,0.0,0.0,233.0,7.857142857142867
2020-06-30,Fairfax,VA,Passenger,5.0,3.0,8.0,741.0,749.0,1.07,2020,6,24246,84,41,8.0,8.0,8.0,8.0,0.0,0.0,241.0,8.00000000000002
2020-07-31,Fairfax,VA,Passenger,5.0,3.0,8.0,747.0,755.0,1.06,2020,7,24247,84,42,8.0,8.0,8.0,8.0,0.0,0.0,249.0,8.000000000000004
2020-08-31,Fairfax,VA,Passenger,5.0,3.0,8.0,757.0,765.0,1.05,2020,8,24248,84,43,8.0,8.0,8.0,8.0,0.0,0.0,257.0,8.00000000000002
2020-09-30,Fairfax,VA,Passenger,5.0,3.0,8.0,746.0,754.0,1.06,2020,9,24249,84,44,8.0,8.0,8.0,8.0,0.0,0.0,265.0,8.00000000000001
2020-10-31,Fairfax,VA,Passenger,5.0,3.0,8.0,735.0,743.0,1.08,2020,10,24250,84,45,8.0,8.0,8.0,8.0,0.0,0.0,273.0,8.0
2020-11-30,Fairfax,VA,Passenger,5.0,3.0,8.0,728.0,736.0,1.09,2020,11,24251,84,46,8.0,8.0,8.0,8.0,0.0,0.0,281.0,8.000000000000016
2020-12-31,Fairfax,VA,Passenger,5.0,3.0,8.0,725.0,733.0,1.09,2020,12,24252,84,47,8.0,8.0,8.0,8.0,0.0,0.0,289.0,8.000000000000016
2021-01-31,Fairfax,VA,Passenger,5.0,3.0,8.0,718.0,726.0,1.1,2021,1,24253,84,48,8.0,8.0,8.0,8.0,0.0,0.0,297.0,8.000000000000023
2021-02-28,Fairfax,VA,Passenger,5.0,4.0,9.0,718.0,727.0,1.24,2021,2,24254,84,49,8.0,8.0,8.0,8.0,0.125,0.125,306.0,8.142857142857164
2021-03-31,Fairfax,VA,Passenger,5.0,4.0,9.0,719.0,728.0,1.24,2021,3,24255,84,50,9.0,8.0,8.0,8.333333333333334,0.0,0.125,315.0,8.37142857142859
2021-04-30,Fairfax,VA,Passenger,5.0,4.0,9.0,718.0,727.0,1.24,2021,4,24256,84,51,9.0,9.0,8.0,8.666666666666666,0.0,0.125,324.0,8.628571428571446
2021-05-31,Fairfax,VA,Passenger,5.0,4.0,9.0,713.0,722.0,1.25,2021,5,24257,84,52,9.0,9.0,9.0,9.0,0.0,0.0,333.0,8.857142857142872
2021-06-30,Fairfax,VA,Passenger,5.0,4.0,9.0,712.0,721.0,1.25,2021,6,24258,84,53,9.0,9.0,9.0,9.0,0.0,0.0,342.0,9.000000000000005
2021-07-31,Fairfax,VA,Passenger,5.0,4.0,9.0,707.0,716.0,1.26,2021,7,24259,84,54,9.0,9.0,9.0,9.0,0.0,0.0,351.0,9.000000000000028
2021-08-31,Fairfax,VA,Passenger,6.0,4.0,10.0,703.0,713.0,1.4,2021,8,24260,84,55,9.0,9.0,9.0,9.0,0.11111111111111116,0.11111111111111116,361.0,9.142857142857183
2021-09-30,Fairfax,VA,Passenger,6.0,4.0,10.0,701.0,711.0,1.41,2021,9,24261,84,56,10.0,9.0,9.0,9.333333333333334,0.0,0.11111111111111116,371.0,9.371428571428579
2021-10-31,Fairfax,VA,Passenger,5.0,4.0,9.0,695.0,704.0,1.28,2021,10,24262,84,57,10.0,10.0,9.0,9.666666666666666,-0.09999999999999998,0.0,380.0,9.48571428571431
2021-11-30,Fairfax,VA,Passenger,4.0,4.0,8.0,691.0,699.0,1.14,2021,11,24263,84,58,9.0,10.0,10.0,9.666666666666666,-0.11111111111111116,-0.19999999999999996,388.0,9.342857142857163
2021-12-31,Fairfax,VA,Passenger,4.0,4.0,8.0,681.0,689.0,1.16,2021,12,24264,84,59,8.0,9.0,10.0,9.0,0.0,-0.19999999999999996,396.0,9.00000000000002
2022-01-31,Fairfax,VA,Passenger,4.0,3.0,7.0,673.0,680.0,1.03,2022,1,24265,84,60,8.0,8.0,9.0,8.333333333333334,-0.125,-0.2222222222222222,403.0,8.371428571428604
2022-02-28,Fairfax,VA,Passenger,4.0,3.0,7.0,665.0,672.0,1.04,2022,2,24266,84,61,7.0,8.0,8.0,7.666666666666667,0.0,-0.125,410.0,7.771428571428605
2022-03-31,Fairfax,VA,Passenger,4.0,3.0,7.0,654.0,661.0,1.06,2022,3,24267,84,62,7.0,7.0,8.0,7.333333333333333,0.0,-0.125,417.0,7.3714285714286225
2022-04-30,Fairfax,VA,Passenger,6.0,3.0,9.0,653.0,662.0,1.36,2022,4,24268,84,63,7.0,7.0,7.0,7.0,0.2857142857142858,0.2857142857142858,426.0,7.428571428571478
2022-05-31,Fairfax,VA,Passenger,6.0,3.0,9.0,650.0,659.0,1.37,2022,5,24269,84,64,9.0,7.0,7.0,7.666666666666667,0.0,0.2857142857142858,435.0,7.742857142857166
2022-06-30,Fairfax,VA,Passenger,6.0,3.0,9.0,641.0,650.0,1.38,2022,6,24270,84,65,9.0,9.0,7.0,8.333333333333334,0.0,0.2857142857142858,444.0,8.257142857142895
2022-07-31,Fairfax,VA,Passenger,6.0,3.0,9.0,635.0,644.0,1.4,2022,7,24271,84,66,9.0,9.0,9.0,9.0,0.0,0.0,453.0,8.714285714285754
2022-08-31,Fairfax,VA,Passenger,7.0,3.0,10.0,630.0,640.0,1.56,2022,8,24272,84,67,9.0,9.0,9.0,9.0,0.11111111111111116,0.11111111111111116,463.0,9.142857142857176
2022-08-31,Fairfax,VA,Truck,1.0,0.0,1.0,109.0,110.0,0.91,2022,8,24272,84,68,10.0,9.0,9.0,9.333333333333334,-0.9,-0.8888888888888888,464.0,8.085714285714285
2022-09-30,Fairfax,VA,Truck,1.0,0.0,1.0,106.0,107.0,0.93,2022,9,24273,84,69,1.0,10.0,9.0,6.666666666666667,0.0,-0.8888888888888888,465.0,6.285714285714325
2022-09-30,Fairfax,VA,Passenger,7.0,3.0,10.0,626.0,636.0,1.57,2022,9,24273,84,70,1.0,1.0,10.0,4.0,9.0,0.0,475.0,5.485714285714314
2022-10-31,Fairfax,VA,Passenger,7.0,3.0,10.0,617.0,627.0,1.59,2022,10,24274,84,71,10.0,1.0,1.0,4.0,0.0,9.0,485.0,5.628571428571448
2022-10-31,Fairfax,VA,Truck,1.0,0.0,1.0,107.0,108.0,0.93,2022,10,24274,84,72,10.0,10.0,1.0,7.0,-0.9,0.0,486.0,5.371428571428621
2022-11-30,Fairfax,VA,Truck,1.0,0.0,1.0,103.0,104.0,0.96,2022,11,24275,84,73,1.0,10.0,10.0,7.0,0.0,-0.9,487.0,5.3714285714285595
2022-11-30,Fairfax,VA,Passenger,6.0,3.0,9.0,623.0,632.0,1.42,2022,11,24275,84,74,1.0,1.0,10.0,4.0,8.0,-0.09999999999999998,496.0,5.485714285714269
2022-12-31,Fairfax,VA,Truck,1.0,0.0,1.0,101.0,102.0,0.98,2022,12,24276,84,75,9.0,1.0,1.0,3.6666666666666665,-0.8888888888888888,0.0,497.0,4.114285714285759
2022-12-31,Fairfax,VA,Passenger,6.0,3.0,9.0,623.0,632.0,1.42,2022,12,24276,84,76,1.0,9.0,1.0,3.6666666666666665,8.0,8.0,506.0,4.200000000000045
2023-01-31,Fairfax,VA,Passenger,7.0,3.0,10.0,616.0,626.0,1.6,2023,1,24277,84,77,9.0,1.0,9.0,6.333333333333333,0.11111111111111116,0.11111111111111116,516.0,5.942857142857151
2023-01-31,Fairfax,VA,Truck,1.0,0.0,1.0,98.0,99.0,1.01,2023,1,24277,84,78,10.0,9.0,1.0,6.666666666666667,-0.9,0.0,517.0,6.25714285714287
2023-02-28,Fairfax,VA,Truck,1.0,0.0,1.0,97.0,98.0,1.02,2023,2,24278,84,79,1.0,10.0,9.0,6.666666666666667,0.0,-0.8888888888888888,518.0,5.142857142857172
2023-02-28,Fairfax,VA,Passenger,7.0,3.0,10.0,603.0,613.0,1.63,2023,2,24278,84,80,1.0,1.0,10.0,4.0,9.0,0.0,528.0,5.485714285714314
2023-03-31,Fairfax,VA,Truck,1.0,0.0,1.0,95.0,96.0,1.04,2023,3,24279,84,81,10.0,1.0,1.0,4.0,-0.9,0.0,529.0,4.342857142857192
2023-03-31,Fairfax,VA,Passenger,7.0,3.0,10.0,594.0,604.0,1.66,2023,3,24279,84,82,1.0,10.0,1.0,4.0,9.0,9.0,539.0,4.600000000000049
2023-04-30,Fairfax,VA,Truck,1.0,0.0,1.0,89.0,90.0,1.11,2023,4,24280,84,83,10.0,1.0,10.0,7.0,-0.9,-0.9,540.0,5.114285714285779
2023-04-30,Fairfax,VA,Passenger,6.0,3.0,9.0,592.0,601.0,1.5,2023,4,24280,84,84,1.0,10.0,1.0,4.0,8.0,8.0,549.0,5.742857142857187
2023-05-31,Fairfax,VA,Truck,1.0,0.0,1.0,88.0,89.0,1.12,2023,5,24281,84,85,9.0,1.0,10.0,6.666666666666667,-0.8888888888888888,-0.9,550.0,4.8857142857143305
2023-05-31,Fairfax,VA,Passenger,7.0,3.0,10.0,584.0,594.0,1.68,2023,5,24281,84,86,1.0,9.0,1.0,3.6666666666666665,9.0,9.0,560.0,5.628571428571432
2023-06-30,Fairfax,VA,Truck,1.0,0.0,1.0,85.0,86.0,1.16,2023,6,24282,84,87,10.0,1.0,9.0,6.666666666666667,-0.9,-0.8888888888888888,561.0,4.8857142857143305
2023-06-30,Fairfax,VA,Passenger,7.0,3.0,10.0,574.0,584.0,1.71,2023,6,24282,84,88,1.0,10.0,1.0,4.0,9.0,9.0,571.0,5.742857142857187
2023-07-31,Fairfax,VA,Truck,1.0,0.0,1.0,83.0,84.0,1.19,2023,7,24283,84,89,10.0,1.0,10.0,7.0,-0.9,-0.9,572.0,5.114285714285764
2023-07-31,Fairfax,VA,Passenger,7.0,3.0,10.0,560.0,570.0,1.75,2023,7,24283,84,90,1.0,10.0,1.0,4.0,9.0,9.0,582.0,5.88571428571432
2023-08-31,Fairfax,VA,Passenger,6.0,3.0,9.0,550.0,559.0,1.61,2023,8,24284,84,91,10.0,1.0,10.0,7.0,-0.09999999999999998,-0.09999999999999998,591.0,6.257142857142917
2023-09-30,Fairfax,VA,Passenger,6.0,3.0,9.0,541.0,550.0,1.64,2023,9,24285,84,92,9.0,10.0,1.0,6.666666666666667,0.0,8.0,600.0,7.57142857142861
2023-10-31,Fairfax,VA,Passenger,6.0,3.0,9.0,534.0,543.0,1.66,2023,10,24286,84,93,9.0,9.0,10.0,9.333333333333334,0.0,-0.09999999999999998,609.0,8.085714285714309
2023-11-30,Fairfax,VA,Passenger,6.0,4.0,10.0,531.0,541.0,1.85,2023,11,24287,84,94,9.0,9.0,9.0,9.0,0.11111111111111116,0.11111111111111116,619.0,9.28571428571437
2023-12-31,Fairfax,VA,Passenger,7.0,5.0,12.0,519.0,531.0,2.26,2023,12,24288,84,95,10.0,9.0,9.0,9.333333333333334,0.19999999999999996,0.33333333333333326,631.0,9.65714285714289
2024-01-31,Fairfax,VA,Passenger,7.0,6.0,13.0,511.0,524.0,2.48,2024,1,24289,84,96,12.0,10.0,9.0,10.333333333333334,0.08333333333333326,0.4444444444444444,644.0,10.514285714285746
2024-02-29,Fairfax,VA,Passenger,7.0,6.0,13.0,497.0,510.0,2.55,2024,2,24290,84,97,13.0,12.0,10.0,11.666666666666666,0.0,0.30000000000000004,657.0,11.485714285714312
2017-10-31,Flathead,MT,Passenger,1.0,0.0,1.0,57.0,58.0,1.72,2017,10,24214,86,5,1.0,1.0,1.0,1.0,0.0,0.0,6.0,0.9999999999999998
2017-11-30,Flathead,MT,Passenger,1.0,0.0,1.0,58.0,59.0,1.69,2017,11,24215,86,6,1.0,1.0,1.0,1.0,0.0,0.0,7.0,0.9999999999999998
2017-12-31,Flathead,MT,Passenger,1.0,0.0,1.0,58.0,59.0,1.69,2017,12,24216,86,7,1.0,1.0,1.0,1.0,0.0,0.0,8.0,0.9999999999999999
2018-01-31,Flathead,MT,Passenger,1.0,0.0,1.0,56.0,57.0,1.75,2018,1,24217,86,8,1.0,1.0,1.0,1.0,0.0,0.0,9.0,1.0000000000000002
2018-02-28,Flathead,MT,Passenger,1.0,0.0,1.0,57.0,58.0,1.72,2018,2,24218,86,9,1.0,1.0,1.0,1.0,0.0,0.0,10.0,1.0000000000000002
2018-03-31,Flathead,MT,Passenger,1.0,0.0,1.0,55.0,56.0,1.79,2018,3,24219,86,10,1.0,1.0,1.0,1.0,0.0,0.0,11.0,1.0
2018-04-30,Flathead,MT,Passenger,1.0,0.0,1.0,55.0,56.0,1.79,2018,4,24220,86,11,1.0,1.0,1.0,1.0,0.0,0.0,12.0,1.0000000000000002
2018-05-31,Flathead,MT,Passenger,1.0,0.0,1.0,54.0,55.0,1.82,2018,5,24221,86,12,1.0,1.0,1.0,1.0,0.0,0.0,13.0,1.0000000000000002
2018-06-30,Flathead,MT,Passenger,1.0,0.0,1.0,54.0,55.0,1.82,2018,6,24222,86,13,1.0,1.0,1.0,1.0,0.0,0.0,14.0,1.0000000000000009
2018-07-31,Flathead,MT,Passenger,1.0,0.0,1.0,53.0,54.0,1.85,2018,7,24223,86,14,1.0,1.0,1.0,1.0,0.0,0.0,15.0,1.0000000000000007
2018-08-31,Flathead,MT,Passenger,1.0,0.0,1.0,57.0,58.0,1.72,2018,8,24224,86,15,1.0,1.0,1.0,1.0,0.0,0.0,16.0,1.0000000000000009
2018-09-30,Flathead,MT,Passenger,1.0,0.0,1.0,55.0,56.0,1.79,2018,9,24225,86,16,1.0,1.0,1.0,1.0,0.0,0.0,17.0,1.0
2018-10-31,Flathead,MT,Passenger,1.0,0.0,1.0,57.0,58.0,1.72,2018,10,24226,86,17,1.0,1.0,1.0,1.0,0.0,0.0,18.0,1.0000000000000002
2018-11-30,Flathead,MT,Passenger,1.0,0.0,1.0,59.0,60.0,1.67,2018,11,24227,86,18,1.0,1.0,1.0,1.0,0.0,0.0,19.0,1.000000000000002
2018-12-31,Flathead,MT,Passenger,1.0,0.0,1.0,59.0,60.0,1.67,2018,12,24228,86,19,1.0,1.0,1.0,1.0,0.0,0.0,20.0,0.9999999999999998
2019-01-31,Flathead,MT,Passenger,1.0,0.0,1.0,62.0,63.0,1.59,2019,1,24229,86,20,1.0,1.0,1.0,1.0,0.0,0.0,21.0,1.000000000000001
2019-02-28,Flathead,MT,Passenger,1.0,0.0,1.0,62.0,63.0,1.59,2019,2,24230,86,21,1.0,1.0,1.0,1.0,0.0,0.0,22.0,1.0000000000000013
2019-03-31,Flathead,MT,Passenger,1.0,0.0,1.0,64.0,65.0,1.54,2019,3,24231,86,22,1.0,1.0,1.0,1.0,0.0,0.0,23.0,1.0000000000000013
2019-04-30,Flathead,MT,Passenger,1.0,0.0,1.0,64.0,65.0,1.54,2019,4,24232,86,23,1.0,1.0,1.0,1.0,0.0,0.0,24.0,1.0000000000000004
2019-05-31,Flathead,MT,Passenger,1.0,0.0,1.0,65.0,66.0,1.52,2019,5,24233,86,24,1.0,1.0,1.0,1.0,0.0,0.0,25.0,1.0000000000000013
2019-06-30,Flathead,MT,Passenger,1.0,0.0,1.0,66.0,67.0,1.49,2019,6,24234,86,25,1.0,1.0,1.0,1.0,0.0,0.0,26.0,1.0000000000000013
2019-07-31,Flathead,MT,Passenger,1.0,0.0,1.0,67.0,68.0,1.47,2019,7,24235,86,26,1.0,1.0,1.0,1.0,0.0,0.0,27.0,1.0000000000000013
2019-08-31,Flathead,MT,Passenger,1.0,0.0,1.0,71.0,72.0,1.39,2019,8,24236,86,27,1.0,1.0,1.0,1.0,0.0,0.0,28.0,1.0000000000000013
2019-09-30,Flathead,MT,Passenger,1.0,0.0,1.0,70.0,71.0,1.41,2019,9,24237,86,28,1.0,1.0,1.0,1.0,0.0,0.0,29.0,1.0000000000000024
2019-10-31,Flathead,MT,Passenger,1.0,0.0,1.0,70.0,71.0,1.41,2019,10,24238,86,29,1.0,1.0,1.0,1.0,0.0,0.0,30.0,1.000000000000002
2019-11-30,Flathead,MT,Passenger,1.0,0.0,1.0,71.0,72.0,1.39,2019,11,24239,86,30,1.0,1.0,1.0,1.0,0.0,0.0,31.0,1.0000000000000009
2019-12-31,Flathead,MT,Passenger,1.0,0.0,1.0,70.0,71.0,1.41,2019,12,24240,86,31,1.0,1.0,1.0,1.0,0.0,0.0,32.0,1.000000000000002
2020-01-31,Flathead,MT,Passenger,1.0,0.0,1.0,68.0,69.0,1.45,2020,1,24241,86,32,1.0,1.0,1.0,1.0,0.0,0.0,33.0,1.0000000000000038
2020-02-29,Flathead,MT,Passenger,1.0,0.0,1.0,69.0,70.0,1.43,2020,2,24242,86,33,1.0,1.0,1.0,1.0,0.0,0.0,34.0,1.0000000000000004
2020-03-31,Flathead,MT,Passenger,1.0,0.0,1.0,70.0,71.0,1.41,2020,3,24243,86,34,1.0,1.0,1.0,1.0,0.0,0.0,35.0,1.000000000000002
2020-04-30,Flathead,MT,Passenger,1.0,0.0,1.0,69.0,70.0,1.43,2020,4,24244,86,35,1.0,1.0,1.0,1.0,0.0,0.0,36.0,1.0000000000000029
2020-05-31,Flathead,MT,Passenger,1.0,0.0,1.0,68.0,69.0,1.45,2020,5,24245,86,36,1.0,1.0,1.0,1.0,0.0,0.0,37.0,1.0000000000000038
2020-06-30,Flathead,MT,Passenger,1.0,0.0,1.0,65.0,66.0,1.52,2020,6,24246,86,37,1.0,1.0,1.0,1.0,0.0,0.0,38.0,1.0
2020-07-31,Flathead,MT,Passenger,1.0,0.0,1.0,61.0,62.0,1.61,2020,7,24247,86,38,1.0,1.0,1.0,1.0,0.0,0.0,39.0,1.0000000000000009
2020-08-31,Flathead,MT,Passenger,1.0,0.0,1.0,61.0,62.0,1.61,2020,8,24248,86,39,1.0,1.0,1.0,1.0,0.0,0.0,40.0,1.0000000000000009
2020-09-30,Flathead,MT,Passenger,1.0,0.0,1.0,62.0,63.0,1.59,2020,9,24249,86,40,1.0,1.0,1.0,1.0,0.0,0.0,41.0,1.0000000000000038
2020-10-31,Flathead,MT,Passenger,1.0,0.0,1.0,60.0,61.0,1.64,2020,10,24250,86,41,1.0,1.0,1.0,1.0,0.0,0.0,42.0,1.0000000000000009
2020-11-30,Flathead,MT,Passenger,1.0,0.0,1.0,59.0,60.0,1.67,2020,11,24251,86,42,1.0,1.0,1.0,1.0,0.0,0.0,43.0,1.0000000000000029
2020-12-31,Flathead,MT,Passenger,1.0,0.0,1.0,56.0,57.0,1.75,2020,12,24252,86,43,1.0,1.0,1.0,1.0,0.0,0.0,44.0,1.0000000000000029
2021-01-31,Flathead,MT,Passenger,1.0,0.0,1.0,54.0,55.0,1.82,2021,1,24253,86,44,1.0,1.0,1.0,1.0,0.0,0.0,45.0,1.0000000000000009
2021-02-28,Flathead,MT,Passenger,1.0,0.0,1.0,52.0,53.0,1.89,2021,2,24254,86,45,1.0,1.0,1.0,1.0,0.0,0.0,46.0,1.0000000000000009
2021-03-31,Flathead,MT,Passenger,1.0,0.0,1.0,52.0,53.0,1.89,2021,3,24255,86,46,1.0,1.0,1.0,1.0,0.0,0.0,47.0,1.0000000000000029
2021-04-30,Flathead,MT,Passenger,1.0,0.0,1.0,50.0,51.0,1.96,2021,4,24256,86,47,1.0,1.0,1.0,1.0,0.0,0.0,48.0,1.0000000000000009
2021-05-31,Flathead,MT,Passenger,1.0,0.0,1.0,51.0,52.0,1.92,2021,5,24257,86,48,1.0,1.0,1.0,1.0,0.0,0.0,49.0,1.000000000000002
2021-06-30,Flathead,MT,Passenger,1.0,0.0,1.0,50.0,51.0,1.96,2021,6,24258,86,49,1.0,1.0,1.0,1.0,0.0,0.0,50.0,1.000000000000002
2021-07-31,Flathead,MT,Passenger,1.0,0.0,1.0,49.0,50.0,2.0,2021,7,24259,86,50,1.0,1.0,1.0,1.0,0.0,0.0,51.0,1.000000000000002
2021-08-31,Flathead,MT,Passenger,1.0,0.0,1.0,50.0,51.0,1.96,2021,8,24260,86,51,1.0,1.0,1.0,1.0,0.0,0.0,52.0,1.0000000000000009
2021-09-30,Flathead,MT,Passenger,1.0,0.0,1.0,52.0,53.0,1.89,2021,9,24261,86,52,1.0,1.0,1.0,1.0,0.0,0.0,53.0,1.0000000000000029
2021-10-31,Flathead,MT,Passenger,1.0,0.0,1.0,52.0,53.0,1.89,2021,10,24262,86,53,1.0,1.0,1.0,1.0,0.0,0.0,54.0,1.0000000000000049
2021-11-30,Flathead,MT,Passenger,1.0,0.0,1.0,50.0,51.0,1.96,2021,11,24263,86,54,1.0,1.0,1.0,1.0,0.0,0.0,55.0,1.0000000000000038
2021-12-31,Flathead,MT,Passenger,1.0,0.0,1.0,48.0,49.0,2.04,2021,12,24264,86,55,1.0,1.0,1.0,1.0,0.0,0.0,56.0,1.0
2022-01-31,Flathead,MT,Passenger,1.0,0.0,1.0,47.0,48.0,2.08,2022,1,24265,86,56,1.0,1.0,1.0,1.0,0.0,0.0,57.0,1.000000000000002
2022-02-28,Flathead,MT,Passenger,1.0,0.0,1.0,47.0,48.0,2.08,2022,2,24266,86,57,1.0,1.0,1.0,1.0,0.0,0.0,58.0,1.0000000000000038
2022-03-31,Flathead,MT,Passenger,1.0,0.0,1.0,41.0,42.0,2.38,2022,3,24267,86,58,1.0,1.0,1.0,1.0,0.0,0.0,59.0,1.0000000000000038
2020-05-31,Fort Bend,TX,Passenger,1.0,0.0,1.0,47.0,48.0,2.08,2020,5,24245,87,5,1.0,1.0,1.0,1.0,0.0,0.0,6.0,0.9999999999999998
2020-06-30,Fort Bend,TX,Passenger,1.0,0.0,1.0,47.0,48.0,2.08,2020,6,24246,87,6,1.0,1.0,1.0,1.0,0.0,0.0,7.0,0.9999999999999998
2020-07-31,Fort Bend,TX,Passenger,1.0,0.0,1.0,46.0,47.0,2.13,2020,7,24247,87,7,1.0,1.0,1.0,1.0,0.0,0.0,8.0,0.9999999999999999
2020-08-31,Fort Bend,TX,Passenger,1.0,0.0,1.0,46.0,47.0,2.13,2020,8,24248,87,8,1.0,1.0,1.0,1.0,0.0,0.0,9.0,1.0000000000000002
2020-09-30,Fort Bend,TX,Passenger,1.0,0.0,1.0,44.0,45.0,2.22,2020,9,24249,87,9,1.0,1.0,1.0,1.0,0.0,0.0,10.0,1.0000000000000002
2020-10-31,Fort Bend,TX,Passenger,1.0,0.0,1.0,43.0,44.0,2.27,2020,10,24250,87,10,1.0,1.0,1.0,1.0,0.0,0.0,11.0,1.0
2020-11-30,Fort Bend,TX,Passenger,1.0,0.0,1.0,42.0,43.0,2.33,2020,11,24251,87,11,1.0,1.0,1.0,1.0,0.0,0.0,12.0,1.0000000000000002
2020-12-31,Fort Bend,TX,Passenger,1.0,0.0,1.0,41.0,42.0,2.38,2020,12,24252,87,12,1.0,1.0,1.0,1.0,0.0,0.0,13.0,1.0000000000000002
2021-01-31,Fort Bend,TX,Passenger,1.0,0.0,1.0,41.0,42.0,2.38,2021,1,24253,87,13,1.0,1.0,1.0,1.0,0.0,0.0,14.0,1.0000000000000009
2021-02-28,Fort Bend,TX,Passenger,1.0,0.0,1.0,41.0,42.0,2.38,2021,2,24254,87,14,1.0,1.0,1.0,1.0,0.0,0.0,15.0,1.0000000000000007
2021-03-31,Fort Bend,TX,Passenger,1.0,0.0,1.0,40.0,41.0,2.44,2021,3,24255,87,15,1.0,1.0,1.0,1.0,0.0,0.0,16.0,1.0000000000000009
2021-04-30,Fort Bend,TX,Passenger,1.0,0.0,1.0,40.0,41.0,2.44,2021,4,24256,87,16,1.0,1.0,1.0,1.0,0.0,0.0,17.0,1.0
2021-05-31,Fort Bend,TX,Passenger,1.0,0.0,1.0,37.0,38.0,2.63,2021,5,24257,87,17,1.0,1.0,1.0,1.0,0.0,0.0,18.0,1.0000000000000002
2021-06-30,Fort Bend,TX,Passenger,1.0,0.0,1.0,37.0,38.0,2.63,2021,6,24258,87,18,1.0,1.0,1.0,1.0,0.0,0.0,19.0,1.000000000000002
2021-07-31,Fort Bend,TX,Passenger,1.0,0.0,1.0,37.0,38.0,2.63,2021,7,24259,87,19,1.0,1.0,1.0,1.0,0.0,0.0,20.0,0.9999999999999998
2021-08-31,Fort Bend,TX,Passenger,1.0,0.0,1.0,36.0,37.0,2.7,2021,8,24260,87,20,1.0,1.0,1.0,1.0,0.0,0.0,21.0,1.000000000000001
2021-09-30,Fort Bend,TX,Passenger,1.0,0.0,1.0,38.0,39.0,2.56,2021,9,24261,87,21,1.0,1.0,1.0,1.0,0.0,0.0,22.0,1.0000000000000013
2021-10-31,Fort Bend,TX,Passenger,1.0,0.0,1.0,36.0,37.0,2.7,2021,10,24262,87,22,1.0,1.0,1.0,1.0,0.0,0.0,23.0,1.0000000000000013
2021-11-30,Fort Bend,TX,Passenger,1.0,0.0,1.0,36.0,37.0,2.7,2021,11,24263,87,23,1.0,1.0,1.0,1.0,0.0,0.0,24.0,1.0000000000000004
2021-12-31,Fort Bend,TX,Passenger,1.0,0.0,1.0,32.0,33.0,3.03,2021,12,24264,87,24,1.0,1.0,1.0,1.0,0.0,0.0,25.0,1.0000000000000013
2022-01-31,Fort Bend,TX,Passenger,1.0,0.0,1.0,32.0,33.0,3.03,2022,1,24265,87,25,1.0,1.0,1.0,1.0,0.0,0.0,26.0,1.0000000000000013
2022-02-28,Fort Bend,TX,Passenger,1.0,0.0,1.0,33.0,34.0,2.94,2022,2,24266,87,26,1.0,1.0,1.0,1.0,0.0,0.0,27.0,1.0000000000000013
2022-03-31,Fort Bend,TX,Passenger,1.0,0.0,1.0,33.0,34.0,2.94,2022,3,24267,87,27,1.0,1.0,1.0,1.0,0.0,0.0,28.0,1.0000000000000013
2022-04-30,Fort Bend,TX,Passenger,1.0,0.0,1.0,32.0,33.0,3.03,2022,4,24268,87,28,1.0,1.0,1.0,1.0,0.0,0.0,29.0,1.0000000000000024
2022-05-31,Fort Bend,TX,Passenger,1.0,0.0,1.0,27.0,28.0,3.57,2022,5,24269,87,29,1.0,1.0,1.0,1.0,0.0,0.0,30.0,1.000000000000002
2022-06-30,Fort Bend,TX,Passenger,1.0,0.0,1.0,27.0,28.0,3.57,2022,6,24270,87,30,1.0,1.0,1.0,1.0,0.0,0.0,31.0,1.0000000000000009
2022-07-31,Fort Bend,TX,Passenger,1.0,0.0,1.0,24.0,25.0,4.0,2022,7,24271,87,31,1.0,1.0,1.0,1.0,0.0,0.0,32.0,1.000000000000002
2022-08-31,Fort Bend,TX,Passenger,1.0,0.0,1.0,24.0,25.0,4.0,2022,8,24272,87,32,1.0,1.0,1.0,1.0,0.0,0.0,33.0,1.0000000000000038
2022-09-30,Fort Bend,TX,Passenger,1.0,0.0,1.0,24.0,25.0,4.0,2022,9,24273,87,33,1.0,1.0,1.0,1.0,0.0,0.0,34.0,1.0000000000000004
2022-10-31,Fort Bend,TX,Passenger,1.0,0.0,1.0,22.0,23.0,4.35,2022,10,24274,87,34,1.0,1.0,1.0,1.0,0.0,0.0,35.0,1.000000000000002
2017-02-28,Franklin,MA,Passenger,0.0,1.0,1.0,4.0,5.0,6.9025,2017,2,24206,88,5,68.0,0.0,69.0,45.666666666666664,-0.9852941176470589,-0.9855072463768116,139.0,31.457142857142856
2017-02-28,Franklin,OH,Passenger,0.0,1.0,1.0,115.0,116.0,0.86,2017,2,24206,88,6,1.0,68.0,0.0,23.0,0.0,0.0,140.0,27.714285714285708
2017-03-31,Franklin,MA,Passenger,0.0,1.0,1.0,4.0,5.0,6.9025,2017,3,24207,88,8,0.0,1.0,1.0,0.6666666666666666,0.0,0.0,141.0,10.342857142857142
2017-03-31,Franklin,OH,Passenger,0.0,1.0,1.0,114.0,115.0,0.87,2017,3,24207,88,10,73.0,1.0,0.0,24.666666666666668,-0.9863013698630136,0.0,215.0,17.22857142857143
2017-04-30,Franklin,MA,Passenger,0.0,1.0,1.0,4.0,5.0,6.9025,2017,4,24208,88,12,0.0,1.0,73.0,24.666666666666668,0.0,-0.9863013698630136,216.0,17.22857142857143
2017-04-30,Franklin,OH,Passenger,0.0,1.0,1.0,125.0,126.0,0.79,2017,4,24208,88,14,74.0,1.0,0.0,25.0,-0.9864864864864865,0.0,291.0,17.457142857142877
2017-05-31,Franklin,MA,Passenger,0.0,1.0,1.0,4.0,5.0,6.9025,2017,5,24209,88,16,72.0,1.0,74.0,49.0,-0.9861111111111112,-0.9864864864864865,364.0,33.914285714285725
2017-05-31,Franklin,OH,Passenger,0.0,1.0,1.0,122.0,123.0,0.81,2017,5,24209,88,18,0.0,1.0,72.0,24.333333333333332,0.0,-0.9861111111111112,365.0,17.000000000000004
2017-06-30,Franklin,OH,Passenger,0.0,1.0,1.0,121.0,122.0,0.82,2017,6,24210,88,19,1.0,0.0,1.0,0.6666666666666666,0.0,0.0,366.0,10.885714285714297
2017-06-30,Franklin,MA,Passenger,0.0,1.0,1.0,4.0,5.0,6.9025,2017,6,24210,88,20,1.0,1.0,0.0,0.6666666666666666,0.0,0.0,367.0,0.7714285714286019
2017-07-31,Franklin,OH,Passenger,0.0,1.0,1.0,118.0,119.0,0.84,2017,7,24211,88,23,0.0,71.0,1.0,24.0,0.0,0.0,439.0,18.771428571428604
2017-07-31,Franklin,MA,Passenger,0.0,1.0,1.0,4.0,5.0,6.9025,2017,7,24211,88,26,0.0,73.0,1.0,24.666666666666668,0.0,0.0,513.0,19.142857142857164
2017-08-31,Franklin,MA,Passenger,0.0,1.0,1.0,4.0,5.0,6.9025,2017,8,24212,88,27,1.0,0.0,73.0,24.666666666666668,0.0,-0.9863013698630136,514.0,17.200000000000006
2017-08-31,Franklin,OH,Passenger,0.0,1.0,1.0,114.0,115.0,0.87,2017,8,24212,88,29,75.0,1.0,1.0,25.666666666666668,-0.9866666666666667,0.0,590.0,17.771428571428622
2017-09-30,Franklin,MA,Passenger,0.0,1.0,1.0,4.0,5.0,6.9025,2017,9,24213,88,32,0.0,0.0,1.0,0.3333333333333333,0.0,0.0,591.0,11.085714285714339
2017-09-30,Franklin,OH,Passenger,0.0,1.0,1.0,111.0,112.0,0.89,2017,9,24213,88,34,77.0,1.0,0.0,26.0,-0.987012987012987,0.0,669.0,18.000000000000057
2017-10-31,Franklin,OH,Passenger,0.0,1.0,1.0,111.0,112.0,0.89,2017,10,24214,88,35,1.0,77.0,1.0,26.333333333333332,0.0,0.0,670.0,20.400000000000055
2017-10-31,Franklin,MA,Passenger,0.0,1.0,1.0,4.0,5.0,6.9025,2017,10,24214,88,36,1.0,1.0,77.0,26.333333333333332,0.0,-0.987012987012987,671.0,18.371428571428638
2017-11-30,Franklin,MA,Passenger,0.0,1.0,1.0,4.0,5.0,6.9025,2017,11,24215,88,40,79.0,80.0,0.0,53.0,-0.9873417721518988,0.0,831.0,38.91428571428575
2017-11-30,Franklin,OH,Passenger,0.0,1.0,1.0,108.0,109.0,0.92,2017,11,24215,88,41,1.0,79.0,80.0,53.333333333333336,0.0,-0.9875,832.0,38.97142857142856
2017-12-31,Franklin,MA,Passenger,0.0,1.0,1.0,4.0,5.0,6.9025,2017,12,24216,88,45,80.0,0.0,0.0,26.666666666666668,-0.9875,0.0,913.0,18.571428571428694
2017-12-31,Franklin,OH,Passenger,0.0,1.0,1.0,107.0,108.0,0.93,2017,12,24216,88,46,1.0,80.0,0.0,27.0,0.0,0.0,914.0,20.942857142857225
2018-01-31,Franklin,OH,Passenger,0.0,1.0,1.0,109.0,110.0,0.91,2018,1,24217,88,47,1.0,1.0,80.0,27.333333333333332,0.0,-0.9875,915.0,18.91428571428582
2018-01-31,Franklin,MA,Passenger,0.0,1.0,1.0,3.0,4.0,6.9025,2018,1,24217,88,49,82.0,1.0,1.0,28.0,-0.9878048780487805,0.0,998.0,19.514285714285805
2018-02-28,Franklin,MA,Passenger,0.0,1.0,1.0,3.0,4.0,6.9025,2018,2,24218,88,53,83.0,0.0,0.0,27.666666666666668,-0.9879518072289156,0.0,1082.0,19.257142857142902
2018-03-31,Franklin,MA,Passenger,0.0,1.0,1.0,2.0,3.0,6.9025,2018,3,24219,88,54,1.0,83.0,0.0,28.0,0.0,0.0,1083.0,21.71428571428578
2018-04-30,Franklin,MA,Passenger,0.0,1.0,1.0,2.0,3.0,6.9025,2018,4,24220,88,59,0.0,96.0,0.0,32.0,0.0,0.0,1269.0,37.542857142857194
2018-05-31,Franklin,MA,Passenger,0.0,1.0,1.0,2.0,3.0,6.9025,2018,5,24221,88,61,101.0,1.0,0.0,34.0,-0.9900990099009901,0.0,1371.0,37.20000000000005
2018-06-30,Franklin,MA,Passenger,0.0,1.0,1.0,1.0,2.0,6.9025,2018,6,24222,88,65,0.0,105.0,0.0,35.0,0.0,0.0,1477.0,27.285714285714363
2018-07-31,Franklin,MA,Passenger,0.0,1.0,1.0,1.0,2.0,6.9025,2018,7,24223,88,67,0.0,1.0,0.0,0.3333333333333333,0.0,0.0,1478.0,15.400000000000093
2018-08-31,Franklin,MA,Passenger,0.0,1.0,1.0,1.0,2.0,6.9025,2018,8,24224,88,69,104.0,1.0,0.0,35.0,-0.9903846153846154,0.0,1583.0,24.314285714285834
2018-09-30,Franklin,MA,Passenger,0.0,1.0,1.0,1.0,2.0,6.9025,2018,9,24225,88,73,0.0,101.0,0.0,33.666666666666664,0.0,0.0,1685.0,26.257142857142906
2018-10-31,Franklin,MA,Passenger,0.0,1.0,1.0,1.0,2.0,6.9025,2018,10,24226,88,77,0.0,101.0,102.0,67.66666666666667,0.0,-0.9901960784313726,1889.0,49.57142857142861
2018-11-30,Franklin,MA,Passenger,0.0,1.0,1.0,1.0,2.0,6.9025,2018,11,24227,88,79,0.0,1.0,0.0,0.3333333333333333,0.0,0.0,1890.0,14.82857142857153
2018-12-31,Franklin,MA,Passenger,0.0,1.0,1.0,1.0,2.0,6.9025,2018,12,24228,88,81,102.0,1.0,0.0,34.333333333333336,-0.9901960784313726,0.0,1993.0,23.85714285714275
2019-01-31,Franklin,MA,Passenger,0.0,1.0,1.0,1.0,2.0,6.9025,2019,1,24229,88,84,0.0,111.0,1.0,37.333333333333336,0.0,0.0,2105.0,43.4857142857144
2019-02-28,Franklin,MA,Passenger,0.0,1.0,1.0,1.0,2.0,6.9025,2019,2,24230,88,89,0.0,120.0,117.0,79.0,0.0,-0.9914529914529915,2343.0,57.74285714285728
2019-03-31,Franklin,MA,Passenger,0.0,1.0,1.0,1.0,2.0,6.9025,2019,3,24231,88,92,0.0,120.0,1.0,40.333333333333336,0.0,0.0,2464.0,31.2285714285716
2019-04-30,Franklin,MA,Passenger,0.0,1.0,1.0,1.0,2.0,6.9025,2019,4,24232,88,95,120.0,0.0,1.0,40.333333333333336,-0.9916666666666667,0.0,2585.0,27.80000000000017
2019-05-31,Franklin,MA,Passenger,0.0,1.0,1.0,1.0,2.0,6.9025,2019,5,24233,88,96,1.0,120.0,0.0,40.333333333333336,0.0,0.0,2586.0,31.371428571428837
2019-06-30,Franklin,MA,Passenger,0.0,1.0,1.0,1.0,2.0,6.9025,2019,6,24234,88,99,0.0,122.0,1.0,41.0,0.0,0.0,2709.0,31.88571428571458
2019-07-31,Franklin,MA,Passenger,0.0,1.0,1.0,1.0,2.0,6.9025,2019,7,24235,88,104,0.0,124.0,122.0,82.0,0.0,-0.9918032786885246,2956.0,59.914285714285775
2019-08-31,Franklin,MA,Passenger,0.0,1.0,1.0,1.0,2.0,6.9025,2019,8,24236,88,105,1.0,0.0,124.0,41.666666666666664,0.0,-0.9919354838709677,2957.0,46.14285714285752
2019-09-30,Franklin,MA,Passenger,0.0,1.0,1.0,1.0,2.0,6.9025,2019,9,24237,88,109,0.0,0.0,123.0,41.0,0.0,-0.991869918699187,3081.0,28.400000000000247
2019-10-31,Franklin,MA,Passenger,0.0,1.0,1.0,1.0,2.0,6.9025,2019,10,24238,88,113,0.0,129.0,124.0,84.33333333333333,0.0,-0.9919354838709677,3335.0,61.800000000000146
2019-11-30,Franklin,MA,Passenger,0.0,1.0,1.0,1.0,2.0,6.9025,2019,11,24239,88,115,0.0,1.0,0.0,0.3333333333333333,0.0,0.0,3336.0,18.828571428571674
2017-12-31,Frederick,MD,Passenger,0.0,1.0,1.0,88.0,89.0,1.12,2017,12,24216,89,5,1.0,1.0,1.0,1.0,0.0,0.0,6.0,0.9999999999999998
2018-01-31,Frederick,MD,Passenger,0.0,1.0,1.0,90.0,91.0,1.1,2018,1,24217,89,6,1.0,1.0,1.0,1.0,0.0,0.0,7.0,0.9999999999999998
2018-02-28,Frederick,MD,Passenger,0.0,1.0,1.0,90.0,91.0,1.1,2018,2,24218,89,7,1.0,1.0,1.0,1.0,0.0,0.0,8.0,0.9999999999999999
2018-03-31,Frederick,MD,Passenger,0.0,1.0,1.0,87.0,88.0,1.14,2018,3,24219,89,8,1.0,1.0,1.0,1.0,0.0,0.0,9.0,1.0000000000000002
2018-04-30,Frederick,MD,Passenger,0.0,1.0,1.0,86.0,87.0,1.15,2018,4,24220,89,9,1.0,1.0,1.0,1.0,0.0,0.0,10.0,1.0000000000000002
2018-05-31,Frederick,MD,Passenger,0.0,1.0,1.0,86.0,87.0,1.15,2018,5,24221,89,10,1.0,1.0,1.0,1.0,0.0,0.0,11.0,1.0
2018-06-30,Frederick,MD,Passenger,0.0,1.0,1.0,85.0,86.0,1.16,2018,6,24222,89,11,1.0,1.0,1.0,1.0,0.0,0.0,12.0,1.0000000000000002
2018-07-31,Frederick,MD,Passenger,0.0,1.0,1.0,86.0,87.0,1.15,2018,7,24223,89,12,1.0,1.0,1.0,1.0,0.0,0.0,13.0,1.0000000000000002
2018-08-31,Frederick,MD,Passenger,0.0,1.0,1.0,85.0,86.0,1.16,2018,8,24224,89,13,1.0,1.0,1.0,1.0,0.0,0.0,14.0,1.0000000000000009
2018-09-30,Frederick,MD,Passenger,0.0,1.0,1.0,87.0,88.0,1.14,2018,9,24225,89,14,1.0,1.0,1.0,1.0,0.0,0.0,15.0,1.0000000000000007
2018-10-31,Frederick,MD,Passenger,0.0,1.0,1.0,83.0,84.0,1.19,2018,10,24226,89,15,1.0,1.0,1.0,1.0,0.0,0.0,16.0,1.0000000000000009
2018-11-30,Frederick,MD,Passenger,0.0,1.0,1.0,82.0,83.0,1.2,2018,11,24227,89,16,1.0,1.0,1.0,1.0,0.0,0.0,17.0,1.0
2018-12-31,Frederick,MD,Passenger,0.0,1.0,1.0,79.0,80.0,1.25,2018,12,24228,89,17,1.0,1.0,1.0,1.0,0.0,0.0,18.0,1.0000000000000002
2019-01-31,Frederick,MD,Passenger,0.0,1.0,1.0,80.0,81.0,1.23,2019,1,24229,89,18,1.0,1.0,1.0,1.0,0.0,0.0,19.0,1.000000000000002
2019-02-28,Frederick,MD,Passenger,1.0,1.0,2.0,80.0,82.0,2.44,2019,2,24230,89,19,1.0,1.0,1.0,1.0,1.0,1.0,21.0,1.1428571428571428
2019-03-31,Frederick,MD,Passenger,1.0,1.0,2.0,81.0,83.0,2.41,2019,3,24231,89,20,2.0,1.0,1.0,1.3333333333333333,0.0,1.0,23.0,1.3714285714285723
2019-04-30,Frederick,MD,Passenger,1.0,1.0,2.0,78.0,80.0,2.5,2019,4,24232,89,21,2.0,2.0,1.0,1.6666666666666667,0.0,1.0,25.0,1.6285714285714283
2019-05-31,Frederick,MD,Passenger,1.0,1.0,2.0,80.0,82.0,2.44,2019,5,24233,89,22,2.0,2.0,2.0,2.0,0.0,0.0,27.0,1.857142857142858
2019-06-30,Frederick,MD,Passenger,1.0,1.0,2.0,79.0,81.0,2.47,2019,6,24234,89,23,2.0,2.0,2.0,2.0,0.0,0.0,29.0,2.000000000000001
2019-07-31,Frederick,MD,Passenger,1.0,1.0,2.0,81.0,83.0,2.41,2019,7,24235,89,24,2.0,2.0,2.0,2.0,0.0,0.0,31.0,2.0000000000000004
2019-08-31,Frederick,MD,Passenger,1.0,1.0,2.0,80.0,82.0,2.44,2019,8,24236,89,25,2.0,2.0,2.0,2.0,0.0,0.0,33.0,2.0000000000000013
2019-09-30,Frederick,MD,Passenger,1.0,1.0,2.0,80.0,82.0,2.44,2019,9,24237,89,26,2.0,2.0,2.0,2.0,0.0,0.0,35.0,2.000000000000001
2019-10-31,Frederick,MD,Passenger,1.0,1.0,2.0,82.0,84.0,2.38,2019,10,24238,89,27,2.0,2.0,2.0,2.0,0.0,0.0,37.0,2.0000000000000004
2019-11-30,Frederick,MD,Passenger,1.0,1.0,2.0,81.0,83.0,2.41,2019,11,24239,89,28,2.0,2.0,2.0,2.0,0.0,0.0,39.0,1.9999999999999991
2019-12-31,Frederick,MD,Passenger,1.0,1.0,2.0,79.0,81.0,2.47,2019,12,24240,89,29,2.0,2.0,2.0,2.0,0.0,0.0,41.0,2.0000000000000027
2020-01-31,Frederick,MD,Passenger,1.0,1.0,2.0,79.0,81.0,2.47,2020,1,24241,89,30,2.0,2.0,2.0,2.0,0.0,0.0,43.0,2.0000000000000027
2020-02-29,Frederick,MD,Passenger,1.0,1.0,2.0,79.0,81.0,2.47,2020,2,24242,89,31,2.0,2.0,2.0,2.0,0.0,0.0,45.0,2.000000000000001
2020-03-31,Frederick,MD,Passenger,1.0,1.0,2.0,77.0,79.0,2.53,2020,3,24243,89,32,2.0,2.0,2.0,2.0,0.0,0.0,47.0,2.0000000000000027
2020-04-30,Frederick,MD,Passenger,1.0,1.0,2.0,74.0,76.0,2.63,2020,4,24244,89,33,2.0,2.0,2.0,2.0,0.0,0.0,49.0,2.000000000000001
2020-05-31,Frederick,MD,Passenger,1.0,1.0,2.0,73.0,75.0,2.67,2020,5,24245,89,34,2.0,2.0,2.0,2.0,0.0,0.0,51.0,2.0000000000000018
2020-06-30,Frederick,MD,Passenger,1.0,1.0,2.0,73.0,75.0,2.67,2020,6,24246,89,35,2.0,2.0,2.0,2.0,0.0,0.0,53.0,2.0000000000000027
2020-07-31,Frederick,MD,Passenger,1.0,1.0,2.0,73.0,75.0,2.67,2020,7,24247,89,36,2.0,2.0,2.0,2.0,0.0,0.0,55.0,2.000000000000001
2020-08-31,Frederick,MD,Passenger,1.0,1.0,2.0,72.0,74.0,2.7,2020,8,24248,89,37,2.0,2.0,2.0,2.0,0.0,0.0,57.0,2.000000000000001
2020-09-30,Frederick,MD,Passenger,1.0,1.0,2.0,70.0,72.0,2.78,2020,9,24249,89,38,2.0,2.0,2.0,2.0,0.0,0.0,59.0,2.0000000000000018
2020-10-31,Frederick,MD,Passenger,1.0,1.0,2.0,70.0,72.0,2.78,2020,10,24250,89,39,2.0,2.0,2.0,2.0,0.0,0.0,61.0,2.0000000000000018
2020-11-30,Frederick,MD,Passenger,1.0,1.0,2.0,70.0,72.0,2.78,2020,11,24251,89,40,2.0,2.0,2.0,2.0,0.0,0.0,63.0,2.0000000000000018
2020-12-31,Frederick,MD,Passenger,1.0,1.0,2.0,69.0,71.0,2.82,2020,12,24252,89,41,2.0,2.0,2.0,2.0,0.0,0.0,65.0,2.0
2021-01-31,Frederick,MD,Passenger,1.0,1.0,2.0,66.0,68.0,2.94,2021,1,24253,89,42,2.0,2.0,2.0,2.0,0.0,0.0,67.0,2.000000000000004
2021-02-28,Frederick,MD,Passenger,1.0,1.0,2.0,66.0,68.0,2.94,2021,2,24254,89,43,2.0,2.0,2.0,2.0,0.0,0.0,69.0,2.0
2021-03-31,Frederick,MD,Passenger,1.0,1.0,2.0,69.0,71.0,2.82,2021,3,24255,89,44,2.0,2.0,2.0,2.0,0.0,0.0,71.0,2.0
2021-04-30,Frederick,MD,Passenger,1.0,1.0,2.0,69.0,71.0,2.82,2021,4,24256,89,45,2.0,2.0,2.0,2.0,0.0,0.0,73.0,2.0000000000000018
2021-05-31,Frederick,MD,Passenger,1.0,1.0,2.0,66.0,68.0,2.94,2021,5,24257,89,46,2.0,2.0,2.0,2.0,0.0,0.0,75.0,2.0000000000000058
2021-06-30,Frederick,MD,Passenger,1.0,1.0,2.0,66.0,68.0,2.94,2021,6,24258,89,47,2.0,2.0,2.0,2.0,0.0,0.0,77.0,2.0000000000000058
2021-07-31,Frederick,MD,Passenger,1.0,1.0,2.0,68.0,70.0,2.86,2021,7,24259,89,48,2.0,2.0,2.0,2.0,0.0,0.0,79.0,2.0
2021-08-31,Frederick,MD,Passenger,1.0,1.0,2.0,68.0,70.0,2.86,2021,8,24260,89,49,2.0,2.0,2.0,2.0,0.0,0.0,81.0,2.0000000000000075
2021-09-30,Frederick,MD,Passenger,1.0,1.0,2.0,70.0,72.0,2.78,2021,9,24261,89,50,2.0,2.0,2.0,2.0,0.0,0.0,83.0,2.0000000000000075
2021-10-31,Frederick,MD,Passenger,1.0,1.0,2.0,70.0,72.0,2.78,2021,10,24262,89,51,2.0,2.0,2.0,2.0,0.0,0.0,85.0,2.0000000000000098
2021-11-30,Frederick,MD,Passenger,1.0,1.0,2.0,70.0,72.0,2.78,2021,11,24263,89,52,2.0,2.0,2.0,2.0,0.0,0.0,87.0,2.0000000000000075
2021-12-31,Frederick,MD,Passenger,1.0,1.0,2.0,69.0,71.0,2.82,2021,12,24264,89,53,2.0,2.0,2.0,2.0,0.0,0.0,89.0,2.0000000000000058
2022-01-31,Frederick,MD,Passenger,1.0,1.0,2.0,69.0,71.0,2.82,2022,1,24265,89,54,2.0,2.0,2.0,2.0,0.0,0.0,91.0,2.0000000000000098
2022-02-28,Frederick,MD,Passenger,1.0,1.0,2.0,68.0,70.0,2.86,2022,2,24266,89,55,2.0,2.0,2.0,2.0,0.0,0.0,93.0,2.0000000000000058
2022-03-31,Frederick,MD,Passenger,1.0,1.0,2.0,68.0,70.0,2.86,2022,3,24267,89,56,2.0,2.0,2.0,2.0,0.0,0.0,95.0,2.0000000000000058
2022-04-30,Frederick,MD,Passenger,1.0,1.0,2.0,67.0,69.0,2.9,2022,4,24268,89,57,2.0,2.0,2.0,2.0,0.0,0.0,97.0,2.0000000000000058
2022-05-31,Frederick,MD,Passenger,1.0,1.0,2.0,64.0,66.0,3.03,2022,5,24269,89,58,2.0,2.0,2.0,2.0,0.0,0.0,99.0,2.0000000000000115
2022-06-30,Frederick,MD,Passenger,1.0,1.0,2.0,62.0,64.0,3.12,2022,6,24270,89,59,2.0,2.0,2.0,2.0,0.0,0.0,101.0,2.0000000000000115
2022-07-31,Frederick,MD,Passenger,1.0,0.0,1.0,61.0,62.0,1.61,2022,7,24271,89,60,2.0,2.0,2.0,2.0,-0.5,-0.5,102.0,1.8571428571428596
2022-08-31,Frederick,MD,Passenger,1.0,0.0,1.0,59.0,60.0,1.67,2022,8,24272,89,61,1.0,2.0,2.0,1.6666666666666667,0.0,-0.5,103.0,1.6285714285714339
2022-09-30,Frederick,MD,Passenger,1.0,0.0,1.0,61.0,62.0,1.61,2022,9,24273,89,62,1.0,1.0,2.0,1.3333333333333333,0.0,-0.5,104.0,1.3714285714285825
2022-10-31,Frederick,MD,Passenger,1.0,0.0,1.0,60.0,61.0,1.64,2022,10,24274,89,63,1.0,1.0,1.0,1.0,0.0,0.0,105.0,1.1428571428571488
2022-11-30,Frederick,MD,Passenger,1.0,0.0,1.0,60.0,61.0,1.64,2022,11,24275,89,64,1.0,1.0,1.0,1.0,0.0,0.0,106.0,1.0000000000000067
2022-12-31,Frederick,MD,Passenger,1.0,0.0,1.0,60.0,61.0,1.64,2022,12,24276,89,65,1.0,1.0,1.0,1.0,0.0,0.0,107.0,1.0000000000000067
2023-01-31,Frederick,MD,Passenger,1.0,0.0,1.0,58.0,59.0,1.69,2023,1,24277,89,66,1.0,1.0,1.0,1.0,0.0,0.0,108.0,1.0000000000000067
2023-02-28,Frederick,MD,Passenger,1.0,0.0,1.0,57.0,58.0,1.72,2023,2,24278,89,67,1.0,1.0,1.0,1.0,0.0,0.0,109.0,1.0000000000000067
2023-03-31,Frederick,MD,Passenger,1.0,0.0,1.0,56.0,57.0,1.75,2023,3,24279,89,68,1.0,1.0,1.0,1.0,0.0,0.0,110.0,1.0000000000000067
2023-04-30,Frederick,MD,Passenger,1.0,0.0,1.0,55.0,56.0,1.79,2023,4,24280,89,69,1.0,1.0,1.0,1.0,0.0,0.0,111.0,0.999999999999999
2023-05-31,Frederick,MD,Passenger,1.0,1.0,2.0,51.0,53.0,3.77,2023,5,24281,89,70,1.0,1.0,1.0,1.0,1.0,1.0,113.0,1.1428571428571488
2023-06-30,Frederick,MD,Passenger,2.0,1.0,3.0,51.0,54.0,5.56,2023,6,24282,89,71,2.0,1.0,1.0,1.3333333333333333,0.5,2.0,116.0,1.5142857142857113
2023-07-31,Frederick,MD,Passenger,2.0,1.0,3.0,50.0,53.0,5.66,2023,7,24283,89,72,3.0,2.0,1.0,2.0,0.0,2.0,119.0,2.0000000000000075
2023-08-31,Frederick,MD,Passenger,2.0,1.0,3.0,50.0,53.0,5.66,2023,8,24284,89,73,3.0,3.0,2.0,2.6666666666666665,0.0,0.5,122.0,2.485714285714285
2023-09-30,Frederick,MD,Passenger,2.0,1.0,3.0,49.0,52.0,5.77,2023,9,24285,89,74,3.0,3.0,3.0,3.0,0.0,0.0,125.0,2.8571428571428648
2023-10-31,Frederick,MD,Passenger,2.0,1.0,3.0,49.0,52.0,5.77,2023,10,24286,89,75,3.0,3.0,3.0,3.0,0.0,0.0,128.0,3.0000000000000067
2023-11-30,Frederick,MD,Passenger,2.0,1.0,3.0,49.0,52.0,5.77,2023,11,24287,89,76,3.0,3.0,3.0,3.0,0.0,0.0,131.0,3.0000000000000067
2023-12-31,Frederick,MD,Passenger,2.0,1.0,3.0,48.0,51.0,5.88,2023,12,24288,89,77,3.0,3.0,3.0,3.0,0.0,0.0,134.0,3.000000000000018
2024-01-31,Frederick,MD,Passenger,2.0,1.0,3.0,44.0,47.0,6.38,2024,1,24289,89,78,3.0,3.0,3.0,3.0,0.0,0.0,137.0,3.0000000000000027
2024-02-29,Frederick,MD,Passenger,1.0,1.0,2.0,43.0,45.0,4.44,2024,2,24290,89,79,3.0,3.0,3.0,3.0,-0.33333333333333337,-0.33333333333333337,139.0,2.857142857142855
2019-01-31,Fresno,CA,Passenger,1.0,0.0,1.0,195.0,196.0,0.51,2019,1,24229,90,5,1.0,1.0,1.0,1.0,0.0,0.0,6.0,0.9999999999999998
2019-02-28,Fresno,CA,Passenger,1.0,0.0,1.0,196.0,197.0,0.51,2019,2,24230,90,6,1.0,1.0,1.0,1.0,0.0,0.0,7.0,0.9999999999999998
2019-03-31,Fresno,CA,Passenger,1.0,0.0,1.0,197.0,198.0,0.51,2019,3,24231,90,7,1.0,1.0,1.0,1.0,0.0,0.0,8.0,0.9999999999999999
2019-04-30,Fresno,CA,Passenger,1.0,0.0,1.0,196.0,197.0,0.51,2019,4,24232,90,8,1.0,1.0,1.0,1.0,0.0,0.0,9.0,1.0000000000000002
2019-05-31,Fresno,CA,Passenger,1.0,0.0,1.0,197.0,198.0,0.51,2019,5,24233,90,9,1.0,1.0,1.0,1.0,0.0,0.0,10.0,1.0000000000000002
2019-06-30,Fresno,CA,Passenger,1.0,0.0,1.0,199.0,200.0,0.5,2019,6,24234,90,10,1.0,1.0,1.0,1.0,0.0,0.0,11.0,1.0
2019-07-31,Fresno,CA,Passenger,1.0,0.0,1.0,201.0,202.0,0.5,2019,7,24235,90,11,1.0,1.0,1.0,1.0,0.0,0.0,12.0,1.0000000000000002
2019-08-31,Fresno,CA,Passenger,1.0,0.0,1.0,204.0,205.0,0.49,2019,8,24236,90,12,1.0,1.0,1.0,1.0,0.0,0.0,13.0,1.0000000000000002
2019-09-30,Fresno,CA,Passenger,1.0,0.0,1.0,206.0,207.0,0.48,2019,9,24237,90,13,1.0,1.0,1.0,1.0,0.0,0.0,14.0,1.0000000000000009
2019-10-31,Fresno,CA,Passenger,1.0,0.0,1.0,203.0,204.0,0.49,2019,10,24238,90,14,1.0,1.0,1.0,1.0,0.0,0.0,15.0,1.0000000000000007
2019-11-30,Fresno,CA,Passenger,1.0,0.0,1.0,202.0,203.0,0.49,2019,11,24239,90,15,1.0,1.0,1.0,1.0,0.0,0.0,16.0,1.0000000000000009
2019-12-31,Fresno,CA,Passenger,1.0,0.0,1.0,200.0,201.0,0.5,2019,12,24240,90,16,1.0,1.0,1.0,1.0,0.0,0.0,17.0,1.0
2020-01-31,Fresno,CA,Passenger,1.0,0.0,1.0,202.0,203.0,0.49,2020,1,24241,90,17,1.0,1.0,1.0,1.0,0.0,0.0,18.0,1.0000000000000002
2020-02-29,Fresno,CA,Passenger,1.0,0.0,1.0,201.0,202.0,0.5,2020,2,24242,90,18,1.0,1.0,1.0,1.0,0.0,0.0,19.0,1.000000000000002
2020-03-31,Fresno,CA,Passenger,1.0,0.0,1.0,201.0,202.0,0.5,2020,3,24243,90,19,1.0,1.0,1.0,1.0,0.0,0.0,20.0,0.9999999999999998
2020-04-30,Fresno,CA,Passenger,1.0,0.0,1.0,197.0,198.0,0.51,2020,4,24244,90,20,1.0,1.0,1.0,1.0,0.0,0.0,21.0,1.000000000000001
2020-05-31,Fresno,CA,Passenger,1.0,0.0,1.0,197.0,198.0,0.51,2020,5,24245,90,21,1.0,1.0,1.0,1.0,0.0,0.0,22.0,1.0000000000000013
2020-06-30,Fresno,CA,Passenger,1.0,0.0,1.0,195.0,196.0,0.51,2020,6,24246,90,22,1.0,1.0,1.0,1.0,0.0,0.0,23.0,1.0000000000000013
2020-07-31,Fresno,CA,Passenger,1.0,0.0,1.0,191.0,192.0,0.52,2020,7,24247,90,23,1.0,1.0,1.0,1.0,0.0,0.0,24.0,1.0000000000000004
2020-08-31,Fresno,CA,Passenger,1.0,0.0,1.0,188.0,189.0,0.53,2020,8,24248,90,24,1.0,1.0,1.0,1.0,0.0,0.0,25.0,1.0000000000000013
2020-09-30,Fresno,CA,Passenger,1.0,0.0,1.0,189.0,190.0,0.53,2020,9,24249,90,25,1.0,1.0,1.0,1.0,0.0,0.0,26.0,1.0000000000000013
2020-10-31,Fresno,CA,Passenger,1.0,0.0,1.0,190.0,191.0,0.52,2020,10,24250,90,26,1.0,1.0,1.0,1.0,0.0,0.0,27.0,1.0000000000000013
2020-11-30,Fresno,CA,Passenger,1.0,0.0,1.0,186.0,187.0,0.53,2020,11,24251,90,27,1.0,1.0,1.0,1.0,0.0,0.0,28.0,1.0000000000000013
2020-12-31,Fresno,CA,Passenger,1.0,0.0,1.0,185.0,186.0,0.54,2020,12,24252,90,28,1.0,1.0,1.0,1.0,0.0,0.0,29.0,1.0000000000000024
2021-01-31,Fresno,CA,Passenger,1.0,0.0,1.0,187.0,188.0,0.53,2021,1,24253,90,29,1.0,1.0,1.0,1.0,0.0,0.0,30.0,1.000000000000002
2021-02-28,Fresno,CA,Passenger,1.0,0.0,1.0,185.0,186.0,0.54,2021,2,24254,90,30,1.0,1.0,1.0,1.0,0.0,0.0,31.0,1.0000000000000009
2021-03-31,Fresno,CA,Passenger,1.0,0.0,1.0,184.0,185.0,0.54,2021,3,24255,90,31,1.0,1.0,1.0,1.0,0.0,0.0,32.0,1.000000000000002
2021-04-30,Fresno,CA,Passenger,1.0,0.0,1.0,187.0,188.0,0.53,2021,4,24256,90,32,1.0,1.0,1.0,1.0,0.0,0.0,33.0,1.0000000000000038
2021-05-31,Fresno,CA,Passenger,1.0,0.0,1.0,185.0,186.0,0.54,2021,5,24257,90,33,1.0,1.0,1.0,1.0,0.0,0.0,34.0,1.0000000000000004
2021-06-30,Fresno,CA,Passenger,1.0,0.0,1.0,185.0,186.0,0.54,2021,6,24258,90,34,1.0,1.0,1.0,1.0,0.0,0.0,35.0,1.000000000000002
2021-07-31,Fresno,CA,Passenger,1.0,0.0,1.0,180.0,181.0,0.55,2021,7,24259,90,35,1.0,1.0,1.0,1.0,0.0,0.0,36.0,1.0000000000000029
2021-08-31,Fresno,CA,Passenger,1.0,0.0,1.0,176.0,177.0,0.56,2021,8,24260,90,36,1.0,1.0,1.0,1.0,0.0,0.0,37.0,1.0000000000000038
2021-09-30,Fresno,CA,Passenger,1.0,0.0,1.0,176.0,177.0,0.56,2021,9,24261,90,37,1.0,1.0,1.0,1.0,0.0,0.0,38.0,1.0
2021-10-31,Fresno,CA,Passenger,1.0,0.0,1.0,176.0,177.0,0.56,2021,10,24262,90,38,1.0,1.0,1.0,1.0,0.0,0.0,39.0,1.0000000000000009
2021-11-30,Fresno,CA,Passenger,1.0,0.0,1.0,172.0,173.0,0.58,2021,11,24263,90,39,1.0,1.0,1.0,1.0,0.0,0.0,40.0,1.0000000000000009
2021-12-31,Fresno,CA,Passenger,1.0,0.0,1.0,171.0,172.0,0.58,2021,12,24264,90,40,1.0,1.0,1.0,1.0,0.0,0.0,41.0,1.0000000000000038
2022-01-31,Fresno,CA,Passenger,1.0,0.0,1.0,171.0,172.0,0.58,2022,1,24265,90,41,1.0,1.0,1.0,1.0,0.0,0.0,42.0,1.0000000000000009
2022-02-28,Fresno,CA,Passenger,1.0,0.0,1.0,170.0,171.0,0.58,2022,2,24266,90,42,1.0,1.0,1.0,1.0,0.0,0.0,43.0,1.0000000000000029
2022-03-31,Fresno,CA,Passenger,1.0,0.0,1.0,164.0,165.0,0.61,2022,3,24267,90,43,1.0,1.0,1.0,1.0,0.0,0.0,44.0,1.0000000000000029
2022-04-30,Fresno,CA,Passenger,1.0,0.0,1.0,160.0,161.0,0.62,2022,4,24268,90,44,1.0,1.0,1.0,1.0,0.0,0.0,45.0,1.0000000000000009
2022-05-31,Fresno,CA,Passenger,1.0,0.0,1.0,155.0,156.0,0.64,2022,5,24269,90,45,1.0,1.0,1.0,1.0,0.0,0.0,46.0,1.0000000000000009
2022-06-30,Fresno,CA,Passenger,1.0,0.0,1.0,152.0,153.0,0.65,2022,6,24270,90,46,1.0,1.0,1.0,1.0,0.0,0.0,47.0,1.0000000000000029
2017-06-30,Fulton,GA,Passenger,1.0,0.0,1.0,114.0,115.0,0.87,2017,6,24210,91,5,1.0,2.0,2.0,1.6666666666666667,0.0,-0.5,11.0,1.6285714285714281
2017-07-31,Fulton,GA,Passenger,1.0,0.0,1.0,112.0,113.0,0.88,2017,7,24211,91,6,1.0,1.0,2.0,1.3333333333333333,0.0,-0.5,12.0,1.3714285714285712
2017-08-31,Fulton,GA,Passenger,1.0,0.0,1.0,108.0,109.0,0.92,2017,8,24212,91,7,1.0,1.0,1.0,1.0,0.0,0.0,13.0,1.1428571428571432
2017-09-30,Fulton,GA,Passenger,1.0,0.0,1.0,109.0,110.0,0.91,2017,9,24213,91,8,1.0,1.0,1.0,1.0,0.0,0.0,14.0,1.0000000000000009
2017-10-31,Fulton,GA,Passenger,1.0,0.0,1.0,108.0,109.0,0.92,2017,10,24214,91,9,1.0,1.0,1.0,1.0,0.0,0.0,15.0,1.0000000000000007
2017-11-30,Fulton,GA,Passenger,1.0,0.0,1.0,108.0,109.0,0.92,2017,11,24215,91,10,1.0,1.0,1.0,1.0,0.0,0.0,16.0,1.0000000000000009
2017-12-31,Fulton,GA,Passenger,1.0,0.0,1.0,105.0,106.0,0.94,2017,12,24216,91,11,1.0,1.0,1.0,1.0,0.0,0.0,17.0,1.0
2018-01-31,Fulton,GA,Passenger,1.0,0.0,1.0,105.0,106.0,0.94,2018,1,24217,91,12,1.0,1.0,1.0,1.0,0.0,0.0,18.0,1.0000000000000002
2018-02-28,Fulton,GA,Passenger,1.0,0.0,1.0,106.0,107.0,0.93,2018,2,24218,91,13,1.0,1.0,1.0,1.0,0.0,0.0,19.0,1.000000000000002
2018-03-31,Fulton,GA,Passenger,1.0,0.0,1.0,99.0,100.0,1.0,2018,3,24219,91,14,1.0,1.0,1.0,1.0,0.0,0.0,20.0,0.9999999999999998
2018-04-30,Fulton,GA,Passenger,1.0,1.0,2.0,100.0,102.0,1.96,2018,4,24220,91,15,1.0,1.0,1.0,1.0,1.0,1.0,22.0,1.1428571428571432
2018-05-31,Fulton,GA,Passenger,1.0,1.0,2.0,98.0,100.0,2.0,2018,5,24221,91,16,2.0,1.0,1.0,1.3333333333333333,0.0,1.0,24.0,1.371428571428573
2018-06-30,Fulton,GA,Passenger,1.0,1.0,2.0,101.0,103.0,1.94,2018,6,24222,91,17,2.0,2.0,1.0,1.6666666666666667,0.0,1.0,26.0,1.6285714285714294
2018-07-31,Fulton,GA,Passenger,1.0,2.0,3.0,106.0,109.0,2.75,2018,7,24223,91,18,2.0,2.0,2.0,2.0,0.5,0.5,29.0,2.0000000000000018
2018-08-31,Fulton,GA,Passenger,1.0,2.0,3.0,106.0,109.0,2.75,2018,8,24224,91,19,3.0,2.0,2.0,2.3333333333333335,0.0,0.5,32.0,2.371428571428572
2018-09-30,Fulton,GA,Passenger,1.0,2.0,3.0,108.0,111.0,2.7,2018,9,24225,91,20,3.0,3.0,2.0,2.6666666666666665,0.0,0.5,35.0,2.628571428571429
2018-10-31,Fulton,GA,Passenger,1.0,2.0,3.0,108.0,111.0,2.7,2018,10,24226,91,21,3.0,3.0,3.0,3.0,0.0,0.0,38.0,2.857142857142859
2018-11-30,Fulton,GA,Passenger,1.0,2.0,3.0,108.0,111.0,2.7,2018,11,24227,91,22,3.0,3.0,3.0,3.0,0.0,0.0,41.0,3.0000000000000013
2018-12-31,Fulton,GA,Passenger,1.0,2.0,3.0,109.0,112.0,2.68,2018,12,24228,91,23,3.0,3.0,3.0,3.0,0.0,0.0,44.0,2.9999999999999996
2019-01-31,Fulton,GA,Passenger,1.0,2.0,3.0,108.0,111.0,2.7,2019,1,24229,91,24,3.0,3.0,3.0,3.0,0.0,0.0,47.0,3.0000000000000004
2019-02-28,Fulton,GA,Passenger,1.0,2.0,3.0,109.0,112.0,2.68,2019,2,24230,91,25,3.0,3.0,3.0,3.0,0.0,0.0,50.0,3.0000000000000013
2019-03-31,Fulton,GA,Passenger,1.0,2.0,3.0,111.0,114.0,2.63,2019,3,24231,91,26,3.0,3.0,3.0,3.0,0.0,0.0,53.0,3.0000000000000027
2019-04-30,Fulton,GA,Passenger,1.0,2.0,3.0,113.0,116.0,2.59,2019,4,24232,91,27,3.0,3.0,3.0,3.0,0.0,0.0,56.0,3.000000000000001
2019-05-31,Fulton,GA,Passenger,1.0,2.0,3.0,108.0,111.0,2.7,2019,5,24233,91,28,3.0,3.0,3.0,3.0,0.0,0.0,59.0,3.000000000000004
2019-06-30,Fulton,GA,Passenger,1.0,2.0,3.0,106.0,109.0,2.75,2019,6,24234,91,29,3.0,3.0,3.0,3.0,0.0,0.0,62.0,3.0000000000000018
2019-07-31,Fulton,GA,Passenger,0.0,2.0,2.0,103.0,105.0,1.9,2019,7,24235,91,30,3.0,3.0,3.0,3.0,-0.33333333333333337,-0.33333333333333337,64.0,2.8571428571428577
2019-08-31,Fulton,GA,Passenger,0.0,2.0,2.0,103.0,105.0,1.9,2019,8,24236,91,31,2.0,3.0,3.0,2.6666666666666665,0.0,-0.33333333333333337,66.0,2.62857142857143
2019-09-30,Fulton,GA,Passenger,0.0,2.0,2.0,103.0,105.0,1.9,2019,9,24237,91,32,2.0,2.0,3.0,2.3333333333333335,0.0,-0.33333333333333337,68.0,2.3714285714285728
2019-10-31,Fulton,GA,Passenger,0.0,2.0,2.0,103.0,105.0,1.9,2019,10,24238,91,33,2.0,2.0,2.0,2.0,0.0,0.0,70.0,2.142857142857146
2019-11-30,Fulton,GA,Passenger,0.0,2.0,2.0,106.0,108.0,1.85,2019,11,24239,91,34,2.0,2.0,2.0,2.0,0.0,0.0,72.0,2.0000000000000058
2019-12-31,Fulton,GA,Passenger,0.0,2.0,2.0,105.0,107.0,1.87,2019,12,24240,91,35,2.0,2.0,2.0,2.0,0.0,0.0,74.0,2.0000000000000075
2020-01-31,Fulton,GA,Passenger,1.0,2.0,3.0,106.0,109.0,2.75,2020,1,24241,91,36,2.0,2.0,2.0,2.0,0.5,0.5,77.0,2.14285714285715
2020-02-29,Fulton,GA,Passenger,1.0,2.0,3.0,105.0,108.0,2.78,2020,2,24242,91,37,3.0,2.0,2.0,2.3333333333333335,0.0,0.5,80.0,2.3714285714285817
2020-03-31,Fulton,GA,Passenger,1.0,2.0,3.0,107.0,110.0,2.73,2020,3,24243,91,38,3.0,3.0,2.0,2.6666666666666665,0.0,0.5,83.0,2.628571428571431
2020-04-30,Fulton,GA,Passenger,1.0,2.0,3.0,105.0,108.0,2.78,2020,4,24244,91,39,3.0,3.0,3.0,3.0,0.0,0.0,86.0,2.8571428571428608
2020-05-31,Fulton,GA,Passenger,1.0,2.0,3.0,104.0,107.0,2.8,2020,5,24245,91,40,3.0,3.0,3.0,3.0,0.0,0.0,89.0,3.000000000000005
2020-06-30,Fulton,GA,Passenger,1.0,2.0,3.0,101.0,104.0,2.88,2020,6,24246,91,41,3.0,3.0,3.0,3.0,0.0,0.0,92.0,2.999999999999999
2020-07-31,Fulton,GA,Passenger,1.0,2.0,3.0,102.0,105.0,2.86,2020,7,24247,91,42,3.0,3.0,3.0,3.0,0.0,0.0,95.0,3.0000000000000067
2020-08-31,Fulton,GA,Passenger,1.0,2.0,3.0,101.0,104.0,2.88,2020,8,24248,91,43,3.0,3.0,3.0,3.0,0.0,0.0,98.0,3.000000000000005
2020-09-30,Fulton,GA,Passenger,1.0,2.0,3.0,96.0,99.0,3.03,2020,9,24249,91,44,3.0,3.0,3.0,3.0,0.0,0.0,101.0,3.0000000000000067
2020-10-31,Fulton,GA,Passenger,1.0,2.0,3.0,91.0,94.0,3.19,2020,10,24250,91,45,3.0,3.0,3.0,3.0,0.0,0.0,104.0,3.0000000000000067
2020-11-30,Fulton,GA,Passenger,1.0,2.0,3.0,91.0,94.0,3.19,2020,11,24251,91,46,3.0,3.0,3.0,3.0,0.0,0.0,107.0,3.0000000000000027
2020-12-31,Fulton,GA,Passenger,1.0,2.0,3.0,91.0,94.0,3.19,2020,12,24252,91,47,3.0,3.0,3.0,3.0,0.0,0.0,110.0,3.000000000000005
2021-01-31,Fulton,GA,Passenger,0.0,2.0,2.0,88.0,90.0,2.22,2021,1,24253,91,48,3.0,3.0,3.0,3.0,-0.33333333333333337,-0.33333333333333337,112.0,2.8571428571428648
2021-02-28,Fulton,GA,Passenger,0.0,2.0,2.0,87.0,89.0,2.25,2021,2,24254,91,49,2.0,3.0,3.0,2.6666666666666665,0.0,-0.33333333333333337,114.0,2.6285714285714388
2021-03-31,Fulton,GA,Passenger,0.0,2.0,2.0,84.0,86.0,2.33,2021,3,24255,91,50,2.0,2.0,3.0,2.3333333333333335,0.0,-0.33333333333333337,116.0,2.3714285714285817
2021-04-30,Fulton,GA,Passenger,0.0,1.0,1.0,83.0,84.0,1.19,2021,4,24256,91,51,2.0,2.0,2.0,2.0,-0.5,-0.5,117.0,2.0000000000000075
2022-03-31,Fulton,GA,Passenger,1.0,0.0,1.0,74.0,75.0,1.33,2022,3,24267,91,52,1.0,2.0,2.0,1.6666666666666667,0.0,-0.5,118.0,1.6285714285714394
2022-04-30,Fulton,GA,Passenger,1.0,0.0,1.0,73.0,74.0,1.35,2022,4,24268,91,53,1.0,1.0,2.0,1.3333333333333333,0.0,-0.5,119.0,1.3714285714285863
2022-05-31,Fulton,GA,Passenger,1.0,0.0,1.0,72.0,73.0,1.37,2022,5,24269,91,54,1.0,1.0,1.0,1.0,0.0,0.0,120.0,1.1428571428571488
2022-06-30,Fulton,GA,Passenger,1.0,0.0,1.0,72.0,73.0,1.37,2022,6,24270,91,55,1.0,1.0,1.0,1.0,0.0,0.0,121.0,1.0000000000000049
2022-07-31,Fulton,GA,Passenger,1.0,0.0,1.0,72.0,73.0,1.37,2022,7,24271,91,56,1.0,1.0,1.0,1.0,0.0,0.0,122.0,1.0000000000000049
2022-08-31,Fulton,GA,Passenger,1.0,0.0,1.0,70.0,71.0,1.41,2022,8,24272,91,57,1.0,1.0,1.0,1.0,0.0,0.0,123.0,1.0000000000000009
2022-09-30,Fulton,GA,Passenger,1.0,0.0,1.0,69.0,70.0,1.43,2022,9,24273,91,58,1.0,1.0,1.0,1.0,0.0,0.0,124.0,1.0000000000000124
2022-10-31,Fulton,GA,Passenger,1.0,0.0,1.0,69.0,70.0,1.43,2022,10,24274,91,59,1.0,1.0,1.0,1.0,0.0,0.0,125.0,1.0000000000000124
2022-11-30,Fulton,GA,Passenger,1.0,0.0,1.0,66.0,67.0,1.49,2022,11,24275,91,60,1.0,1.0,1.0,1.0,0.0,0.0,126.0,1.0000000000000162
2022-12-31,Fulton,GA,Passenger,1.0,0.0,1.0,63.0,64.0,1.56,2022,12,24276,91,61,1.0,1.0,1.0,1.0,0.0,0.0,127.0,1.0000000000000049
2023-01-31,Fulton,GA,Passenger,1.0,0.0,1.0,63.0,64.0,1.56,2023,1,24277,91,62,1.0,1.0,1.0,1.0,0.0,0.0,128.0,1.0000000000000087
2023-02-28,Fulton,GA,Passenger,1.0,0.0,1.0,62.0,63.0,1.59,2023,2,24278,91,63,1.0,1.0,1.0,1.0,0.0,0.0,129.0,1.0000000000000087
2023-03-31,Fulton,GA,Passenger,1.0,0.0,1.0,58.0,59.0,1.69,2023,3,24279,91,64,1.0,1.0,1.0,1.0,0.0,0.0,130.0,1.0000000000000124
2023-04-30,Fulton,GA,Passenger,1.0,0.0,1.0,58.0,59.0,1.69,2023,4,24280,91,65,1.0,1.0,1.0,1.0,0.0,0.0,131.0,1.0000000000000049
2023-05-31,Fulton,GA,Passenger,1.0,0.0,1.0,59.0,60.0,1.67,2023,5,24281,91,66,1.0,1.0,1.0,1.0,0.0,0.0,132.0,1.0000000000000087
2023-06-30,Fulton,GA,Passenger,1.0,0.0,1.0,57.0,58.0,1.72,2023,6,24282,91,67,1.0,1.0,1.0,1.0,0.0,0.0,133.0,1.0000000000000202
2023-07-31,Fulton,GA,Passenger,1.0,0.0,1.0,55.0,56.0,1.79,2023,7,24283,91,68,1.0,1.0,1.0,1.0,0.0,0.0,134.0,1.0000000000000087
2023-08-31,Fulton,GA,Passenger,1.0,0.0,1.0,54.0,55.0,1.82,2023,8,24284,91,69,1.0,1.0,1.0,1.0,0.0,0.0,135.0,1.0000000000000124
2023-09-30,Fulton,GA,Passenger,1.0,0.0,1.0,50.0,51.0,1.96,2023,9,24285,91,70,1.0,1.0,1.0,1.0,0.0,0.0,136.0,1.0000000000000087
2023-10-31,Fulton,GA,Passenger,1.0,0.0,1.0,47.0,48.0,2.08,2023,10,24286,91,71,1.0,1.0,1.0,1.0,0.0,0.0,137.0,1.0000000000000049
2023-11-30,Fulton,GA,Passenger,1.0,0.0,1.0,47.0,48.0,2.08,2023,11,24287,91,72,1.0,1.0,1.0,1.0,0.0,0.0,138.0,1.0000000000000162
2023-12-31,Fulton,GA,Passenger,1.0,0.0,1.0,48.0,49.0,2.04,2023,12,24288,91,73,1.0,1.0,1.0,1.0,0.0,0.0,139.0,1.0000000000000087
2024-01-31,Fulton,GA,Passenger,1.0,0.0,1.0,47.0,48.0,2.08,2024,1,24289,91,74,1.0,1.0,1.0,1.0,0.0,0.0,140.0,1.0000000000000049
2024-02-29,Fulton,GA,Passenger,1.0,0.0,1.0,43.0,44.0,2.27,2024,2,24290,91,75,1.0,1.0,1.0,1.0,0.0,0.0,141.0,1.0000000000000124
2022-06-30,Galveston,TX,Passenger,0.0,1.0,1.0,19.0,20.0,5.0,2022,6,24270,92,5,1.0,1.0,1.0,1.0,0.0,0.0,6.0,0.9999999999999998
2022-07-31,Galveston,TX,Passenger,0.0,1.0,1.0,18.0,19.0,5.26,2022,7,24271,92,6,1.0,1.0,1.0,1.0,0.0,0.0,7.0,0.9999999999999998
2022-08-31,Galveston,TX,Passenger,0.0,1.0,1.0,18.0,19.0,5.26,2022,8,24272,92,7,1.0,1.0,1.0,1.0,0.0,0.0,8.0,0.9999999999999999
2022-09-30,Galveston,TX,Passenger,0.0,1.0,1.0,17.0,18.0,5.56,2022,9,24273,92,8,1.0,1.0,1.0,1.0,0.0,0.0,9.0,1.0000000000000002
2022-10-31,Galveston,TX,Passenger,0.0,1.0,1.0,17.0,18.0,5.56,2022,10,24274,92,9,1.0,1.0,1.0,1.0,0.0,0.0,10.0,1.0000000000000002
2022-11-30,Galveston,TX,Passenger,0.0,1.0,1.0,17.0,18.0,5.56,2022,11,24275,92,10,1.0,1.0,1.0,1.0,0.0,0.0,11.0,1.0
2022-12-31,Galveston,TX,Passenger,0.0,1.0,1.0,17.0,18.0,5.56,2022,12,24276,92,11,1.0,1.0,1.0,1.0,0.0,0.0,12.0,1.0000000000000002
2023-01-31,Galveston,TX,Passenger,0.0,1.0,1.0,17.0,18.0,5.56,2023,1,24277,92,12,1.0,1.0,1.0,1.0,0.0,0.0,13.0,1.0000000000000002
2023-02-28,Galveston,TX,Passenger,0.0,1.0,1.0,18.0,19.0,5.26,2023,2,24278,92,13,1.0,1.0,1.0,1.0,0.0,0.0,14.0,1.0000000000000009
2023-03-31,Galveston,TX,Passenger,0.0,1.0,1.0,17.0,18.0,5.56,2023,3,24279,92,14,1.0,1.0,1.0,1.0,0.0,0.0,15.0,1.0000000000000007
2023-04-30,Galveston,TX,Passenger,0.0,1.0,1.0,16.0,17.0,5.88,2023,4,24280,92,15,1.0,1.0,1.0,1.0,0.0,0.0,16.0,1.0000000000000009
2023-05-31,Galveston,TX,Passenger,0.0,1.0,1.0,16.0,17.0,5.88,2023,5,24281,92,16,1.0,1.0,1.0,1.0,0.0,0.0,17.0,1.0
2023-06-30,Galveston,TX,Passenger,0.0,1.0,1.0,14.0,15.0,6.67,2023,6,24282,92,17,1.0,1.0,1.0,1.0,0.0,0.0,18.0,1.0000000000000002
2023-07-31,Galveston,TX,Passenger,0.0,1.0,1.0,14.0,15.0,6.67,2023,7,24283,92,18,1.0,1.0,1.0,1.0,0.0,0.0,19.0,1.000000000000002
2023-08-31,Galveston,TX,Passenger,0.0,1.0,1.0,13.0,14.0,6.9025,2023,8,24284,92,19,1.0,1.0,1.0,1.0,0.0,0.0,20.0,0.9999999999999998
2023-09-30,Galveston,TX,Passenger,0.0,1.0,1.0,13.0,14.0,6.9025,2023,9,24285,92,20,1.0,1.0,1.0,1.0,0.0,0.0,21.0,1.000000000000001
2023-10-31,Galveston,TX,Passenger,0.0,1.0,1.0,13.0,14.0,6.9025,2023,10,24286,92,21,1.0,1.0,1.0,1.0,0.0,0.0,22.0,1.0000000000000013
2023-11-30,Galveston,TX,Passenger,0.0,1.0,1.0,13.0,14.0,6.9025,2023,11,24287,92,22,1.0,1.0,1.0,1.0,0.0,0.0,23.0,1.0000000000000013
2023-12-31,Galveston,TX,Passenger,0.0,1.0,1.0,13.0,14.0,6.9025,2023,12,24288,92,23,1.0,1.0,1.0,1.0,0.0,0.0,24.0,1.0000000000000004
2024-01-31,Galveston,TX,Passenger,0.0,1.0,1.0,12.0,13.0,6.9025,2024,1,24289,92,24,1.0,1.0,1.0,1.0,0.0,0.0,25.0,1.0000000000000013
2024-02-29,Galveston,TX,Passenger,0.0,1.0,1.0,12.0,13.0,6.9025,2024,2,24290,92,25,1.0,1.0,1.0,1.0,0.0,0.0,26.0,1.0000000000000013
2017-03-31,Garfield,WA,Truck,0.0,0.0,0.0,939.0,939.0,0.0,2017,3,24207,93,5,0.0,0.0,0.0,0.0,0.0,0.0,0.0,0.0
2017-04-30,Garfield,WA,Truck,0.0,0.0,0.0,937.0,937.0,0.0,2017,4,24208,93,6,0.0,0.0,0.0,0.0,0.0,0.0,0.0,0.0
2017-05-31,Garfield,WA,Truck,0.0,0.0,0.0,931.0,931.0,0.0,2017,5,24209,93,9,0.0,0.0,0.0,0.0,0.0,0.0,0.0,0.0
2017-06-30,Garfield,WA,Truck,0.0,0.0,0.0,939.0,939.0,0.0,2017,6,24210,93,10,0.0,0.0,0.0,0.0,0.0,0.0,0.0,0.0
2017-07-31,Garfield,WA,Truck,0.0,0.0,0.0,925.0,925.0,0.0,2017,7,24211,93,13,0.0,0.0,0.0,0.0,0.0,0.0,0.0,0.0
2017-08-31,Garfield,WA,Truck,0.0,0.0,0.0,931.0,931.0,0.0,2017,8,24212,93,14,0.0,0.0,0.0,0.0,0.0,0.0,0.0,0.0
2017-09-30,Garfield,WA,Truck,0.0,0.0,0.0,939.0,939.0,0.0,2017,9,24213,93,16,1.0,0.0,0.0,0.3333333333333333,-1.0,0.0,1.0,0.22857142857142848
2017-10-31,Garfield,WA,Truck,0.0,0.0,0.0,942.0,942.0,0.0,2017,10,24214,93,18,1.0,0.0,1.0,0.6666666666666666,-1.0,-1.0,2.0,0.457142857142857
2017-11-30,Garfield,WA,Truck,0.0,0.0,0.0,936.0,936.0,0.0,2017,11,24215,93,20,1.0,0.0,1.0,0.6666666666666666,-1.0,-1.0,3.0,0.457142857142857
2017-12-31,Garfield,WA,Truck,0.0,0.0,0.0,942.0,942.0,0.0,2017,12,24216,93,23,1.0,1.0,0.0,0.6666666666666666,-1.0,0.0,5.0,0.6285714285714283
2018-01-31,Garfield,WA,Truck,0.0,0.0,0.0,944.0,944.0,0.0,2018,1,24217,93,25,1.0,0.0,1.0,0.6666666666666666,-1.0,-1.0,6.0,0.6000000000000002
2018-02-28,Garfield,OK,Passenger,1.0,0.0,1.0,21.0,22.0,4.55,2018,2,24218,93,26,0.0,1.0,0.0,0.3333333333333333,0.0,0.0,7.0,0.542857142857143
2018-02-28,Garfield,WA,Truck,0.0,0.0,0.0,941.0,941.0,0.0,2018,2,24218,93,27,1.0,0.0,1.0,0.6666666666666666,-1.0,-1.0,7.0,0.4571428571428573
2018-03-31,Garfield,OK,Passenger,1.0,0.0,1.0,21.0,22.0,4.55,2018,3,24219,93,29,1.0,0.0,1.0,0.6666666666666666,0.0,0.0,9.0,0.6000000000000001
2018-03-31,Garfield,WA,Truck,0.0,0.0,0.0,951.0,951.0,0.0,2018,3,24219,93,30,1.0,1.0,0.0,0.6666666666666666,-1.0,0.0,9.0,0.6285714285714292
2018-04-30,Garfield,WA,Truck,0.0,0.0,0.0,949.0,949.0,0.0,2018,4,24220,93,32,1.0,0.0,1.0,0.6666666666666666,-1.0,-1.0,10.0,0.600000000000001
2018-04-30,Garfield,OK,Passenger,1.0,0.0,1.0,19.0,20.0,5.0,2018,4,24220,93,34,1.0,0.0,1.0,0.6666666666666666,0.0,0.0,12.0,0.6000000000000003
2018-05-31,Garfield,OK,Passenger,1.0,0.0,1.0,19.0,20.0,5.0,2018,5,24221,93,36,2.0,1.0,1.0,1.3333333333333333,-0.5,0.0,15.0,1.085714285714286
2018-05-31,Garfield,WA,Truck,0.0,0.0,0.0,955.0,955.0,0.0,2018,5,24221,93,37,1.0,2.0,1.0,1.3333333333333333,-1.0,-1.0,15.0,1.1142857142857152
2018-06-30,Garfield,WA,Truck,0.0,0.0,0.0,949.0,949.0,0.0,2018,6,24222,93,38,0.0,1.0,2.0,1.0,0.0,-1.0,15.0,0.8571428571428579
2018-06-30,Garfield,OK,Passenger,1.0,0.0,1.0,18.0,19.0,5.26,2018,6,24222,93,40,2.0,0.0,0.0,0.6666666666666666,-0.5,0.0,18.0,0.7428571428571432
2018-07-31,Garfield,OK,Passenger,1.0,0.0,1.0,17.0,18.0,5.56,2018,7,24223,93,42,2.0,1.0,2.0,1.6666666666666667,-0.5,-0.5,21.0,1.3142857142857152
2018-07-31,Garfield,WA,Truck,0.0,0.0,0.0,955.0,955.0,0.0,2018,7,24223,93,43,1.0,2.0,1.0,1.3333333333333333,-1.0,-1.0,21.0,1.2571428571428576
2018-08-31,Garfield,OK,Passenger,1.0,0.0,1.0,17.0,18.0,5.56,2018,8,24224,93,44,0.0,1.0,2.0,1.0,0.0,-0.5,22.0,1.0000000000000013
2018-08-31,Garfield,WA,Truck,0.0,0.0,0.0,955.0,955.0,0.0,2018,8,24224,93,46,2.0,1.0,0.0,1.0,-1.0,0.0,24.0,0.8571428571428583
2018-09-30,Garfield,OK,Passenger,1.0,0.0,1.0,16.0,17.0,5.88,2018,9,24225,93,47,0.0,2.0,1.0,1.0,0.0,0.0,25.0,0.8857142857142861
2018-09-30,Garfield,WA,Truck,0.0,0.0,0.0,965.0,965.0,0.0,2018,9,24225,93,49,2.0,1.0,0.0,1.0,-1.0,0.0,27.0,1.0000000000000004
2018-10-31,Garfield,OK,Passenger,1.0,0.0,1.0,15.0,16.0,6.25,2018,10,24226,93,51,2.0,0.0,2.0,1.3333333333333333,-0.5,-0.5,30.0,1.200000000000003
2018-10-31,Garfield,WA,Truck,0.0,0.0,0.0,959.0,959.0,0.0,2018,10,24226,93,52,1.0,2.0,0.0,1.0,-1.0,0.0,30.0,1.0285714285714302
2018-11-30,Garfield,OK,Passenger,1.0,0.0,1.0,14.0,15.0,6.67,2018,11,24227,93,53,0.0,1.0,2.0,1.0,0.0,-0.5,31.0,0.8571428571428588
2018-11-30,Garfield,WA,Truck,0.0,0.0,0.0,963.0,963.0,0.0,2018,11,24227,93,55,2.0,1.0,0.0,1.0,-1.0,0.0,33.0,0.8571428571428579
2018-12-31,Garfield,OK,Passenger,1.0,0.0,1.0,14.0,15.0,6.67,2018,12,24228,93,56,0.0,2.0,1.0,1.0,0.0,0.0,34.0,0.8857142857142889
2018-12-31,Garfield,WA,Truck,0.0,0.0,0.0,964.0,964.0,0.0,2018,12,24228,93,57,1.0,0.0,2.0,1.0,-1.0,-1.0,34.0,0.8285714285714325
2019-01-31,Garfield,WA,Truck,0.0,0.0,0.0,961.0,961.0,0.0,2019,1,24229,93,59,2.0,0.0,1.0,1.0,-1.0,-1.0,36.0,0.6857142857142874
2019-01-31,Garfield,OK,Passenger,1.0,0.0,1.0,14.0,15.0,6.67,2019,1,24229,93,60,0.0,2.0,0.0,0.6666666666666666,0.0,0.0,37.0,0.8000000000000043
2019-02-28,Garfield,WA,Truck,0.0,0.0,0.0,960.0,960.0,0.0,2019,2,24230,93,63,2.0,2.0,1.0,1.6666666666666667,-1.0,-1.0,41.0,1.2000000000000035
2019-03-31,Garfield,WA,Truck,0.0,0.0,0.0,953.0,953.0,0.0,2019,3,24231,93,65,2.0,0.0,2.0,1.3333333333333333,-1.0,-1.0,43.0,1.2000000000000015
2019-04-30,Garfield,WA,Truck,0.0,0.0,0.0,957.0,957.0,0.0,2019,4,24232,93,67,2.0,0.0,2.0,1.3333333333333333,-1.0,-1.0,45.0,0.9142857142857171
2019-05-31,Garfield,WA,Truck,0.0,0.0,0.0,953.0,953.0,0.0,2019,5,24233,93,69,2.0,0.0,2.0,1.3333333333333333,-1.0,-1.0,47.0,0.9142857142857181
2019-06-30,Garfield,WA,Truck,0.0,0.0,0.0,962.0,962.0,0.0,2019,6,24234,93,70,0.0,2.0,0.0,0.6666666666666666,0.0,0.0,47.0,0.8000000000000033
2019-07-31,Garfield,WA,Truck,0.0,0.0,0.0,959.0,959.0,0.0,2019,7,24235,93,72,2.0,0.0,0.0,0.6666666666666666,-1.0,0.0,49.0,0.7428571428571449
2019-08-31,Garfield,WA,Truck,0.0,0.0,0.0,957.0,957.0,0.0,2019,8,24236,93,75,1.0,2.0,0.0,1.0,-1.0,0.0,52.0,1.028571428571432
2019-09-30,Garfield,WA,Truck,0.0,0.0,0.0,968.0,968.0,0.0,2019,9,24237,93,76,0.0,1.0,2.0,1.0,0.0,-1.0,52.0,0.7142857142857137
2019-10-31,Garfield,WA,Truck,0.0,0.0,0.0,961.0,961.0,0.0,2019,10,24238,93,78,1.0,0.0,0.0,0.3333333333333333,-1.0,0.0,53.0,0.3714285714285748
2019-11-30,Garfield,WA,Truck,0.0,0.0,0.0,963.0,963.0,0.0,2019,11,24239,93,80,1.0,0.0,1.0,0.6666666666666666,-1.0,-1.0,54.0,0.4571428571428567
2019-12-31,Garfield,WA,Truck,0.0,0.0,0.0,967.0,967.0,0.0,2019,12,24240,93,82,1.0,0.0,1.0,0.6666666666666666,-1.0,-1.0,55.0,0.45714285714285957
2020-01-31,Garfield,WA,Truck,0.0,0.0,0.0,967.0,967.0,0.0,2020,1,24241,93,85,1.0,1.0,0.0,0.6666666666666666,-1.0,0.0,57.0,0.6285714285714348
2020-02-29,Garfield,WA,Truck,0.0,0.0,0.0,963.0,963.0,0.0,2020,2,24242,93,86,0.0,1.0,1.0,0.6666666666666666,0.0,-1.0,57.0,0.4857142857142926
2020-03-31,Garfield,WA,Truck,0.0,0.0,0.0,974.0,974.0,0.0,2020,3,24243,93,89,1.0,1.0,0.0,0.6666666666666666,-1.0,0.0,59.0,0.4857142857142868
2020-04-30,Garfield,WA,Truck,0.0,0.0,0.0,966.0,966.0,0.0,2020,4,24244,93,91,1.0,0.0,1.0,0.6666666666666666,-1.0,-1.0,60.0,0.6000000000000036
2020-05-31,Garfield,WA,Truck,0.0,0.0,0.0,965.0,965.0,0.0,2020,5,24245,93,93,1.0,0.0,1.0,0.6666666666666666,-1.0,-1.0,61.0,0.45714285714285957
2020-06-30,Garfield,WA,Truck,0.0,0.0,0.0,972.0,972.0,0.0,2020,6,24246,93,94,0.0,1.0,0.0,0.3333333333333333,0.0,0.0,61.0,0.40000000000000113
2020-07-31,Garfield,WA,Truck,0.0,0.0,0.0,986.0,986.0,0.0,2020,7,24247,93,97,1.0,1.0,0.0,0.6666666666666666,-1.0,0.0,63.0,0.4857142857142926
2020-08-31,Garfield,WA,Truck,0.0,0.0,0.0,992.0,992.0,0.0,2020,8,24248,93,98,0.0,1.0,1.0,0.6666666666666666,0.0,-1.0,63.0,0.4857142857142868
2020-09-30,Garfield,WA,Truck,0.0,0.0,0.0,985.0,985.0,0.0,2020,9,24249,93,100,1.0,0.0,0.0,0.3333333333333333,-1.0,0.0,64.0,0.3714285714285777
2020-10-31,Garfield,WA,Truck,0.0,0.0,0.0,989.0,989.0,0.0,2020,10,24250,93,102,1.0,0.0,1.0,0.6666666666666666,-1.0,-1.0,65.0,0.4571428571428653
2020-11-30,Garfield,WA,Truck,0.0,0.0,0.0,995.0,995.0,0.0,2020,11,24251,93,104,1.0,0.0,1.0,0.6666666666666666,-1.0,-1.0,66.0,0.45714285714285957
2020-12-31,Garfield,WA,Truck,0.0,0.0,0.0,994.0,994.0,0.0,2020,12,24252,93,107,2.0,1.0,0.0,1.0,-1.0,0.0,69.0,0.8571428571428645
2021-05-31,Garfield,WA,Truck,0.0,0.0,0.0,997.0,997.0,0.0,2021,5,24257,93,116,0.0,2.0,2.0,1.3333333333333333,0.0,-1.0,77.0,0.9714285714285794
2021-06-30,Garfield,WA,Truck,0.0,0.0,0.0,997.0,997.0,0.0,2021,6,24258,93,118,2.0,0.0,0.0,0.6666666666666666,-1.0,0.0,79.0,0.7428571428571515
2021-09-30,Garfield,WA,Truck,0.0,0.0,0.0,997.0,997.0,0.0,2021,9,24261,93,125,3.0,0.0,3.0,2.0,-1.0,-1.0,91.0,1.3714285714285805
2021-10-31,Garfield,WA,Truck,0.0,0.0,0.0,998.0,998.0,0.0,2021,10,24262,93,127,3.0,0.0,3.0,2.0,-1.0,-1.0,94.0,1.371428571428571
2021-11-30,Garfield,WA,Truck,0.0,0.0,0.0,994.0,994.0,0.0,2021,11,24263,93,129,3.0,0.0,3.0,2.0,-1.0,-1.0,97.0,1.3714285714285805
2022-01-31,Garfield,WA,Truck,0.0,0.0,0.0,994.0,994.0,0.0,2022,1,24265,93,132,3.0,0.0,0.0,1.0,-1.0,0.0,100.0,1.1142857142857197
2022-02-28,Garfield,WA,Truck,0.0,0.0,0.0,997.0,997.0,0.0,2022,2,24266,93,135,3.0,3.0,0.0,2.0,-1.0,0.0,106.0,1.885714285714289
2022-03-31,Garfield,WA,Truck,0.0,0.0,0.0,998.0,998.0,0.0,2022,3,24267,93,137,3.0,0.0,3.0,2.0,-1.0,-1.0,109.0,1.8000000000000071
2022-04-30,Garfield,WA,Truck,0.0,0.0,0.0,989.0,989.0,0.0,2022,4,24268,93,138,0.0,3.0,0.0,1.0,0.0,0.0,109.0,1.2000000000000073
2022-05-31,Garfield,WA,Truck,0.0,0.0,0.0,979.0,979.0,0.0,2022,5,24269,93,141,3.0,3.0,0.0,2.0,-1.0,0.0,115.0,1.4571428571428624
2022-06-30,Garfield,WA,Truck,0.0,0.0,0.0,982.0,982.0,0.0,2022,6,24270,93,142,0.0,3.0,3.0,2.0,0.0,-1.0,115.0,1.4571428571428682
2022-07-31,Garfield,WA,Truck,0.0,0.0,0.0,974.0,974.0,0.0,2022,7,24271,93,145,4.0,3.0,0.0,2.3333333333333335,-1.0,0.0,122.0,1.6857142857142942
2022-08-31,Garfield,WA,Truck,0.0,0.0,0.0,974.0,974.0,0.0,2022,8,24272,93,147,4.0,0.0,4.0,2.6666666666666665,-1.0,-1.0,126.0,2.2571428571428664
2022-09-30,Garfield,WA,Truck,0.0,0.0,0.0,968.0,968.0,0.0,2022,9,24273,93,149,4.0,0.0,4.0,2.6666666666666665,-1.0,-1.0,130.0,1.828571428571442
2022-10-31,Garfield,WA,Truck,0.0,0.0,0.0,975.0,975.0,0.0,2022,10,24274,93,151,4.0,0.0,4.0,2.6666666666666665,-1.0,-1.0,134.0,1.8285714285714383
2022-11-30,Garfield,WA,Truck,0.0,0.0,0.0,978.0,978.0,0.0,2022,11,24275,93,153,4.0,0.0,4.0,2.6666666666666665,-1.0,-1.0,138.0,1.8285714285714383
2022-12-31,Garfield,WA,Truck,0.0,0.0,0.0,973.0,973.0,0.0,2022,12,24276,93,155,4.0,0.0,4.0,2.6666666666666665,-1.0,-1.0,142.0,1.828571428571442
2023-01-31,Garfield,WA,Truck,0.0,0.0,0.0,972.0,972.0,0.0,2023,1,24277,93,157,4.0,0.0,4.0,2.6666666666666665,-1.0,-1.0,146.0,1.8285714285714496
2023-02-28,Garfield,WA,Truck,0.0,0.0,0.0,978.0,978.0,0.0,2023,2,24278,93,159,4.0,0.0,4.0,2.6666666666666665,-1.0,-1.0,150.0,1.8285714285714458
2023-03-31,Garfield,WA,Truck,0.0,0.0,0.0,976.0,976.0,0.0,2023,3,24279,93,161,4.0,0.0,4.0,2.6666666666666665,-1.0,-1.0,154.0,1.8285714285714383
2023-04-30,Garfield,WA,Truck,0.0,0.0,0.0,979.0,979.0,0.0,2023,4,24280,93,162,0.0,4.0,0.0,1.3333333333333333,0.0,0.0,154.0,1.6000000000000085
2023-05-31,Garfield,WA,Truck,0.0,0.0,0.0,977.0,977.0,0.0,2023,5,24281,93,165,4.0,4.0,0.0,2.6666666666666665,-1.0,0.0,162.0,1.9428571428571588
2023-06-30,Garfield,WA,Truck,0.0,0.0,0.0,974.0,974.0,0.0,2023,6,24282,93,167,4.0,0.0,4.0,2.6666666666666665,-1.0,-1.0,166.0,2.4000000000000106
2023-07-31,Garfield,WA,Truck,0.0,0.0,0.0,978.0,978.0,0.0,2023,7,24283,93,168,0.0,4.0,0.0,1.3333333333333333,0.0,0.0,166.0,1.6000000000000085
2023-08-31,Garfield,WA,Truck,0.0,0.0,0.0,964.0,964.0,0.0,2023,8,24284,93,170,3.0,0.0,0.0,1.0,-1.0,0.0,169.0,1.2571428571428618
2023-09-30,Garfield,WA,Truck,0.0,0.0,0.0,973.0,973.0,0.0,2023,9,24285,93,172,3.0,0.0,3.0,2.0,-1.0,-1.0,172.0,1.3714285714285748
2023-09-30,Garfield,OK,Passenger,1.0,0.0,1.0,13.0,14.0,6.9025,2023,9,24285,93,173,0.0,3.0,0.0,1.0,0.0,0.0,173.0,1.3428571428571514
2023-10-31,Garfield,OK,Passenger,1.0,0.0,1.0,13.0,14.0,6.9025,2023,10,24286,93,175,3.0,1.0,0.0,1.3333333333333333,-0.6666666666666667,0.0,177.0,1.514285714285719
2023-10-31,Garfield,WA,Truck,0.0,0.0,0.0,972.0,972.0,0.0,2023,10,24286,93,176,1.0,3.0,1.0,1.6666666666666667,-1.0,-1.0,177.0,1.2285714285714384
2023-11-30,Garfield,WA,Truck,0.0,0.0,0.0,967.0,967.0,0.0,2023,11,24287,93,178,4.0,0.0,1.0,1.6666666666666667,-1.0,-1.0,181.0,1.5714285714285927
2023-11-30,Garfield,OK,Passenger,1.0,0.0,1.0,13.0,14.0,6.9025,2023,11,24287,93,179,0.0,4.0,0.0,1.3333333333333333,0.0,0.0,182.0,1.3142857142857203
2023-12-31,Garfield,OK,Passenger,1.0,0.0,1.0,13.0,14.0,6.9025,2023,12,24288,93,181,3.0,1.0,0.0,1.3333333333333333,-0.6666666666666667,0.0,186.0,1.6571428571428821
2023-12-31,Garfield,WA,Truck,0.0,0.0,0.0,964.0,964.0,0.0,2023,12,24288,93,182,1.0,3.0,1.0,1.6666666666666667,-1.0,-1.0,186.0,1.228571428571446
2024-01-31,Garfield,WA,Truck,0.0,0.0,0.0,954.0,954.0,0.0,2024,1,24289,93,185,3.0,3.0,0.0,2.0,-1.0,0.0,192.0,1.6000000000000085
2024-01-31,Garfield,OK,Passenger,1.0,0.0,1.0,13.0,14.0,6.9025,2024,1,24289,93,186,0.0,3.0,3.0,2.0,0.0,-0.6666666666666667,193.0,1.6000000000000238
2024-02-29,Garfield,WA,Truck,0.0,0.0,0.0,943.0,943.0,0.0,2024,2,24290,93,187,1.0,0.0,3.0,1.3333333333333333,-1.0,-1.0,193.0,1.3428571428571667
2024-02-29,Garfield,OK,Passenger,1.0,0.0,1.0,14.0,15.0,6.67,2024,2,24290,93,188,0.0,1.0,0.0,0.3333333333333333,0.0,0.0,194.0,0.828571428571445
2022-01-31,Geary,KS,Passenger,1.0,0.0,1.0,94.0,95.0,1.05,2022,1,24265,94,5,1.0,1.0,1.0,1.0,0.0,0.0,6.0,0.9999999999999998
2022-02-28,Geary,KS,Passenger,1.0,0.0,1.0,92.0,93.0,1.08,2022,2,24266,94,6,1.0,1.0,1.0,1.0,0.0,0.0,7.0,0.9999999999999998
2022-03-31,Geary,KS,Passenger,1.0,0.0,1.0,91.0,92.0,1.09,2022,3,24267,94,7,1.0,1.0,1.0,1.0,0.0,0.0,8.0,0.9999999999999999
2022-04-30,Geary,KS,Passenger,1.0,0.0,1.0,89.0,90.0,1.11,2022,4,24268,94,8,1.0,1.0,1.0,1.0,0.0,0.0,9.0,1.0000000000000002
2022-05-31,Geary,KS,Passenger,1.0,0.0,1.0,85.0,86.0,1.16,2022,5,24269,94,9,1.0,1.0,1.0,1.0,0.0,0.0,10.0,1.0000000000000002
2022-06-30,Geary,KS,Passenger,1.0,0.0,1.0,86.0,87.0,1.15,2022,6,24270,94,10,1.0,1.0,1.0,1.0,0.0,0.0,11.0,1.0
2022-07-31,Geary,KS,Passenger,1.0,0.0,1.0,86.0,87.0,1.15,2022,7,24271,94,11,1.0,1.0,1.0,1.0,0.0,0.0,12.0,1.0000000000000002
2022-08-31,Geary,KS,Passenger,1.0,0.0,1.0,82.0,83.0,1.2,2022,8,24272,94,12,1.0,1.0,1.0,1.0,0.0,0.0,13.0,1.0000000000000002
2022-09-30,Geary,KS,Passenger,1.0,0.0,1.0,81.0,82.0,1.22,2022,9,24273,94,13,1.0,1.0,1.0,1.0,0.0,0.0,14.0,1.0000000000000009
2022-10-31,Geary,KS,Passenger,1.0,0.0,1.0,79.0,80.0,1.25,2022,10,24274,94,14,1.0,1.0,1.0,1.0,0.0,0.0,15.0,1.0000000000000007
2022-11-30,Geary,KS,Passenger,1.0,0.0,1.0,79.0,80.0,1.25,2022,11,24275,94,15,1.0,1.0,1.0,1.0,0.0,0.0,16.0,1.0000000000000009
2022-12-31,Geary,KS,Passenger,1.0,0.0,1.0,77.0,78.0,1.28,2022,12,24276,94,16,1.0,1.0,1.0,1.0,0.0,0.0,17.0,1.0
2023-01-31,Geary,KS,Passenger,1.0,0.0,1.0,76.0,77.0,1.3,2023,1,24277,94,17,1.0,1.0,1.0,1.0,0.0,0.0,18.0,1.0000000000000002
2023-02-28,Geary,KS,Passenger,1.0,0.0,1.0,74.0,75.0,1.33,2023,2,24278,94,18,1.0,1.0,1.0,1.0,0.0,0.0,19.0,1.000000000000002
2023-03-31,Geary,KS,Passenger,1.0,0.0,1.0,73.0,74.0,1.35,2023,3,24279,94,19,1.0,1.0,1.0,1.0,0.0,0.0,20.0,0.9999999999999998
2023-04-30,Geary,KS,Passenger,1.0,0.0,1.0,72.0,73.0,1.37,2023,4,24280,94,20,1.0,1.0,1.0,1.0,0.0,0.0,21.0,1.000000000000001
2023-05-31,Geary,KS,Passenger,1.0,0.0,1.0,70.0,71.0,1.41,2023,5,24281,94,21,1.0,1.0,1.0,1.0,0.0,0.0,22.0,1.0000000000000013
2023-06-30,Geary,KS,Passenger,1.0,0.0,1.0,69.0,70.0,1.43,2023,6,24282,94,22,1.0,1.0,1.0,1.0,0.0,0.0,23.0,1.0000000000000013
2019-04-30,Goochland,VA,Passenger,1.0,1.0,2.0,255.0,257.0,0.78,2019,4,24232,95,5,2.0,2.0,1.0,1.6666666666666667,0.0,1.0,9.0,1.6285714285714281
2019-05-31,Goochland,VA,Passenger,1.0,1.0,2.0,261.0,263.0,0.76,2019,5,24233,95,6,2.0,2.0,2.0,2.0,0.0,0.0,11.0,1.8571428571428565
2019-06-30,Goochland,VA,Passenger,1.0,1.0,2.0,261.0,263.0,0.76,2019,6,24234,95,7,2.0,2.0,2.0,2.0,0.0,0.0,13.0,2.0
2019-07-31,Goochland,VA,Passenger,1.0,1.0,2.0,263.0,265.0,0.75,2019,7,24235,95,8,2.0,2.0,2.0,2.0,0.0,0.0,15.0,1.9999999999999998
2019-08-31,Goochland,VA,Passenger,1.0,1.0,2.0,263.0,265.0,0.75,2019,8,24236,95,9,2.0,2.0,2.0,2.0,0.0,0.0,17.0,2.0
2019-09-30,Goochland,VA,Passenger,2.0,1.0,3.0,269.0,272.0,1.1,2019,9,24237,95,10,2.0,2.0,2.0,2.0,0.5,0.5,20.0,2.142857142857143
2019-10-31,Goochland,VA,Passenger,3.0,1.0,4.0,274.0,278.0,1.44,2019,10,24238,95,11,3.0,2.0,2.0,2.3333333333333335,0.33333333333333326,1.0,24.0,2.514285714285715
2019-11-30,Goochland,VA,Passenger,3.0,1.0,4.0,271.0,275.0,1.45,2019,11,24239,95,12,4.0,3.0,2.0,3.0,0.0,1.0,28.0,2.9999999999999996
2019-12-31,Goochland,VA,Passenger,2.0,1.0,3.0,270.0,273.0,1.1,2019,12,24240,95,13,4.0,4.0,3.0,3.6666666666666665,-0.25,0.0,31.0,3.3428571428571434
2020-01-31,Goochland,VA,Passenger,2.0,1.0,3.0,271.0,274.0,1.09,2020,1,24241,95,14,3.0,4.0,4.0,3.6666666666666665,0.0,-0.25,34.0,3.485714285714287
2020-02-29,Goochland,VA,Passenger,2.0,1.0,3.0,270.0,273.0,1.1,2020,2,24242,95,15,3.0,3.0,4.0,3.3333333333333335,0.0,-0.25,37.0,3.3714285714285723
2020-03-31,Goochland,VA,Passenger,2.0,1.0,3.0,269.0,272.0,1.1,2020,3,24243,95,16,3.0,3.0,3.0,3.0,0.0,0.0,40.0,3.142857142857142
2020-04-30,Goochland,VA,Passenger,2.0,1.0,3.0,267.0,270.0,1.11,2020,4,24244,95,17,3.0,3.0,3.0,3.0,0.0,0.0,43.0,3.0
2020-05-31,Goochland,VA,Passenger,2.0,1.0,3.0,267.0,270.0,1.11,2020,5,24245,95,18,3.0,3.0,3.0,3.0,0.0,0.0,46.0,3.000000000000002
2020-06-30,Goochland,VA,Passenger,2.0,1.0,3.0,265.0,268.0,1.12,2020,6,24246,95,19,3.0,3.0,3.0,3.0,0.0,0.0,49.0,3.0000000000000018
2020-07-31,Goochland,VA,Passenger,3.0,1.0,4.0,264.0,268.0,1.49,2020,7,24247,95,20,3.0,3.0,3.0,3.0,0.33333333333333326,0.33333333333333326,53.0,3.142857142857145
2020-08-31,Goochland,VA,Passenger,3.0,2.0,5.0,259.0,264.0,1.89,2020,8,24248,95,21,4.0,3.0,3.0,3.3333333333333335,0.25,0.6666666666666667,58.0,3.5142857142857142
2020-09-30,Goochland,VA,Passenger,3.0,2.0,5.0,256.0,261.0,1.92,2020,9,24249,95,22,5.0,4.0,3.0,4.0,0.0,0.6666666666666667,63.0,4.0
2020-10-31,Goochland,VA,Passenger,3.0,2.0,5.0,256.0,261.0,1.92,2020,10,24250,95,23,5.0,5.0,4.0,4.666666666666667,0.0,0.25,68.0,4.485714285714287
2020-11-30,Goochland,VA,Passenger,4.0,2.0,6.0,253.0,259.0,2.32,2020,11,24251,95,24,5.0,5.0,5.0,5.0,0.19999999999999996,0.19999999999999996,74.0,5.000000000000001
2020-12-31,Goochland,VA,Passenger,4.0,3.0,7.0,255.0,262.0,2.67,2020,12,24252,95,25,6.0,5.0,5.0,5.333333333333333,0.16666666666666674,0.3999999999999999,81.0,5.51428571428572
2021-01-31,Goochland,VA,Passenger,4.0,3.0,7.0,250.0,257.0,2.72,2021,1,24253,95,26,7.0,6.0,5.0,6.0,0.0,0.3999999999999999,88.0,6.000000000000004
2021-02-28,Goochland,VA,Passenger,4.0,3.0,7.0,247.0,254.0,2.76,2021,2,24254,95,27,7.0,7.0,6.0,6.666666666666667,0.0,0.16666666666666674,95.0,6.485714285714287
2021-03-31,Goochland,VA,Passenger,4.0,3.0,7.0,247.0,254.0,2.76,2021,3,24255,95,28,7.0,7.0,7.0,7.0,0.0,0.0,102.0,6.8571428571428585
2021-04-30,Goochland,VA,Passenger,4.0,2.0,6.0,243.0,249.0,2.41,2021,4,24256,95,29,7.0,7.0,7.0,7.0,-0.1428571428571429,-0.1428571428571429,108.0,6.857142857142857
2021-05-31,Goochland,VA,Passenger,4.0,2.0,6.0,239.0,245.0,2.45,2021,5,24257,95,30,6.0,7.0,7.0,6.666666666666667,0.0,-0.1428571428571429,114.0,6.628571428571429
2021-06-30,Goochland,VA,Passenger,4.0,2.0,6.0,231.0,237.0,2.53,2021,6,24258,95,31,6.0,6.0,7.0,6.333333333333333,0.0,-0.1428571428571429,120.0,6.371428571428575
2021-07-31,Goochland,VA,Passenger,4.0,2.0,6.0,228.0,234.0,2.56,2021,7,24259,95,32,6.0,6.0,6.0,6.0,0.0,0.0,126.0,6.142857142857152
2021-08-31,Goochland,VA,Passenger,4.0,2.0,6.0,224.0,230.0,2.61,2021,8,24260,95,33,6.0,6.0,6.0,6.0,0.0,0.0,132.0,6.000000000000005
2021-09-30,Goochland,VA,Passenger,3.0,2.0,5.0,217.0,222.0,2.25,2021,9,24261,95,34,6.0,6.0,6.0,6.0,-0.16666666666666663,-0.16666666666666663,137.0,5.857142857142873
2021-10-31,Goochland,VA,Passenger,3.0,2.0,5.0,210.0,215.0,2.33,2021,10,24262,95,35,5.0,6.0,6.0,5.666666666666667,0.0,-0.16666666666666663,142.0,5.628571428571433
2021-11-30,Goochland,VA,Passenger,3.0,2.0,5.0,200.0,205.0,2.44,2021,11,24263,95,36,5.0,5.0,6.0,5.333333333333333,0.0,-0.16666666666666663,147.0,5.371428571428579
2021-12-31,Goochland,VA,Passenger,3.0,2.0,5.0,192.0,197.0,2.54,2021,12,24264,95,37,5.0,5.0,5.0,5.0,0.0,0.0,152.0,5.142857142857149
2022-01-31,Goochland,VA,Passenger,3.0,2.0,5.0,184.0,189.0,2.65,2022,1,24265,95,38,5.0,5.0,5.0,5.0,0.0,0.0,157.0,5.000000000000004
2022-02-28,Goochland,VA,Passenger,4.0,2.0,6.0,180.0,186.0,3.23,2022,2,24266,95,39,5.0,5.0,5.0,5.0,0.19999999999999996,0.19999999999999996,163.0,5.142857142857157
2022-03-31,Goochland,VA,Passenger,4.0,2.0,6.0,165.0,171.0,3.51,2022,3,24267,95,40,6.0,5.0,5.0,5.333333333333333,0.0,0.19999999999999996,169.0,5.371428571428571
2022-04-30,Goochland,VA,Passenger,4.0,2.0,6.0,152.0,158.0,3.8,2022,4,24268,95,41,6.0,6.0,5.0,5.666666666666667,0.0,0.19999999999999996,175.0,5.628571428571436
2022-05-31,Goochland,VA,Passenger,4.0,2.0,6.0,145.0,151.0,3.97,2022,5,24269,95,42,6.0,6.0,6.0,6.0,0.0,0.0,181.0,5.857142857142869
2022-06-30,Goochland,VA,Passenger,3.0,3.0,6.0,129.0,135.0,4.44,2022,6,24270,95,43,6.0,6.0,6.0,6.0,0.0,0.0,187.0,6.00000000000001
2022-07-31,Goochland,VA,Passenger,3.0,2.0,5.0,123.0,128.0,3.91,2022,7,24271,95,44,6.0,6.0,6.0,6.0,-0.16666666666666663,-0.16666666666666663,192.0,5.857142857142866
2022-08-31,Goochland,VA,Passenger,2.0,2.0,4.0,110.0,114.0,3.51,2022,8,24272,95,45,5.0,6.0,6.0,5.666666666666667,-0.19999999999999996,-0.33333333333333337,196.0,5.485714285714292
2022-09-30,Goochland,VA,Passenger,1.0,2.0,3.0,98.0,101.0,2.97,2022,9,24273,95,46,4.0,5.0,6.0,5.0,-0.25,-0.5,199.0,4.85714285714286
2022-10-31,Goochland,VA,Passenger,1.0,2.0,3.0,89.0,92.0,3.26,2022,10,24274,95,47,3.0,4.0,5.0,4.0,0.0,-0.4,202.0,4.142857142857164
2022-11-30,Goochland,VA,Passenger,1.0,2.0,3.0,86.0,89.0,3.37,2022,11,24275,95,48,3.0,3.0,4.0,3.3333333333333335,0.0,-0.25,205.0,3.514285714285721
2022-12-31,Goochland,VA,Passenger,1.0,2.0,3.0,79.0,82.0,3.66,2022,12,24276,95,49,3.0,3.0,3.0,3.0,0.0,0.0,208.0,3.142857142857155
2023-01-31,Goochland,VA,Passenger,1.0,2.0,3.0,72.0,75.0,4.0,2023,1,24277,95,50,3.0,3.0,3.0,3.0,0.0,0.0,211.0,3.0000000000000258
2023-02-28,Goochland,VA,Passenger,1.0,2.0,3.0,68.0,71.0,4.23,2023,2,24278,95,51,3.0,3.0,3.0,3.0,0.0,0.0,214.0,3.000000000000018
2023-03-31,Goochland,VA,Passenger,1.0,2.0,3.0,63.0,66.0,4.55,2023,3,24279,95,52,3.0,3.0,3.0,3.0,0.0,0.0,217.0,3.0000000000000258
2023-04-30,Goochland,VA,Passenger,1.0,2.0,3.0,54.0,57.0,5.26,2023,4,24280,95,53,3.0,3.0,3.0,3.0,0.0,0.0,220.0,3.000000000000018
2023-05-31,Goochland,VA,Passenger,1.0,2.0,3.0,51.0,54.0,5.56,2023,5,24281,95,54,3.0,3.0,3.0,3.0,0.0,0.0,223.0,3.0000000000000067
2023-06-30,Goochland,VA,Passenger,1.0,2.0,3.0,44.0,47.0,6.38,2023,6,24282,95,55,3.0,3.0,3.0,3.0,0.0,0.0,226.0,3.000000000000022
2023-07-31,Goochland,VA,Passenger,1.0,2.0,3.0,37.0,40.0,6.9025,2023,7,24283,95,56,3.0,3.0,3.0,3.0,0.0,0.0,229.0,3.0000000000000067
2023-08-31,Goochland,VA,Passenger,1.0,2.0,3.0,34.0,37.0,6.9025,2023,8,24284,95,57,3.0,3.0,3.0,3.0,0.0,0.0,232.0,3.000000000000018
2023-09-30,Goochland,VA,Passenger,1.0,2.0,3.0,31.0,34.0,6.9025,2023,9,24285,95,58,3.0,3.0,3.0,3.0,0.0,0.0,235.0,3.0000000000000067
2023-10-31,Goochland,VA,Passenger,1.0,2.0,3.0,27.0,30.0,6.9025,2023,10,24286,95,59,3.0,3.0,3.0,3.0,0.0,0.0,238.0,3.000000000000014
2023-11-30,Goochland,VA,Passenger,1.0,2.0,3.0,25.0,28.0,6.9025,2023,11,24287,95,60,3.0,3.0,3.0,3.0,0.0,0.0,241.0,3.0000000000000067
2023-12-31,Goochland,VA,Passenger,0.0,1.0,1.0,24.0,25.0,4.0,2023,12,24288,95,61,3.0,3.0,3.0,3.0,-0.6666666666666667,-0.6666666666666667,242.0,2.7142857142857264
2024-01-31,Goochland,VA,Passenger,0.0,1.0,1.0,19.0,20.0,5.0,2024,1,24289,95,62,1.0,3.0,3.0,2.3333333333333335,0.0,-0.6666666666666667,243.0,2.257142857142859
2020-01-31,Greene,MO,Passenger,0.0,1.0,1.0,32.0,33.0,3.03,2020,1,24241,98,5,1.0,1.0,1.0,1.0,0.0,0.0,6.0,0.9999999999999998
2020-02-29,Greene,MO,Passenger,0.0,1.0,1.0,32.0,33.0,3.03,2020,2,24242,98,6,1.0,1.0,1.0,1.0,0.0,0.0,7.0,0.9999999999999998
2020-03-31,Greene,MO,Passenger,0.0,1.0,1.0,33.0,34.0,2.94,2020,3,24243,98,7,1.0,1.0,1.0,1.0,0.0,0.0,8.0,0.9999999999999999
2020-04-30,Greene,MO,Passenger,0.0,1.0,1.0,34.0,35.0,2.86,2020,4,24244,98,8,1.0,1.0,1.0,1.0,0.0,0.0,9.0,1.0000000000000002
2020-05-31,Greene,MO,Passenger,0.0,1.0,1.0,33.0,34.0,2.94,2020,5,24245,98,9,1.0,1.0,1.0,1.0,0.0,0.0,10.0,1.0000000000000002
2020-06-30,Greene,MO,Passenger,0.0,1.0,1.0,35.0,36.0,2.78,2020,6,24246,98,10,1.0,1.0,1.0,1.0,0.0,0.0,11.0,1.0
2020-07-31,Greene,MO,Passenger,0.0,1.0,1.0,36.0,37.0,2.7,2020,7,24247,98,11,1.0,1.0,1.0,1.0,0.0,0.0,12.0,1.0000000000000002
2020-08-31,Greene,MO,Passenger,0.0,1.0,1.0,36.0,37.0,2.7,2020,8,24248,98,12,1.0,1.0,1.0,1.0,0.0,0.0,13.0,1.0000000000000002
2020-09-30,Greene,MO,Passenger,0.0,1.0,1.0,35.0,36.0,2.78,2020,9,24249,98,13,1.0,1.0,1.0,1.0,0.0,0.0,14.0,1.0000000000000009
2020-10-31,Greene,MO,Passenger,0.0,1.0,1.0,36.0,37.0,2.7,2020,10,24250,98,14,1.0,1.0,1.0,1.0,0.0,0.0,15.0,1.0000000000000007
2020-11-30,Greene,MO,Passenger,0.0,1.0,1.0,35.0,36.0,2.78,2020,11,24251,98,15,1.0,1.0,1.0,1.0,0.0,0.0,16.0,1.0000000000000009
2020-12-31,Greene,MO,Passenger,0.0,1.0,1.0,35.0,36.0,2.78,2020,12,24252,98,16,1.0,1.0,1.0,1.0,0.0,0.0,17.0,1.0
2021-01-31,Greene,MO,Passenger,0.0,1.0,1.0,35.0,36.0,2.78,2021,1,24253,98,17,1.0,1.0,1.0,1.0,0.0,0.0,18.0,1.0000000000000002
2021-02-28,Greene,MO,Passenger,0.0,1.0,1.0,35.0,36.0,2.78,2021,2,24254,98,18,1.0,1.0,1.0,1.0,0.0,0.0,19.0,1.000000000000002
2021-03-31,Greene,MO,Passenger,0.0,1.0,1.0,35.0,36.0,2.78,2021,3,24255,98,19,1.0,1.0,1.0,1.0,0.0,0.0,20.0,0.9999999999999998
2021-04-30,Greene,MO,Passenger,0.0,1.0,1.0,35.0,36.0,2.78,2021,4,24256,98,20,1.0,1.0,1.0,1.0,0.0,0.0,21.0,1.000000000000001
2021-05-31,Greene,MO,Passenger,0.0,1.0,1.0,34.0,35.0,2.86,2021,5,24257,98,21,1.0,1.0,1.0,1.0,0.0,0.0,22.0,1.0000000000000013
2021-06-30,Greene,MO,Passenger,0.0,1.0,1.0,33.0,34.0,2.94,2021,6,24258,98,22,1.0,1.0,1.0,1.0,0.0,0.0,23.0,1.0000000000000013
2021-07-31,Greene,MO,Passenger,0.0,1.0,1.0,33.0,34.0,2.94,2021,7,24259,98,23,1.0,1.0,1.0,1.0,0.0,0.0,24.0,1.0000000000000004
2021-08-31,Greene,MO,Passenger,0.0,1.0,1.0,32.0,33.0,3.03,2021,8,24260,98,24,1.0,1.0,1.0,1.0,0.0,0.0,25.0,1.0000000000000013
2021-09-30,Greene,MO,Passenger,0.0,1.0,1.0,31.0,32.0,3.12,2021,9,24261,98,25,1.0,1.0,1.0,1.0,0.0,0.0,26.0,1.0000000000000013
2021-10-31,Greene,MO,Passenger,0.0,1.0,1.0,30.0,31.0,3.23,2021,10,24262,98,26,1.0,1.0,1.0,1.0,0.0,0.0,27.0,1.0000000000000013
2021-11-30,Greene,MO,Passenger,0.0,1.0,1.0,29.0,30.0,3.33,2021,11,24263,98,27,1.0,1.0,1.0,1.0,0.0,0.0,28.0,1.0000000000000013
2021-12-31,Greene,MO,Passenger,0.0,1.0,1.0,28.0,29.0,3.45,2021,12,24264,98,28,1.0,1.0,1.0,1.0,0.0,0.0,29.0,1.0000000000000024
2022-01-31,Greene,MO,Passenger,0.0,1.0,1.0,28.0,29.0,3.45,2022,1,24265,98,29,1.0,1.0,1.0,1.0,0.0,0.0,30.0,1.000000000000002
2022-02-28,Greene,MO,Passenger,0.0,1.0,1.0,28.0,29.0,3.45,2022,2,24266,98,30,1.0,1.0,1.0,1.0,0.0,0.0,31.0,1.0000000000000009
2022-03-31,Greene,MO,Passenger,0.0,1.0,1.0,27.0,28.0,3.57,2022,3,24267,98,31,1.0,1.0,1.0,1.0,0.0,0.0,32.0,1.000000000000002
2022-04-30,Greene,MO,Passenger,0.0,1.0,1.0,27.0,28.0,3.57,2022,4,24268,98,32,1.0,1.0,1.0,1.0,0.0,0.0,33.0,1.0000000000000038
2022-05-31,Greene,MO,Passenger,0.0,1.0,1.0,27.0,28.0,3.57,2022,5,24269,98,33,1.0,1.0,1.0,1.0,0.0,0.0,34.0,1.0000000000000004
2022-06-30,Greene,MO,Passenger,0.0,1.0,1.0,25.0,26.0,3.85,2022,6,24270,98,34,1.0,1.0,1.0,1.0,0.0,0.0,35.0,1.000000000000002
2022-07-31,Greene,MO,Passenger,0.0,1.0,1.0,24.0,25.0,4.0,2022,7,24271,98,35,1.0,1.0,1.0,1.0,0.0,0.0,36.0,1.0000000000000029
2023-09-30,Greene,OH,Passenger,1.0,0.0,1.0,23.0,24.0,4.17,2023,9,24285,98,36,1.0,1.0,1.0,1.0,0.0,0.0,37.0,1.0000000000000038
2023-10-31,Greene,OH,Passenger,1.0,0.0,1.0,23.0,24.0,4.17,2023,10,24286,98,37,1.0,1.0,1.0,1.0,0.0,0.0,38.0,1.0
2023-11-30,Greene,OH,Passenger,1.0,0.0,1.0,24.0,25.0,4.0,2023,11,24287,98,38,1.0,1.0,1.0,1.0,0.0,0.0,39.0,1.0000000000000009
2023-12-31,Greene,OH,Passenger,1.0,0.0,1.0,23.0,24.0,4.17,2023,12,24288,98,39,1.0,1.0,1.0,1.0,0.0,0.0,40.0,1.0000000000000009
2024-01-31,Greene,OH,Passenger,1.0,0.0,1.0,22.0,23.0,4.35,2024,1,24289,98,40,1.0,1.0,1.0,1.0,0.0,0.0,41.0,1.0000000000000038
2024-02-29,Greene,OH,Passenger,1.0,0.0,1.0,22.0,23.0,4.35,2024,2,24290,98,41,1.0,1.0,1.0,1.0,0.0,0.0,42.0,1.0000000000000009
2019-02-28,Guadalupe,TX,Passenger,1.0,0.0,1.0,83.0,84.0,1.19,2019,2,24230,99,5,1.0,1.0,1.0,1.0,0.0,0.0,6.0,0.9999999999999998
2019-03-31,Guadalupe,TX,Passenger,1.0,0.0,1.0,82.0,83.0,1.2,2019,3,24231,99,6,1.0,1.0,1.0,1.0,0.0,0.0,7.0,0.9999999999999998
2019-04-30,Guadalupe,TX,Passenger,1.0,0.0,1.0,81.0,82.0,1.22,2019,4,24232,99,7,1.0,1.0,1.0,1.0,0.0,0.0,8.0,0.9999999999999999
2019-05-31,Guadalupe,TX,Passenger,1.0,0.0,1.0,80.0,81.0,1.23,2019,5,24233,99,8,1.0,1.0,1.0,1.0,0.0,0.0,9.0,1.0000000000000002
2019-06-30,Guadalupe,TX,Passenger,1.0,0.0,1.0,78.0,79.0,1.27,2019,6,24234,99,9,1.0,1.0,1.0,1.0,0.0,0.0,10.0,1.0000000000000002
2019-07-31,Guadalupe,TX,Passenger,1.0,0.0,1.0,78.0,79.0,1.27,2019,7,24235,99,10,1.0,1.0,1.0,1.0,0.0,0.0,11.0,1.0
2019-08-31,Guadalupe,TX,Passenger,1.0,0.0,1.0,75.0,76.0,1.32,2019,8,24236,99,11,1.0,1.0,1.0,1.0,0.0,0.0,12.0,1.0000000000000002
2019-09-30,Guadalupe,TX,Passenger,1.0,0.0,1.0,75.0,76.0,1.32,2019,9,24237,99,12,1.0,1.0,1.0,1.0,0.0,0.0,13.0,1.0000000000000002
2019-10-31,Guadalupe,TX,Passenger,1.0,0.0,1.0,73.0,74.0,1.35,2019,10,24238,99,13,1.0,1.0,1.0,1.0,0.0,0.0,14.0,1.0000000000000009
2019-11-30,Guadalupe,TX,Passenger,1.0,0.0,1.0,72.0,73.0,1.37,2019,11,24239,99,14,1.0,1.0,1.0,1.0,0.0,0.0,15.0,1.0000000000000007
2019-12-31,Guadalupe,TX,Passenger,1.0,0.0,1.0,71.0,72.0,1.39,2019,12,24240,99,15,1.0,1.0,1.0,1.0,0.0,0.0,16.0,1.0000000000000009
2020-01-31,Guadalupe,TX,Passenger,1.0,0.0,1.0,72.0,73.0,1.37,2020,1,24241,99,16,1.0,1.0,1.0,1.0,0.0,0.0,17.0,1.0
2020-02-29,Guadalupe,TX,Passenger,1.0,0.0,1.0,71.0,72.0,1.39,2020,2,24242,99,17,1.0,1.0,1.0,1.0,0.0,0.0,18.0,1.0000000000000002
2020-03-31,Guadalupe,TX,Passenger,1.0,0.0,1.0,70.0,71.0,1.41,2020,3,24243,99,18,1.0,1.0,1.0,1.0,0.0,0.0,19.0,1.000000000000002
2020-04-30,Guadalupe,TX,Passenger,1.0,0.0,1.0,70.0,71.0,1.41,2020,4,24244,99,19,1.0,1.0,1.0,1.0,0.0,0.0,20.0,0.9999999999999998
2020-05-31,Guadalupe,TX,Passenger,1.0,0.0,1.0,70.0,71.0,1.41,2020,5,24245,99,20,1.0,1.0,1.0,1.0,0.0,0.0,21.0,1.000000000000001
2020-06-30,Guadalupe,TX,Passenger,1.0,0.0,1.0,69.0,70.0,1.43,2020,6,24246,99,21,1.0,1.0,1.0,1.0,0.0,0.0,22.0,1.0000000000000013
2020-07-31,Guadalupe,TX,Passenger,1.0,0.0,1.0,65.0,66.0,1.52,2020,7,24247,99,22,1.0,1.0,1.0,1.0,0.0,0.0,23.0,1.0000000000000013
2020-08-31,Guadalupe,TX,Passenger,1.0,0.0,1.0,65.0,66.0,1.52,2020,8,24248,99,23,1.0,1.0,1.0,1.0,0.0,0.0,24.0,1.0000000000000004
2017-06-30,Gwinnett,GA,Passenger,0.0,1.0,1.0,87.0,88.0,1.14,2017,6,24210,101,5,1.0,1.0,1.0,1.0,0.0,0.0,6.0,0.9999999999999998
2017-07-31,Gwinnett,GA,Passenger,0.0,1.0,1.0,86.0,87.0,1.15,2017,7,24211,101,6,1.0,1.0,1.0,1.0,0.0,0.0,7.0,0.9999999999999998
2017-08-31,Gwinnett,GA,Passenger,0.0,1.0,1.0,88.0,89.0,1.12,2017,8,24212,101,7,1.0,1.0,1.0,1.0,0.0,0.0,8.0,0.9999999999999999
2017-09-30,Gwinnett,GA,Passenger,0.0,1.0,1.0,88.0,89.0,1.12,2017,9,24213,101,8,1.0,1.0,1.0,1.0,0.0,0.0,9.0,1.0000000000000002
2017-10-31,Gwinnett,GA,Passenger,0.0,1.0,1.0,88.0,89.0,1.12,2017,10,24214,101,9,1.0,1.0,1.0,1.0,0.0,0.0,10.0,1.0000000000000002
2017-11-30,Gwinnett,GA,Passenger,0.0,1.0,1.0,86.0,87.0,1.15,2017,11,24215,101,10,1.0,1.0,1.0,1.0,0.0,0.0,11.0,1.0
2017-12-31,Gwinnett,GA,Passenger,0.0,1.0,1.0,86.0,87.0,1.15,2017,12,24216,101,11,1.0,1.0,1.0,1.0,0.0,0.0,12.0,1.0000000000000002
2018-01-31,Gwinnett,GA,Passenger,0.0,1.0,1.0,84.0,85.0,1.18,2018,1,24217,101,12,1.0,1.0,1.0,1.0,0.0,0.0,13.0,1.0000000000000002
2018-02-28,Gwinnett,GA,Passenger,0.0,1.0,1.0,81.0,82.0,1.22,2018,2,24218,101,13,1.0,1.0,1.0,1.0,0.0,0.0,14.0,1.0000000000000009
2018-03-31,Gwinnett,GA,Passenger,0.0,1.0,1.0,81.0,82.0,1.22,2018,3,24219,101,14,1.0,1.0,1.0,1.0,0.0,0.0,15.0,1.0000000000000007
2018-04-30,Gwinnett,GA,Passenger,0.0,1.0,1.0,83.0,84.0,1.19,2018,4,24220,101,15,1.0,1.0,1.0,1.0,0.0,0.0,16.0,1.0000000000000009
2018-05-31,Gwinnett,GA,Passenger,0.0,1.0,1.0,85.0,86.0,1.16,2018,5,24221,101,16,1.0,1.0,1.0,1.0,0.0,0.0,17.0,1.0
2018-06-30,Gwinnett,GA,Passenger,0.0,1.0,1.0,84.0,85.0,1.18,2018,6,24222,101,17,1.0,1.0,1.0,1.0,0.0,0.0,18.0,1.0000000000000002
2018-07-31,Gwinnett,GA,Passenger,0.0,1.0,1.0,85.0,86.0,1.16,2018,7,24223,101,18,1.0,1.0,1.0,1.0,0.0,0.0,19.0,1.000000000000002
2018-08-31,Gwinnett,GA,Passenger,0.0,1.0,1.0,85.0,86.0,1.16,2018,8,24224,101,19,1.0,1.0,1.0,1.0,0.0,0.0,20.0,0.9999999999999998
2018-09-30,Gwinnett,GA,Passenger,0.0,1.0,1.0,86.0,87.0,1.15,2018,9,24225,101,20,1.0,1.0,1.0,1.0,0.0,0.0,21.0,1.000000000000001
2018-10-31,Gwinnett,GA,Passenger,0.0,1.0,1.0,81.0,82.0,1.22,2018,10,24226,101,21,1.0,1.0,1.0,1.0,0.0,0.0,22.0,1.0000000000000013
2018-11-30,Gwinnett,GA,Passenger,0.0,1.0,1.0,79.0,80.0,1.25,2018,11,24227,101,22,1.0,1.0,1.0,1.0,0.0,0.0,23.0,1.0000000000000013
2018-12-31,Gwinnett,GA,Passenger,0.0,1.0,1.0,80.0,81.0,1.23,2018,12,24228,101,23,1.0,1.0,1.0,1.0,0.0,0.0,24.0,1.0000000000000004
2019-01-31,Gwinnett,GA,Passenger,0.0,1.0,1.0,77.0,78.0,1.28,2019,1,24229,101,24,1.0,1.0,1.0,1.0,0.0,0.0,25.0,1.0000000000000013
2019-02-28,Gwinnett,GA,Passenger,0.0,1.0,1.0,78.0,79.0,1.27,2019,2,24230,101,25,1.0,1.0,1.0,1.0,0.0,0.0,26.0,1.0000000000000013
2019-03-31,Gwinnett,GA,Passenger,0.0,1.0,1.0,78.0,79.0,1.27,2019,3,24231,101,26,1.0,1.0,1.0,1.0,0.0,0.0,27.0,1.0000000000000013
2020-03-31,Gwinnett,GA,Passenger,1.0,0.0,1.0,76.0,77.0,1.3,2020,3,24243,101,27,1.0,1.0,1.0,1.0,0.0,0.0,28.0,1.0000000000000013
2020-04-30,Gwinnett,GA,Passenger,1.0,0.0,1.0,75.0,76.0,1.32,2020,4,24244,101,28,1.0,1.0,1.0,1.0,0.0,0.0,29.0,1.0000000000000024
2020-05-31,Gwinnett,GA,Passenger,1.0,0.0,1.0,75.0,76.0,1.32,2020,5,24245,101,29,1.0,1.0,1.0,1.0,0.0,0.0,30.0,1.000000000000002
2020-06-30,Gwinnett,GA,Passenger,1.0,0.0,1.0,75.0,76.0,1.32,2020,6,24246,101,30,1.0,1.0,1.0,1.0,0.0,0.0,31.0,1.0000000000000009
2020-07-31,Gwinnett,GA,Passenger,1.0,0.0,1.0,72.0,73.0,1.37,2020,7,24247,101,31,1.0,1.0,1.0,1.0,0.0,0.0,32.0,1.000000000000002
2020-08-31,Gwinnett,GA,Passenger,1.0,0.0,1.0,73.0,74.0,1.35,2020,8,24248,101,32,1.0,1.0,1.0,1.0,0.0,0.0,33.0,1.0000000000000038
2020-09-30,Gwinnett,GA,Passenger,1.0,0.0,1.0,71.0,72.0,1.39,2020,9,24249,101,33,1.0,1.0,1.0,1.0,0.0,0.0,34.0,1.0000000000000004
2020-10-31,Gwinnett,GA,Passenger,1.0,0.0,1.0,70.0,71.0,1.41,2020,10,24250,101,34,1.0,1.0,1.0,1.0,0.0,0.0,35.0,1.000000000000002
2020-11-30,Gwinnett,GA,Passenger,1.0,0.0,1.0,71.0,72.0,1.39,2020,11,24251,101,35,1.0,1.0,1.0,1.0,0.0,0.0,36.0,1.0000000000000029
2020-12-31,Gwinnett,GA,Passenger,1.0,0.0,1.0,69.0,70.0,1.43,2020,12,24252,101,36,1.0,1.0,1.0,1.0,0.0,0.0,37.0,1.0000000000000038
2021-01-31,Gwinnett,GA,Passenger,1.0,0.0,1.0,68.0,69.0,1.45,2021,1,24253,101,37,1.0,1.0,1.0,1.0,0.0,0.0,38.0,1.0
2021-02-28,Gwinnett,GA,Passenger,1.0,0.0,1.0,70.0,71.0,1.41,2021,2,24254,101,38,1.0,1.0,1.0,1.0,0.0,0.0,39.0,1.0000000000000009
2021-03-31,Gwinnett,GA,Passenger,1.0,0.0,1.0,68.0,69.0,1.45,2021,3,24255,101,39,1.0,1.0,1.0,1.0,0.0,0.0,40.0,1.0000000000000009
2021-04-30,Gwinnett,GA,Passenger,1.0,0.0,1.0,68.0,69.0,1.45,2021,4,24256,101,40,1.0,1.0,1.0,1.0,0.0,0.0,41.0,1.0000000000000038
2021-05-31,Gwinnett,GA,Passenger,1.0,0.0,1.0,65.0,66.0,1.52,2021,5,24257,101,41,1.0,1.0,1.0,1.0,0.0,0.0,42.0,1.0000000000000009
2021-06-30,Gwinnett,GA,Passenger,1.0,0.0,1.0,64.0,65.0,1.54,2021,6,24258,101,42,1.0,1.0,1.0,1.0,0.0,0.0,43.0,1.0000000000000029
2021-07-31,Gwinnett,GA,Passenger,1.0,0.0,1.0,63.0,64.0,1.56,2021,7,24259,101,43,1.0,1.0,1.0,1.0,0.0,0.0,44.0,1.0000000000000029
2021-08-31,Gwinnett,GA,Passenger,1.0,0.0,1.0,61.0,62.0,1.61,2021,8,24260,101,44,1.0,1.0,1.0,1.0,0.0,0.0,45.0,1.0000000000000009
2021-09-30,Gwinnett,GA,Passenger,1.0,0.0,1.0,60.0,61.0,1.64,2021,9,24261,101,45,1.0,1.0,1.0,1.0,0.0,0.0,46.0,1.0000000000000009
2021-10-31,Gwinnett,GA,Passenger,1.0,0.0,1.0,61.0,62.0,1.61,2021,10,24262,101,46,1.0,1.0,1.0,1.0,0.0,0.0,47.0,1.0000000000000029
2021-11-30,Gwinnett,GA,Passenger,1.0,0.0,1.0,61.0,62.0,1.61,2021,11,24263,101,47,1.0,1.0,1.0,1.0,0.0,0.0,48.0,1.0000000000000009
2021-12-31,Gwinnett,GA,Passenger,1.0,0.0,1.0,60.0,61.0,1.64,2021,12,24264,101,48,1.0,1.0,1.0,1.0,0.0,0.0,49.0,1.000000000000002
2022-01-31,Gwinnett,GA,Passenger,1.0,0.0,1.0,59.0,60.0,1.67,2022,1,24265,101,49,1.0,1.0,1.0,1.0,0.0,0.0,50.0,1.000000000000002
2022-02-28,Gwinnett,GA,Passenger,1.0,0.0,1.0,59.0,60.0,1.67,2022,2,24266,101,50,1.0,1.0,1.0,1.0,0.0,0.0,51.0,1.000000000000002
2022-03-31,Gwinnett,GA,Passenger,1.0,0.0,1.0,57.0,58.0,1.72,2022,3,24267,101,51,1.0,1.0,1.0,1.0,0.0,0.0,52.0,1.0000000000000009
2022-04-30,Gwinnett,GA,Passenger,1.0,0.0,1.0,53.0,54.0,1.85,2022,4,24268,101,52,1.0,1.0,1.0,1.0,0.0,0.0,53.0,1.0000000000000029
2022-05-31,Gwinnett,GA,Passenger,1.0,0.0,1.0,52.0,53.0,1.89,2022,5,24269,101,53,1.0,1.0,1.0,1.0,0.0,0.0,54.0,1.0000000000000049
2022-06-30,Gwinnett,GA,Passenger,1.0,0.0,1.0,50.0,51.0,1.96,2022,6,24270,101,54,1.0,1.0,1.0,1.0,0.0,0.0,55.0,1.0000000000000038
2022-07-31,Gwinnett,GA,Passenger,1.0,0.0,1.0,51.0,52.0,1.92,2022,7,24271,101,55,1.0,1.0,1.0,1.0,0.0,0.0,56.0,1.0
2022-08-31,Gwinnett,GA,Passenger,1.0,0.0,1.0,54.0,55.0,1.82,2022,8,24272,101,56,1.0,1.0,1.0,1.0,0.0,0.0,57.0,1.000000000000002
2022-09-30,Gwinnett,GA,Passenger,1.0,0.0,1.0,53.0,54.0,1.85,2022,9,24273,101,57,1.0,1.0,1.0,1.0,0.0,0.0,58.0,1.0000000000000038
2022-10-31,Gwinnett,GA,Passenger,1.0,0.0,1.0,51.0,52.0,1.92,2022,10,24274,101,58,1.0,1.0,1.0,1.0,0.0,0.0,59.0,1.0000000000000038
2022-11-30,Gwinnett,GA,Passenger,1.0,0.0,1.0,50.0,51.0,1.96,2022,11,24275,101,59,1.0,1.0,1.0,1.0,0.0,0.0,60.0,1.0000000000000038
2022-12-31,Gwinnett,GA,Passenger,1.0,0.0,1.0,45.0,46.0,2.17,2022,12,24276,101,60,1.0,1.0,1.0,1.0,0.0,0.0,61.0,1.0000000000000049
2023-01-31,Gwinnett,GA,Passenger,1.0,0.0,1.0,48.0,49.0,2.04,2023,1,24277,101,61,1.0,1.0,1.0,1.0,0.0,0.0,62.0,1.0000000000000067
2023-02-28,Gwinnett,GA,Passenger,1.0,0.0,1.0,48.0,49.0,2.04,2023,2,24278,101,62,1.0,1.0,1.0,1.0,0.0,0.0,63.0,1.0000000000000009
2023-03-31,Gwinnett,GA,Passenger,1.0,0.0,1.0,48.0,49.0,2.04,2023,3,24279,101,63,1.0,1.0,1.0,1.0,0.0,0.0,64.0,0.999999999999999
2023-04-30,Gwinnett,GA,Passenger,1.0,0.0,1.0,47.0,48.0,2.08,2023,4,24280,101,64,1.0,1.0,1.0,1.0,0.0,0.0,65.0,1.0000000000000049
2023-05-31,Gwinnett,GA,Passenger,1.0,0.0,1.0,44.0,45.0,2.22,2023,5,24281,101,65,1.0,1.0,1.0,1.0,0.0,0.0,66.0,1.0000000000000029
2023-06-30,Gwinnett,GA,Passenger,1.0,0.0,1.0,42.0,43.0,2.33,2023,6,24282,101,66,1.0,1.0,1.0,1.0,0.0,0.0,67.0,1.0000000000000049
2023-07-31,Gwinnett,GA,Passenger,1.0,0.0,1.0,39.0,40.0,2.5,2023,7,24283,101,67,1.0,1.0,1.0,1.0,0.0,0.0,68.0,1.0000000000000087
2023-08-31,Gwinnett,GA,Passenger,1.0,0.0,1.0,37.0,38.0,2.63,2023,8,24284,101,68,1.0,1.0,1.0,1.0,0.0,0.0,69.0,1.0000000000000067
2023-09-30,Gwinnett,GA,Passenger,1.0,0.0,1.0,36.0,37.0,2.7,2023,9,24285,101,69,1.0,1.0,1.0,1.0,0.0,0.0,70.0,1.0000000000000049
2023-10-31,Gwinnett,GA,Passenger,1.0,0.0,1.0,34.0,35.0,2.86,2023,10,24286,101,70,1.0,1.0,1.0,1.0,0.0,0.0,71.0,1.0000000000000049
2023-11-30,Gwinnett,GA,Passenger,1.0,0.0,1.0,33.0,34.0,2.94,2023,11,24287,101,71,1.0,1.0,1.0,1.0,0.0,0.0,72.0,1.0000000000000067
2023-12-31,Gwinnett,GA,Passenger,1.0,0.0,1.0,33.0,34.0,2.94,2023,12,24288,101,72,1.0,1.0,1.0,1.0,0.0,0.0,73.0,1.0000000000000049
2024-01-31,Gwinnett,GA,Passenger,1.0,0.0,1.0,30.0,31.0,3.23,2024,1,24289,101,73,1.0,1.0,1.0,1.0,0.0,0.0,74.0,1.0000000000000009
2017-03-31,Hamilton,TN,Passenger,1.0,0.0,1.0,26.0,27.0,3.7,2017,3,24207,102,5,1.0,1.0,1.0,1.0,0.0,0.0,6.0,0.9999999999999998
2017-04-30,Hamilton,TN,Passenger,1.0,0.0,1.0,26.0,27.0,3.7,2017,4,24208,102,6,1.0,1.0,1.0,1.0,0.0,0.0,7.0,0.9999999999999998
2017-04-30,Hamilton,IN,Passenger,1.0,0.0,1.0,61.0,62.0,1.61,2017,4,24208,102,7,1.0,1.0,1.0,1.0,0.0,0.0,8.0,0.9999999999999999
2017-05-31,Hamilton,IN,Passenger,1.0,0.0,1.0,62.0,63.0,1.59,2017,5,24209,102,8,1.0,1.0,1.0,1.0,0.0,0.0,9.0,1.0000000000000002
2017-05-31,Hamilton,TN,Passenger,1.0,0.0,1.0,22.0,23.0,4.35,2017,5,24209,102,9,1.0,1.0,1.0,1.0,0.0,0.0,10.0,1.0000000000000002
2017-06-30,Hamilton,TN,Passenger,1.0,0.0,1.0,19.0,20.0,5.0,2017,6,24210,102,10,1.0,1.0,1.0,1.0,0.0,0.0,11.0,1.0
2017-06-30,Hamilton,IN,Passenger,1.0,0.0,1.0,58.0,59.0,1.69,2017,6,24210,102,11,1.0,1.0,1.0,1.0,0.0,0.0,12.0,1.0000000000000002
2017-07-31,Hamilton,IN,Passenger,1.0,0.0,1.0,58.0,59.0,1.69,2017,7,24211,102,12,1.0,1.0,1.0,1.0,0.0,0.0,13.0,1.0000000000000002
2017-07-31,Hamilton,TN,Passenger,1.0,0.0,1.0,18.0,19.0,5.26,2017,7,24211,102,13,1.0,1.0,1.0,1.0,0.0,0.0,14.0,1.0000000000000009
2017-08-31,Hamilton,TN,Passenger,1.0,0.0,1.0,20.0,21.0,4.76,2017,8,24212,102,14,1.0,1.0,1.0,1.0,0.0,0.0,15.0,1.0000000000000007
2017-08-31,Hamilton,IN,Passenger,1.0,0.0,1.0,58.0,59.0,1.69,2017,8,24212,102,15,1.0,1.0,1.0,1.0,0.0,0.0,16.0,1.0000000000000009
2017-09-30,Hamilton,IN,Passenger,1.0,0.0,1.0,58.0,59.0,1.69,2017,9,24213,102,16,1.0,1.0,1.0,1.0,0.0,0.0,17.0,1.0
2017-09-30,Hamilton,TN,Passenger,1.0,0.0,1.0,21.0,22.0,4.55,2017,9,24213,102,17,1.0,1.0,1.0,1.0,0.0,0.0,18.0,1.0000000000000002
2017-10-31,Hamilton,TN,Passenger,1.0,0.0,1.0,21.0,22.0,4.55,2017,10,24214,102,18,1.0,1.0,1.0,1.0,0.0,0.0,19.0,1.000000000000002
2017-10-31,Hamilton,IN,Passenger,1.0,0.0,1.0,58.0,59.0,1.69,2017,10,24214,102,19,1.0,1.0,1.0,1.0,0.0,0.0,20.0,0.9999999999999998
2017-11-30,Hamilton,TN,Passenger,1.0,0.0,1.0,21.0,22.0,4.55,2017,11,24215,102,20,1.0,1.0,1.0,1.0,0.0,0.0,21.0,1.000000000000001
2017-11-30,Hamilton,IN,Passenger,1.0,0.0,1.0,54.0,55.0,1.82,2017,11,24215,102,21,1.0,1.0,1.0,1.0,0.0,0.0,22.0,1.0000000000000013
2017-12-31,Hamilton,TN,Passenger,1.0,0.0,1.0,21.0,22.0,4.55,2017,12,24216,102,22,1.0,1.0,1.0,1.0,0.0,0.0,23.0,1.0000000000000013
2017-12-31,Hamilton,IN,Passenger,1.0,0.0,1.0,54.0,55.0,1.82,2017,12,24216,102,23,1.0,1.0,1.0,1.0,0.0,0.0,24.0,1.0000000000000004
2018-01-31,Hamilton,IN,Passenger,1.0,0.0,1.0,53.0,54.0,1.85,2018,1,24217,102,24,1.0,1.0,1.0,1.0,0.0,0.0,25.0,1.0000000000000013
2018-01-31,Hamilton,TN,Passenger,1.0,0.0,1.0,21.0,22.0,4.55,2018,1,24217,102,25,1.0,1.0,1.0,1.0,0.0,0.0,26.0,1.0000000000000013
2018-02-28,Hamilton,IN,Passenger,1.0,0.0,1.0,51.0,52.0,1.92,2018,2,24218,102,26,1.0,1.0,1.0,1.0,0.0,0.0,27.0,1.0000000000000013
2018-02-28,Hamilton,TN,Passenger,1.0,0.0,1.0,22.0,23.0,4.35,2018,2,24218,102,27,1.0,1.0,1.0,1.0,0.0,0.0,28.0,1.0000000000000013
2018-03-31,Hamilton,TN,Passenger,1.0,0.0,1.0,23.0,24.0,4.17,2018,3,24219,102,28,1.0,1.0,1.0,1.0,0.0,0.0,29.0,1.0000000000000024
2018-03-31,Hamilton,IN,Passenger,1.0,0.0,1.0,49.0,50.0,2.0,2018,3,24219,102,29,1.0,1.0,1.0,1.0,0.0,0.0,30.0,1.000000000000002
2018-04-30,Hamilton,IN,Passenger,1.0,0.0,1.0,47.0,48.0,2.08,2018,4,24220,102,30,1.0,1.0,1.0,1.0,0.0,0.0,31.0,1.0000000000000009
2018-04-30,Hamilton,TN,Passenger,1.0,0.0,1.0,23.0,24.0,4.17,2018,4,24220,102,31,1.0,1.0,1.0,1.0,0.0,0.0,32.0,1.000000000000002
2018-05-31,Hamilton,IN,Passenger,1.0,0.0,1.0,46.0,47.0,2.13,2018,5,24221,102,32,1.0,1.0,1.0,1.0,0.0,0.0,33.0,1.0000000000000038
2018-05-31,Hamilton,TN,Passenger,1.0,0.0,1.0,23.0,24.0,4.17,2018,5,24221,102,33,1.0,1.0,1.0,1.0,0.0,0.0,34.0,1.0000000000000004
2018-06-30,Hamilton,IN,Passenger,1.0,0.0,1.0,46.0,47.0,2.13,2018,6,24222,102,34,1.0,1.0,1.0,1.0,0.0,0.0,35.0,1.000000000000002
2018-07-31,Hamilton,IN,Passenger,1.0,0.0,1.0,46.0,47.0,2.13,2018,7,24223,102,35,1.0,1.0,1.0,1.0,0.0,0.0,36.0,1.0000000000000029
2018-08-31,Hamilton,IN,Passenger,1.0,0.0,1.0,46.0,47.0,2.13,2018,8,24224,102,36,1.0,1.0,1.0,1.0,0.0,0.0,37.0,1.0000000000000038
2018-09-30,Hamilton,IN,Passenger,1.0,0.0,1.0,48.0,49.0,2.04,2018,9,24225,102,37,1.0,1.0,1.0,1.0,0.0,0.0,38.0,1.0
2018-10-31,Hamilton,IN,Passenger,1.0,0.0,1.0,48.0,49.0,2.04,2018,10,24226,102,38,1.0,1.0,1.0,1.0,0.0,0.0,39.0,1.0000000000000009
2018-11-30,Hamilton,IN,Passenger,1.0,0.0,1.0,47.0,48.0,2.08,2018,11,24227,102,39,1.0,1.0,1.0,1.0,0.0,0.0,40.0,1.0000000000000009
2020-03-31,Hamilton,IN,Passenger,1.0,0.0,1.0,42.0,43.0,2.33,2020,3,24243,102,40,1.0,1.0,1.0,1.0,0.0,0.0,41.0,1.0000000000000038
2020-04-30,Hamilton,IN,Passenger,1.0,0.0,1.0,42.0,43.0,2.33,2020,4,24244,102,41,1.0,1.0,1.0,1.0,0.0,0.0,42.0,1.0000000000000009
2020-05-31,Hamilton,IN,Passenger,1.0,0.0,1.0,41.0,42.0,2.38,2020,5,24245,102,42,1.0,1.0,1.0,1.0,0.0,0.0,43.0,1.0000000000000029
2020-06-30,Hamilton,IN,Passenger,1.0,0.0,1.0,42.0,43.0,2.33,2020,6,24246,102,43,1.0,1.0,1.0,1.0,0.0,0.0,44.0,1.0000000000000029
2020-07-31,Hamilton,IN,Passenger,1.0,0.0,1.0,42.0,43.0,2.33,2020,7,24247,102,44,1.0,1.0,1.0,1.0,0.0,0.0,45.0,1.0000000000000009
2020-08-31,Hamilton,IN,Passenger,1.0,0.0,1.0,41.0,42.0,2.38,2020,8,24248,102,45,1.0,1.0,1.0,1.0,0.0,0.0,46.0,1.0000000000000009
2020-09-30,Hamilton,IN,Passenger,1.0,0.0,1.0,39.0,40.0,2.5,2020,9,24249,102,46,1.0,1.0,1.0,1.0,0.0,0.0,47.0,1.0000000000000029
2020-10-31,Hamilton,IN,Passenger,2.0,0.0,2.0,39.0,41.0,4.88,2020,10,24250,102,47,1.0,1.0,1.0,1.0,1.0,1.0,49.0,1.142857142857146
2020-11-30,Hamilton,IN,Passenger,2.0,0.0,2.0,36.0,38.0,5.26,2020,11,24251,102,48,2.0,1.0,1.0,1.3333333333333333,0.0,1.0,51.0,1.3714285714285739
2020-12-31,Hamilton,IN,Passenger,2.0,0.0,2.0,37.0,39.0,5.13,2020,12,24252,102,49,2.0,2.0,1.0,1.6666666666666667,0.0,1.0,53.0,1.6285714285714339
2021-01-31,Hamilton,IN,Passenger,2.0,0.0,2.0,37.0,39.0,5.13,2021,1,24253,102,50,2.0,2.0,2.0,2.0,0.0,0.0,55.0,1.8571428571428588
2021-02-28,Hamilton,IN,Passenger,2.0,0.0,2.0,37.0,39.0,5.13,2021,2,24254,102,51,2.0,2.0,2.0,2.0,0.0,0.0,57.0,2.000000000000001
2021-03-31,Hamilton,IN,Passenger,2.0,0.0,2.0,38.0,40.0,5.0,2021,3,24255,102,52,2.0,2.0,2.0,2.0,0.0,0.0,59.0,2.0000000000000018
2021-04-30,Hamilton,IN,Passenger,2.0,0.0,2.0,37.0,39.0,5.13,2021,4,24256,102,53,2.0,2.0,2.0,2.0,0.0,0.0,61.0,2.0000000000000018
2021-05-31,Hamilton,IN,Passenger,2.0,0.0,2.0,36.0,38.0,5.26,2021,5,24257,102,54,2.0,2.0,2.0,2.0,0.0,0.0,63.0,2.0000000000000018
2021-06-30,Hamilton,IN,Passenger,2.0,0.0,2.0,35.0,37.0,5.41,2021,6,24258,102,55,2.0,2.0,2.0,2.0,0.0,0.0,65.0,2.0
2021-07-31,Hamilton,IN,Passenger,2.0,0.0,2.0,35.0,37.0,5.41,2021,7,24259,102,56,2.0,2.0,2.0,2.0,0.0,0.0,67.0,2.000000000000004
2021-08-31,Hamilton,IN,Passenger,2.0,0.0,2.0,33.0,35.0,5.71,2021,8,24260,102,57,2.0,2.0,2.0,2.0,0.0,0.0,69.0,2.0
2021-09-30,Hamilton,IN,Passenger,2.0,0.0,2.0,32.0,34.0,5.88,2021,9,24261,102,58,2.0,2.0,2.0,2.0,0.0,0.0,71.0,2.0
2021-10-31,Hamilton,OH,Passenger,1.0,0.0,1.0,40.0,41.0,2.44,2021,10,24262,102,59,2.0,2.0,2.0,2.0,-0.5,-0.5,72.0,1.8571428571428616
2021-10-31,Hamilton,IN,Passenger,2.0,0.0,2.0,32.0,34.0,5.88,2021,10,24262,102,60,1.0,2.0,2.0,1.6666666666666667,1.0,0.0,74.0,1.771428571428574
2021-11-30,Hamilton,IN,Passenger,2.0,0.0,2.0,32.0,34.0,5.88,2021,11,24263,102,61,2.0,1.0,2.0,1.6666666666666667,0.0,0.0,76.0,1.7428571428571487
2021-11-30,Hamilton,OH,Passenger,1.0,0.0,1.0,39.0,40.0,2.5,2021,11,24263,102,62,2.0,2.0,1.0,1.6666666666666667,-0.5,0.0,77.0,1.6285714285714281
2021-12-31,Hamilton,IN,Passenger,2.0,0.0,2.0,28.0,30.0,6.67,2021,12,24264,102,63,1.0,2.0,2.0,1.6666666666666667,1.0,0.0,79.0,1.628571428571432
2021-12-31,Hamilton,OH,Passenger,1.0,0.0,1.0,39.0,40.0,2.5,2021,12,24264,102,64,2.0,1.0,2.0,1.6666666666666667,-0.5,-0.5,80.0,1.6000000000000045
2022-01-31,Hamilton,IN,Passenger,2.0,0.0,2.0,25.0,27.0,6.9025,2022,1,24265,102,65,1.0,2.0,1.0,1.3333333333333333,1.0,1.0,82.0,1.542857142857148
2022-01-31,Hamilton,OH,Passenger,1.0,0.0,1.0,37.0,38.0,2.63,2022,1,24265,102,66,2.0,1.0,2.0,1.6666666666666667,-0.5,-0.5,83.0,1.4571428571428662
2022-02-28,Hamilton,IN,Passenger,2.0,0.0,2.0,25.0,27.0,6.9025,2022,2,24266,102,67,1.0,2.0,1.0,1.3333333333333333,1.0,1.0,85.0,1.54285714285715
2022-02-28,Hamilton,OH,Passenger,1.0,0.0,1.0,37.0,38.0,2.63,2022,2,24266,102,68,2.0,1.0,2.0,1.6666666666666667,-0.5,-0.5,86.0,1.4571428571428644
2022-03-31,Hamilton,IN,Passenger,1.0,0.0,1.0,25.0,26.0,3.85,2022,3,24267,102,69,1.0,2.0,1.0,1.3333333333333333,0.0,0.0,87.0,1.4000000000000021
2022-03-31,Hamilton,OH,Passenger,1.0,0.0,1.0,37.0,38.0,2.63,2022,3,24267,102,70,1.0,1.0,2.0,1.3333333333333333,0.0,-0.5,88.0,1.2285714285714346
2022-04-30,Hamilton,OH,Passenger,1.0,0.0,1.0,35.0,36.0,2.78,2022,4,24268,102,71,1.0,1.0,1.0,1.0,0.0,0.0,89.0,1.1428571428571528
2022-04-30,Hamilton,IN,Passenger,1.0,0.0,1.0,25.0,26.0,3.85,2022,4,24268,102,72,1.0,1.0,1.0,1.0,0.0,0.0,90.0,1.0000000000000049
2022-05-31,Hamilton,OH,Passenger,1.0,0.0,1.0,35.0,36.0,2.78,2022,5,24269,102,73,1.0,1.0,1.0,1.0,0.0,0.0,91.0,1.0000000000000049
2022-05-31,Hamilton,IN,Passenger,1.0,0.0,1.0,24.0,25.0,4.0,2022,5,24269,102,74,1.0,1.0,1.0,1.0,0.0,0.0,92.0,1.0000000000000029
2022-06-30,Hamilton,IN,Passenger,1.0,0.0,1.0,24.0,25.0,4.0,2022,6,24270,102,75,1.0,1.0,1.0,1.0,0.0,0.0,93.0,1.0000000000000067
2022-06-30,Hamilton,OH,Passenger,1.0,0.0,1.0,34.0,35.0,2.86,2022,6,24270,102,76,1.0,1.0,1.0,1.0,0.0,0.0,94.0,1.0000000000000049
2022-07-31,Hamilton,OH,Passenger,1.0,0.0,1.0,33.0,34.0,2.94,2022,7,24271,102,77,1.0,1.0,1.0,1.0,0.0,0.0,95.0,1.0000000000000049
2022-07-31,Hamilton,IN,Passenger,1.0,0.0,1.0,21.0,22.0,4.55,2022,7,24271,102,78,1.0,1.0,1.0,1.0,0.0,0.0,96.0,1.0000000000000029
2022-08-31,Hamilton,IN,Passenger,1.0,0.0,1.0,20.0,21.0,4.76,2022,8,24272,102,79,1.0,1.0,1.0,1.0,0.0,0.0,97.0,1.0000000000000049
2022-08-31,Hamilton,OH,Passenger,1.0,0.0,1.0,34.0,35.0,2.86,2022,8,24272,102,80,1.0,1.0,1.0,1.0,0.0,0.0,98.0,1.0000000000000049
2022-09-30,Hamilton,OH,Passenger,1.0,0.0,1.0,34.0,35.0,2.86,2022,9,24273,102,81,1.0,1.0,1.0,1.0,0.0,0.0,99.0,1.0000000000000009
2022-10-31,Hamilton,OH,Truck,1.0,0.0,1.0,3.0,4.0,6.9025,2022,10,24274,102,82,1.0,1.0,1.0,1.0,0.0,0.0,100.0,1.0000000000000029
2022-10-31,Hamilton,OH,Passenger,1.0,0.0,1.0,35.0,36.0,2.78,2022,10,24274,102,83,1.0,1.0,1.0,1.0,0.0,0.0,101.0,1.0000000000000087
2022-11-30,Hamilton,OH,Truck,1.0,0.0,1.0,3.0,4.0,6.9025,2022,11,24275,102,84,1.0,1.0,1.0,1.0,0.0,0.0,102.0,1.0000000000000009
2022-11-30,Hamilton,OH,Passenger,1.0,0.0,1.0,34.0,35.0,2.86,2022,11,24275,102,85,1.0,1.0,1.0,1.0,0.0,0.0,103.0,1.0000000000000087
2022-12-31,Hamilton,OH,Passenger,1.0,0.0,1.0,32.0,33.0,3.03,2022,12,24276,102,86,1.0,1.0,1.0,1.0,0.0,0.0,104.0,1.0000000000000067
2022-12-31,Hamilton,OH,Truck,1.0,0.0,1.0,3.0,4.0,6.9025,2022,12,24276,102,87,1.0,1.0,1.0,1.0,0.0,0.0,105.0,1.0000000000000104
2023-01-31,Hamilton,OH,Truck,1.0,0.0,1.0,3.0,4.0,6.9025,2023,1,24277,102,88,1.0,1.0,1.0,1.0,0.0,0.0,106.0,1.0000000000000067
2023-01-31,Hamilton,OH,Passenger,1.0,0.0,1.0,32.0,33.0,3.03,2023,1,24277,102,89,1.0,1.0,1.0,1.0,0.0,0.0,107.0,1.0000000000000067
2023-02-28,Hamilton,OH,Truck,1.0,0.0,1.0,3.0,4.0,6.9025,2023,2,24278,102,90,1.0,1.0,1.0,1.0,0.0,0.0,108.0,1.0000000000000067
2023-02-28,Hamilton,OH,Passenger,1.0,0.0,1.0,31.0,32.0,3.12,2023,2,24278,102,91,1.0,1.0,1.0,1.0,0.0,0.0,109.0,1.0000000000000067
2023-03-31,Hamilton,OH,Truck,1.0,0.0,1.0,3.0,4.0,6.9025,2023,3,24279,102,92,1.0,1.0,1.0,1.0,0.0,0.0,110.0,1.0000000000000067
2023-03-31,Hamilton,OH,Passenger,1.0,0.0,1.0,31.0,32.0,3.12,2023,3,24279,102,93,1.0,1.0,1.0,1.0,0.0,0.0,111.0,0.999999999999999
2023-04-30,Hamilton,OH,Passenger,1.0,0.0,1.0,31.0,32.0,3.12,2023,4,24280,102,94,1.0,1.0,1.0,1.0,0.0,0.0,112.0,1.0000000000000087
2023-04-30,Hamilton,OH,Truck,1.0,0.0,1.0,3.0,4.0,6.9025,2023,4,24280,102,95,1.0,1.0,1.0,1.0,0.0,0.0,113.0,1.0000000000000124
2023-05-31,Hamilton,OH,Truck,1.0,0.0,1.0,3.0,4.0,6.9025,2023,5,24281,102,96,1.0,1.0,1.0,1.0,0.0,0.0,114.0,1.0000000000000049
2023-05-31,Hamilton,OH,Passenger,1.0,0.0,1.0,31.0,32.0,3.12,2023,5,24281,102,97,1.0,1.0,1.0,1.0,0.0,0.0,115.0,1.0000000000000087
2023-06-30,Hamilton,OH,Passenger,1.0,0.0,1.0,31.0,32.0,3.12,2023,6,24282,102,98,1.0,1.0,1.0,1.0,0.0,0.0,116.0,1.0000000000000087
2023-06-30,Hamilton,OH,Truck,1.0,0.0,1.0,3.0,4.0,6.9025,2023,6,24282,102,99,1.0,1.0,1.0,1.0,0.0,0.0,117.0,1.0000000000000049
2023-07-31,Hamilton,OH,Passenger,1.0,0.0,1.0,32.0,33.0,3.03,2023,7,24283,102,100,1.0,1.0,1.0,1.0,0.0,0.0,118.0,1.0000000000000009
2023-07-31,Hamilton,OH,Truck,1.0,0.0,1.0,3.0,4.0,6.9025,2023,7,24283,102,101,1.0,1.0,1.0,1.0,0.0,0.0,119.0,1.0000000000000049
2023-08-31,Hamilton,OH,Truck,1.0,0.0,1.0,3.0,4.0,6.9025,2023,8,24284,102,102,1.0,1.0,1.0,1.0,0.0,0.0,120.0,1.0000000000000162
2023-08-31,Hamilton,OH,Passenger,1.0,0.0,1.0,30.0,31.0,3.23,2023,8,24284,102,103,1.0,1.0,1.0,1.0,0.0,0.0,121.0,1.0000000000000049
2023-09-30,Hamilton,OH,Truck,1.0,0.0,1.0,3.0,4.0,6.9025,2023,9,24285,102,104,1.0,1.0,1.0,1.0,0.0,0.0,122.0,1.0000000000000049
2023-09-30,Hamilton,OH,Passenger,1.0,0.0,1.0,27.0,28.0,3.57,2023,9,24285,102,105,1.0,1.0,1.0,1.0,0.0,0.0,123.0,1.0000000000000009
2023-10-31,Hamilton,OH,Passenger,1.0,0.0,1.0,24.0,25.0,4.0,2023,10,24286,102,106,1.0,1.0,1.0,1.0,0.0,0.0,124.0,1.0000000000000124
2023-11-30,Hamilton,OH,Passenger,1.0,0.0,1.0,24.0,25.0,4.0,2023,11,24287,102,107,1.0,1.0,1.0,1.0,0.0,0.0,125.0,1.0000000000000124
2023-12-31,Hamilton,OH,Passenger,1.0,0.0,1.0,24.0,25.0,4.0,2023,12,24288,102,108,1.0,1.0,1.0,1.0,0.0,0.0,126.0,1.0000000000000162
2024-01-31,Hamilton,OH,Passenger,1.0,0.0,1.0,24.0,25.0,4.0,2024,1,24289,102,109,1.0,1.0,1.0,1.0,0.0,0.0,127.0,1.0000000000000049
2024-02-29,Hamilton,OH,Passenger,2.0,0.0,2.0,22.0,24.0,6.9025,2024,2,24290,102,110,1.0,1.0,1.0,1.0,1.0,1.0,129.0,1.1428571428571566
2021-03-31,Hampshire,MA,Passenger,1.0,0.0,1.0,8.0,9.0,6.9025,2021,3,24255,103,5,1.0,1.0,1.0,1.0,0.0,0.0,6.0,0.9999999999999998
2021-04-30,Hampshire,MA,Passenger,1.0,0.0,1.0,8.0,9.0,6.9025,2021,4,24256,103,6,1.0,1.0,1.0,1.0,0.0,0.0,7.0,0.9999999999999998
2021-05-31,Hampshire,MA,Passenger,1.0,0.0,1.0,8.0,9.0,6.9025,2021,5,24257,103,7,1.0,1.0,1.0,1.0,0.0,0.0,8.0,0.9999999999999999
2021-06-30,Hampshire,MA,Passenger,1.0,0.0,1.0,7.0,8.0,6.9025,2021,6,24258,103,8,1.0,1.0,1.0,1.0,0.0,0.0,9.0,1.0000000000000002
2021-07-31,Hampshire,MA,Passenger,1.0,0.0,1.0,8.0,9.0,6.9025,2021,7,24259,103,9,1.0,1.0,1.0,1.0,0.0,0.0,10.0,1.0000000000000002
2021-08-31,Hampshire,MA,Passenger,1.0,0.0,1.0,8.0,9.0,6.9025,2021,8,24260,103,10,1.0,1.0,1.0,1.0,0.0,0.0,11.0,1.0
2017-06-30,Hardin,KY,Passenger,0.0,1.0,1.0,116.0,117.0,0.85,2017,6,24210,104,5,1.0,1.0,1.0,1.0,0.0,0.0,6.0,0.9999999999999998
2017-07-31,Hardin,KY,Passenger,0.0,1.0,1.0,116.0,117.0,0.85,2017,7,24211,104,6,1.0,1.0,1.0,1.0,0.0,0.0,7.0,0.9999999999999998
2017-08-31,Hardin,KY,Passenger,0.0,1.0,1.0,117.0,118.0,0.85,2017,8,24212,104,7,1.0,1.0,1.0,1.0,0.0,0.0,8.0,0.9999999999999999
2017-09-30,Hardin,KY,Passenger,0.0,1.0,1.0,111.0,112.0,0.89,2017,9,24213,104,8,1.0,1.0,1.0,1.0,0.0,0.0,9.0,1.0000000000000002
2017-10-31,Hardin,KY,Passenger,0.0,1.0,1.0,112.0,113.0,0.88,2017,10,24214,104,9,1.0,1.0,1.0,1.0,0.0,0.0,10.0,1.0000000000000002
2017-11-30,Hardin,KY,Passenger,0.0,1.0,1.0,114.0,115.0,0.87,2017,11,24215,104,10,1.0,1.0,1.0,1.0,0.0,0.0,11.0,1.0
2017-12-31,Hardin,KY,Passenger,0.0,1.0,1.0,114.0,115.0,0.87,2017,12,24216,104,11,1.0,1.0,1.0,1.0,0.0,0.0,12.0,1.0000000000000002
2018-01-31,Hardin,KY,Passenger,0.0,1.0,1.0,113.0,114.0,0.88,2018,1,24217,104,12,1.0,1.0,1.0,1.0,0.0,0.0,13.0,1.0000000000000002
2018-02-28,Hardin,KY,Passenger,0.0,1.0,1.0,111.0,112.0,0.89,2018,2,24218,104,13,1.0,1.0,1.0,1.0,0.0,0.0,14.0,1.0000000000000009
2018-03-31,Hardin,KY,Passenger,0.0,1.0,1.0,112.0,113.0,0.88,2018,3,24219,104,14,1.0,1.0,1.0,1.0,0.0,0.0,15.0,1.0000000000000007
2018-04-30,Hardin,KY,Passenger,0.0,1.0,1.0,112.0,113.0,0.88,2018,4,24220,104,15,1.0,1.0,1.0,1.0,0.0,0.0,16.0,1.0000000000000009
2018-05-31,Hardin,KY,Passenger,0.0,1.0,1.0,113.0,114.0,0.88,2018,5,24221,104,16,1.0,1.0,1.0,1.0,0.0,0.0,17.0,1.0
2018-06-30,Hardin,KY,Passenger,0.0,1.0,1.0,114.0,115.0,0.87,2018,6,24222,104,17,1.0,1.0,1.0,1.0,0.0,0.0,18.0,1.0000000000000002
2018-07-31,Hardin,KY,Passenger,0.0,1.0,1.0,114.0,115.0,0.87,2018,7,24223,104,18,1.0,1.0,1.0,1.0,0.0,0.0,19.0,1.000000000000002
2018-08-31,Hardin,KY,Passenger,0.0,1.0,1.0,114.0,115.0,0.87,2018,8,24224,104,19,1.0,1.0,1.0,1.0,0.0,0.0,20.0,0.9999999999999998
2018-09-30,Hardin,KY,Passenger,0.0,1.0,1.0,115.0,116.0,0.86,2018,9,24225,104,20,1.0,1.0,1.0,1.0,0.0,0.0,21.0,1.000000000000001
2018-10-31,Hardin,KY,Passenger,0.0,1.0,1.0,110.0,111.0,0.9,2018,10,24226,104,21,1.0,1.0,1.0,1.0,0.0,0.0,22.0,1.0000000000000013
2018-11-30,Hardin,KY,Passenger,0.0,1.0,1.0,106.0,107.0,0.93,2018,11,24227,104,22,1.0,1.0,1.0,1.0,0.0,0.0,23.0,1.0000000000000013
2018-12-31,Hardin,KY,Passenger,0.0,1.0,1.0,102.0,103.0,0.97,2018,12,24228,104,23,1.0,1.0,1.0,1.0,0.0,0.0,24.0,1.0000000000000004
2019-01-31,Hardin,KY,Passenger,0.0,1.0,1.0,99.0,100.0,1.0,2019,1,24229,104,24,1.0,1.0,1.0,1.0,0.0,0.0,25.0,1.0000000000000013
2019-02-28,Hardin,KY,Passenger,0.0,1.0,1.0,100.0,101.0,0.99,2019,2,24230,104,25,1.0,1.0,1.0,1.0,0.0,0.0,26.0,1.0000000000000013
2019-03-31,Hardin,KY,Passenger,0.0,1.0,1.0,97.0,98.0,1.02,2019,3,24231,104,26,1.0,1.0,1.0,1.0,0.0,0.0,27.0,1.0000000000000013
2022-08-31,Hardin,KY,Passenger,1.0,0.0,1.0,61.0,62.0,1.61,2022,8,24272,104,27,1.0,1.0,1.0,1.0,0.0,0.0,28.0,1.0000000000000013
2022-09-30,Hardin,KY,Passenger,1.0,0.0,1.0,61.0,62.0,1.61,2022,9,24273,104,28,1.0,1.0,1.0,1.0,0.0,0.0,29.0,1.0000000000000024
2022-10-31,Hardin,KY,Passenger,1.0,0.0,1.0,58.0,59.0,1.69,2022,10,24274,104,29,1.0,1.0,1.0,1.0,0.0,0.0,30.0,1.000000000000002
2022-11-30,Hardin,KY,Passenger,1.0,0.0,1.0,56.0,57.0,1.75,2022,11,24275,104,30,1.0,1.0,1.0,1.0,0.0,0.0,31.0,1.0000000000000009
2022-12-31,Hardin,KY,Passenger,1.0,0.0,1.0,55.0,56.0,1.79,2022,12,24276,104,31,1.0,1.0,1.0,1.0,0.0,0.0,32.0,1.000000000000002
2023-01-31,Hardin,KY,Passenger,1.0,0.0,1.0,53.0,54.0,1.85,2023,1,24277,104,32,1.0,1.0,1.0,1.0,0.0,0.0,33.0,1.0000000000000038
2023-02-28,Hardin,KY,Passenger,1.0,0.0,1.0,53.0,54.0,1.85,2023,2,24278,104,33,1.0,1.0,1.0,1.0,0.0,0.0,34.0,1.0000000000000004
2023-03-31,Hardin,KY,Passenger,1.0,0.0,1.0,53.0,54.0,1.85,2023,3,24279,104,34,1.0,1.0,1.0,1.0,0.0,0.0,35.0,1.000000000000002
2023-04-30,Hardin,KY,Passenger,1.0,0.0,1.0,54.0,55.0,1.82,2023,4,24280,104,35,1.0,1.0,1.0,1.0,0.0,0.0,36.0,1.0000000000000029
2023-05-31,Hardin,KY,Passenger,1.0,0.0,1.0,53.0,54.0,1.85,2023,5,24281,104,36,1.0,1.0,1.0,1.0,0.0,0.0,37.0,1.0000000000000038
2023-06-30,Hardin,KY,Passenger,1.0,0.0,1.0,53.0,54.0,1.85,2023,6,24282,104,37,1.0,1.0,1.0,1.0,0.0,0.0,38.0,1.0
2023-07-31,Hardin,KY,Passenger,1.0,0.0,1.0,53.0,54.0,1.85,2023,7,24283,104,38,1.0,1.0,1.0,1.0,0.0,0.0,39.0,1.0000000000000009
2023-08-31,Hardin,KY,Passenger,1.0,0.0,1.0,52.0,53.0,1.89,2023,8,24284,104,39,1.0,1.0,1.0,1.0,0.0,0.0,40.0,1.0000000000000009
2023-09-30,Hardin,KY,Passenger,1.0,0.0,1.0,51.0,52.0,1.92,2023,9,24285,104,40,1.0,1.0,1.0,1.0,0.0,0.0,41.0,1.0000000000000038
2023-10-31,Hardin,KY,Passenger,1.0,0.0,1.0,51.0,52.0,1.92,2023,10,24286,104,41,1.0,1.0,1.0,1.0,0.0,0.0,42.0,1.0000000000000009
2023-11-30,Hardin,KY,Passenger,1.0,0.0,1.0,51.0,52.0,1.92,2023,11,24287,104,42,1.0,1.0,1.0,1.0,0.0,0.0,43.0,1.0000000000000029
2023-12-31,Hardin,KY,Passenger,1.0,0.0,1.0,51.0,52.0,1.92,2023,12,24288,104,43,1.0,1.0,1.0,1.0,0.0,0.0,44.0,1.0000000000000029
2024-01-31,Hardin,KY,Passenger,1.0,0.0,1.0,50.0,51.0,1.96,2024,1,24289,104,44,1.0,1.0,1.0,1.0,0.0,0.0,45.0,1.0000000000000009
2024-02-29,Hardin,KY,Passenger,1.0,0.0,1.0,49.0,50.0,2.0,2024,2,24290,104,45,1.0,1.0,1.0,1.0,0.0,0.0,46.0,1.0000000000000009
2020-04-30,Harford,MD,Passenger,0.0,1.0,1.0,59.0,60.0,1.67,2020,4,24244,105,5,1.0,1.0,1.0,1.0,0.0,0.0,6.0,0.9999999999999998
2020-05-31,Harford,MD,Passenger,0.0,1.0,1.0,57.0,58.0,1.72,2020,5,24245,105,6,1.0,1.0,1.0,1.0,0.0,0.0,7.0,0.9999999999999998
2020-06-30,Harford,MD,Passenger,0.0,1.0,1.0,58.0,59.0,1.69,2020,6,24246,105,7,1.0,1.0,1.0,1.0,0.0,0.0,8.0,0.9999999999999999
2020-07-31,Harford,MD,Passenger,0.0,1.0,1.0,58.0,59.0,1.69,2020,7,24247,105,8,1.0,1.0,1.0,1.0,0.0,0.0,9.0,1.0000000000000002
2020-08-31,Harford,MD,Passenger,0.0,1.0,1.0,59.0,60.0,1.67,2020,8,24248,105,9,1.0,1.0,1.0,1.0,0.0,0.0,10.0,1.0000000000000002
2020-09-30,Harford,MD,Passenger,0.0,1.0,1.0,59.0,60.0,1.67,2020,9,24249,105,10,1.0,1.0,1.0,1.0,0.0,0.0,11.0,1.0
2020-10-31,Harford,MD,Passenger,0.0,1.0,1.0,60.0,61.0,1.64,2020,10,24250,105,11,1.0,1.0,1.0,1.0,0.0,0.0,12.0,1.0000000000000002
2020-11-30,Harford,MD,Passenger,0.0,1.0,1.0,59.0,60.0,1.67,2020,11,24251,105,12,1.0,1.0,1.0,1.0,0.0,0.0,13.0,1.0000000000000002
2020-12-31,Harford,MD,Passenger,0.0,1.0,1.0,58.0,59.0,1.69,2020,12,24252,105,13,1.0,1.0,1.0,1.0,0.0,0.0,14.0,1.0000000000000009
2021-01-31,Harford,MD,Passenger,0.0,1.0,1.0,59.0,60.0,1.67,2021,1,24253,105,14,1.0,1.0,1.0,1.0,0.0,0.0,15.0,1.0000000000000007
2021-02-28,Harford,MD,Passenger,0.0,1.0,1.0,58.0,59.0,1.69,2021,2,24254,105,15,1.0,1.0,1.0,1.0,0.0,0.0,16.0,1.0000000000000009
2021-03-31,Harford,MD,Passenger,0.0,1.0,1.0,58.0,59.0,1.69,2021,3,24255,105,16,1.0,1.0,1.0,1.0,0.0,0.0,17.0,1.0
2021-04-30,Harford,MD,Passenger,0.0,1.0,1.0,56.0,57.0,1.75,2021,4,24256,105,17,1.0,1.0,1.0,1.0,0.0,0.0,18.0,1.0000000000000002
2021-05-31,Harford,MD,Passenger,0.0,1.0,1.0,56.0,57.0,1.75,2021,5,24257,105,18,1.0,1.0,1.0,1.0,0.0,0.0,19.0,1.000000000000002
2021-06-30,Harford,MD,Passenger,0.0,1.0,1.0,55.0,56.0,1.79,2021,6,24258,105,19,1.0,1.0,1.0,1.0,0.0,0.0,20.0,0.9999999999999998
2021-07-31,Harford,MD,Passenger,0.0,1.0,1.0,53.0,54.0,1.85,2021,7,24259,105,20,1.0,1.0,1.0,1.0,0.0,0.0,21.0,1.000000000000001
2021-08-31,Harford,MD,Passenger,0.0,1.0,1.0,53.0,54.0,1.85,2021,8,24260,105,21,1.0,1.0,1.0,1.0,0.0,0.0,22.0,1.0000000000000013
2021-09-30,Harford,MD,Passenger,0.0,1.0,1.0,53.0,54.0,1.85,2021,9,24261,105,22,1.0,1.0,1.0,1.0,0.0,0.0,23.0,1.0000000000000013
2021-10-31,Harford,MD,Passenger,1.0,1.0,2.0,54.0,56.0,3.57,2021,10,24262,105,23,1.0,1.0,1.0,1.0,1.0,1.0,25.0,1.1428571428571426
2021-11-30,Harford,MD,Passenger,1.0,1.0,2.0,54.0,56.0,3.57,2021,11,24263,105,24,2.0,1.0,1.0,1.3333333333333333,0.0,1.0,27.0,1.371428571428573
2021-12-31,Harford,MD,Passenger,1.0,1.0,2.0,51.0,53.0,3.77,2021,12,24264,105,25,2.0,2.0,1.0,1.6666666666666667,0.0,1.0,29.0,1.6285714285714294
2022-01-31,Harford,MD,Passenger,1.0,1.0,2.0,51.0,53.0,3.77,2022,1,24265,105,26,2.0,2.0,2.0,2.0,0.0,0.0,31.0,1.8571428571428588
2022-02-28,Harford,MD,Passenger,1.0,1.0,2.0,49.0,51.0,3.92,2022,2,24266,105,27,2.0,2.0,2.0,2.0,0.0,0.0,33.0,2.0000000000000013
2022-03-31,Harford,MD,Passenger,1.0,1.0,2.0,49.0,51.0,3.92,2022,3,24267,105,28,2.0,2.0,2.0,2.0,0.0,0.0,35.0,2.000000000000001
2022-04-30,Harford,MD,Passenger,1.0,1.0,2.0,49.0,51.0,3.92,2022,4,24268,105,29,2.0,2.0,2.0,2.0,0.0,0.0,37.0,2.0000000000000004
2022-05-31,Harford,MD,Passenger,1.0,1.0,2.0,50.0,52.0,3.85,2022,5,24269,105,30,2.0,2.0,2.0,2.0,0.0,0.0,39.0,1.9999999999999991
2022-06-30,Harford,MD,Passenger,1.0,1.0,2.0,51.0,53.0,3.77,2022,6,24270,105,31,2.0,2.0,2.0,2.0,0.0,0.0,41.0,2.0000000000000027
2022-07-31,Harford,MD,Passenger,1.0,1.0,2.0,47.0,49.0,4.08,2022,7,24271,105,32,2.0,2.0,2.0,2.0,0.0,0.0,43.0,2.0000000000000027
2022-08-31,Harford,MD,Passenger,1.0,1.0,2.0,44.0,46.0,4.35,2022,8,24272,105,33,2.0,2.0,2.0,2.0,0.0,0.0,45.0,2.000000000000001
2022-09-30,Harford,MD,Passenger,1.0,1.0,2.0,44.0,46.0,4.35,2022,9,24273,105,34,2.0,2.0,2.0,2.0,0.0,0.0,47.0,2.0000000000000027
2022-10-31,Harford,MD,Passenger,1.0,1.0,2.0,42.0,44.0,4.55,2022,10,24274,105,35,2.0,2.0,2.0,2.0,0.0,0.0,49.0,2.000000000000001
2022-11-30,Harford,MD,Passenger,1.0,1.0,2.0,40.0,42.0,4.76,2022,11,24275,105,36,2.0,2.0,2.0,2.0,0.0,0.0,51.0,2.0000000000000018
2022-12-31,Harford,MD,Passenger,1.0,1.0,2.0,42.0,44.0,4.55,2022,12,24276,105,37,2.0,2.0,2.0,2.0,0.0,0.0,53.0,2.0000000000000027
2023-01-31,Harford,MD,Passenger,1.0,1.0,2.0,42.0,44.0,4.55,2023,1,24277,105,38,2.0,2.0,2.0,2.0,0.0,0.0,55.0,2.000000000000001
2023-02-28,Harford,MD,Passenger,1.0,1.0,2.0,42.0,44.0,4.55,2023,2,24278,105,39,2.0,2.0,2.0,2.0,0.0,0.0,57.0,2.000000000000001
2023-03-31,Harford,MD,Passenger,1.0,1.0,2.0,43.0,45.0,4.44,2023,3,24279,105,40,2.0,2.0,2.0,2.0,0.0,0.0,59.0,2.0000000000000018
2023-04-30,Harford,MD,Passenger,1.0,1.0,2.0,43.0,45.0,4.44,2023,4,24280,105,41,2.0,2.0,2.0,2.0,0.0,0.0,61.0,2.0000000000000018
2023-05-31,Harford,MD,Passenger,1.0,1.0,2.0,41.0,43.0,4.65,2023,5,24281,105,42,2.0,2.0,2.0,2.0,0.0,0.0,63.0,2.0000000000000018
2023-06-30,Harford,MD,Passenger,1.0,1.0,2.0,42.0,44.0,4.55,2023,6,24282,105,43,2.0,2.0,2.0,2.0,0.0,0.0,65.0,2.0
2023-07-31,Harford,MD,Passenger,1.0,1.0,2.0,41.0,43.0,4.65,2023,7,24283,105,44,2.0,2.0,2.0,2.0,0.0,0.0,67.0,2.000000000000004
2023-08-31,Harford,MD,Passenger,1.0,1.0,2.0,42.0,44.0,4.55,2023,8,24284,105,45,2.0,2.0,2.0,2.0,0.0,0.0,69.0,2.0
2023-09-30,Harford,MD,Passenger,1.0,1.0,2.0,40.0,42.0,4.76,2023,9,24285,105,46,2.0,2.0,2.0,2.0,0.0,0.0,71.0,2.0
2023-10-31,Harford,MD,Passenger,1.0,1.0,2.0,40.0,42.0,4.76,2023,10,24286,105,47,2.0,2.0,2.0,2.0,0.0,0.0,73.0,2.0000000000000018
2023-11-30,Harford,MD,Passenger,1.0,1.0,2.0,40.0,42.0,4.76,2023,11,24287,105,48,2.0,2.0,2.0,2.0,0.0,0.0,75.0,2.0000000000000058
2023-12-31,Harford,MD,Passenger,1.0,1.0,2.0,41.0,43.0,4.65,2023,12,24288,105,49,2.0,2.0,2.0,2.0,0.0,0.0,77.0,2.0000000000000058
2024-01-31,Harford,MD,Passenger,1.0,1.0,2.0,41.0,43.0,4.65,2024,1,24289,105,50,2.0,2.0,2.0,2.0,0.0,0.0,79.0,2.0
2024-02-29,Harford,MD,Passenger,1.0,1.0,2.0,41.0,43.0,4.65,2024,2,24290,105,51,2.0,2.0,2.0,2.0,0.0,0.0,81.0,2.0000000000000075
2017-06-30,Harnett,NC,Passenger,1.0,0.0,1.0,264.0,265.0,0.38,2017,6,24210,106,5,1.0,1.0,1.0,1.0,0.0,0.0,6.0,0.9999999999999998
2018-11-30,Harnett,NC,Passenger,1.0,0.0,1.0,240.0,241.0,0.41,2018,11,24227,106,6,1.0,1.0,1.0,1.0,0.0,0.0,7.0,0.9999999999999998
2018-12-31,Harnett,NC,Passenger,1.0,0.0,1.0,234.0,235.0,0.43,2018,12,24228,106,7,1.0,1.0,1.0,1.0,0.0,0.0,8.0,0.9999999999999999
2019-01-31,Harnett,NC,Passenger,1.0,0.0,1.0,228.0,229.0,0.44,2019,1,24229,106,8,1.0,1.0,1.0,1.0,0.0,0.0,9.0,1.0000000000000002
2019-02-28,Harnett,NC,Passenger,1.0,0.0,1.0,224.0,225.0,0.44,2019,2,24230,106,9,1.0,1.0,1.0,1.0,0.0,0.0,10.0,1.0000000000000002
2019-03-31,Harnett,NC,Passenger,1.0,0.0,1.0,224.0,225.0,0.44,2019,3,24231,106,10,1.0,1.0,1.0,1.0,0.0,0.0,11.0,1.0
2019-04-30,Harnett,NC,Passenger,1.0,1.0,2.0,222.0,224.0,0.89,2019,4,24232,106,11,1.0,1.0,1.0,1.0,1.0,1.0,13.0,1.1428571428571426
2019-05-31,Harnett,NC,Passenger,1.0,1.0,2.0,223.0,225.0,0.89,2019,5,24233,106,12,2.0,1.0,1.0,1.3333333333333333,0.0,1.0,15.0,1.3714285714285714
2019-06-30,Harnett,NC,Passenger,1.0,1.0,2.0,224.0,226.0,0.88,2019,6,24234,106,13,2.0,2.0,1.0,1.6666666666666667,0.0,1.0,17.0,1.6285714285714286
2019-07-31,Harnett,NC,Passenger,1.0,1.0,2.0,219.0,221.0,0.9,2019,7,24235,106,14,2.0,2.0,2.0,2.0,0.0,0.0,19.0,1.8571428571428577
2019-08-31,Harnett,NC,Passenger,1.0,1.0,2.0,217.0,219.0,0.91,2019,8,24236,106,15,2.0,2.0,2.0,2.0,0.0,0.0,21.0,2.0000000000000004
2019-09-30,Harnett,NC,Passenger,1.0,1.0,2.0,220.0,222.0,0.9,2019,9,24237,106,16,2.0,2.0,2.0,2.0,0.0,0.0,23.0,1.9999999999999998
2019-10-31,Harnett,NC,Passenger,1.0,1.0,2.0,219.0,221.0,0.9,2019,10,24238,106,17,2.0,2.0,2.0,2.0,0.0,0.0,25.0,1.9999999999999996
2019-11-30,Harnett,NC,Passenger,1.0,1.0,2.0,216.0,218.0,0.92,2019,11,24239,106,18,2.0,2.0,2.0,2.0,0.0,0.0,27.0,2.000000000000001
2019-12-31,Harnett,NC,Passenger,1.0,1.0,2.0,214.0,216.0,0.93,2019,12,24240,106,19,2.0,2.0,2.0,2.0,0.0,0.0,29.0,2.000000000000001
2020-01-31,Harnett,NC,Passenger,1.0,1.0,2.0,213.0,215.0,0.93,2020,1,24241,106,20,2.0,2.0,2.0,2.0,0.0,0.0,31.0,2.0000000000000004
2020-02-29,Harnett,NC,Passenger,1.0,1.0,2.0,217.0,219.0,0.91,2020,2,24242,106,21,2.0,2.0,2.0,2.0,0.0,0.0,33.0,2.0000000000000013
2020-03-31,Harnett,NC,Passenger,1.0,1.0,2.0,215.0,217.0,0.92,2020,3,24243,106,22,2.0,2.0,2.0,2.0,0.0,0.0,35.0,2.000000000000001
2020-04-30,Harnett,NC,Passenger,1.0,0.0,1.0,210.0,211.0,0.47,2020,4,24244,106,23,2.0,2.0,2.0,2.0,-0.5,-0.5,36.0,1.8571428571428596
2020-05-31,Harnett,NC,Passenger,1.0,0.0,1.0,210.0,211.0,0.47,2020,5,24245,106,24,1.0,2.0,2.0,1.6666666666666667,0.0,-0.5,37.0,1.6285714285714314
2020-06-30,Harnett,NC,Passenger,1.0,0.0,1.0,208.0,209.0,0.48,2020,6,24246,106,25,1.0,1.0,2.0,1.3333333333333333,0.0,-0.5,38.0,1.3714285714285719
2020-07-31,Harnett,NC,Passenger,1.0,0.0,1.0,204.0,205.0,0.49,2020,7,24247,106,26,1.0,1.0,1.0,1.0,0.0,0.0,39.0,1.1428571428571441
2020-08-31,Harnett,NC,Passenger,1.0,0.0,1.0,203.0,204.0,0.49,2020,8,24248,106,27,1.0,1.0,1.0,1.0,0.0,0.0,40.0,1.0000000000000009
2020-09-30,Harnett,NC,Passenger,1.0,0.0,1.0,200.0,201.0,0.5,2020,9,24249,106,28,1.0,1.0,1.0,1.0,0.0,0.0,41.0,1.0000000000000038
2020-10-31,Harnett,NC,Passenger,1.0,0.0,1.0,199.0,200.0,0.5,2020,10,24250,106,29,1.0,1.0,1.0,1.0,0.0,0.0,42.0,1.0000000000000009
2020-11-30,Harnett,NC,Passenger,1.0,0.0,1.0,199.0,200.0,0.5,2020,11,24251,106,30,1.0,1.0,1.0,1.0,0.0,0.0,43.0,1.0000000000000029
2020-12-31,Harnett,NC,Passenger,1.0,0.0,1.0,198.0,199.0,0.5,2020,12,24252,106,31,1.0,1.0,1.0,1.0,0.0,0.0,44.0,1.0000000000000029
2021-01-31,Harnett,NC,Passenger,1.0,0.0,1.0,197.0,198.0,0.51,2021,1,24253,106,32,1.0,1.0,1.0,1.0,0.0,0.0,45.0,1.0000000000000009
2021-02-28,Harnett,NC,Passenger,1.0,0.0,1.0,195.0,196.0,0.51,2021,2,24254,106,33,1.0,1.0,1.0,1.0,0.0,0.0,46.0,1.0000000000000009
2021-03-31,Harnett,NC,Passenger,1.0,1.0,2.0,190.0,192.0,1.04,2021,3,24255,106,34,1.0,1.0,1.0,1.0,1.0,1.0,48.0,1.142857142857146
2021-04-30,Harnett,NC,Passenger,1.0,1.0,2.0,188.0,190.0,1.05,2021,4,24256,106,35,2.0,1.0,1.0,1.3333333333333333,0.0,1.0,50.0,1.3714285714285719
2021-05-31,Harnett,NC,Passenger,1.0,1.0,2.0,187.0,189.0,1.06,2021,5,24257,106,36,2.0,2.0,1.0,1.6666666666666667,0.0,1.0,52.0,1.628571428571429
2021-06-30,Harnett,NC,Passenger,1.0,1.0,2.0,183.0,185.0,1.08,2021,6,24258,106,37,2.0,2.0,2.0,2.0,0.0,0.0,54.0,1.8571428571428596
2021-07-31,Harnett,NC,Passenger,1.0,1.0,2.0,184.0,186.0,1.08,2021,7,24259,106,38,2.0,2.0,2.0,2.0,0.0,0.0,56.0,2.0000000000000027
2021-08-31,Harnett,NC,Passenger,1.0,1.0,2.0,180.0,182.0,1.1,2021,8,24260,106,39,2.0,2.0,2.0,2.0,0.0,0.0,58.0,2.000000000000005
2021-09-30,Harnett,NC,Passenger,1.0,1.0,2.0,174.0,176.0,1.14,2021,9,24261,106,40,2.0,2.0,2.0,2.0,0.0,0.0,60.0,2.000000000000004
2021-10-31,Harnett,NC,Passenger,1.0,1.0,2.0,171.0,173.0,1.16,2021,10,24262,106,41,2.0,2.0,2.0,2.0,0.0,0.0,62.0,2.0000000000000018
2021-11-30,Harnett,NC,Passenger,1.0,1.0,2.0,170.0,172.0,1.16,2021,11,24263,106,42,2.0,2.0,2.0,2.0,0.0,0.0,64.0,2.000000000000004
2021-12-31,Harnett,NC,Passenger,1.0,1.0,2.0,170.0,172.0,1.16,2021,12,24264,106,43,2.0,2.0,2.0,2.0,0.0,0.0,66.0,2.0000000000000075
2022-01-31,Harnett,NC,Passenger,1.0,1.0,2.0,163.0,165.0,1.21,2022,1,24265,106,44,2.0,2.0,2.0,2.0,0.0,0.0,68.0,2.000000000000001
2022-02-28,Harnett,NC,Passenger,1.0,0.0,1.0,162.0,163.0,0.61,2022,2,24266,106,45,2.0,2.0,2.0,2.0,-0.5,-0.5,69.0,1.8571428571428596
2022-03-31,Harnett,NC,Passenger,2.0,0.0,2.0,161.0,163.0,1.23,2022,3,24267,106,46,1.0,2.0,2.0,1.6666666666666667,1.0,0.0,71.0,1.7714285714285702
2022-04-30,Harnett,NC,Passenger,2.0,0.0,2.0,162.0,164.0,1.22,2022,4,24268,106,47,2.0,1.0,2.0,1.6666666666666667,0.0,0.0,73.0,1.7428571428571487
2022-05-31,Harnett,NC,Passenger,2.0,0.0,2.0,162.0,164.0,1.22,2022,5,24269,106,48,2.0,2.0,1.0,1.6666666666666667,0.0,1.0,75.0,1.771428571428574
2022-06-30,Harnett,NC,Passenger,2.0,0.0,2.0,163.0,165.0,1.21,2022,6,24270,106,49,2.0,2.0,2.0,2.0,0.0,0.0,77.0,1.8571428571428636
2022-07-31,Harnett,NC,Passenger,2.0,0.0,2.0,162.0,164.0,1.22,2022,7,24271,106,50,2.0,2.0,2.0,2.0,0.0,0.0,79.0,2.0
2022-08-31,Harnett,NC,Passenger,2.0,0.0,2.0,163.0,165.0,1.21,2022,8,24272,106,51,2.0,2.0,2.0,2.0,0.0,0.0,81.0,2.0000000000000075
2022-09-30,Harnett,NC,Passenger,2.0,0.0,2.0,159.0,161.0,1.24,2022,9,24273,106,52,2.0,2.0,2.0,2.0,0.0,0.0,83.0,2.0000000000000075
2022-10-31,Harnett,NC,Passenger,2.0,0.0,2.0,158.0,160.0,1.25,2022,10,24274,106,53,2.0,2.0,2.0,2.0,0.0,0.0,85.0,2.0000000000000098
2022-11-30,Harnett,NC,Passenger,2.0,0.0,2.0,157.0,159.0,1.26,2022,11,24275,106,54,2.0,2.0,2.0,2.0,0.0,0.0,87.0,2.0000000000000075
2022-12-31,Harnett,NC,Passenger,2.0,0.0,2.0,155.0,157.0,1.27,2022,12,24276,106,55,2.0,2.0,2.0,2.0,0.0,0.0,89.0,2.0000000000000058
2023-01-31,Harnett,NC,Passenger,2.0,0.0,2.0,153.0,155.0,1.29,2023,1,24277,106,56,2.0,2.0,2.0,2.0,0.0,0.0,91.0,2.0000000000000098
2023-02-28,Harnett,NC,Passenger,2.0,0.0,2.0,148.0,150.0,1.33,2023,2,24278,106,57,2.0,2.0,2.0,2.0,0.0,0.0,93.0,2.0000000000000058
2023-03-31,Harnett,NC,Passenger,3.0,0.0,3.0,147.0,150.0,2.0,2023,3,24279,106,58,2.0,2.0,2.0,2.0,0.5,0.5,96.0,2.142857142857146
2023-04-30,Harnett,NC,Passenger,4.0,0.0,4.0,145.0,149.0,2.68,2023,4,24280,106,59,3.0,2.0,2.0,2.3333333333333335,0.33333333333333326,1.0,100.0,2.51428571428572
2023-05-31,Harnett,NC,Passenger,4.0,0.0,4.0,142.0,146.0,2.74,2023,5,24281,106,60,4.0,3.0,2.0,3.0,0.0,1.0,104.0,3.000000000000001
2023-06-30,Harnett,NC,Passenger,4.0,0.0,4.0,142.0,146.0,2.74,2023,6,24282,106,61,4.0,4.0,3.0,3.6666666666666665,0.0,0.33333333333333326,108.0,3.4857142857142915
2023-07-31,Harnett,NC,Passenger,4.0,0.0,4.0,140.0,144.0,2.78,2023,7,24283,106,62,4.0,4.0,4.0,4.0,0.0,0.0,112.0,3.8571428571428616
2023-08-31,Harnett,NC,Passenger,4.0,0.0,4.0,136.0,140.0,2.86,2023,8,24284,106,63,4.0,4.0,4.0,4.0,0.0,0.0,116.0,4.00000000000001
2023-09-30,Harnett,NC,Passenger,4.0,0.0,4.0,136.0,140.0,2.86,2023,9,24285,106,64,4.0,4.0,4.0,4.0,0.0,0.0,120.0,4.000000000000008
2023-10-31,Harnett,NC,Passenger,4.0,0.0,4.0,133.0,137.0,2.92,2023,10,24286,106,65,4.0,4.0,4.0,4.0,0.0,0.0,124.0,4.0000000000000036
2023-11-30,Harnett,NC,Passenger,4.0,0.0,4.0,132.0,136.0,2.94,2023,11,24287,106,66,4.0,4.0,4.0,4.0,0.0,0.0,128.0,4.000000000000008
2023-12-31,Harnett,NC,Passenger,4.0,0.0,4.0,132.0,136.0,2.94,2023,12,24288,106,67,4.0,4.0,4.0,4.0,0.0,0.0,132.0,4.000000000000015
2024-01-31,Harnett,NC,Passenger,4.0,0.0,4.0,131.0,135.0,2.96,2024,1,24289,106,68,4.0,4.0,4.0,4.0,0.0,0.0,136.0,4.000000000000002
2024-02-29,Harnett,NC,Passenger,4.0,0.0,4.0,129.0,133.0,3.01,2024,2,24290,106,69,4.0,4.0,4.0,4.0,0.0,0.0,140.0,4.000000000000008
2019-06-30,Harris,TX,Passenger,1.0,1.0,2.0,269.0,271.0,0.74,2019,6,24234,107,5,1.0,1.0,1.0,1.0,1.0,1.0,7.0,1.1428571428571426
2019-07-31,Harris,TX,Passenger,1.0,1.0,2.0,272.0,274.0,0.73,2019,7,24235,107,6,2.0,1.0,1.0,1.3333333333333333,0.0,1.0,9.0,1.3714285714285712
2019-08-31,Harris,TX,Passenger,1.0,1.0,2.0,272.0,274.0,0.73,2019,8,24236,107,7,2.0,2.0,1.0,1.6666666666666667,0.0,1.0,11.0,1.6285714285714283
2019-09-30,Harris,TX,Passenger,1.0,1.0,2.0,271.0,273.0,0.73,2019,9,24237,107,8,2.0,2.0,2.0,2.0,0.0,0.0,13.0,1.8571428571428572
2019-10-31,Harris,TX,Passenger,1.0,1.0,2.0,269.0,271.0,0.74,2019,10,24238,107,9,2.0,2.0,2.0,2.0,0.0,0.0,15.0,1.9999999999999998
2019-11-30,Harris,TX,Passenger,1.0,1.0,2.0,265.0,267.0,0.75,2019,11,24239,107,10,2.0,2.0,2.0,2.0,0.0,0.0,17.0,2.0
2019-12-31,Harris,TX,Passenger,1.0,0.0,1.0,264.0,265.0,0.38,2019,12,24240,107,11,2.0,2.0,2.0,2.0,-0.5,-0.5,18.0,1.8571428571428568
2020-01-31,Harris,TX,Passenger,1.0,0.0,1.0,264.0,265.0,0.38,2020,1,24241,107,12,1.0,2.0,2.0,1.6666666666666667,0.0,-0.5,19.0,1.6285714285714283
2020-02-29,Harris,TX,Passenger,1.0,0.0,1.0,261.0,262.0,0.38,2020,2,24242,107,13,1.0,1.0,2.0,1.3333333333333333,0.0,-0.5,20.0,1.371428571428573
2020-03-31,Harris,TX,Passenger,1.0,0.0,1.0,260.0,261.0,0.38,2020,3,24243,107,14,1.0,1.0,1.0,1.0,0.0,0.0,21.0,1.1428571428571432
2020-04-30,Harris,TX,Passenger,1.0,0.0,1.0,257.0,258.0,0.39,2020,4,24244,107,15,1.0,1.0,1.0,1.0,0.0,0.0,22.0,1.0000000000000013
2020-05-31,Harris,TX,Passenger,1.0,0.0,1.0,255.0,256.0,0.39,2020,5,24245,107,16,1.0,1.0,1.0,1.0,0.0,0.0,23.0,1.0000000000000013
2020-06-30,Harris,TX,Passenger,1.0,0.0,1.0,253.0,254.0,0.39,2020,6,24246,107,17,1.0,1.0,1.0,1.0,0.0,0.0,24.0,1.0000000000000004
2020-07-31,Harris,TX,Passenger,1.0,0.0,1.0,246.0,247.0,0.4,2020,7,24247,107,18,1.0,1.0,1.0,1.0,0.0,0.0,25.0,1.0000000000000013
2020-08-31,Harris,TX,Passenger,1.0,0.0,1.0,242.0,243.0,0.41,2020,8,24248,107,19,1.0,1.0,1.0,1.0,0.0,0.0,26.0,1.0000000000000013
2020-09-30,Harris,TX,Passenger,1.0,0.0,1.0,248.0,249.0,0.4,2020,9,24249,107,20,1.0,1.0,1.0,1.0,0.0,0.0,27.0,1.0000000000000013
2020-10-31,Harris,TX,Passenger,1.0,0.0,1.0,247.0,248.0,0.4,2020,10,24250,107,21,1.0,1.0,1.0,1.0,0.0,0.0,28.0,1.0000000000000013
2020-11-30,Harris,TX,Passenger,1.0,0.0,1.0,243.0,244.0,0.41,2020,11,24251,107,22,1.0,1.0,1.0,1.0,0.0,0.0,29.0,1.0000000000000024
2020-12-31,Harris,TX,Passenger,1.0,1.0,2.0,243.0,245.0,0.82,2020,12,24252,107,23,1.0,1.0,1.0,1.0,1.0,1.0,31.0,1.1428571428571455
2021-01-31,Harris,TX,Passenger,1.0,1.0,2.0,238.0,240.0,0.83,2021,1,24253,107,24,2.0,1.0,1.0,1.3333333333333333,0.0,1.0,33.0,1.3714285714285714
2021-02-28,Harris,TX,Passenger,1.0,1.0,2.0,233.0,235.0,0.85,2021,2,24254,107,25,2.0,2.0,1.0,1.6666666666666667,0.0,1.0,35.0,1.628571428571429
2021-03-31,Harris,TX,Passenger,1.0,1.0,2.0,231.0,233.0,0.86,2021,3,24255,107,26,2.0,2.0,2.0,2.0,0.0,0.0,37.0,1.8571428571428596
2021-04-30,Harris,TX,Passenger,1.0,1.0,2.0,229.0,231.0,0.87,2021,4,24256,107,27,2.0,2.0,2.0,2.0,0.0,0.0,39.0,1.9999999999999991
2021-05-31,Harris,TX,Passenger,1.0,1.0,2.0,224.0,226.0,0.88,2021,5,24257,107,28,2.0,2.0,2.0,2.0,0.0,0.0,41.0,2.0000000000000027
2021-06-30,Harris,TX,Passenger,1.0,1.0,2.0,223.0,225.0,0.89,2021,6,24258,107,29,2.0,2.0,2.0,2.0,0.0,0.0,43.0,2.0000000000000027
2021-07-31,Harris,TX,Passenger,1.0,1.0,2.0,214.0,216.0,0.93,2021,7,24259,107,30,2.0,2.0,2.0,2.0,0.0,0.0,45.0,2.000000000000001
2021-08-31,Harris,TX,Passenger,1.0,1.0,2.0,207.0,209.0,0.96,2021,8,24260,107,31,2.0,2.0,2.0,2.0,0.0,0.0,47.0,2.0000000000000027
2021-09-30,Harris,TX,Passenger,1.0,1.0,2.0,202.0,204.0,0.98,2021,9,24261,107,32,2.0,2.0,2.0,2.0,0.0,0.0,49.0,2.000000000000001
2021-10-31,Harris,TX,Passenger,1.0,1.0,2.0,198.0,200.0,1.0,2021,10,24262,107,33,2.0,2.0,2.0,2.0,0.0,0.0,51.0,2.0000000000000018
2021-11-30,Harris,TX,Passenger,1.0,1.0,2.0,196.0,198.0,1.01,2021,11,24263,107,34,2.0,2.0,2.0,2.0,0.0,0.0,53.0,2.0000000000000027
2021-12-31,Harris,TX,Passenger,1.0,0.0,1.0,188.0,189.0,0.53,2021,12,24264,107,35,2.0,2.0,2.0,2.0,-0.5,-0.5,54.0,1.8571428571428568
2022-01-31,Harris,TX,Passenger,1.0,0.0,1.0,186.0,187.0,0.53,2022,1,24265,107,36,1.0,2.0,2.0,1.6666666666666667,0.0,-0.5,55.0,1.628571428571429
2022-02-28,Harris,TX,Passenger,1.0,0.0,1.0,183.0,184.0,0.54,2022,2,24266,107,37,1.0,1.0,2.0,1.3333333333333333,0.0,-0.5,56.0,1.3714285714285739
2022-03-31,Harris,TX,Passenger,1.0,0.0,1.0,173.0,174.0,0.57,2022,3,24267,107,38,1.0,1.0,1.0,1.0,0.0,0.0,57.0,1.142857142857148
2022-04-30,Harris,TX,Passenger,2.0,0.0,2.0,174.0,176.0,1.14,2022,4,24268,107,39,1.0,1.0,1.0,1.0,1.0,1.0,59.0,1.142857142857148
2022-05-31,Harris,TX,Passenger,2.0,0.0,2.0,168.0,170.0,1.18,2022,5,24269,107,40,2.0,1.0,1.0,1.3333333333333333,0.0,1.0,61.0,1.3714285714285768
2022-06-30,Harris,TX,Passenger,1.0,0.0,1.0,164.0,165.0,0.61,2022,6,24270,107,41,2.0,2.0,1.0,1.6666666666666667,-0.5,0.0,62.0,1.485714285714284
2022-07-31,Harris,TX,Passenger,1.0,0.0,1.0,155.0,156.0,0.64,2022,7,24271,107,42,1.0,2.0,2.0,1.6666666666666667,0.0,-0.5,63.0,1.485714285714286
2022-08-31,Harris,TX,Passenger,1.0,0.0,1.0,153.0,154.0,0.65,2022,8,24272,107,43,1.0,1.0,2.0,1.3333333333333333,0.0,-0.5,64.0,1.3714285714285748
2022-09-30,Harris,TX,Passenger,1.0,0.0,1.0,154.0,155.0,0.65,2022,9,24273,107,44,1.0,1.0,1.0,1.0,0.0,0.0,65.0,1.142857142857147
2022-10-31,Harris,TX,Passenger,1.0,0.0,1.0,153.0,154.0,0.65,2022,10,24274,107,45,1.0,1.0,1.0,1.0,0.0,0.0,66.0,1.0000000000000029
2022-11-30,Harris,TX,Passenger,1.0,0.0,1.0,151.0,152.0,0.66,2022,11,24275,107,46,1.0,1.0,1.0,1.0,0.0,0.0,67.0,1.0000000000000049
2022-12-31,Harris,TX,Passenger,1.0,0.0,1.0,152.0,153.0,0.65,2022,12,24276,107,47,1.0,1.0,1.0,1.0,0.0,0.0,68.0,1.0000000000000087
2023-01-31,Harris,TX,Passenger,1.0,0.0,1.0,148.0,149.0,0.67,2023,1,24277,107,48,1.0,1.0,1.0,1.0,0.0,0.0,69.0,1.0000000000000067
2023-02-28,Harris,TX,Passenger,1.0,1.0,2.0,146.0,148.0,1.35,2023,2,24278,107,49,1.0,1.0,1.0,1.0,1.0,1.0,71.0,1.1428571428571432
2023-03-31,Harris,TX,Passenger,2.0,1.0,3.0,142.0,145.0,2.07,2023,3,24279,107,50,2.0,1.0,1.0,1.3333333333333333,0.5,2.0,74.0,1.5142857142857131
2023-04-30,Harris,TX,Passenger,1.0,1.0,2.0,141.0,143.0,1.4,2023,4,24280,107,51,3.0,2.0,1.0,2.0,-0.33333333333333337,1.0,76.0,1.8571428571428616
2023-05-31,Harris,TX,Passenger,1.0,1.0,2.0,140.0,142.0,1.41,2023,5,24281,107,52,2.0,3.0,2.0,2.3333333333333335,0.0,0.0,78.0,2.1142857142857188
2023-06-30,Harris,TX,Passenger,2.0,1.0,3.0,139.0,142.0,2.11,2023,6,24282,107,53,2.0,2.0,3.0,2.3333333333333335,0.5,0.0,81.0,2.371428571428576
2023-07-31,Harris,TX,Passenger,2.0,1.0,3.0,137.0,140.0,2.14,2023,7,24283,107,54,3.0,2.0,2.0,2.3333333333333335,0.0,0.5,84.0,2.514285714285718
2023-08-31,Harris,TX,Passenger,2.0,1.0,3.0,126.0,129.0,2.33,2023,8,24284,107,55,3.0,3.0,2.0,2.6666666666666665,0.0,0.5,87.0,2.628571428571429
2023-09-30,Harris,TX,Passenger,2.0,1.0,3.0,118.0,121.0,2.48,2023,9,24285,107,56,3.0,3.0,3.0,3.0,0.0,0.0,90.0,2.8571428571428608
2023-10-31,Harris,TX,Passenger,2.0,1.0,3.0,111.0,114.0,2.63,2023,10,24286,107,57,3.0,3.0,3.0,3.0,0.0,0.0,93.0,3.000000000000005
2023-11-30,Harris,TX,Passenger,2.0,1.0,3.0,107.0,110.0,2.73,2023,11,24287,107,58,3.0,3.0,3.0,3.0,0.0,0.0,96.0,3.0000000000000084
2023-12-31,Harris,TX,Passenger,2.0,1.0,3.0,104.0,107.0,2.8,2023,12,24288,107,59,3.0,3.0,3.0,3.0,0.0,0.0,99.0,3.0000000000000084
2024-01-31,Harris,TX,Passenger,2.0,1.0,3.0,97.0,100.0,3.0,2024,1,24289,107,60,3.0,3.0,3.0,3.0,0.0,0.0,102.0,3.0000000000000067
2024-02-29,Harris,TX,Passenger,2.0,0.0,2.0,95.0,97.0,2.06,2024,2,24290,107,61,3.0,3.0,3.0,3.0,-0.33333333333333337,-0.33333333333333337,104.0,2.8571428571428683
2019-12-31,Harrison,MS,Passenger,1.0,0.0,1.0,61.0,62.0,1.61,2019,12,24240,108,5,1.0,1.0,1.0,1.0,0.0,0.0,6.0,0.9999999999999998
2020-01-31,Harrison,MS,Passenger,1.0,0.0,1.0,63.0,64.0,1.56,2020,1,24241,108,6,1.0,1.0,1.0,1.0,0.0,0.0,7.0,0.9999999999999998
2020-02-29,Harrison,MS,Passenger,1.0,0.0,1.0,63.0,64.0,1.56,2020,2,24242,108,7,1.0,1.0,1.0,1.0,0.0,0.0,8.0,0.9999999999999999
2020-03-31,Harrison,MS,Passenger,1.0,0.0,1.0,61.0,62.0,1.61,2020,3,24243,108,8,1.0,1.0,1.0,1.0,0.0,0.0,9.0,1.0000000000000002
2020-04-30,Harrison,MS,Passenger,1.0,0.0,1.0,60.0,61.0,1.64,2020,4,24244,108,9,1.0,1.0,1.0,1.0,0.0,0.0,10.0,1.0000000000000002
2020-05-31,Harrison,MS,Passenger,1.0,0.0,1.0,58.0,59.0,1.69,2020,5,24245,108,10,1.0,1.0,1.0,1.0,0.0,0.0,11.0,1.0
2020-06-30,Harrison,MS,Passenger,1.0,0.0,1.0,56.0,57.0,1.75,2020,6,24246,108,11,1.0,1.0,1.0,1.0,0.0,0.0,12.0,1.0000000000000002
2020-07-31,Harrison,MS,Passenger,1.0,0.0,1.0,54.0,55.0,1.82,2020,7,24247,108,12,1.0,1.0,1.0,1.0,0.0,0.0,13.0,1.0000000000000002
2020-08-31,Harrison,MS,Passenger,1.0,0.0,1.0,55.0,56.0,1.79,2020,8,24248,108,13,1.0,1.0,1.0,1.0,0.0,0.0,14.0,1.0000000000000009
2020-09-30,Harrison,MS,Passenger,1.0,0.0,1.0,54.0,55.0,1.82,2020,9,24249,108,14,1.0,1.0,1.0,1.0,0.0,0.0,15.0,1.0000000000000007
2020-10-31,Harrison,MS,Passenger,1.0,0.0,1.0,54.0,55.0,1.82,2020,10,24250,108,15,1.0,1.0,1.0,1.0,0.0,0.0,16.0,1.0000000000000009
2020-11-30,Harrison,MS,Passenger,1.0,0.0,1.0,56.0,57.0,1.75,2020,11,24251,108,16,1.0,1.0,1.0,1.0,0.0,0.0,17.0,1.0
2020-12-31,Harrison,MS,Passenger,2.0,0.0,2.0,55.0,57.0,3.51,2020,12,24252,108,17,1.0,1.0,1.0,1.0,1.0,1.0,19.0,1.1428571428571443
2021-01-31,Harrison,MS,Passenger,2.0,0.0,2.0,55.0,57.0,3.51,2021,1,24253,108,18,2.0,1.0,1.0,1.3333333333333333,0.0,1.0,21.0,1.371428571428572
2021-02-28,Harrison,MS,Passenger,2.0,0.0,2.0,58.0,60.0,3.33,2021,2,24254,108,19,2.0,2.0,1.0,1.6666666666666667,0.0,1.0,23.0,1.62857142857143
2021-03-31,Harrison,MS,Passenger,2.0,0.0,2.0,56.0,58.0,3.45,2021,3,24255,108,20,2.0,2.0,2.0,2.0,0.0,0.0,25.0,1.857142857142859
2021-04-30,Harrison,MS,Passenger,2.0,0.0,2.0,55.0,57.0,3.51,2021,4,24256,108,21,2.0,2.0,2.0,2.0,0.0,0.0,27.0,2.000000000000001
2021-05-31,Harrison,MS,Passenger,2.0,0.0,2.0,54.0,56.0,3.57,2021,5,24257,108,22,2.0,2.0,2.0,2.0,0.0,0.0,29.0,2.000000000000001
2021-06-30,Harrison,MS,Passenger,2.0,0.0,2.0,56.0,58.0,3.45,2021,6,24258,108,23,2.0,2.0,2.0,2.0,0.0,0.0,31.0,2.0000000000000004
2021-07-31,Harrison,MS,Passenger,2.0,0.0,2.0,57.0,59.0,3.39,2021,7,24259,108,24,2.0,2.0,2.0,2.0,0.0,0.0,33.0,2.0000000000000013
2021-08-31,Harrison,MS,Passenger,2.0,0.0,2.0,57.0,59.0,3.39,2021,8,24260,108,25,2.0,2.0,2.0,2.0,0.0,0.0,35.0,2.000000000000001
2021-09-30,Harrison,MS,Passenger,2.0,0.0,2.0,56.0,58.0,3.45,2021,9,24261,108,26,2.0,2.0,2.0,2.0,0.0,0.0,37.0,2.0000000000000004
2021-10-31,Harrison,MS,Passenger,2.0,0.0,2.0,54.0,56.0,3.57,2021,10,24262,108,27,2.0,2.0,2.0,2.0,0.0,0.0,39.0,1.9999999999999991
2021-11-30,Harrison,MS,Passenger,2.0,0.0,2.0,52.0,54.0,3.7,2021,11,24263,108,28,2.0,2.0,2.0,2.0,0.0,0.0,41.0,2.0000000000000027
2021-12-31,Harrison,MS,Passenger,2.0,0.0,2.0,51.0,53.0,3.77,2021,12,24264,108,29,2.0,2.0,2.0,2.0,0.0,0.0,43.0,2.0000000000000027
2022-01-31,Harrison,MS,Passenger,2.0,0.0,2.0,50.0,52.0,3.85,2022,1,24265,108,30,2.0,2.0,2.0,2.0,0.0,0.0,45.0,2.000000000000001
2022-02-28,Harrison,MS,Passenger,2.0,0.0,2.0,51.0,53.0,3.77,2022,2,24266,108,31,2.0,2.0,2.0,2.0,0.0,0.0,47.0,2.0000000000000027
2022-03-31,Harrison,MS,Passenger,2.0,0.0,2.0,50.0,52.0,3.85,2022,3,24267,108,32,2.0,2.0,2.0,2.0,0.0,0.0,49.0,2.000000000000001
2022-04-30,Harrison,MS,Passenger,2.0,0.0,2.0,51.0,53.0,3.77,2022,4,24268,108,33,2.0,2.0,2.0,2.0,0.0,0.0,51.0,2.0000000000000018
2022-05-31,Harrison,MS,Passenger,2.0,0.0,2.0,51.0,53.0,3.77,2022,5,24269,108,34,2.0,2.0,2.0,2.0,0.0,0.0,53.0,2.0000000000000027
2022-06-30,Harrison,MS,Passenger,1.0,0.0,1.0,49.0,50.0,2.0,2022,6,24270,108,35,2.0,2.0,2.0,2.0,-0.5,-0.5,54.0,1.8571428571428568
2022-07-31,Harrison,MS,Passenger,1.0,0.0,1.0,46.0,47.0,2.13,2022,7,24271,108,36,1.0,2.0,2.0,1.6666666666666667,0.0,-0.5,55.0,1.628571428571429
2022-08-31,Harrison,MS,Passenger,1.0,0.0,1.0,43.0,44.0,2.27,2022,8,24272,108,37,1.0,1.0,2.0,1.3333333333333333,0.0,-0.5,56.0,1.3714285714285739
2022-09-30,Harrison,MS,Passenger,1.0,0.0,1.0,42.0,43.0,2.33,2022,9,24273,108,38,1.0,1.0,1.0,1.0,0.0,0.0,57.0,1.142857142857148
2022-10-31,Harrison,MS,Passenger,1.0,0.0,1.0,41.0,42.0,2.38,2022,10,24274,108,39,1.0,1.0,1.0,1.0,0.0,0.0,58.0,1.0000000000000038
2022-11-30,Harrison,MS,Passenger,1.0,0.0,1.0,39.0,40.0,2.5,2022,11,24275,108,40,1.0,1.0,1.0,1.0,0.0,0.0,59.0,1.0000000000000038
2022-12-31,Harrison,MS,Passenger,1.0,0.0,1.0,39.0,40.0,2.5,2022,12,24276,108,41,1.0,1.0,1.0,1.0,0.0,0.0,60.0,1.0000000000000038
2023-01-31,Harrison,MS,Passenger,1.0,0.0,1.0,38.0,39.0,2.56,2023,1,24277,108,42,1.0,1.0,1.0,1.0,0.0,0.0,61.0,1.0000000000000049
2023-02-28,Harrison,MS,Passenger,1.0,0.0,1.0,37.0,38.0,2.63,2023,2,24278,108,43,1.0,1.0,1.0,1.0,0.0,0.0,62.0,1.0000000000000067
2023-03-31,Harrison,MS,Passenger,1.0,0.0,1.0,36.0,37.0,2.7,2023,3,24279,108,44,1.0,1.0,1.0,1.0,0.0,0.0,63.0,1.0000000000000009
2023-04-30,Harrison,MS,Passenger,1.0,0.0,1.0,36.0,37.0,2.7,2023,4,24280,108,45,1.0,1.0,1.0,1.0,0.0,0.0,64.0,0.999999999999999
2023-05-31,Harrison,MS,Passenger,1.0,0.0,1.0,35.0,36.0,2.78,2023,5,24281,108,46,1.0,1.0,1.0,1.0,0.0,0.0,65.0,1.0000000000000049
2023-06-30,Harrison,MS,Passenger,1.0,0.0,1.0,33.0,34.0,2.94,2023,6,24282,108,47,1.0,1.0,1.0,1.0,0.0,0.0,66.0,1.0000000000000029
2023-07-31,Harrison,MS,Passenger,1.0,0.0,1.0,32.0,33.0,3.03,2023,7,24283,108,48,1.0,1.0,1.0,1.0,0.0,0.0,67.0,1.0000000000000049
2023-08-31,Harrison,MS,Passenger,1.0,0.0,1.0,32.0,33.0,3.03,2023,8,24284,108,49,1.0,1.0,1.0,1.0,0.0,0.0,68.0,1.0000000000000087
2023-09-30,Harrison,MS,Passenger,1.0,0.0,1.0,29.0,30.0,3.33,2023,9,24285,108,50,1.0,1.0,1.0,1.0,0.0,0.0,69.0,1.0000000000000067
2023-10-31,Harrison,MS,Passenger,1.0,0.0,1.0,28.0,29.0,3.45,2023,10,24286,108,51,1.0,1.0,1.0,1.0,0.0,0.0,70.0,1.0000000000000049
2023-11-30,Harrison,MS,Passenger,1.0,0.0,1.0,27.0,28.0,3.57,2023,11,24287,108,52,1.0,1.0,1.0,1.0,0.0,0.0,71.0,1.0000000000000049
2017-06-30,Hawaii,HI,Passenger,1.0,0.0,1.0,83.0,84.0,1.19,2017,6,24210,109,5,1.0,1.0,1.0,1.0,0.0,0.0,6.0,0.9999999999999998
2017-07-31,Hawaii,HI,Passenger,1.0,0.0,1.0,82.0,83.0,1.2,2017,7,24211,109,6,1.0,1.0,1.0,1.0,0.0,0.0,7.0,0.9999999999999998
2017-08-31,Hawaii,HI,Passenger,1.0,0.0,1.0,80.0,81.0,1.23,2017,8,24212,109,7,1.0,1.0,1.0,1.0,0.0,0.0,8.0,0.9999999999999999
2017-09-30,Hawaii,HI,Passenger,1.0,0.0,1.0,80.0,81.0,1.23,2017,9,24213,109,8,1.0,1.0,1.0,1.0,0.0,0.0,9.0,1.0000000000000002
2017-10-31,Hawaii,HI,Passenger,1.0,0.0,1.0,77.0,78.0,1.28,2017,10,24214,109,9,1.0,1.0,1.0,1.0,0.0,0.0,10.0,1.0000000000000002
2017-11-30,Hawaii,HI,Passenger,1.0,0.0,1.0,80.0,81.0,1.23,2017,11,24215,109,10,1.0,1.0,1.0,1.0,0.0,0.0,11.0,1.0
2017-12-31,Hawaii,HI,Passenger,1.0,0.0,1.0,81.0,82.0,1.22,2017,12,24216,109,11,1.0,1.0,1.0,1.0,0.0,0.0,12.0,1.0000000000000002
2018-01-31,Hawaii,HI,Passenger,1.0,0.0,1.0,82.0,83.0,1.2,2018,1,24217,109,12,1.0,1.0,1.0,1.0,0.0,0.0,13.0,1.0000000000000002
2018-02-28,Hawaii,HI,Passenger,1.0,0.0,1.0,84.0,85.0,1.18,2018,2,24218,109,13,1.0,1.0,1.0,1.0,0.0,0.0,14.0,1.0000000000000009
2018-03-31,Hawaii,HI,Passenger,1.0,0.0,1.0,81.0,82.0,1.22,2018,3,24219,109,14,1.0,1.0,1.0,1.0,0.0,0.0,15.0,1.0000000000000007
2018-04-30,Hawaii,HI,Passenger,1.0,0.0,1.0,78.0,79.0,1.27,2018,4,24220,109,15,1.0,1.0,1.0,1.0,0.0,0.0,16.0,1.0000000000000009
2018-05-31,Hawaii,HI,Passenger,1.0,0.0,1.0,77.0,78.0,1.28,2018,5,24221,109,16,1.0,1.0,1.0,1.0,0.0,0.0,17.0,1.0
2018-06-30,Hawaii,HI,Passenger,1.0,0.0,1.0,74.0,75.0,1.33,2018,6,24222,109,17,1.0,1.0,1.0,1.0,0.0,0.0,18.0,1.0000000000000002
2018-07-31,Hawaii,HI,Passenger,1.0,0.0,1.0,76.0,77.0,1.3,2018,7,24223,109,18,1.0,1.0,1.0,1.0,0.0,0.0,19.0,1.000000000000002
2018-08-31,Hawaii,HI,Passenger,1.0,0.0,1.0,74.0,75.0,1.33,2018,8,24224,109,19,1.0,1.0,1.0,1.0,0.0,0.0,20.0,0.9999999999999998
2018-09-30,Hawaii,HI,Passenger,1.0,0.0,1.0,73.0,74.0,1.35,2018,9,24225,109,20,1.0,1.0,1.0,1.0,0.0,0.0,21.0,1.000000000000001
2018-10-31,Hawaii,HI,Passenger,1.0,0.0,1.0,70.0,71.0,1.41,2018,10,24226,109,21,1.0,1.0,1.0,1.0,0.0,0.0,22.0,1.0000000000000013
2018-11-30,Hawaii,HI,Passenger,1.0,0.0,1.0,68.0,69.0,1.45,2018,11,24227,109,22,1.0,1.0,1.0,1.0,0.0,0.0,23.0,1.0000000000000013
2018-12-31,Hawaii,HI,Passenger,1.0,0.0,1.0,65.0,66.0,1.52,2018,12,24228,109,23,1.0,1.0,1.0,1.0,0.0,0.0,24.0,1.0000000000000004
2019-01-31,Hawaii,HI,Passenger,1.0,0.0,1.0,63.0,64.0,1.56,2019,1,24229,109,24,1.0,1.0,1.0,1.0,0.0,0.0,25.0,1.0000000000000013
2019-02-28,Hawaii,HI,Passenger,1.0,0.0,1.0,66.0,67.0,1.49,2019,2,24230,109,25,1.0,1.0,1.0,1.0,0.0,0.0,26.0,1.0000000000000013
2019-03-31,Hawaii,HI,Passenger,1.0,0.0,1.0,65.0,66.0,1.52,2019,3,24231,109,26,1.0,1.0,1.0,1.0,0.0,0.0,27.0,1.0000000000000013
2019-04-30,Hawaii,HI,Passenger,1.0,0.0,1.0,65.0,66.0,1.52,2019,4,24232,109,27,1.0,1.0,1.0,1.0,0.0,0.0,28.0,1.0000000000000013
2019-05-31,Hawaii,HI,Passenger,1.0,0.0,1.0,66.0,67.0,1.49,2019,5,24233,109,28,1.0,1.0,1.0,1.0,0.0,0.0,29.0,1.0000000000000024
2019-06-30,Hawaii,HI,Passenger,1.0,0.0,1.0,61.0,62.0,1.61,2019,6,24234,109,29,1.0,1.0,1.0,1.0,0.0,0.0,30.0,1.000000000000002
2019-07-31,Hawaii,HI,Passenger,1.0,0.0,1.0,63.0,64.0,1.56,2019,7,24235,109,30,1.0,1.0,1.0,1.0,0.0,0.0,31.0,1.0000000000000009
2019-08-31,Hawaii,HI,Passenger,1.0,0.0,1.0,61.0,62.0,1.61,2019,8,24236,109,31,1.0,1.0,1.0,1.0,0.0,0.0,32.0,1.000000000000002
2019-09-30,Hawaii,HI,Passenger,1.0,0.0,1.0,61.0,62.0,1.61,2019,9,24237,109,32,1.0,1.0,1.0,1.0,0.0,0.0,33.0,1.0000000000000038
2019-10-31,Hawaii,HI,Passenger,1.0,0.0,1.0,61.0,62.0,1.61,2019,10,24238,109,33,1.0,1.0,1.0,1.0,0.0,0.0,34.0,1.0000000000000004
2019-11-30,Hawaii,HI,Passenger,1.0,0.0,1.0,60.0,61.0,1.64,2019,11,24239,109,34,1.0,1.0,1.0,1.0,0.0,0.0,35.0,1.000000000000002
2019-12-31,Hawaii,HI,Passenger,1.0,0.0,1.0,63.0,64.0,1.56,2019,12,24240,109,35,1.0,1.0,1.0,1.0,0.0,0.0,36.0,1.0000000000000029
2020-01-31,Hawaii,HI,Passenger,1.0,0.0,1.0,64.0,65.0,1.54,2020,1,24241,109,36,1.0,1.0,1.0,1.0,0.0,0.0,37.0,1.0000000000000038
2020-02-29,Hawaii,HI,Passenger,1.0,0.0,1.0,64.0,65.0,1.54,2020,2,24242,109,37,1.0,1.0,1.0,1.0,0.0,0.0,38.0,1.0
2020-03-31,Hawaii,HI,Passenger,1.0,0.0,1.0,63.0,64.0,1.56,2020,3,24243,109,38,1.0,1.0,1.0,1.0,0.0,0.0,39.0,1.0000000000000009
2020-04-30,Hawaii,HI,Passenger,1.0,0.0,1.0,60.0,61.0,1.64,2020,4,24244,109,39,1.0,1.0,1.0,1.0,0.0,0.0,40.0,1.0000000000000009
2020-05-31,Hawaii,HI,Passenger,1.0,0.0,1.0,59.0,60.0,1.67,2020,5,24245,109,40,1.0,1.0,1.0,1.0,0.0,0.0,41.0,1.0000000000000038
2020-06-30,Hawaii,HI,Passenger,1.0,0.0,1.0,60.0,61.0,1.64,2020,6,24246,109,41,1.0,1.0,1.0,1.0,0.0,0.0,42.0,1.0000000000000009
2020-07-31,Hawaii,HI,Passenger,1.0,0.0,1.0,60.0,61.0,1.64,2020,7,24247,109,42,1.0,1.0,1.0,1.0,0.0,0.0,43.0,1.0000000000000029
2020-08-31,Hawaii,HI,Passenger,1.0,0.0,1.0,59.0,60.0,1.67,2020,8,24248,109,43,1.0,1.0,1.0,1.0,0.0,0.0,44.0,1.0000000000000029
2020-09-30,Hawaii,HI,Passenger,1.0,0.0,1.0,56.0,57.0,1.75,2020,9,24249,109,44,1.0,1.0,1.0,1.0,0.0,0.0,45.0,1.0000000000000009
2020-10-31,Hawaii,HI,Passenger,1.0,0.0,1.0,58.0,59.0,1.69,2020,10,24250,109,45,1.0,1.0,1.0,1.0,0.0,0.0,46.0,1.0000000000000009
2020-11-30,Hawaii,HI,Passenger,1.0,0.0,1.0,58.0,59.0,1.69,2020,11,24251,109,46,1.0,1.0,1.0,1.0,0.0,0.0,47.0,1.0000000000000029
2020-12-31,Hawaii,HI,Passenger,1.0,0.0,1.0,59.0,60.0,1.67,2020,12,24252,109,47,1.0,1.0,1.0,1.0,0.0,0.0,48.0,1.0000000000000009
2021-01-31,Hawaii,HI,Passenger,1.0,0.0,1.0,57.0,58.0,1.72,2021,1,24253,109,48,1.0,1.0,1.0,1.0,0.0,0.0,49.0,1.000000000000002
2021-02-28,Hawaii,HI,Passenger,1.0,0.0,1.0,55.0,56.0,1.79,2021,2,24254,109,49,1.0,1.0,1.0,1.0,0.0,0.0,50.0,1.000000000000002
2021-03-31,Hawaii,HI,Passenger,1.0,0.0,1.0,54.0,55.0,1.82,2021,3,24255,109,50,1.0,1.0,1.0,1.0,0.0,0.0,51.0,1.000000000000002
2021-04-30,Hawaii,HI,Passenger,1.0,0.0,1.0,54.0,55.0,1.82,2021,4,24256,109,51,1.0,1.0,1.0,1.0,0.0,0.0,52.0,1.0000000000000009
2021-05-31,Hawaii,HI,Passenger,1.0,0.0,1.0,52.0,53.0,1.89,2021,5,24257,109,52,1.0,1.0,1.0,1.0,0.0,0.0,53.0,1.0000000000000029
2021-06-30,Hawaii,HI,Passenger,1.0,0.0,1.0,51.0,52.0,1.92,2021,6,24258,109,53,1.0,1.0,1.0,1.0,0.0,0.0,54.0,1.0000000000000049
2021-07-31,Hawaii,HI,Passenger,1.0,0.0,1.0,49.0,50.0,2.0,2021,7,24259,109,54,1.0,1.0,1.0,1.0,0.0,0.0,55.0,1.0000000000000038
2021-08-31,Hawaii,HI,Passenger,1.0,0.0,1.0,50.0,51.0,1.96,2021,8,24260,109,55,1.0,1.0,1.0,1.0,0.0,0.0,56.0,1.0
2021-09-30,Hawaii,HI,Passenger,1.0,0.0,1.0,48.0,49.0,2.04,2021,9,24261,109,56,1.0,1.0,1.0,1.0,0.0,0.0,57.0,1.000000000000002
2021-10-31,Hawaii,HI,Passenger,1.0,0.0,1.0,47.0,48.0,2.08,2021,10,24262,109,57,1.0,1.0,1.0,1.0,0.0,0.0,58.0,1.0000000000000038
2021-11-30,Hawaii,HI,Passenger,1.0,0.0,1.0,47.0,48.0,2.08,2021,11,24263,109,58,1.0,1.0,1.0,1.0,0.0,0.0,59.0,1.0000000000000038
2021-12-31,Hawaii,HI,Passenger,1.0,0.0,1.0,46.0,47.0,2.13,2021,12,24264,109,59,1.0,1.0,1.0,1.0,0.0,0.0,60.0,1.0000000000000038
2022-01-31,Hawaii,HI,Passenger,1.0,0.0,1.0,43.0,44.0,2.27,2022,1,24265,109,60,1.0,1.0,1.0,1.0,0.0,0.0,61.0,1.0000000000000049
2022-02-28,Hawaii,HI,Passenger,1.0,0.0,1.0,43.0,44.0,2.27,2022,2,24266,109,61,1.0,1.0,1.0,1.0,0.0,0.0,62.0,1.0000000000000067
2022-03-31,Hawaii,HI,Passenger,1.0,0.0,1.0,43.0,44.0,2.27,2022,3,24267,109,62,1.0,1.0,1.0,1.0,0.0,0.0,63.0,1.0000000000000009
2022-04-30,Hawaii,HI,Passenger,1.0,0.0,1.0,42.0,43.0,2.33,2022,4,24268,109,63,1.0,1.0,1.0,1.0,0.0,0.0,64.0,0.999999999999999
2022-05-31,Hawaii,HI,Passenger,1.0,0.0,1.0,41.0,42.0,2.38,2022,5,24269,109,64,1.0,1.0,1.0,1.0,0.0,0.0,65.0,1.0000000000000049
2022-06-30,Hawaii,HI,Passenger,1.0,0.0,1.0,42.0,43.0,2.33,2022,6,24270,109,65,1.0,1.0,1.0,1.0,0.0,0.0,66.0,1.0000000000000029
2022-07-31,Hawaii,HI,Passenger,1.0,0.0,1.0,40.0,41.0,2.44,2022,7,24271,109,66,1.0,1.0,1.0,1.0,0.0,0.0,67.0,1.0000000000000049
2022-08-31,Hawaii,HI,Passenger,1.0,0.0,1.0,37.0,38.0,2.63,2022,8,24272,109,67,1.0,1.0,1.0,1.0,0.0,0.0,68.0,1.0000000000000087
2022-09-30,Hawaii,HI,Passenger,1.0,0.0,1.0,36.0,37.0,2.7,2022,9,24273,109,68,1.0,1.0,1.0,1.0,0.0,0.0,69.0,1.0000000000000067
2022-10-31,Hawaii,HI,Passenger,1.0,0.0,1.0,35.0,36.0,2.78,2022,10,24274,109,69,1.0,1.0,1.0,1.0,0.0,0.0,70.0,1.0000000000000049
2022-11-30,Hawaii,HI,Passenger,1.0,0.0,1.0,33.0,34.0,2.94,2022,11,24275,109,70,1.0,1.0,1.0,1.0,0.0,0.0,71.0,1.0000000000000049
2022-12-31,Hawaii,HI,Passenger,1.0,0.0,1.0,32.0,33.0,3.03,2022,12,24276,109,71,1.0,1.0,1.0,1.0,0.0,0.0,72.0,1.0000000000000067
2023-01-31,Hawaii,HI,Passenger,1.0,0.0,1.0,32.0,33.0,3.03,2023,1,24277,109,72,1.0,1.0,1.0,1.0,0.0,0.0,73.0,1.0000000000000049
2023-02-28,Hawaii,HI,Passenger,1.0,0.0,1.0,31.0,32.0,3.12,2023,2,24278,109,73,1.0,1.0,1.0,1.0,0.0,0.0,74.0,1.0000000000000009
2023-03-31,Hawaii,HI,Passenger,1.0,0.0,1.0,30.0,31.0,3.23,2023,3,24279,109,74,1.0,1.0,1.0,1.0,0.0,0.0,75.0,1.0000000000000029
2023-04-30,Hawaii,HI,Passenger,1.0,0.0,1.0,30.0,31.0,3.23,2023,4,24280,109,75,1.0,1.0,1.0,1.0,0.0,0.0,76.0,1.0000000000000049
2023-05-31,Hawaii,HI,Passenger,1.0,0.0,1.0,30.0,31.0,3.23,2023,5,24281,109,76,1.0,1.0,1.0,1.0,0.0,0.0,77.0,1.0000000000000087
2023-06-30,Hawaii,HI,Passenger,1.0,0.0,1.0,32.0,33.0,3.03,2023,6,24282,109,77,1.0,1.0,1.0,1.0,0.0,0.0,78.0,1.0000000000000049
2023-07-31,Hawaii,HI,Passenger,1.0,0.0,1.0,29.0,30.0,3.33,2023,7,24283,109,78,1.0,1.0,1.0,1.0,0.0,0.0,79.0,1.0000000000000029
2023-08-31,Hawaii,HI,Passenger,1.0,0.0,1.0,29.0,30.0,3.33,2023,8,24284,109,79,1.0,1.0,1.0,1.0,0.0,0.0,80.0,1.0000000000000087
2023-09-30,Hawaii,HI,Passenger,1.0,0.0,1.0,27.0,28.0,3.57,2023,9,24285,109,80,1.0,1.0,1.0,1.0,0.0,0.0,81.0,1.0000000000000029
2023-10-31,Hawaii,HI,Passenger,1.0,0.0,1.0,26.0,27.0,3.7,2023,10,24286,109,81,1.0,1.0,1.0,1.0,0.0,0.0,82.0,1.0000000000000104
2023-11-30,Hawaii,HI,Passenger,1.0,0.0,1.0,26.0,27.0,3.7,2023,11,24287,109,82,1.0,1.0,1.0,1.0,0.0,0.0,83.0,1.0000000000000049
2023-12-31,Hawaii,HI,Passenger,1.0,0.0,1.0,26.0,27.0,3.7,2023,12,24288,109,83,1.0,1.0,1.0,1.0,0.0,0.0,84.0,1.0000000000000049
2024-01-31,Hawaii,HI,Passenger,1.0,0.0,1.0,25.0,26.0,3.85,2024,1,24289,109,84,1.0,1.0,1.0,1.0,0.0,0.0,85.0,1.0000000000000009
2024-02-29,Hawaii,HI,Passenger,1.0,0.0,1.0,25.0,26.0,3.85,2024,2,24290,109,85,1.0,1.0,1.0,1.0,0.0,0.0,86.0,1.0000000000000067
2018-11-30,Hennepin,MN,Passenger,2.0,0.0,2.0,107.0,109.0,1.83,2018,11,24227,110,5,2.0,1.0,1.0,1.3333333333333333,0.0,1.0,8.0,1.371428571428571
2018-12-31,Hennepin,MN,Passenger,2.0,0.0,2.0,103.0,105.0,1.9,2018,12,24228,110,6,2.0,2.0,1.0,1.6666666666666667,0.0,1.0,10.0,1.6285714285714281
2019-01-31,Hennepin,MN,Passenger,2.0,0.0,2.0,104.0,106.0,1.89,2019,1,24229,110,7,2.0,2.0,2.0,2.0,0.0,0.0,12.0,1.8571428571428568
2019-02-28,Hennepin,MN,Passenger,2.0,0.0,2.0,103.0,105.0,1.9,2019,2,24230,110,8,2.0,2.0,2.0,2.0,0.0,0.0,14.0,1.9999999999999996
2019-03-31,Hennepin,MN,Passenger,2.0,0.0,2.0,101.0,103.0,1.94,2019,3,24231,110,9,2.0,2.0,2.0,2.0,0.0,0.0,16.0,1.9999999999999998
2019-04-30,Hennepin,MN,Passenger,2.0,0.0,2.0,101.0,103.0,1.94,2019,4,24232,110,10,2.0,2.0,2.0,2.0,0.0,0.0,18.0,2.0000000000000004
2019-05-31,Hennepin,MN,Passenger,2.0,0.0,2.0,101.0,103.0,1.94,2019,5,24233,110,11,2.0,2.0,2.0,2.0,0.0,0.0,20.0,2.0000000000000004
2019-06-30,Hennepin,MN,Passenger,2.0,1.0,3.0,101.0,104.0,2.88,2019,6,24234,110,12,2.0,2.0,2.0,2.0,0.5,0.5,23.0,2.142857142857144
2019-07-31,Hennepin,MN,Passenger,2.0,1.0,3.0,103.0,106.0,2.83,2019,7,24235,110,13,3.0,2.0,2.0,2.3333333333333335,0.0,0.5,26.0,2.3714285714285723
2019-08-31,Hennepin,MN,Passenger,3.0,1.0,4.0,104.0,108.0,3.7,2019,8,24236,110,14,3.0,3.0,2.0,2.6666666666666665,0.33333333333333326,1.0,30.0,2.771428571428572
2019-09-30,Hennepin,MN,Passenger,3.0,1.0,4.0,103.0,107.0,3.74,2019,9,24237,110,15,4.0,3.0,3.0,3.3333333333333335,0.0,0.33333333333333326,34.0,3.228571428571429
2019-10-31,Hennepin,MN,Passenger,3.0,1.0,4.0,99.0,103.0,3.88,2019,10,24238,110,16,4.0,4.0,3.0,3.6666666666666665,0.0,0.33333333333333326,38.0,3.62857142857143
2019-11-30,Hennepin,MN,Passenger,3.0,1.0,4.0,99.0,103.0,3.88,2019,11,24239,110,17,4.0,4.0,4.0,4.0,0.0,0.0,42.0,3.8571428571428577
2019-12-31,Hennepin,MN,Passenger,3.0,1.0,4.0,101.0,105.0,3.81,2019,12,24240,110,18,4.0,4.0,4.0,4.0,0.0,0.0,46.0,3.9999999999999996
2020-01-31,Hennepin,MN,Passenger,3.0,1.0,4.0,103.0,107.0,3.74,2020,1,24241,110,19,4.0,4.0,4.0,4.0,0.0,0.0,50.0,3.999999999999999
2020-02-29,Hennepin,MN,Passenger,3.0,1.0,4.0,100.0,104.0,3.85,2020,2,24242,110,20,4.0,4.0,4.0,4.0,0.0,0.0,54.0,4.000000000000002
2020-03-31,Hennepin,MN,Passenger,3.0,1.0,4.0,97.0,101.0,3.96,2020,3,24243,110,21,4.0,4.0,4.0,4.0,0.0,0.0,58.0,4.000000000000002
2020-04-30,Hennepin,MN,Passenger,3.0,1.0,4.0,93.0,97.0,4.12,2020,4,24244,110,22,4.0,4.0,4.0,4.0,0.0,0.0,62.0,4.000000000000001
2020-05-31,Hennepin,MN,Passenger,3.0,0.0,3.0,91.0,94.0,3.19,2020,5,24245,110,23,4.0,4.0,4.0,4.0,-0.25,-0.25,65.0,3.8571428571428616
2020-06-30,Hennepin,MN,Passenger,3.0,0.0,3.0,88.0,91.0,3.3,2020,6,24246,110,24,3.0,4.0,4.0,3.6666666666666665,0.0,-0.25,68.0,3.628571428571433
2020-07-31,Hennepin,MN,Passenger,3.0,0.0,3.0,92.0,95.0,3.16,2020,7,24247,110,25,3.0,3.0,4.0,3.3333333333333335,0.0,-0.25,71.0,3.371428571428572
2020-08-31,Hennepin,MN,Passenger,3.0,0.0,3.0,91.0,94.0,3.19,2020,8,24248,110,26,3.0,3.0,3.0,3.0,0.0,0.0,74.0,3.142857142857147
2020-09-30,Hennepin,MN,Passenger,2.0,0.0,2.0,86.0,88.0,2.27,2020,9,24249,110,27,3.0,3.0,3.0,3.0,-0.33333333333333337,-0.33333333333333337,76.0,2.8571428571428665
2020-10-31,Hennepin,MN,Passenger,2.0,0.0,2.0,86.0,88.0,2.27,2020,10,24250,110,28,2.0,3.0,3.0,2.6666666666666665,0.0,-0.33333333333333337,78.0,2.628571428571431
2020-11-30,Hennepin,MN,Passenger,2.0,0.0,2.0,86.0,88.0,2.27,2020,11,24251,110,29,2.0,2.0,3.0,2.3333333333333335,0.0,-0.33333333333333337,80.0,2.371428571428576
2020-12-31,Hennepin,MN,Passenger,2.0,0.0,2.0,85.0,87.0,2.3,2020,12,24252,110,30,2.0,2.0,2.0,2.0,0.0,0.0,82.0,2.142857142857148
2021-01-31,Hennepin,MN,Passenger,2.0,0.0,2.0,82.0,84.0,2.38,2021,1,24253,110,31,2.0,2.0,2.0,2.0,0.0,0.0,84.0,2.0000000000000018
2021-02-28,Hennepin,MN,Passenger,2.0,0.0,2.0,81.0,83.0,2.41,2021,2,24254,110,32,2.0,2.0,2.0,2.0,0.0,0.0,86.0,2.0000000000000058
2021-03-31,Hennepin,MN,Passenger,2.0,0.0,2.0,82.0,84.0,2.38,2021,3,24255,110,33,2.0,2.0,2.0,2.0,0.0,0.0,88.0,2.0000000000000058
2021-04-30,Hennepin,MN,Passenger,2.0,0.0,2.0,81.0,83.0,2.41,2021,4,24256,110,34,2.0,2.0,2.0,2.0,0.0,0.0,90.0,2.0000000000000018
2021-05-31,Hennepin,MN,Passenger,2.0,0.0,2.0,78.0,80.0,2.5,2021,5,24257,110,35,2.0,2.0,2.0,2.0,0.0,0.0,92.0,2.0000000000000018
2021-06-30,Hennepin,MN,Passenger,3.0,0.0,3.0,78.0,81.0,3.7,2021,6,24258,110,36,2.0,2.0,2.0,2.0,0.5,0.5,95.0,2.142857142857146
2021-07-31,Hennepin,MN,Passenger,3.0,0.0,3.0,75.0,78.0,3.85,2021,7,24259,110,37,3.0,2.0,2.0,2.3333333333333335,0.0,0.5,98.0,2.3714285714285777
2021-08-31,Hennepin,MN,Passenger,3.0,0.0,3.0,75.0,78.0,3.85,2021,8,24260,110,38,3.0,3.0,2.0,2.6666666666666665,0.0,0.5,101.0,2.6285714285714348
2021-09-30,Hennepin,MN,Passenger,3.0,0.0,3.0,75.0,78.0,3.85,2021,9,24261,110,39,3.0,3.0,3.0,3.0,0.0,0.0,104.0,2.8571428571428648
2021-10-31,Hennepin,MN,Passenger,3.0,0.0,3.0,74.0,77.0,3.9,2021,10,24262,110,40,3.0,3.0,3.0,3.0,0.0,0.0,107.0,3.0000000000000027
2021-11-30,Hennepin,MN,Passenger,3.0,0.0,3.0,70.0,73.0,4.11,2021,11,24263,110,41,3.0,3.0,3.0,3.0,0.0,0.0,110.0,3.000000000000005
2021-12-31,Hennepin,MN,Passenger,3.0,0.0,3.0,68.0,71.0,4.23,2021,12,24264,110,42,3.0,3.0,3.0,3.0,0.0,0.0,113.0,3.000000000000014
2022-01-31,Hennepin,MN,Passenger,3.0,0.0,3.0,68.0,71.0,4.23,2022,1,24265,110,43,3.0,3.0,3.0,3.0,0.0,0.0,116.0,3.0000000000000107
2022-02-28,Hennepin,MN,Passenger,3.0,0.0,3.0,67.0,70.0,4.29,2022,2,24266,110,44,3.0,3.0,3.0,3.0,0.0,0.0,119.0,3.000000000000005
2022-03-31,Hennepin,MN,Passenger,3.0,0.0,3.0,66.0,69.0,4.35,2022,3,24267,110,45,3.0,3.0,3.0,3.0,0.0,0.0,122.0,3.000000000000005
2022-04-30,Hennepin,MN,Passenger,3.0,0.0,3.0,62.0,65.0,4.62,2022,4,24268,110,46,3.0,3.0,3.0,3.0,0.0,0.0,125.0,3.0000000000000164
2022-05-31,Hennepin,MN,Passenger,2.0,0.0,2.0,58.0,60.0,3.33,2022,5,24269,110,47,3.0,3.0,3.0,3.0,-0.33333333333333337,-0.33333333333333337,127.0,2.8571428571428625
2022-06-30,Hennepin,MN,Passenger,1.0,0.0,1.0,52.0,53.0,1.89,2022,6,24270,110,48,2.0,3.0,3.0,2.6666666666666665,-0.5,-0.6666666666666667,128.0,2.485714285714289
2022-07-31,Hennepin,MN,Passenger,1.0,0.0,1.0,52.0,53.0,1.89,2022,7,24271,110,49,1.0,2.0,3.0,2.0,0.0,-0.6666666666666667,129.0,2.0000000000000133
2022-08-31,Hennepin,MN,Passenger,1.0,0.0,1.0,52.0,53.0,1.89,2022,8,24272,110,50,1.0,1.0,2.0,1.3333333333333333,0.0,-0.5,130.0,1.5142857142857267
2022-09-30,Hennepin,MN,Passenger,1.0,0.0,1.0,50.0,51.0,1.96,2022,9,24273,110,51,1.0,1.0,1.0,1.0,0.0,0.0,131.0,1.1428571428571488
2022-10-31,Hennepin,MN,Passenger,1.0,0.0,1.0,50.0,51.0,1.96,2022,10,24274,110,52,1.0,1.0,1.0,1.0,0.0,0.0,132.0,1.0000000000000087
2022-11-30,Hennepin,MN,Passenger,1.0,0.0,1.0,47.0,48.0,2.08,2022,11,24275,110,53,1.0,1.0,1.0,1.0,0.0,0.0,133.0,1.0000000000000202
2022-12-31,Hennepin,MN,Passenger,1.0,0.0,1.0,45.0,46.0,2.17,2022,12,24276,110,54,1.0,1.0,1.0,1.0,0.0,0.0,134.0,1.0000000000000087
2023-01-31,Hennepin,MN,Passenger,1.0,0.0,1.0,44.0,45.0,2.22,2023,1,24277,110,55,1.0,1.0,1.0,1.0,0.0,0.0,135.0,1.0000000000000124
2023-02-28,Hennepin,MN,Passenger,1.0,0.0,1.0,40.0,41.0,2.44,2023,2,24278,110,56,1.0,1.0,1.0,1.0,0.0,0.0,136.0,1.0000000000000087
2023-03-31,Hennepin,MN,Passenger,1.0,0.0,1.0,39.0,40.0,2.5,2023,3,24279,110,57,1.0,1.0,1.0,1.0,0.0,0.0,137.0,1.0000000000000049
2023-04-30,Hennepin,MN,Passenger,1.0,0.0,1.0,39.0,40.0,2.5,2023,4,24280,110,58,1.0,1.0,1.0,1.0,0.0,0.0,138.0,1.0000000000000162
2023-05-31,Hennepin,MN,Passenger,1.0,0.0,1.0,38.0,39.0,2.56,2023,5,24281,110,59,1.0,1.0,1.0,1.0,0.0,0.0,139.0,1.0000000000000087
2023-06-30,Hennepin,MN,Passenger,1.0,0.0,1.0,38.0,39.0,2.56,2023,6,24282,110,60,1.0,1.0,1.0,1.0,0.0,0.0,140.0,1.0000000000000049
2023-07-31,Hennepin,MN,Passenger,1.0,0.0,1.0,35.0,36.0,2.78,2023,7,24283,110,61,1.0,1.0,1.0,1.0,0.0,0.0,141.0,1.0000000000000124
2023-08-31,Hennepin,MN,Passenger,1.0,0.0,1.0,34.0,35.0,2.86,2023,8,24284,110,62,1.0,1.0,1.0,1.0,0.0,0.0,142.0,1.0000000000000124
2023-09-30,Hennepin,MN,Passenger,1.0,0.0,1.0,34.0,35.0,2.86,2023,9,24285,110,63,1.0,1.0,1.0,1.0,0.0,0.0,143.0,1.0000000000000049
2023-10-31,Hennepin,MN,Passenger,1.0,0.0,1.0,31.0,32.0,3.12,2023,10,24286,110,64,1.0,1.0,1.0,1.0,0.0,0.0,144.0,1.0000000000000087
2023-11-30,Hennepin,MN,Passenger,1.0,0.0,1.0,29.0,30.0,3.33,2023,11,24287,110,65,1.0,1.0,1.0,1.0,0.0,0.0,145.0,1.0000000000000124
2023-12-31,Hennepin,MN,Passenger,1.0,0.0,1.0,28.0,29.0,3.45,2023,12,24288,110,66,1.0,1.0,1.0,1.0,0.0,0.0,146.0,1.0000000000000087
2024-01-31,Hennepin,MN,Passenger,1.0,0.0,1.0,26.0,27.0,3.7,2024,1,24289,110,67,1.0,1.0,1.0,1.0,0.0,0.0,147.0,1.0000000000000087
2024-02-29,Hennepin,MN,Passenger,1.0,0.0,1.0,25.0,26.0,3.85,2024,2,24290,110,68,1.0,1.0,1.0,1.0,0.0,0.0,148.0,1.0000000000000009
2020-04-30,Henrico,VA,Passenger,0.0,1.0,1.0,20.0,21.0,4.76,2020,4,24244,111,5,1.0,1.0,1.0,1.0,0.0,0.0,6.0,0.9999999999999998
2020-05-31,Henrico,VA,Passenger,0.0,1.0,1.0,19.0,20.0,5.0,2020,5,24245,111,6,1.0,1.0,1.0,1.0,0.0,0.0,7.0,0.9999999999999998
2020-06-30,Henrico,VA,Passenger,0.0,1.0,1.0,19.0,20.0,5.0,2020,6,24246,111,7,1.0,1.0,1.0,1.0,0.0,0.0,8.0,0.9999999999999999
2020-07-31,Henrico,VA,Passenger,0.0,1.0,1.0,19.0,20.0,5.0,2020,7,24247,111,8,1.0,1.0,1.0,1.0,0.0,0.0,9.0,1.0000000000000002
2020-08-31,Henrico,VA,Passenger,0.0,1.0,1.0,19.0,20.0,5.0,2020,8,24248,111,9,1.0,1.0,1.0,1.0,0.0,0.0,10.0,1.0000000000000002
2020-09-30,Henrico,VA,Passenger,0.0,1.0,1.0,18.0,19.0,5.26,2020,9,24249,111,10,1.0,1.0,1.0,1.0,0.0,0.0,11.0,1.0
2020-10-31,Henrico,VA,Passenger,0.0,1.0,1.0,18.0,19.0,5.26,2020,10,24250,111,11,1.0,1.0,1.0,1.0,0.0,0.0,12.0,1.0000000000000002
2020-11-30,Henrico,VA,Passenger,0.0,1.0,1.0,18.0,19.0,5.26,2020,11,24251,111,12,1.0,1.0,1.0,1.0,0.0,0.0,13.0,1.0000000000000002
2020-12-31,Henrico,VA,Passenger,0.0,1.0,1.0,18.0,19.0,5.26,2020,12,24252,111,13,1.0,1.0,1.0,1.0,0.0,0.0,14.0,1.0000000000000009
2021-01-31,Henrico,VA,Passenger,0.0,1.0,1.0,18.0,19.0,5.26,2021,1,24253,111,14,1.0,1.0,1.0,1.0,0.0,0.0,15.0,1.0000000000000007
2021-02-28,Henrico,VA,Passenger,0.0,1.0,1.0,18.0,19.0,5.26,2021,2,24254,111,15,1.0,1.0,1.0,1.0,0.0,0.0,16.0,1.0000000000000009
2021-03-31,Henrico,VA,Passenger,0.0,1.0,1.0,18.0,19.0,5.26,2021,3,24255,111,16,1.0,1.0,1.0,1.0,0.0,0.0,17.0,1.0
2021-04-30,Henrico,VA,Passenger,0.0,1.0,1.0,18.0,19.0,5.26,2021,4,24256,111,17,1.0,1.0,1.0,1.0,0.0,0.0,18.0,1.0000000000000002
2021-05-31,Henrico,VA,Passenger,0.0,1.0,1.0,17.0,18.0,5.56,2021,5,24257,111,18,1.0,1.0,1.0,1.0,0.0,0.0,19.0,1.000000000000002
2021-06-30,Henrico,VA,Passenger,0.0,1.0,1.0,15.0,16.0,6.25,2021,6,24258,111,19,1.0,1.0,1.0,1.0,0.0,0.0,20.0,0.9999999999999998
2021-07-31,Henrico,VA,Passenger,0.0,1.0,1.0,15.0,16.0,6.25,2021,7,24259,111,20,1.0,1.0,1.0,1.0,0.0,0.0,21.0,1.000000000000001
2021-08-31,Henrico,VA,Passenger,0.0,1.0,1.0,14.0,15.0,6.67,2021,8,24260,111,21,1.0,1.0,1.0,1.0,0.0,0.0,22.0,1.0000000000000013
2021-09-30,Henrico,VA,Passenger,0.0,1.0,1.0,14.0,15.0,6.67,2021,9,24261,111,22,1.0,1.0,1.0,1.0,0.0,0.0,23.0,1.0000000000000013
2021-10-31,Henrico,VA,Passenger,0.0,1.0,1.0,14.0,15.0,6.67,2021,10,24262,111,23,1.0,1.0,1.0,1.0,0.0,0.0,24.0,1.0000000000000004
2021-11-30,Henrico,VA,Passenger,0.0,1.0,1.0,14.0,15.0,6.67,2021,11,24263,111,24,1.0,1.0,1.0,1.0,0.0,0.0,25.0,1.0000000000000013
2021-12-31,Henrico,VA,Passenger,0.0,1.0,1.0,14.0,15.0,6.67,2021,12,24264,111,25,1.0,1.0,1.0,1.0,0.0,0.0,26.0,1.0000000000000013
2022-01-31,Henrico,VA,Passenger,0.0,1.0,1.0,14.0,15.0,6.67,2022,1,24265,111,26,1.0,1.0,1.0,1.0,0.0,0.0,27.0,1.0000000000000013
2022-02-28,Henrico,VA,Passenger,0.0,1.0,1.0,14.0,15.0,6.67,2022,2,24266,111,27,1.0,1.0,1.0,1.0,0.0,0.0,28.0,1.0000000000000013
2022-03-31,Henrico,VA,Passenger,0.0,1.0,1.0,14.0,15.0,6.67,2022,3,24267,111,28,1.0,1.0,1.0,1.0,0.0,0.0,29.0,1.0000000000000024
2022-04-30,Henrico,VA,Passenger,0.0,1.0,1.0,14.0,15.0,6.67,2022,4,24268,111,29,1.0,1.0,1.0,1.0,0.0,0.0,30.0,1.000000000000002
2022-05-31,Henrico,VA,Passenger,0.0,1.0,1.0,13.0,14.0,6.9025,2022,5,24269,111,30,1.0,1.0,1.0,1.0,0.0,0.0,31.0,1.0000000000000009
2022-06-30,Henrico,VA,Passenger,0.0,1.0,1.0,12.0,13.0,6.9025,2022,6,24270,111,31,1.0,1.0,1.0,1.0,0.0,0.0,32.0,1.000000000000002
2022-07-31,Henrico,VA,Passenger,0.0,1.0,1.0,12.0,13.0,6.9025,2022,7,24271,111,32,1.0,1.0,1.0,1.0,0.0,0.0,33.0,1.0000000000000038
2022-08-31,Henrico,VA,Passenger,0.0,1.0,1.0,12.0,13.0,6.9025,2022,8,24272,111,33,1.0,1.0,1.0,1.0,0.0,0.0,34.0,1.0000000000000004
2022-09-30,Henrico,VA,Passenger,0.0,1.0,1.0,10.0,11.0,6.9025,2022,9,24273,111,34,1.0,1.0,1.0,1.0,0.0,0.0,35.0,1.000000000000002
2022-10-31,Henrico,VA,Passenger,0.0,1.0,1.0,10.0,11.0,6.9025,2022,10,24274,111,35,1.0,1.0,1.0,1.0,0.0,0.0,36.0,1.0000000000000029
2022-11-30,Henrico,VA,Passenger,0.0,1.0,1.0,10.0,11.0,6.9025,2022,11,24275,111,36,1.0,1.0,1.0,1.0,0.0,0.0,37.0,1.0000000000000038
2022-12-31,Henrico,VA,Passenger,0.0,1.0,1.0,9.0,10.0,6.9025,2022,12,24276,111,37,1.0,1.0,1.0,1.0,0.0,0.0,38.0,1.0
2023-01-31,Henrico,VA,Passenger,0.0,1.0,1.0,9.0,10.0,6.9025,2023,1,24277,111,38,1.0,1.0,1.0,1.0,0.0,0.0,39.0,1.0000000000000009
2023-02-28,Henrico,VA,Passenger,0.0,1.0,1.0,9.0,10.0,6.9025,2023,2,24278,111,39,1.0,1.0,1.0,1.0,0.0,0.0,40.0,1.0000000000000009
2023-03-31,Henrico,VA,Passenger,0.0,1.0,1.0,7.0,8.0,6.9025,2023,3,24279,111,40,1.0,1.0,1.0,1.0,0.0,0.0,41.0,1.0000000000000038
2023-04-30,Henrico,VA,Passenger,0.0,1.0,1.0,7.0,8.0,6.9025,2023,4,24280,111,41,1.0,1.0,1.0,1.0,0.0,0.0,42.0,1.0000000000000009
2023-05-31,Henrico,VA,Passenger,0.0,1.0,1.0,7.0,8.0,6.9025,2023,5,24281,111,42,1.0,1.0,1.0,1.0,0.0,0.0,43.0,1.0000000000000029
2023-06-30,Henrico,VA,Passenger,0.0,1.0,1.0,7.0,8.0,6.9025,2023,6,24282,111,43,1.0,1.0,1.0,1.0,0.0,0.0,44.0,1.0000000000000029
2023-07-31,Henrico,VA,Passenger,0.0,1.0,1.0,7.0,8.0,6.9025,2023,7,24283,111,44,1.0,1.0,1.0,1.0,0.0,0.0,45.0,1.0000000000000009
2023-08-31,Henrico,VA,Passenger,0.0,1.0,1.0,7.0,8.0,6.9025,2023,8,24284,111,45,1.0,1.0,1.0,1.0,0.0,0.0,46.0,1.0000000000000009
2023-09-30,Henrico,VA,Passenger,0.0,1.0,1.0,7.0,8.0,6.9025,2023,9,24285,111,46,1.0,1.0,1.0,1.0,0.0,0.0,47.0,1.0000000000000029
2019-12-31,Hillsborough,FL,Passenger,0.0,1.0,1.0,187.0,188.0,0.53,2019,12,24240,113,5,1.0,1.0,1.0,1.0,0.0,0.0,6.0,0.9999999999999998
2020-01-31,Hillsborough,FL,Passenger,0.0,1.0,1.0,186.0,187.0,0.53,2020,1,24241,113,6,1.0,1.0,1.0,1.0,0.0,0.0,7.0,0.9999999999999998
2020-02-29,Hillsborough,FL,Passenger,0.0,1.0,1.0,187.0,188.0,0.53,2020,2,24242,113,7,1.0,1.0,1.0,1.0,0.0,0.0,8.0,0.9999999999999999
2020-03-31,Hillsborough,FL,Passenger,0.0,1.0,1.0,185.0,186.0,0.54,2020,3,24243,113,8,1.0,1.0,1.0,1.0,0.0,0.0,9.0,1.0000000000000002
2020-04-30,Hillsborough,FL,Passenger,0.0,1.0,1.0,185.0,186.0,0.54,2020,4,24244,113,9,1.0,1.0,1.0,1.0,0.0,0.0,10.0,1.0000000000000002
2020-05-31,Hillsborough,FL,Passenger,0.0,1.0,1.0,182.0,183.0,0.55,2020,5,24245,113,10,1.0,1.0,1.0,1.0,0.0,0.0,11.0,1.0
2020-06-30,Hillsborough,FL,Passenger,0.0,1.0,1.0,182.0,183.0,0.55,2020,6,24246,113,11,1.0,1.0,1.0,1.0,0.0,0.0,12.0,1.0000000000000002
2020-07-31,Hillsborough,FL,Passenger,0.0,1.0,1.0,177.0,178.0,0.56,2020,7,24247,113,12,1.0,1.0,1.0,1.0,0.0,0.0,13.0,1.0000000000000002
2020-08-31,Hillsborough,FL,Passenger,0.0,1.0,1.0,173.0,174.0,0.57,2020,8,24248,113,13,1.0,1.0,1.0,1.0,0.0,0.0,14.0,1.0000000000000009
2020-09-30,Hillsborough,FL,Passenger,0.0,1.0,1.0,176.0,177.0,0.56,2020,9,24249,113,14,1.0,1.0,1.0,1.0,0.0,0.0,15.0,1.0000000000000007
2020-10-31,Hillsborough,FL,Passenger,0.0,1.0,1.0,177.0,178.0,0.56,2020,10,24250,113,15,1.0,1.0,1.0,1.0,0.0,0.0,16.0,1.0000000000000009
2020-11-30,Hillsborough,FL,Passenger,0.0,1.0,1.0,172.0,173.0,0.58,2020,11,24251,113,16,1.0,1.0,1.0,1.0,0.0,0.0,17.0,1.0
2020-12-31,Hillsborough,FL,Passenger,0.0,1.0,1.0,169.0,170.0,0.59,2020,12,24252,113,17,1.0,1.0,1.0,1.0,0.0,0.0,18.0,1.0000000000000002
2021-01-31,Hillsborough,FL,Passenger,0.0,1.0,1.0,168.0,169.0,0.59,2021,1,24253,113,18,1.0,1.0,1.0,1.0,0.0,0.0,19.0,1.000000000000002
2021-02-28,Hillsborough,FL,Passenger,0.0,1.0,1.0,163.0,164.0,0.61,2021,2,24254,113,19,1.0,1.0,1.0,1.0,0.0,0.0,20.0,0.9999999999999998
2021-03-31,Hillsborough,FL,Passenger,0.0,1.0,1.0,159.0,160.0,0.62,2021,3,24255,113,20,1.0,1.0,1.0,1.0,0.0,0.0,21.0,1.000000000000001
2021-04-30,Hillsborough,FL,Passenger,0.0,1.0,1.0,158.0,159.0,0.63,2021,4,24256,113,21,1.0,1.0,1.0,1.0,0.0,0.0,22.0,1.0000000000000013
2021-05-31,Hillsborough,FL,Passenger,0.0,2.0,2.0,156.0,158.0,1.27,2021,5,24257,113,22,1.0,1.0,1.0,1.0,1.0,1.0,24.0,1.1428571428571446
2021-06-30,Hillsborough,FL,Passenger,0.0,2.0,2.0,150.0,152.0,1.32,2021,6,24258,113,23,2.0,1.0,1.0,1.3333333333333333,0.0,1.0,26.0,1.3714285714285723
2021-07-31,Hillsborough,FL,Passenger,0.0,2.0,2.0,149.0,151.0,1.32,2021,7,24259,113,24,2.0,2.0,1.0,1.6666666666666667,0.0,1.0,28.0,1.628571428571431
2021-08-31,Hillsborough,FL,Passenger,0.0,2.0,2.0,148.0,150.0,1.33,2021,8,24260,113,25,2.0,2.0,2.0,2.0,0.0,0.0,30.0,1.8571428571428583
2021-09-30,Hillsborough,FL,Passenger,0.0,2.0,2.0,151.0,153.0,1.31,2021,9,24261,113,26,2.0,2.0,2.0,2.0,0.0,0.0,32.0,2.0000000000000018
2021-10-31,Hillsborough,FL,Passenger,0.0,2.0,2.0,149.0,151.0,1.32,2021,10,24262,113,27,2.0,2.0,2.0,2.0,0.0,0.0,34.0,2.0
2021-11-30,Hillsborough,FL,Passenger,0.0,2.0,2.0,145.0,147.0,1.36,2021,11,24263,113,28,2.0,2.0,2.0,2.0,0.0,0.0,36.0,2.0000000000000004
2021-12-31,Hillsborough,FL,Passenger,0.0,2.0,2.0,141.0,143.0,1.4,2021,12,24264,113,29,2.0,2.0,2.0,2.0,0.0,0.0,38.0,2.000000000000004
2022-01-31,Hillsborough,FL,Passenger,0.0,2.0,2.0,139.0,141.0,1.42,2022,1,24265,113,30,2.0,2.0,2.0,2.0,0.0,0.0,40.0,1.9999999999999996
2022-02-28,Hillsborough,FL,Passenger,0.0,2.0,2.0,136.0,138.0,1.45,2022,2,24266,113,31,2.0,2.0,2.0,2.0,0.0,0.0,42.0,2.000000000000002
2022-03-31,Hillsborough,FL,Passenger,0.0,3.0,3.0,130.0,133.0,2.26,2022,3,24267,113,32,2.0,2.0,2.0,2.0,0.5,0.5,45.0,2.142857142857147
2022-04-30,Hillsborough,FL,Passenger,0.0,3.0,3.0,131.0,134.0,2.24,2022,4,24268,113,33,3.0,2.0,2.0,2.3333333333333335,0.0,0.5,48.0,2.371428571428572
2022-05-31,Hillsborough,FL,Passenger,1.0,2.0,3.0,128.0,131.0,2.29,2022,5,24269,113,34,3.0,3.0,2.0,2.6666666666666665,0.0,0.5,51.0,2.6285714285714317
2022-06-30,Hillsborough,FL,Passenger,1.0,2.0,3.0,127.0,130.0,2.31,2022,6,24270,113,35,3.0,3.0,3.0,3.0,0.0,0.0,54.0,2.857142857142859
2022-07-31,Hillsborough,FL,Passenger,1.0,2.0,3.0,124.0,127.0,2.36,2022,7,24271,113,36,3.0,3.0,3.0,3.0,0.0,0.0,57.0,3.000000000000001
2022-08-31,Hillsborough,FL,Passenger,1.0,2.0,3.0,122.0,125.0,2.4,2022,8,24272,113,37,3.0,3.0,3.0,3.0,0.0,0.0,60.0,3.0000000000000027
2022-09-30,Hillsborough,FL,Passenger,1.0,2.0,3.0,120.0,123.0,2.44,2022,9,24273,113,38,3.0,3.0,3.0,3.0,0.0,0.0,63.0,3.0000000000000018
2022-10-31,Hillsborough,FL,Passenger,1.0,2.0,3.0,121.0,124.0,2.42,2022,10,24274,113,39,3.0,3.0,3.0,3.0,0.0,0.0,66.0,3.0000000000000027
2022-11-30,Hillsborough,FL,Passenger,1.0,2.0,3.0,120.0,123.0,2.44,2022,11,24275,113,40,3.0,3.0,3.0,3.0,0.0,0.0,69.0,3.0000000000000058
2022-12-31,Hillsborough,FL,Passenger,1.0,2.0,3.0,114.0,117.0,2.56,2022,12,24276,113,41,3.0,3.0,3.0,3.0,0.0,0.0,72.0,3.0000000000000058
2023-01-31,Hillsborough,FL,Passenger,1.0,2.0,3.0,112.0,115.0,2.61,2023,1,24277,113,42,3.0,3.0,3.0,3.0,0.0,0.0,75.0,3.000000000000001
2023-02-28,Hillsborough,FL,Passenger,1.0,2.0,3.0,112.0,115.0,2.61,2023,2,24278,113,43,3.0,3.0,3.0,3.0,0.0,0.0,78.0,3.0000000000000067
2023-03-31,Hillsborough,FL,Passenger,1.0,2.0,3.0,113.0,116.0,2.59,2023,3,24279,113,44,3.0,3.0,3.0,3.0,0.0,0.0,81.0,3.000000000000001
2023-04-30,Hillsborough,FL,Passenger,1.0,2.0,3.0,111.0,114.0,2.63,2023,4,24280,113,45,3.0,3.0,3.0,3.0,0.0,0.0,84.0,3.0000000000000084
2023-05-31,Hillsborough,FL,Passenger,1.0,2.0,3.0,104.0,107.0,2.8,2023,5,24281,113,46,3.0,3.0,3.0,3.0,0.0,0.0,87.0,3.000000000000005
2023-06-30,Hillsborough,FL,Passenger,1.0,2.0,3.0,103.0,106.0,2.83,2023,6,24282,113,47,3.0,3.0,3.0,3.0,0.0,0.0,90.0,3.000000000000001
2023-07-31,Hillsborough,FL,Passenger,1.0,2.0,3.0,99.0,102.0,2.94,2023,7,24283,113,48,3.0,3.0,3.0,3.0,0.0,0.0,93.0,3.000000000000005
2023-08-31,Hillsborough,FL,Passenger,2.0,2.0,4.0,97.0,101.0,3.96,2023,8,24284,113,49,3.0,3.0,3.0,3.0,0.33333333333333326,0.33333333333333326,97.0,3.142857142857145
2023-09-30,Hillsborough,FL,Passenger,2.0,2.0,4.0,92.0,96.0,4.17,2023,9,24285,113,50,4.0,3.0,3.0,3.3333333333333335,0.0,0.33333333333333326,101.0,3.3714285714285768
2023-10-31,Hillsborough,FL,Passenger,2.0,2.0,4.0,87.0,91.0,4.4,2023,10,24286,113,51,4.0,4.0,3.0,3.6666666666666665,0.0,0.33333333333333326,105.0,3.628571428571434
2023-11-30,Hillsborough,FL,Passenger,2.0,2.0,4.0,85.0,89.0,4.49,2023,11,24287,113,52,4.0,4.0,4.0,4.0,0.0,0.0,109.0,3.8571428571428674
2023-12-31,Hillsborough,FL,Passenger,2.0,2.0,4.0,80.0,84.0,4.76,2023,12,24288,113,53,4.0,4.0,4.0,4.0,0.0,0.0,113.0,4.0
2024-01-31,Hillsborough,FL,Passenger,2.0,2.0,4.0,77.0,81.0,4.94,2024,1,24289,113,54,4.0,4.0,4.0,4.0,0.0,0.0,117.0,4.000000000000008
2024-02-29,Hillsborough,FL,Passenger,2.0,2.0,4.0,73.0,77.0,5.19,2024,2,24290,113,55,4.0,4.0,4.0,4.0,0.0,0.0,121.0,4.000000000000008
2017-06-30,Honolulu,HI,Passenger,3.0,2.0,5.0,603.0,608.0,0.82,2017,6,24210,114,5,5.0,6.0,6.0,5.666666666666667,0.0,-0.16666666666666663,34.0,5.628571428571428
2017-07-31,Honolulu,HI,Passenger,3.0,2.0,5.0,583.0,588.0,0.85,2017,7,24211,114,6,5.0,5.0,6.0,5.333333333333333,0.0,-0.16666666666666663,39.0,5.371428571428571
2017-08-31,Honolulu,HI,Passenger,3.0,2.0,5.0,574.0,579.0,0.86,2017,8,24212,114,7,5.0,5.0,5.0,5.0,0.0,0.0,44.0,5.142857142857144
2017-09-30,Honolulu,HI,Passenger,2.0,2.0,4.0,575.0,579.0,0.69,2017,9,24213,114,8,5.0,5.0,5.0,5.0,-0.19999999999999996,-0.19999999999999996,48.0,4.857142857142858
2017-10-31,Honolulu,HI,Passenger,2.0,2.0,4.0,571.0,575.0,0.7,2017,10,24214,114,9,4.0,5.0,5.0,4.666666666666667,0.0,-0.19999999999999996,52.0,4.628571428571428
2017-11-30,Honolulu,HI,Passenger,2.0,2.0,4.0,574.0,578.0,0.69,2017,11,24215,114,10,4.0,4.0,5.0,4.333333333333333,0.0,-0.19999999999999996,56.0,4.371428571428572
2017-12-31,Honolulu,HI,Passenger,2.0,2.0,4.0,572.0,576.0,0.69,2017,12,24216,114,11,4.0,4.0,4.0,4.0,0.0,0.0,60.0,4.142857142857146
2018-01-31,Honolulu,HI,Passenger,2.0,2.0,4.0,570.0,574.0,0.7,2018,1,24217,114,12,4.0,4.0,4.0,4.0,0.0,0.0,64.0,4.0000000000000036
2018-02-28,Honolulu,HI,Passenger,2.0,2.0,4.0,569.0,573.0,0.7,2018,2,24218,114,13,4.0,4.0,4.0,4.0,0.0,0.0,68.0,4.0
2018-03-31,Honolulu,HI,Passenger,2.0,2.0,4.0,559.0,563.0,0.71,2018,3,24219,114,14,4.0,4.0,4.0,4.0,0.0,0.0,72.0,4.000000000000001
2018-04-30,Honolulu,HI,Passenger,2.0,2.0,4.0,545.0,549.0,0.73,2018,4,24220,114,15,4.0,4.0,4.0,4.0,0.0,0.0,76.0,4.000000000000008
2018-05-31,Honolulu,HI,Passenger,2.0,2.0,4.0,543.0,547.0,0.73,2018,5,24221,114,16,4.0,4.0,4.0,4.0,0.0,0.0,80.0,3.999999999999999
2018-06-30,Honolulu,HI,Passenger,1.0,2.0,3.0,535.0,538.0,0.56,2018,6,24222,114,17,4.0,4.0,4.0,4.0,-0.25,-0.25,83.0,3.85714285714286
2018-07-31,Honolulu,HI,Passenger,1.0,2.0,3.0,538.0,541.0,0.55,2018,7,24223,114,18,3.0,4.0,4.0,3.6666666666666665,0.0,-0.25,86.0,3.628571428571434
2018-08-31,Honolulu,HI,Passenger,1.0,2.0,3.0,540.0,543.0,0.55,2018,8,24224,114,19,3.0,3.0,4.0,3.3333333333333335,0.0,-0.25,89.0,3.371428571428575
2018-09-30,Honolulu,HI,Passenger,1.0,2.0,3.0,535.0,538.0,0.56,2018,9,24225,114,20,3.0,3.0,3.0,3.0,0.0,0.0,92.0,3.142857142857147
2018-10-31,Honolulu,HI,Passenger,1.0,2.0,3.0,528.0,531.0,0.56,2018,10,24226,114,21,3.0,3.0,3.0,3.0,0.0,0.0,95.0,3.0000000000000067
2018-11-30,Honolulu,HI,Passenger,1.0,3.0,4.0,528.0,532.0,0.75,2018,11,24227,114,22,3.0,3.0,3.0,3.0,0.33333333333333326,0.33333333333333326,99.0,3.142857142857149
2018-12-31,Honolulu,HI,Passenger,1.0,3.0,4.0,527.0,531.0,0.75,2018,12,24228,114,23,4.0,3.0,3.0,3.3333333333333335,0.0,0.33333333333333326,103.0,3.3714285714285728
2019-01-31,Honolulu,HI,Passenger,1.0,3.0,4.0,529.0,533.0,0.75,2019,1,24229,114,24,4.0,4.0,3.0,3.6666666666666665,0.0,0.33333333333333326,107.0,3.628571428571434
2019-02-28,Honolulu,HI,Passenger,2.0,3.0,5.0,514.0,519.0,0.96,2019,2,24230,114,25,4.0,4.0,4.0,4.0,0.25,0.25,112.0,4.0
2019-03-31,Honolulu,HI,Passenger,2.0,3.0,5.0,514.0,519.0,0.96,2019,3,24231,114,26,5.0,4.0,4.0,4.333333333333333,0.0,0.25,117.0,4.37142857142858
2019-04-30,Honolulu,HI,Passenger,2.0,3.0,5.0,518.0,523.0,0.96,2019,4,24232,114,27,5.0,5.0,4.0,4.666666666666667,0.0,0.25,122.0,4.628571428571429
2019-05-31,Honolulu,HI,Passenger,2.0,3.0,5.0,517.0,522.0,0.96,2019,5,24233,114,28,5.0,5.0,5.0,5.0,0.0,0.0,127.0,4.857142857142863
2019-06-30,Honolulu,HI,Passenger,3.0,3.0,6.0,518.0,524.0,1.15,2019,6,24234,114,29,5.0,5.0,5.0,5.0,0.19999999999999996,0.19999999999999996,133.0,5.142857142857153
2019-07-31,Honolulu,HI,Passenger,3.0,3.0,6.0,510.0,516.0,1.16,2019,7,24235,114,30,6.0,5.0,5.0,5.333333333333333,0.0,0.19999999999999996,139.0,5.371428571428576
2019-08-31,Honolulu,HI,Passenger,4.0,2.0,6.0,506.0,512.0,1.17,2019,8,24236,114,31,6.0,6.0,5.0,5.666666666666667,0.0,0.19999999999999996,145.0,5.628571428571436
2019-09-30,Honolulu,HI,Passenger,4.0,2.0,6.0,510.0,516.0,1.16,2019,9,24237,114,32,6.0,6.0,6.0,6.0,0.0,0.0,151.0,5.857142857142873
2019-10-31,Honolulu,HI,Passenger,4.0,2.0,6.0,505.0,511.0,1.17,2019,10,24238,114,33,6.0,6.0,6.0,6.0,0.0,0.0,157.0,6.000000000000013
2019-11-30,Honolulu,HI,Passenger,4.0,2.0,6.0,501.0,507.0,1.18,2019,11,24239,114,34,6.0,6.0,6.0,6.0,0.0,0.0,163.0,6.000000000000013
2019-12-31,Honolulu,HI,Passenger,4.0,2.0,6.0,499.0,505.0,1.19,2019,12,24240,114,35,6.0,6.0,6.0,6.0,0.0,0.0,169.0,6.000000000000005
2020-01-31,Honolulu,HI,Passenger,4.0,2.0,6.0,499.0,505.0,1.19,2020,1,24241,114,36,6.0,6.0,6.0,6.0,0.0,0.0,175.0,6.000000000000005
2020-02-29,Honolulu,HI,Passenger,4.0,2.0,6.0,491.0,497.0,1.21,2020,2,24242,114,37,6.0,6.0,6.0,6.0,0.0,0.0,181.0,6.000000000000005
2020-03-31,Honolulu,HI,Passenger,4.0,2.0,6.0,489.0,495.0,1.21,2020,3,24243,114,38,6.0,6.0,6.0,6.0,0.0,0.0,187.0,6.00000000000001
2020-04-30,Honolulu,HI,Passenger,4.0,2.0,6.0,481.0,487.0,1.23,2020,4,24244,114,39,6.0,6.0,6.0,6.0,0.0,0.0,193.0,6.000000000000013
2020-05-31,Honolulu,HI,Passenger,4.0,2.0,6.0,472.0,478.0,1.26,2020,5,24245,114,40,6.0,6.0,6.0,6.0,0.0,0.0,199.0,6.000000000000013
2020-06-30,Honolulu,HI,Passenger,4.0,2.0,6.0,466.0,472.0,1.27,2020,6,24246,114,41,6.0,6.0,6.0,6.0,0.0,0.0,205.0,6.000000000000002
2020-07-31,Honolulu,HI,Passenger,4.0,2.0,6.0,468.0,474.0,1.27,2020,7,24247,114,42,6.0,6.0,6.0,6.0,0.0,0.0,211.0,6.000000000000005
2020-08-31,Honolulu,HI,Passenger,4.0,2.0,6.0,463.0,469.0,1.28,2020,8,24248,114,43,6.0,6.0,6.0,6.0,0.0,0.0,217.0,6.000000000000028
2020-09-30,Honolulu,HI,Passenger,5.0,2.0,7.0,460.0,467.0,1.5,2020,9,24249,114,44,6.0,6.0,6.0,6.0,0.16666666666666674,0.16666666666666674,224.0,6.142857142857154
2020-10-31,Honolulu,HI,Passenger,5.0,2.0,7.0,462.0,469.0,1.49,2020,10,24250,114,45,7.0,6.0,6.0,6.333333333333333,0.0,0.16666666666666674,231.0,6.371428571428603
2020-11-30,Honolulu,HI,Passenger,5.0,2.0,7.0,464.0,471.0,1.49,2020,11,24251,114,46,7.0,7.0,6.0,6.666666666666667,0.0,0.16666666666666674,238.0,6.6285714285714485
2020-12-31,Honolulu,HI,Passenger,5.0,2.0,7.0,452.0,459.0,1.53,2020,12,24252,114,47,7.0,7.0,7.0,7.0,0.0,0.0,245.0,6.8571428571428745
2021-01-31,Honolulu,HI,Passenger,5.0,2.0,7.0,451.0,458.0,1.53,2021,1,24253,114,48,7.0,7.0,7.0,7.0,0.0,0.0,252.0,7.000000000000014
2021-02-28,Honolulu,HI,Passenger,5.0,2.0,7.0,445.0,452.0,1.55,2021,2,24254,114,49,7.0,7.0,7.0,7.0,0.0,0.0,259.0,7.000000000000014
2021-03-31,Honolulu,HI,Passenger,5.0,2.0,7.0,447.0,454.0,1.54,2021,3,24255,114,50,7.0,7.0,7.0,7.0,0.0,0.0,266.0,7.000000000000018
2021-04-30,Honolulu,HI,Passenger,5.0,2.0,7.0,441.0,448.0,1.56,2021,4,24256,114,51,7.0,7.0,7.0,7.0,0.0,0.0,273.0,7.000000000000011
2021-05-31,Honolulu,HI,Passenger,5.0,2.0,7.0,436.0,443.0,1.58,2021,5,24257,114,52,7.0,7.0,7.0,7.0,0.0,0.0,280.0,7.000000000000011
2021-06-30,Honolulu,HI,Passenger,5.0,2.0,7.0,432.0,439.0,1.59,2021,6,24258,114,53,7.0,7.0,7.0,7.0,0.0,0.0,287.0,7.000000000000034
2021-07-31,Honolulu,HI,Passenger,5.0,2.0,7.0,423.0,430.0,1.63,2021,7,24259,114,54,7.0,7.0,7.0,7.0,0.0,0.0,294.0,7.000000000000003
2021-08-31,Honolulu,HI,Passenger,5.0,3.0,8.0,406.0,414.0,1.93,2021,8,24260,114,55,7.0,7.0,7.0,7.0,0.1428571428571428,0.1428571428571428,302.0,7.142857142857166
2021-09-30,Honolulu,HI,Passenger,5.0,3.0,8.0,405.0,413.0,1.94,2021,9,24261,114,56,8.0,7.0,7.0,7.333333333333333,0.0,0.1428571428571428,310.0,7.371428571428592
2021-10-31,Honolulu,HI,Passenger,5.0,3.0,8.0,406.0,414.0,1.93,2021,10,24262,114,57,8.0,8.0,7.0,7.666666666666667,0.0,0.1428571428571428,318.0,7.628571428571441
2021-11-30,Honolulu,HI,Passenger,4.0,3.0,7.0,398.0,405.0,1.73,2021,11,24263,114,58,8.0,8.0,8.0,8.0,-0.125,-0.125,325.0,7.714285714285735
2021-12-31,Honolulu,HI,Passenger,4.0,4.0,8.0,390.0,398.0,2.01,2021,12,24264,114,59,7.0,8.0,8.0,7.666666666666667,0.1428571428571428,0.0,333.0,7.771428571428582
2022-01-31,Honolulu,HI,Passenger,4.0,4.0,8.0,388.0,396.0,2.02,2022,1,24265,114,60,8.0,7.0,8.0,7.666666666666667,0.0,0.0,341.0,7.742857142857166
2022-02-28,Honolulu,HI,Passenger,4.0,4.0,8.0,385.0,393.0,2.04,2022,2,24266,114,61,8.0,8.0,7.0,7.666666666666667,0.0,0.1428571428571428,349.0,7.771428571428582
2022-03-31,Honolulu,HI,Passenger,5.0,4.0,9.0,376.0,385.0,2.34,2022,3,24267,114,62,8.0,8.0,8.0,8.0,0.125,0.125,358.0,8.00000000000003
2022-04-30,Honolulu,HI,Passenger,5.0,4.0,9.0,380.0,389.0,2.31,2022,4,24268,114,63,9.0,8.0,8.0,8.333333333333334,0.0,0.125,367.0,8.37142857142859
2022-05-31,Honolulu,HI,Passenger,5.0,4.0,9.0,368.0,377.0,2.39,2022,5,24269,114,64,9.0,9.0,8.0,8.666666666666666,0.0,0.125,376.0,8.628571428571455
2022-06-30,Honolulu,HI,Passenger,4.0,4.0,8.0,366.0,374.0,2.14,2022,6,24270,114,65,9.0,9.0,9.0,9.0,-0.11111111111111116,-0.11111111111111116,384.0,8.714285714285724
2022-07-31,Honolulu,HI,Passenger,5.0,3.0,8.0,365.0,373.0,2.14,2022,7,24271,114,66,8.0,9.0,9.0,8.666666666666666,0.0,-0.11111111111111116,392.0,8.628571428571455
2022-08-31,Honolulu,HI,Passenger,4.0,3.0,7.0,362.0,369.0,1.9,2022,8,24272,114,67,8.0,8.0,9.0,8.333333333333334,-0.125,-0.2222222222222222,399.0,8.228571428571442
2022-09-30,Honolulu,HI,Passenger,4.0,3.0,7.0,355.0,362.0,1.93,2022,9,24273,114,68,7.0,8.0,8.0,7.666666666666667,0.0,-0.125,406.0,7.771428571428589
2022-10-31,Honolulu,HI,Passenger,4.0,3.0,7.0,345.0,352.0,1.99,2022,10,24274,114,69,7.0,7.0,8.0,7.333333333333333,0.0,-0.125,413.0,7.371428571428584
2022-11-30,Honolulu,HI,Passenger,4.0,3.0,7.0,337.0,344.0,2.03,2022,11,24275,114,70,7.0,7.0,7.0,7.0,0.0,0.0,420.0,7.142857142857189
2022-12-31,Honolulu,HI,Passenger,4.0,3.0,7.0,333.0,340.0,2.06,2022,12,24276,114,71,7.0,7.0,7.0,7.0,0.0,0.0,427.0,7.000000000000018
2023-01-31,Honolulu,HI,Passenger,4.0,3.0,7.0,324.0,331.0,2.11,2023,1,24277,114,72,7.0,7.0,7.0,7.0,0.0,0.0,434.0,7.000000000000011
2023-02-28,Honolulu,HI,Passenger,3.0,3.0,6.0,318.0,324.0,1.85,2023,2,24278,114,73,7.0,7.0,7.0,7.0,-0.1428571428571429,-0.1428571428571429,440.0,6.857142857142878
2023-03-31,Honolulu,HI,Passenger,3.0,3.0,6.0,302.0,308.0,1.95,2023,3,24279,114,74,6.0,7.0,7.0,6.666666666666667,0.0,-0.1428571428571429,446.0,6.628571428571467
2023-04-30,Honolulu,HI,Passenger,3.0,3.0,6.0,293.0,299.0,2.01,2023,4,24280,114,75,6.0,6.0,7.0,6.333333333333333,0.0,-0.1428571428571429,452.0,6.371428571428648
2023-05-31,Honolulu,HI,Passenger,3.0,3.0,6.0,287.0,293.0,2.05,2023,5,24281,114,76,6.0,6.0,6.0,6.0,0.0,0.0,458.0,6.142857142857184
2023-06-30,Honolulu,HI,Passenger,3.0,3.0,6.0,282.0,288.0,2.08,2023,6,24282,114,77,6.0,6.0,6.0,6.0,0.0,0.0,464.0,6.000000000000036
2023-07-31,Honolulu,HI,Passenger,3.0,3.0,6.0,274.0,280.0,2.14,2023,7,24283,114,78,6.0,6.0,6.0,6.0,0.0,0.0,470.0,6.000000000000013
2023-08-31,Honolulu,HI,Passenger,3.0,3.0,6.0,265.0,271.0,2.21,2023,8,24284,114,79,6.0,6.0,6.0,6.0,0.0,0.0,476.0,6.000000000000028
2023-09-30,Honolulu,HI,Passenger,3.0,3.0,6.0,250.0,256.0,2.34,2023,9,24285,114,80,6.0,6.0,6.0,6.0,0.0,0.0,482.0,6.000000000000013
2023-10-31,Honolulu,HI,Passenger,4.0,3.0,7.0,242.0,249.0,2.81,2023,10,24286,114,81,6.0,6.0,6.0,6.0,0.16666666666666674,0.16666666666666674,489.0,6.142857142857192
2023-11-30,Honolulu,HI,Passenger,4.0,2.0,6.0,237.0,243.0,2.47,2023,11,24287,114,82,7.0,6.0,6.0,6.333333333333333,-0.1428571428571429,0.0,495.0,6.228571428571462
2023-12-31,Honolulu,HI,Passenger,4.0,2.0,6.0,235.0,241.0,2.49,2023,12,24288,114,83,6.0,7.0,6.0,6.333333333333333,0.0,0.0,501.0,6.257142857142917
2024-01-31,Honolulu,HI,Passenger,4.0,2.0,6.0,229.0,235.0,2.55,2024,1,24289,114,84,6.0,6.0,7.0,6.333333333333333,0.0,-0.1428571428571429,507.0,6.228571428571462
2024-02-29,Honolulu,HI,Passenger,4.0,2.0,6.0,216.0,222.0,2.7,2024,2,24290,114,85,6.0,6.0,6.0,6.0,0.0,0.0,513.0,6.142857142857192
2019-01-31,Houston,GA,Passenger,1.0,0.0,1.0,51.0,52.0,1.92,2019,1,24229,116,5,1.0,1.0,1.0,1.0,0.0,0.0,6.0,0.9999999999999998
2019-02-28,Houston,GA,Passenger,1.0,0.0,1.0,54.0,55.0,1.82,2019,2,24230,116,6,1.0,1.0,1.0,1.0,0.0,0.0,7.0,0.9999999999999998
2019-03-31,Houston,GA,Passenger,1.0,0.0,1.0,55.0,56.0,1.79,2019,3,24231,116,7,1.0,1.0,1.0,1.0,0.0,0.0,8.0,0.9999999999999999
2019-04-30,Houston,GA,Passenger,1.0,0.0,1.0,54.0,55.0,1.82,2019,4,24232,116,8,1.0,1.0,1.0,1.0,0.0,0.0,9.0,1.0000000000000002
2019-05-31,Houston,GA,Passenger,1.0,0.0,1.0,54.0,55.0,1.82,2019,5,24233,116,9,1.0,1.0,1.0,1.0,0.0,0.0,10.0,1.0000000000000002
2019-06-30,Houston,GA,Passenger,1.0,0.0,1.0,54.0,55.0,1.82,2019,6,24234,116,10,1.0,1.0,1.0,1.0,0.0,0.0,11.0,1.0
2019-07-31,Houston,GA,Passenger,1.0,0.0,1.0,55.0,56.0,1.79,2019,7,24235,116,11,1.0,1.0,1.0,1.0,0.0,0.0,12.0,1.0000000000000002
2019-08-31,Houston,GA,Passenger,1.0,0.0,1.0,56.0,57.0,1.75,2019,8,24236,116,12,1.0,1.0,1.0,1.0,0.0,0.0,13.0,1.0000000000000002
2019-09-30,Houston,GA,Passenger,1.0,0.0,1.0,57.0,58.0,1.72,2019,9,24237,116,13,1.0,1.0,1.0,1.0,0.0,0.0,14.0,1.0000000000000009
2019-10-31,Houston,GA,Passenger,1.0,0.0,1.0,57.0,58.0,1.72,2019,10,24238,116,14,1.0,1.0,1.0,1.0,0.0,0.0,15.0,1.0000000000000007
2019-11-30,Houston,GA,Passenger,1.0,0.0,1.0,59.0,60.0,1.67,2019,11,24239,116,15,1.0,1.0,1.0,1.0,0.0,0.0,16.0,1.0000000000000009
2019-12-31,Houston,GA,Passenger,1.0,0.0,1.0,60.0,61.0,1.64,2019,12,24240,116,16,1.0,1.0,1.0,1.0,0.0,0.0,17.0,1.0
2020-01-31,Houston,GA,Passenger,1.0,0.0,1.0,60.0,61.0,1.64,2020,1,24241,116,17,1.0,1.0,1.0,1.0,0.0,0.0,18.0,1.0000000000000002
2020-02-29,Houston,GA,Passenger,1.0,0.0,1.0,58.0,59.0,1.69,2020,2,24242,116,18,1.0,1.0,1.0,1.0,0.0,0.0,19.0,1.000000000000002
2020-03-31,Houston,GA,Passenger,1.0,0.0,1.0,57.0,58.0,1.72,2020,3,24243,116,19,1.0,1.0,1.0,1.0,0.0,0.0,20.0,0.9999999999999998
2020-04-30,Houston,GA,Passenger,1.0,0.0,1.0,58.0,59.0,1.69,2020,4,24244,116,20,1.0,1.0,1.0,1.0,0.0,0.0,21.0,1.000000000000001
2020-05-31,Houston,GA,Passenger,1.0,0.0,1.0,55.0,56.0,1.79,2020,5,24245,116,21,1.0,1.0,1.0,1.0,0.0,0.0,22.0,1.0000000000000013
2020-06-30,Houston,GA,Passenger,1.0,0.0,1.0,56.0,57.0,1.75,2020,6,24246,116,22,1.0,1.0,1.0,1.0,0.0,0.0,23.0,1.0000000000000013
2020-07-31,Houston,GA,Passenger,1.0,0.0,1.0,55.0,56.0,1.79,2020,7,24247,116,23,1.0,1.0,1.0,1.0,0.0,0.0,24.0,1.0000000000000004
2020-08-31,Houston,GA,Passenger,1.0,0.0,1.0,53.0,54.0,1.85,2020,8,24248,116,24,1.0,1.0,1.0,1.0,0.0,0.0,25.0,1.0000000000000013
2020-09-30,Houston,GA,Passenger,1.0,0.0,1.0,53.0,54.0,1.85,2020,9,24249,116,25,1.0,1.0,1.0,1.0,0.0,0.0,26.0,1.0000000000000013
2020-10-31,Houston,GA,Passenger,1.0,0.0,1.0,52.0,53.0,1.89,2020,10,24250,116,26,1.0,1.0,1.0,1.0,0.0,0.0,27.0,1.0000000000000013
2020-11-30,Houston,GA,Passenger,1.0,0.0,1.0,52.0,53.0,1.89,2020,11,24251,116,27,1.0,1.0,1.0,1.0,0.0,0.0,28.0,1.0000000000000013
2020-12-31,Houston,GA,Passenger,1.0,0.0,1.0,51.0,52.0,1.92,2020,12,24252,116,28,1.0,1.0,1.0,1.0,0.0,0.0,29.0,1.0000000000000024
2021-01-31,Houston,GA,Passenger,1.0,0.0,1.0,51.0,52.0,1.92,2021,1,24253,116,29,1.0,1.0,1.0,1.0,0.0,0.0,30.0,1.000000000000002
2021-02-28,Houston,GA,Passenger,1.0,0.0,1.0,49.0,50.0,2.0,2021,2,24254,116,30,1.0,1.0,1.0,1.0,0.0,0.0,31.0,1.0000000000000009
2021-03-31,Houston,GA,Passenger,1.0,0.0,1.0,48.0,49.0,2.04,2021,3,24255,116,31,1.0,1.0,1.0,1.0,0.0,0.0,32.0,1.000000000000002
2021-04-30,Houston,GA,Passenger,1.0,0.0,1.0,50.0,51.0,1.96,2021,4,24256,116,32,1.0,1.0,1.0,1.0,0.0,0.0,33.0,1.0000000000000038
2021-05-31,Houston,GA,Passenger,1.0,0.0,1.0,49.0,50.0,2.0,2021,5,24257,116,33,1.0,1.0,1.0,1.0,0.0,0.0,34.0,1.0000000000000004
2021-06-30,Houston,GA,Passenger,1.0,0.0,1.0,47.0,48.0,2.08,2021,6,24258,116,34,1.0,1.0,1.0,1.0,0.0,0.0,35.0,1.000000000000002
2021-07-31,Houston,GA,Passenger,1.0,0.0,1.0,46.0,47.0,2.13,2021,7,24259,116,35,1.0,1.0,1.0,1.0,0.0,0.0,36.0,1.0000000000000029
2021-08-31,Houston,GA,Passenger,1.0,0.0,1.0,46.0,47.0,2.13,2021,8,24260,116,36,1.0,1.0,1.0,1.0,0.0,0.0,37.0,1.0000000000000038
2021-09-30,Houston,GA,Passenger,1.0,0.0,1.0,44.0,45.0,2.22,2021,9,24261,116,37,1.0,1.0,1.0,1.0,0.0,0.0,38.0,1.0
2021-10-31,Houston,GA,Passenger,1.0,0.0,1.0,44.0,45.0,2.22,2021,10,24262,116,38,1.0,1.0,1.0,1.0,0.0,0.0,39.0,1.0000000000000009
2021-11-30,Houston,GA,Passenger,1.0,0.0,1.0,44.0,45.0,2.22,2021,11,24263,116,39,1.0,1.0,1.0,1.0,0.0,0.0,40.0,1.0000000000000009
2021-12-31,Houston,GA,Passenger,1.0,0.0,1.0,44.0,45.0,2.22,2021,12,24264,116,40,1.0,1.0,1.0,1.0,0.0,0.0,41.0,1.0000000000000038
2022-01-31,Houston,GA,Passenger,1.0,0.0,1.0,41.0,42.0,2.38,2022,1,24265,116,41,1.0,1.0,1.0,1.0,0.0,0.0,42.0,1.0000000000000009
2022-02-28,Houston,GA,Passenger,1.0,0.0,1.0,41.0,42.0,2.38,2022,2,24266,116,42,1.0,1.0,1.0,1.0,0.0,0.0,43.0,1.0000000000000029
2022-03-31,Houston,GA,Passenger,1.0,0.0,1.0,40.0,41.0,2.44,2022,3,24267,116,43,1.0,1.0,1.0,1.0,0.0,0.0,44.0,1.0000000000000029
2022-04-30,Houston,GA,Passenger,1.0,0.0,1.0,39.0,40.0,2.5,2022,4,24268,116,44,1.0,1.0,1.0,1.0,0.0,0.0,45.0,1.0000000000000009
2022-05-31,Houston,GA,Passenger,1.0,0.0,1.0,35.0,36.0,2.78,2022,5,24269,116,45,1.0,1.0,1.0,1.0,0.0,0.0,46.0,1.0000000000000009
2022-06-30,Houston,GA,Passenger,1.0,0.0,1.0,32.0,33.0,3.03,2022,6,24270,116,46,1.0,1.0,1.0,1.0,0.0,0.0,47.0,1.0000000000000029
2022-07-31,Houston,GA,Passenger,1.0,0.0,1.0,32.0,33.0,3.03,2022,7,24271,116,47,1.0,1.0,1.0,1.0,0.0,0.0,48.0,1.0000000000000009
2022-08-31,Houston,GA,Passenger,1.0,0.0,1.0,33.0,34.0,2.94,2022,8,24272,116,48,1.0,1.0,1.0,1.0,0.0,0.0,49.0,1.000000000000002
2022-09-30,Houston,GA,Passenger,1.0,0.0,1.0,33.0,34.0,2.94,2022,9,24273,116,49,1.0,1.0,1.0,1.0,0.0,0.0,50.0,1.000000000000002
2022-10-31,Houston,GA,Passenger,1.0,0.0,1.0,30.0,31.0,3.23,2022,10,24274,116,50,1.0,1.0,1.0,1.0,0.0,0.0,51.0,1.000000000000002
2022-11-30,Houston,GA,Passenger,1.0,0.0,1.0,28.0,29.0,3.45,2022,11,24275,116,51,1.0,1.0,1.0,1.0,0.0,0.0,52.0,1.0000000000000009
2022-12-31,Houston,GA,Passenger,1.0,0.0,1.0,28.0,29.0,3.45,2022,12,24276,116,52,1.0,1.0,1.0,1.0,0.0,0.0,53.0,1.0000000000000029
2023-01-31,Houston,GA,Passenger,1.0,0.0,1.0,28.0,29.0,3.45,2023,1,24277,116,53,1.0,1.0,1.0,1.0,0.0,0.0,54.0,1.0000000000000049
2023-02-28,Houston,GA,Passenger,1.0,0.0,1.0,28.0,29.0,3.45,2023,2,24278,116,54,1.0,1.0,1.0,1.0,0.0,0.0,55.0,1.0000000000000038
2023-03-31,Houston,GA,Passenger,1.0,0.0,1.0,29.0,30.0,3.33,2023,3,24279,116,55,1.0,1.0,1.0,1.0,0.0,0.0,56.0,1.0
2023-04-30,Houston,GA,Passenger,1.0,0.0,1.0,29.0,30.0,3.33,2023,4,24280,116,56,1.0,1.0,1.0,1.0,0.0,0.0,57.0,1.000000000000002
2023-05-31,Houston,GA,Passenger,1.0,0.0,1.0,29.0,30.0,3.33,2023,5,24281,116,57,1.0,1.0,1.0,1.0,0.0,0.0,58.0,1.0000000000000038
2023-06-30,Houston,GA,Passenger,1.0,0.0,1.0,29.0,30.0,3.33,2023,6,24282,116,58,1.0,1.0,1.0,1.0,0.0,0.0,59.0,1.0000000000000038
2023-07-31,Houston,GA,Passenger,1.0,0.0,1.0,29.0,30.0,3.33,2023,7,24283,116,59,1.0,1.0,1.0,1.0,0.0,0.0,60.0,1.0000000000000038
2023-08-31,Houston,GA,Passenger,1.0,0.0,1.0,29.0,30.0,3.33,2023,8,24284,116,60,1.0,1.0,1.0,1.0,0.0,0.0,61.0,1.0000000000000049
2023-09-30,Houston,GA,Passenger,1.0,0.0,1.0,28.0,29.0,3.45,2023,9,24285,116,61,1.0,1.0,1.0,1.0,0.0,0.0,62.0,1.0000000000000067
2023-10-31,Houston,GA,Passenger,1.0,0.0,1.0,27.0,28.0,3.57,2023,10,24286,116,62,1.0,1.0,1.0,1.0,0.0,0.0,63.0,1.0000000000000009
2023-11-30,Houston,GA,Passenger,1.0,0.0,1.0,27.0,28.0,3.57,2023,11,24287,116,63,1.0,1.0,1.0,1.0,0.0,0.0,64.0,0.999999999999999
2023-12-31,Houston,GA,Passenger,1.0,0.0,1.0,26.0,27.0,3.7,2023,12,24288,116,64,1.0,1.0,1.0,1.0,0.0,0.0,65.0,1.0000000000000049
2024-01-31,Houston,GA,Passenger,1.0,0.0,1.0,26.0,27.0,3.7,2024,1,24289,116,65,1.0,1.0,1.0,1.0,0.0,0.0,66.0,1.0000000000000029
2024-02-29,Houston,GA,Passenger,1.0,0.0,1.0,25.0,26.0,3.85,2024,2,24290,116,66,1.0,1.0,1.0,1.0,0.0,0.0,67.0,1.0000000000000049
2017-06-30,Howard,MD,Passenger,0.0,2.0,2.0,96.0,98.0,2.04,2017,6,24210,117,5,2.0,2.0,2.0,2.0,0.0,0.0,12.0,1.9999999999999996
2017-07-31,Howard,MD,Passenger,0.0,2.0,2.0,95.0,97.0,2.06,2017,7,24211,117,6,2.0,2.0,2.0,2.0,0.0,0.0,14.0,1.9999999999999996
2017-08-31,Howard,MD,Passenger,0.0,2.0,2.0,91.0,93.0,2.15,2017,8,24212,117,7,2.0,2.0,2.0,2.0,0.0,0.0,16.0,1.9999999999999998
2017-09-30,Howard,MD,Passenger,0.0,2.0,2.0,90.0,92.0,2.17,2017,9,24213,117,8,2.0,2.0,2.0,2.0,0.0,0.0,18.0,2.0000000000000004
2017-10-31,Howard,MD,Passenger,0.0,2.0,2.0,90.0,92.0,2.17,2017,10,24214,117,9,2.0,2.0,2.0,2.0,0.0,0.0,20.0,2.0000000000000004
2017-11-30,Howard,MD,Passenger,0.0,2.0,2.0,93.0,95.0,2.11,2017,11,24215,117,10,2.0,2.0,2.0,2.0,0.0,0.0,22.0,2.0
2017-12-31,Howard,MD,Passenger,0.0,2.0,2.0,89.0,91.0,2.2,2017,12,24216,117,11,2.0,2.0,2.0,2.0,0.0,0.0,24.0,2.0000000000000004
2018-01-31,Howard,MD,Passenger,0.0,2.0,2.0,88.0,90.0,2.22,2018,1,24217,117,12,2.0,2.0,2.0,2.0,0.0,0.0,26.0,2.0000000000000004
2018-02-28,Howard,MD,Passenger,0.0,1.0,1.0,90.0,91.0,1.1,2018,2,24218,117,13,2.0,2.0,2.0,2.0,-0.5,-0.5,27.0,1.8571428571428588
2018-03-31,Howard,MD,Passenger,0.0,1.0,1.0,91.0,92.0,1.09,2018,3,24219,117,14,1.0,2.0,2.0,1.6666666666666667,0.0,-0.5,28.0,1.62857142857143
2018-04-30,Howard,MD,Passenger,0.0,1.0,1.0,89.0,90.0,1.11,2018,4,24220,117,15,1.0,1.0,2.0,1.3333333333333333,0.0,-0.5,29.0,1.3714285714285723
2018-05-31,Howard,MD,Passenger,0.0,1.0,1.0,91.0,92.0,1.09,2018,5,24221,117,16,1.0,1.0,1.0,1.0,0.0,0.0,30.0,1.1428571428571437
2018-06-30,Howard,MD,Passenger,0.0,1.0,1.0,93.0,94.0,1.06,2018,6,24222,117,17,1.0,1.0,1.0,1.0,0.0,0.0,31.0,1.0000000000000009
2018-07-31,Howard,MD,Passenger,0.0,1.0,1.0,92.0,93.0,1.08,2018,7,24223,117,18,1.0,1.0,1.0,1.0,0.0,0.0,32.0,1.000000000000002
2018-08-31,Howard,MD,Passenger,0.0,1.0,1.0,91.0,92.0,1.09,2018,8,24224,117,19,1.0,1.0,1.0,1.0,0.0,0.0,33.0,1.0000000000000038
2018-09-30,Howard,MD,Passenger,0.0,1.0,1.0,92.0,93.0,1.08,2018,9,24225,117,20,1.0,1.0,1.0,1.0,0.0,0.0,34.0,1.0000000000000004
2018-10-31,Howard,MD,Passenger,0.0,1.0,1.0,92.0,93.0,1.08,2018,10,24226,117,21,1.0,1.0,1.0,1.0,0.0,0.0,35.0,1.000000000000002
2018-11-30,Howard,MD,Passenger,0.0,1.0,1.0,92.0,93.0,1.08,2018,11,24227,117,22,1.0,1.0,1.0,1.0,0.0,0.0,36.0,1.0000000000000029
2018-12-31,Howard,MD,Passenger,0.0,1.0,1.0,90.0,91.0,1.1,2018,12,24228,117,23,1.0,1.0,1.0,1.0,0.0,0.0,37.0,1.0000000000000038
2019-01-31,Howard,MD,Passenger,0.0,1.0,1.0,88.0,89.0,1.12,2019,1,24229,117,24,1.0,1.0,1.0,1.0,0.0,0.0,38.0,1.0
2019-02-28,Howard,MD,Passenger,0.0,1.0,1.0,88.0,89.0,1.12,2019,2,24230,117,25,1.0,1.0,1.0,1.0,0.0,0.0,39.0,1.0000000000000009
2019-03-31,Howard,MD,Passenger,0.0,1.0,1.0,85.0,86.0,1.16,2019,3,24231,117,26,1.0,1.0,1.0,1.0,0.0,0.0,40.0,1.0000000000000009
2019-04-30,Howard,MD,Passenger,0.0,1.0,1.0,84.0,85.0,1.18,2019,4,24232,117,27,1.0,1.0,1.0,1.0,0.0,0.0,41.0,1.0000000000000038
2019-05-31,Howard,MD,Passenger,0.0,1.0,1.0,83.0,84.0,1.19,2019,5,24233,117,28,1.0,1.0,1.0,1.0,0.0,0.0,42.0,1.0000000000000009
2019-06-30,Howard,MD,Passenger,0.0,1.0,1.0,82.0,83.0,1.2,2019,6,24234,117,29,1.0,1.0,1.0,1.0,0.0,0.0,43.0,1.0000000000000029
2019-07-31,Howard,MD,Passenger,0.0,1.0,1.0,81.0,82.0,1.22,2019,7,24235,117,30,1.0,1.0,1.0,1.0,0.0,0.0,44.0,1.0000000000000029
2019-08-31,Howard,MD,Passenger,0.0,1.0,1.0,81.0,82.0,1.22,2019,8,24236,117,31,1.0,1.0,1.0,1.0,0.0,0.0,45.0,1.0000000000000009
2019-09-30,Howard,MD,Passenger,0.0,1.0,1.0,83.0,84.0,1.19,2019,9,24237,117,32,1.0,1.0,1.0,1.0,0.0,0.0,46.0,1.0000000000000009
2019-10-31,Howard,MD,Passenger,0.0,1.0,1.0,82.0,83.0,1.2,2019,10,24238,117,33,1.0,1.0,1.0,1.0,0.0,0.0,47.0,1.0000000000000029
2019-11-30,Howard,MD,Passenger,0.0,1.0,1.0,80.0,81.0,1.23,2019,11,24239,117,34,1.0,1.0,1.0,1.0,0.0,0.0,48.0,1.0000000000000009
2019-12-31,Howard,MD,Passenger,0.0,1.0,1.0,81.0,82.0,1.22,2019,12,24240,117,35,1.0,1.0,1.0,1.0,0.0,0.0,49.0,1.000000000000002
2020-01-31,Howard,MD,Passenger,0.0,1.0,1.0,81.0,82.0,1.22,2020,1,24241,117,36,1.0,1.0,1.0,1.0,0.0,0.0,50.0,1.000000000000002
2020-02-29,Howard,MD,Passenger,0.0,1.0,1.0,79.0,80.0,1.25,2020,2,24242,117,37,1.0,1.0,1.0,1.0,0.0,0.0,51.0,1.000000000000002
2020-03-31,Howard,MD,Passenger,0.0,1.0,1.0,79.0,80.0,1.25,2020,3,24243,117,38,1.0,1.0,1.0,1.0,0.0,0.0,52.0,1.0000000000000009
2020-04-30,Howard,MD,Passenger,0.0,1.0,1.0,80.0,81.0,1.23,2020,4,24244,117,39,1.0,1.0,1.0,1.0,0.0,0.0,53.0,1.0000000000000029
2020-05-31,Howard,MD,Passenger,0.0,1.0,1.0,80.0,81.0,1.23,2020,5,24245,117,40,1.0,1.0,1.0,1.0,0.0,0.0,54.0,1.0000000000000049
2020-06-30,Howard,MD,Passenger,0.0,1.0,1.0,81.0,82.0,1.22,2020,6,24246,117,41,1.0,1.0,1.0,1.0,0.0,0.0,55.0,1.0000000000000038
2020-07-31,Howard,MD,Passenger,0.0,1.0,1.0,77.0,78.0,1.28,2020,7,24247,117,42,1.0,1.0,1.0,1.0,0.0,0.0,56.0,1.0
2020-08-31,Howard,IN,Passenger,0.0,1.0,1.0,3.0,4.0,6.9025,2020,8,24248,117,43,1.0,1.0,1.0,1.0,0.0,0.0,57.0,1.000000000000002
2020-08-31,Howard,MD,Passenger,0.0,1.0,1.0,76.0,77.0,1.3,2020,8,24248,117,44,1.0,1.0,1.0,1.0,0.0,0.0,58.0,1.0000000000000038
2020-09-30,Howard,IN,Passenger,0.0,1.0,1.0,3.0,4.0,6.9025,2020,9,24249,117,45,1.0,1.0,1.0,1.0,0.0,0.0,59.0,1.0000000000000038
2020-09-30,Howard,MD,Passenger,0.0,1.0,1.0,71.0,72.0,1.39,2020,9,24249,117,46,1.0,1.0,1.0,1.0,0.0,0.0,60.0,1.0000000000000038
2020-10-31,Howard,IN,Passenger,0.0,1.0,1.0,3.0,4.0,6.9025,2020,10,24250,117,47,1.0,1.0,1.0,1.0,0.0,0.0,61.0,1.0000000000000049
2020-10-31,Howard,MD,Passenger,0.0,1.0,1.0,70.0,71.0,1.41,2020,10,24250,117,48,1.0,1.0,1.0,1.0,0.0,0.0,62.0,1.0000000000000067
2020-11-30,Howard,IN,Passenger,0.0,1.0,1.0,3.0,4.0,6.9025,2020,11,24251,117,49,1.0,1.0,1.0,1.0,0.0,0.0,63.0,1.0000000000000009
2020-11-30,Howard,MD,Passenger,0.0,1.0,1.0,71.0,72.0,1.39,2020,11,24251,117,50,1.0,1.0,1.0,1.0,0.0,0.0,64.0,0.999999999999999
2020-12-31,Howard,IN,Passenger,0.0,1.0,1.0,3.0,4.0,6.9025,2020,12,24252,117,51,1.0,1.0,1.0,1.0,0.0,0.0,65.0,1.0000000000000049
2020-12-31,Howard,MD,Passenger,0.0,1.0,1.0,73.0,74.0,1.35,2020,12,24252,117,52,1.0,1.0,1.0,1.0,0.0,0.0,66.0,1.0000000000000029
2021-01-31,Howard,IN,Passenger,0.0,1.0,1.0,3.0,4.0,6.9025,2021,1,24253,117,53,1.0,1.0,1.0,1.0,0.0,0.0,67.0,1.0000000000000049
2021-01-31,Howard,MD,Passenger,0.0,1.0,1.0,72.0,73.0,1.37,2021,1,24253,117,54,1.0,1.0,1.0,1.0,0.0,0.0,68.0,1.0000000000000087
2021-02-28,Howard,IN,Passenger,0.0,1.0,1.0,3.0,4.0,6.9025,2021,2,24254,117,55,1.0,1.0,1.0,1.0,0.0,0.0,69.0,1.0000000000000067
2021-02-28,Howard,MD,Passenger,0.0,1.0,1.0,71.0,72.0,1.39,2021,2,24254,117,56,1.0,1.0,1.0,1.0,0.0,0.0,70.0,1.0000000000000049
2021-03-31,Howard,MD,Passenger,0.0,1.0,1.0,72.0,73.0,1.37,2021,3,24255,117,57,1.0,1.0,1.0,1.0,0.0,0.0,71.0,1.0000000000000049
2021-03-31,Howard,IN,Passenger,0.0,1.0,1.0,3.0,4.0,6.9025,2021,3,24255,117,58,1.0,1.0,1.0,1.0,0.0,0.0,72.0,1.0000000000000067
2021-04-30,Howard,MD,Passenger,0.0,1.0,1.0,72.0,73.0,1.37,2021,4,24256,117,59,1.0,1.0,1.0,1.0,0.0,0.0,73.0,1.0000000000000049
2021-04-30,Howard,IN,Passenger,0.0,1.0,1.0,3.0,4.0,6.9025,2021,4,24256,117,60,1.0,1.0,1.0,1.0,0.0,0.0,74.0,1.0000000000000009
2021-05-31,Howard,IN,Passenger,0.0,1.0,1.0,3.0,4.0,6.9025,2021,5,24257,117,61,1.0,1.0,1.0,1.0,0.0,0.0,75.0,1.0000000000000029
2021-05-31,Howard,MD,Passenger,0.0,1.0,1.0,70.0,71.0,1.41,2021,5,24257,117,62,1.0,1.0,1.0,1.0,0.0,0.0,76.0,1.0000000000000049
2021-06-30,Howard,IN,Passenger,0.0,1.0,1.0,5.0,6.0,6.9025,2021,6,24258,117,63,1.0,1.0,1.0,1.0,0.0,0.0,77.0,1.0000000000000087
2021-06-30,Howard,MD,Passenger,0.0,1.0,1.0,68.0,69.0,1.45,2021,6,24258,117,64,1.0,1.0,1.0,1.0,0.0,0.0,78.0,1.0000000000000049
2021-07-31,Howard,MD,Passenger,0.0,1.0,1.0,68.0,69.0,1.45,2021,7,24259,117,65,1.0,1.0,1.0,1.0,0.0,0.0,79.0,1.0000000000000029
2021-07-31,Howard,IN,Passenger,0.0,1.0,1.0,5.0,6.0,6.9025,2021,7,24259,117,66,1.0,1.0,1.0,1.0,0.0,0.0,80.0,1.0000000000000087
2021-08-31,Howard,IN,Passenger,0.0,1.0,1.0,5.0,6.0,6.9025,2021,8,24260,117,67,1.0,1.0,1.0,1.0,0.0,0.0,81.0,1.0000000000000029
2021-08-31,Howard,MD,Passenger,0.0,1.0,1.0,66.0,67.0,1.49,2021,8,24260,117,68,1.0,1.0,1.0,1.0,0.0,0.0,82.0,1.0000000000000104
2021-09-30,Howard,IN,Passenger,0.0,1.0,1.0,6.0,7.0,6.9025,2021,9,24261,117,69,1.0,1.0,1.0,1.0,0.0,0.0,83.0,1.0000000000000049
2021-09-30,Howard,MD,Passenger,0.0,1.0,1.0,64.0,65.0,1.54,2021,9,24261,117,70,1.0,1.0,1.0,1.0,0.0,0.0,84.0,1.0000000000000049
2021-10-31,Howard,MD,Passenger,0.0,1.0,1.0,62.0,63.0,1.59,2021,10,24262,117,71,1.0,1.0,1.0,1.0,0.0,0.0,85.0,1.0000000000000009
2021-10-31,Howard,IN,Passenger,0.0,1.0,1.0,6.0,7.0,6.9025,2021,10,24262,117,72,1.0,1.0,1.0,1.0,0.0,0.0,86.0,1.0000000000000067
2021-11-30,Howard,MD,Passenger,0.0,2.0,2.0,62.0,64.0,3.12,2021,11,24263,117,73,1.0,1.0,1.0,1.0,1.0,1.0,88.0,1.1428571428571508
2021-11-30,Howard,IN,Passenger,0.0,1.0,1.0,6.0,7.0,6.9025,2021,11,24263,117,74,2.0,1.0,1.0,1.3333333333333333,-0.5,0.0,89.0,1.2285714285714346
2021-12-31,Howard,MD,Passenger,0.0,2.0,2.0,62.0,64.0,3.12,2021,12,24264,117,75,1.0,2.0,1.0,1.3333333333333333,1.0,1.0,91.0,1.4000000000000097
2021-12-31,Howard,IN,Passenger,0.0,1.0,1.0,6.0,7.0,6.9025,2021,12,24264,117,76,2.0,1.0,2.0,1.6666666666666667,-0.5,-0.5,92.0,1.4571428571428586
2022-01-31,Howard,MD,Passenger,0.0,2.0,2.0,63.0,65.0,3.08,2022,1,24265,117,77,1.0,2.0,1.0,1.3333333333333333,1.0,1.0,94.0,1.54285714285715
2022-01-31,Howard,IN,Passenger,0.0,1.0,1.0,6.0,7.0,6.9025,2022,1,24265,117,78,2.0,1.0,2.0,1.6666666666666667,-0.5,-0.5,95.0,1.4571428571428624
2022-02-28,Howard,IN,Passenger,0.0,1.0,1.0,6.0,7.0,6.9025,2022,2,24266,117,79,1.0,2.0,1.0,1.3333333333333333,0.0,0.0,96.0,1.4000000000000117
2022-02-28,Howard,MD,Passenger,0.0,2.0,2.0,64.0,66.0,3.03,2022,2,24266,117,80,1.0,1.0,2.0,1.3333333333333333,1.0,0.0,98.0,1.3714285714285825
2022-03-31,Howard,IN,Passenger,0.0,1.0,1.0,6.0,7.0,6.9025,2022,3,24267,117,81,2.0,1.0,1.0,1.3333333333333333,-0.5,0.0,99.0,1.3714285714285785
2022-03-31,Howard,MD,Passenger,0.0,2.0,2.0,66.0,68.0,2.94,2022,3,24267,117,82,1.0,2.0,1.0,1.3333333333333333,1.0,1.0,101.0,1.400000000000008
2022-04-30,Howard,MD,Passenger,0.0,2.0,2.0,66.0,68.0,2.94,2022,4,24268,117,83,2.0,1.0,2.0,1.6666666666666667,0.0,0.0,103.0,1.6000000000000123
2022-04-30,Howard,IN,Passenger,0.0,1.0,1.0,5.0,6.0,6.9025,2022,4,24268,117,84,2.0,2.0,1.0,1.6666666666666667,-0.5,0.0,104.0,1.628571428571432
2022-05-31,Howard,MD,Passenger,0.0,2.0,2.0,64.0,66.0,3.03,2022,5,24269,117,85,1.0,2.0,2.0,1.6666666666666667,1.0,0.0,106.0,1.6285714285714394
2022-05-31,Howard,IN,Passenger,0.0,1.0,1.0,4.0,5.0,6.9025,2022,5,24269,117,86,2.0,1.0,2.0,1.6666666666666667,-0.5,-0.5,107.0,1.6000000000000008
2022-06-30,Howard,MD,Passenger,0.0,2.0,2.0,64.0,66.0,3.03,2022,6,24270,117,87,1.0,2.0,1.0,1.3333333333333333,1.0,1.0,109.0,1.542857142857152
2022-06-30,Howard,IN,Passenger,0.0,1.0,1.0,4.0,5.0,6.9025,2022,6,24270,117,88,2.0,1.0,2.0,1.6666666666666667,-0.5,-0.5,110.0,1.4571428571428586
2022-07-31,Howard,IN,Passenger,0.0,1.0,1.0,4.0,5.0,6.9025,2022,7,24271,117,89,1.0,2.0,1.0,1.3333333333333333,0.0,0.0,111.0,1.400000000000008
2022-07-31,Howard,MD,Passenger,0.0,2.0,2.0,62.0,64.0,3.12,2022,7,24271,117,90,1.0,1.0,2.0,1.3333333333333333,1.0,0.0,113.0,1.3714285714285825
2022-08-31,Howard,MD,Passenger,0.0,2.0,2.0,61.0,63.0,3.17,2022,8,24272,117,91,2.0,1.0,1.0,1.3333333333333333,0.0,1.0,115.0,1.514285714285719
2022-09-30,Howard,MD,Passenger,0.0,2.0,2.0,61.0,63.0,3.17,2022,9,24273,117,92,2.0,2.0,1.0,1.6666666666666667,0.0,1.0,117.0,1.6285714285714339
2022-10-31,Howard,MD,Passenger,0.0,2.0,2.0,60.0,62.0,3.23,2022,10,24274,117,93,2.0,2.0,2.0,2.0,0.0,0.0,119.0,1.857142857142854
2022-11-30,Howard,MD,Passenger,0.0,2.0,2.0,57.0,59.0,3.39,2022,11,24275,117,94,2.0,2.0,2.0,2.0,0.0,0.0,121.0,2.0000000000000133
2022-12-31,Howard,MD,Passenger,0.0,2.0,2.0,54.0,56.0,3.57,2022,12,24276,117,95,2.0,2.0,2.0,2.0,0.0,0.0,123.0,2.0000000000000018
2023-01-31,Howard,MD,Passenger,0.0,2.0,2.0,55.0,57.0,3.51,2023,1,24277,117,96,2.0,2.0,2.0,2.0,0.0,0.0,125.0,2.0000000000000058
2023-02-28,Howard,MD,Passenger,0.0,2.0,2.0,57.0,59.0,3.39,2023,2,24278,117,97,2.0,2.0,2.0,2.0,0.0,0.0,127.0,2.0000000000000133
2023-03-31,Howard,MD,Passenger,0.0,2.0,2.0,55.0,57.0,3.51,2023,3,24279,117,98,2.0,2.0,2.0,2.0,0.0,0.0,129.0,2.0000000000000098
2023-04-30,Howard,MD,Passenger,0.0,2.0,2.0,56.0,58.0,3.45,2023,4,24280,117,99,2.0,2.0,2.0,2.0,0.0,0.0,131.0,2.0000000000000133
2023-05-31,Howard,MD,Passenger,0.0,2.0,2.0,54.0,56.0,3.57,2023,5,24281,117,100,2.0,2.0,2.0,2.0,0.0,0.0,133.0,2.0000000000000133
2023-06-30,Howard,MD,Passenger,0.0,2.0,2.0,55.0,57.0,3.51,2023,6,24282,117,101,2.0,2.0,2.0,2.0,0.0,0.0,135.0,1.999999999999998
2023-07-31,Howard,MD,Passenger,0.0,2.0,2.0,54.0,56.0,3.57,2023,7,24283,117,102,2.0,2.0,2.0,2.0,0.0,0.0,137.0,2.0000000000000018
2023-08-31,Howard,MD,Passenger,0.0,2.0,2.0,52.0,54.0,3.7,2023,8,24284,117,103,2.0,2.0,2.0,2.0,0.0,0.0,139.0,2.0000000000000058
2023-09-30,Howard,MD,Passenger,0.0,2.0,2.0,52.0,54.0,3.7,2023,9,24285,117,104,2.0,2.0,2.0,2.0,0.0,0.0,141.0,2.0000000000000058
2023-10-31,Howard,MD,Passenger,0.0,2.0,2.0,52.0,54.0,3.7,2023,10,24286,117,105,2.0,2.0,2.0,2.0,0.0,0.0,143.0,2.0000000000000173
2023-11-30,Howard,MD,Passenger,0.0,2.0,2.0,52.0,54.0,3.7,2023,11,24287,117,106,2.0,2.0,2.0,2.0,0.0,0.0,145.0,2.0000000000000133
2023-12-31,Howard,MD,Passenger,0.0,2.0,2.0,51.0,53.0,3.77,2023,12,24288,117,107,2.0,2.0,2.0,2.0,0.0,0.0,147.0,2.0000000000000058
2024-01-31,Howard,MD,Passenger,0.0,2.0,2.0,51.0,53.0,3.77,2024,1,24289,117,108,2.0,2.0,2.0,2.0,0.0,0.0,149.0,2.0000000000000098
2024-02-29,Howard,MD,Passenger,0.0,2.0,2.0,50.0,52.0,3.85,2024,2,24290,117,109,2.0,2.0,2.0,2.0,0.0,0.0,151.0,2.0000000000000098
2020-03-31,Hudson,NJ,Passenger,1.0,0.0,1.0,41.0,42.0,2.38,2020,3,24243,118,5,1.0,1.0,1.0,1.0,0.0,0.0,6.0,0.9999999999999998
2020-04-30,Hudson,NJ,Passenger,1.0,0.0,1.0,40.0,41.0,2.44,2020,4,24244,118,6,1.0,1.0,1.0,1.0,0.0,0.0,7.0,0.9999999999999998
2020-05-31,Hudson,NJ,Passenger,1.0,0.0,1.0,40.0,41.0,2.44,2020,5,24245,118,7,1.0,1.0,1.0,1.0,0.0,0.0,8.0,0.9999999999999999
2020-06-30,Hudson,NJ,Passenger,1.0,0.0,1.0,40.0,41.0,2.44,2020,6,24246,118,8,1.0,1.0,1.0,1.0,0.0,0.0,9.0,1.0000000000000002
2020-07-31,Hudson,NJ,Passenger,1.0,0.0,1.0,39.0,40.0,2.5,2020,7,24247,118,9,1.0,1.0,1.0,1.0,0.0,0.0,10.0,1.0000000000000002
2020-08-31,Hudson,NJ,Passenger,1.0,0.0,1.0,40.0,41.0,2.44,2020,8,24248,118,10,1.0,1.0,1.0,1.0,0.0,0.0,11.0,1.0
2020-09-30,Hudson,NJ,Passenger,1.0,0.0,1.0,41.0,42.0,2.38,2020,9,24249,118,11,1.0,1.0,1.0,1.0,0.0,0.0,12.0,1.0000000000000002
2020-10-31,Hudson,NJ,Passenger,1.0,0.0,1.0,41.0,42.0,2.38,2020,10,24250,118,12,1.0,1.0,1.0,1.0,0.0,0.0,13.0,1.0000000000000002
2020-11-30,Hudson,NJ,Passenger,1.0,0.0,1.0,40.0,41.0,2.44,2020,11,24251,118,13,1.0,1.0,1.0,1.0,0.0,0.0,14.0,1.0000000000000009
2020-12-31,Hudson,NJ,Passenger,1.0,0.0,1.0,41.0,42.0,2.38,2020,12,24252,118,14,1.0,1.0,1.0,1.0,0.0,0.0,15.0,1.0000000000000007
2021-01-31,Hudson,NJ,Passenger,1.0,0.0,1.0,42.0,43.0,2.33,2021,1,24253,118,15,1.0,1.0,1.0,1.0,0.0,0.0,16.0,1.0000000000000009
2021-02-28,Hudson,NJ,Passenger,1.0,0.0,1.0,41.0,42.0,2.38,2021,2,24254,118,16,1.0,1.0,1.0,1.0,0.0,0.0,17.0,1.0
2021-03-31,Hudson,NJ,Passenger,1.0,0.0,1.0,43.0,44.0,2.27,2021,3,24255,118,17,1.0,1.0,1.0,1.0,0.0,0.0,18.0,1.0000000000000002
2021-04-30,Hudson,NJ,Passenger,1.0,0.0,1.0,45.0,46.0,2.17,2021,4,24256,118,18,1.0,1.0,1.0,1.0,0.0,0.0,19.0,1.000000000000002
2021-05-31,Hudson,NJ,Passenger,1.0,0.0,1.0,44.0,45.0,2.22,2021,5,24257,118,19,1.0,1.0,1.0,1.0,0.0,0.0,20.0,0.9999999999999998
2021-06-30,Hudson,NJ,Passenger,1.0,0.0,1.0,45.0,46.0,2.17,2021,6,24258,118,20,1.0,1.0,1.0,1.0,0.0,0.0,21.0,1.000000000000001
2021-07-31,Hudson,NJ,Passenger,1.0,0.0,1.0,45.0,46.0,2.17,2021,7,24259,118,21,1.0,1.0,1.0,1.0,0.0,0.0,22.0,1.0000000000000013
2021-08-31,Hudson,NJ,Passenger,1.0,0.0,1.0,44.0,45.0,2.22,2021,8,24260,118,22,1.0,1.0,1.0,1.0,0.0,0.0,23.0,1.0000000000000013
2021-09-30,Hudson,NJ,Passenger,1.0,0.0,1.0,44.0,45.0,2.22,2021,9,24261,118,23,1.0,1.0,1.0,1.0,0.0,0.0,24.0,1.0000000000000004
2021-10-31,Hudson,NJ,Passenger,1.0,0.0,1.0,45.0,46.0,2.17,2021,10,24262,118,24,1.0,1.0,1.0,1.0,0.0,0.0,25.0,1.0000000000000013
2021-11-30,Hudson,NJ,Passenger,1.0,0.0,1.0,44.0,45.0,2.22,2021,11,24263,118,25,1.0,1.0,1.0,1.0,0.0,0.0,26.0,1.0000000000000013
2021-12-31,Hudson,NJ,Passenger,2.0,0.0,2.0,42.0,44.0,4.55,2021,12,24264,118,26,1.0,1.0,1.0,1.0,1.0,1.0,28.0,1.1428571428571446
2022-01-31,Hudson,NJ,Passenger,2.0,0.0,2.0,42.0,44.0,4.55,2022,1,24265,118,27,2.0,1.0,1.0,1.3333333333333333,0.0,1.0,30.0,1.3714285714285723
2022-02-28,Hudson,NJ,Passenger,2.0,0.0,2.0,41.0,43.0,4.65,2022,2,24266,118,28,2.0,2.0,1.0,1.6666666666666667,0.0,1.0,32.0,1.6285714285714314
2022-03-31,Hudson,NJ,Passenger,2.0,0.0,2.0,40.0,42.0,4.76,2022,3,24267,118,29,2.0,2.0,2.0,2.0,0.0,0.0,34.0,1.8571428571428588
2022-04-30,Hudson,NJ,Passenger,2.0,0.0,2.0,40.0,42.0,4.76,2022,4,24268,118,30,2.0,2.0,2.0,2.0,0.0,0.0,36.0,2.0000000000000004
2022-05-31,Hudson,NJ,Passenger,2.0,0.0,2.0,40.0,42.0,4.76,2022,5,24269,118,31,2.0,2.0,2.0,2.0,0.0,0.0,38.0,2.000000000000004
2022-06-30,Hudson,NJ,Passenger,2.0,0.0,2.0,40.0,42.0,4.76,2022,6,24270,118,32,2.0,2.0,2.0,2.0,0.0,0.0,40.0,1.9999999999999996
2022-07-31,Hudson,NJ,Passenger,2.0,0.0,2.0,39.0,41.0,4.88,2022,7,24271,118,33,2.0,2.0,2.0,2.0,0.0,0.0,42.0,2.000000000000002
2022-08-31,Hudson,NJ,Passenger,2.0,0.0,2.0,37.0,39.0,5.13,2022,8,24272,118,34,2.0,2.0,2.0,2.0,0.0,0.0,44.0,2.0000000000000027
2022-09-30,Hudson,NJ,Passenger,2.0,0.0,2.0,36.0,38.0,5.26,2022,9,24273,118,35,2.0,2.0,2.0,2.0,0.0,0.0,46.0,2.0000000000000027
2022-10-31,Hudson,NJ,Passenger,2.0,0.0,2.0,36.0,38.0,5.26,2022,10,24274,118,36,2.0,2.0,2.0,2.0,0.0,0.0,48.0,2.000000000000001
2022-11-30,Hudson,NJ,Passenger,1.0,0.0,1.0,36.0,37.0,2.7,2022,11,24275,118,37,2.0,2.0,2.0,2.0,-0.5,-0.5,49.0,1.8571428571428596
2022-12-31,Hudson,NJ,Passenger,1.0,0.0,1.0,33.0,34.0,2.94,2022,12,24276,118,38,1.0,2.0,2.0,1.6666666666666667,0.0,-0.5,50.0,1.628571428571432
2023-01-31,Hudson,NJ,Passenger,1.0,0.0,1.0,32.0,33.0,3.03,2023,1,24277,118,39,1.0,1.0,2.0,1.3333333333333333,0.0,-0.5,51.0,1.371428571428573
2023-02-28,Hudson,NJ,Passenger,1.0,0.0,1.0,30.0,31.0,3.23,2023,2,24278,118,40,1.0,1.0,1.0,1.0,0.0,0.0,52.0,1.142857142857147
2023-03-31,Hudson,NJ,Passenger,1.0,0.0,1.0,24.0,25.0,4.0,2023,3,24279,118,41,1.0,1.0,1.0,1.0,0.0,0.0,53.0,1.0000000000000029
2023-04-30,Hudson,NJ,Passenger,1.0,0.0,1.0,22.0,23.0,4.35,2023,4,24280,118,42,1.0,1.0,1.0,1.0,0.0,0.0,54.0,1.0000000000000049
2023-05-31,Hudson,NJ,Passenger,1.0,0.0,1.0,21.0,22.0,4.55,2023,5,24281,118,43,1.0,1.0,1.0,1.0,0.0,0.0,55.0,1.0000000000000038
2023-06-30,Hudson,NJ,Passenger,1.0,0.0,1.0,19.0,20.0,5.0,2023,6,24282,118,44,1.0,1.0,1.0,1.0,0.0,0.0,56.0,1.0
2023-07-31,Hudson,NJ,Passenger,1.0,0.0,1.0,19.0,20.0,5.0,2023,7,24283,118,45,1.0,1.0,1.0,1.0,0.0,0.0,57.0,1.000000000000002
2023-08-31,Hudson,NJ,Passenger,1.0,0.0,1.0,19.0,20.0,5.0,2023,8,24284,118,46,1.0,1.0,1.0,1.0,0.0,0.0,58.0,1.0000000000000038
2017-06-30,Jackson,MO,Passenger,1.0,0.0,1.0,62.0,63.0,1.59,2017,6,24210,120,5,1.0,1.0,1.0,1.0,0.0,0.0,6.0,0.9999999999999998
2017-07-31,Jackson,MO,Passenger,1.0,0.0,1.0,59.0,60.0,1.67,2017,7,24211,120,6,1.0,1.0,1.0,1.0,0.0,0.0,7.0,0.9999999999999998
2017-08-31,Jackson,MO,Passenger,1.0,0.0,1.0,59.0,60.0,1.67,2017,8,24212,120,7,1.0,1.0,1.0,1.0,0.0,0.0,8.0,0.9999999999999999
2022-08-31,Jackson,OK,Passenger,0.0,1.0,1.0,31.0,32.0,3.12,2022,8,24272,120,8,1.0,1.0,1.0,1.0,0.0,0.0,9.0,1.0000000000000002
2022-09-30,Jackson,OK,Passenger,0.0,1.0,1.0,31.0,32.0,3.12,2022,9,24273,120,9,1.0,1.0,1.0,1.0,0.0,0.0,10.0,1.0000000000000002
2022-10-31,Jackson,OK,Passenger,0.0,1.0,1.0,31.0,32.0,3.12,2022,10,24274,120,10,1.0,1.0,1.0,1.0,0.0,0.0,11.0,1.0
2022-11-30,Jackson,OK,Passenger,0.0,1.0,1.0,32.0,33.0,3.03,2022,11,24275,120,11,1.0,1.0,1.0,1.0,0.0,0.0,12.0,1.0000000000000002
2022-12-31,Jackson,OK,Passenger,0.0,1.0,1.0,32.0,33.0,3.03,2022,12,24276,120,12,1.0,1.0,1.0,1.0,0.0,0.0,13.0,1.0000000000000002
2023-01-31,Jackson,OK,Passenger,0.0,1.0,1.0,32.0,33.0,3.03,2023,1,24277,120,13,1.0,1.0,1.0,1.0,0.0,0.0,14.0,1.0000000000000009
2023-02-28,Jackson,OK,Passenger,0.0,1.0,1.0,32.0,33.0,3.03,2023,2,24278,120,14,1.0,1.0,1.0,1.0,0.0,0.0,15.0,1.0000000000000007
2023-03-31,Jackson,OK,Passenger,0.0,1.0,1.0,31.0,32.0,3.12,2023,3,24279,120,15,1.0,1.0,1.0,1.0,0.0,0.0,16.0,1.0000000000000009
2023-04-30,Jackson,OK,Passenger,0.0,1.0,1.0,31.0,32.0,3.12,2023,4,24280,120,16,1.0,1.0,1.0,1.0,0.0,0.0,17.0,1.0
2023-05-31,Jackson,OK,Passenger,0.0,1.0,1.0,32.0,33.0,3.03,2023,5,24281,120,17,1.0,1.0,1.0,1.0,0.0,0.0,18.0,1.0000000000000002
2023-06-30,Jackson,OK,Passenger,0.0,1.0,1.0,33.0,34.0,2.94,2023,6,24282,120,18,1.0,1.0,1.0,1.0,0.0,0.0,19.0,1.000000000000002
2023-07-31,Jackson,OK,Passenger,0.0,1.0,1.0,32.0,33.0,3.03,2023,7,24283,120,19,1.0,1.0,1.0,1.0,0.0,0.0,20.0,0.9999999999999998
2023-03-31,James City,VA,Passenger,1.0,0.0,1.0,40.0,41.0,2.44,2023,3,24279,121,5,1.0,1.0,1.0,1.0,0.0,0.0,6.0,0.9999999999999998
2023-04-30,James City,VA,Passenger,1.0,0.0,1.0,39.0,40.0,2.5,2023,4,24280,121,6,1.0,1.0,1.0,1.0,0.0,0.0,7.0,0.9999999999999998
2023-05-31,James City,VA,Passenger,1.0,0.0,1.0,38.0,39.0,2.56,2023,5,24281,121,7,1.0,1.0,1.0,1.0,0.0,0.0,8.0,0.9999999999999999
2023-06-30,James City,VA,Passenger,1.0,0.0,1.0,38.0,39.0,2.56,2023,6,24282,121,8,1.0,1.0,1.0,1.0,0.0,0.0,9.0,1.0000000000000002
2023-07-31,James City,VA,Passenger,1.0,0.0,1.0,38.0,39.0,2.56,2023,7,24283,121,9,1.0,1.0,1.0,1.0,0.0,0.0,10.0,1.0000000000000002
2023-08-31,James City,VA,Passenger,1.0,0.0,1.0,38.0,39.0,2.56,2023,8,24284,121,10,1.0,1.0,1.0,1.0,0.0,0.0,11.0,1.0
2023-09-30,James City,VA,Passenger,1.0,0.0,1.0,38.0,39.0,2.56,2023,9,24285,121,11,1.0,1.0,1.0,1.0,0.0,0.0,12.0,1.0000000000000002
2023-10-31,James City,VA,Passenger,1.0,0.0,1.0,38.0,39.0,2.56,2023,10,24286,121,12,1.0,1.0,1.0,1.0,0.0,0.0,13.0,1.0000000000000002
2023-11-30,James City,VA,Passenger,1.0,0.0,1.0,37.0,38.0,2.63,2023,11,24287,121,13,1.0,1.0,1.0,1.0,0.0,0.0,14.0,1.0000000000000009
2023-12-31,James City,VA,Passenger,1.0,0.0,1.0,37.0,38.0,2.63,2023,12,24288,121,14,1.0,1.0,1.0,1.0,0.0,0.0,15.0,1.0000000000000007
2024-01-31,James City,VA,Passenger,1.0,0.0,1.0,37.0,38.0,2.63,2024,1,24289,121,15,1.0,1.0,1.0,1.0,0.0,0.0,16.0,1.0000000000000009
2024-02-29,James City,VA,Passenger,1.0,0.0,1.0,35.0,36.0,2.78,2024,2,24290,121,16,1.0,1.0,1.0,1.0,0.0,0.0,17.0,1.0
2017-03-31,Jefferson,NY,Passenger,1.0,1.0,2.0,261.0,263.0,0.76,2017,3,24207,122,7,0.0,0.0,144.0,48.0,0.0,-0.9861111111111112,290.0,33.48571428571429
2017-04-30,Jefferson,NY,Passenger,1.0,1.0,2.0,255.0,257.0,0.78,2017,4,24208,122,11,154.0,0.0,151.0,101.66666666666667,-0.987012987012987,-0.9867549668874173,597.0,70.28571428571429
2017-05-31,Jefferson,NY,Passenger,1.0,1.0,2.0,253.0,255.0,0.78,2017,5,24209,122,14,0.0,162.0,2.0,54.666666666666664,0.0,0.0,761.0,64.4
2017-06-30,Jefferson,NY,Passenger,1.0,1.0,2.0,251.0,253.0,0.79,2017,6,24210,122,15,2.0,0.0,162.0,54.666666666666664,0.0,-0.9876543209876543,763.0,38.05714285714289
2017-07-31,Jefferson,NY,Passenger,1.0,1.0,2.0,248.0,250.0,0.8,2017,7,24211,122,19,168.0,0.0,165.0,111.0,-0.9880952380952381,-0.9878787878787879,1098.0,76.68571428571434
2017-08-31,Jefferson,NY,Passenger,1.0,0.0,1.0,244.0,245.0,0.41,2017,8,24212,122,23,176.0,0.0,0.0,58.666666666666664,-0.9943181818181818,0.0,1275.0,40.657142857142965
2017-09-30,Jefferson,NY,Passenger,1.0,0.0,1.0,242.0,243.0,0.41,2017,9,24213,122,24,1.0,176.0,0.0,59.0,0.0,0.0,1276.0,45.62857142857144
2017-10-31,Jefferson,NY,Passenger,1.0,0.0,1.0,241.0,242.0,0.41,2017,10,24214,122,28,184.0,179.0,0.0,121.0,-0.9945652173913043,0.0,1640.0,88.37142857142862
2017-11-30,Jefferson,NY,Passenger,1.0,0.0,1.0,235.0,236.0,0.42,2017,11,24215,122,30,0.0,1.0,184.0,61.666666666666664,0.0,-0.9945652173913043,1641.0,68.02857142857144
2017-12-31,Jefferson,NY,Passenger,1.0,0.0,1.0,232.0,233.0,0.43,2017,12,24216,122,34,0.0,0.0,187.0,62.333333333333336,0.0,-0.9946524064171123,1829.0,43.028571428571595
2018-01-31,Jefferson,NY,Passenger,1.0,0.0,1.0,229.0,230.0,0.43,2018,1,24217,122,38,204.0,0.0,195.0,133.0,-0.9950980392156863,-0.9948717948717949,2229.0,91.48571428571442
2018-02-28,Jefferson,CO,Passenger,0.0,1.0,1.0,73.0,74.0,1.35,2018,2,24218,122,39,1.0,204.0,0.0,68.33333333333333,0.0,0.0,2230.0,80.68571428571448
2018-02-28,Jefferson,NY,Passenger,1.0,0.0,1.0,229.0,230.0,0.43,2018,2,24218,122,40,1.0,1.0,204.0,68.66666666666667,0.0,-0.9950980392156863,2231.0,47.25714285714273
2018-03-31,Jefferson,NY,Passenger,1.0,0.0,1.0,226.0,227.0,0.44,2018,3,24219,122,44,220.0,207.0,0.0,142.33333333333334,-0.9954545454545455,0.0,2659.0,103.80000000000017
2018-03-31,Jefferson,CO,Passenger,0.0,1.0,1.0,73.0,74.0,1.35,2018,3,24219,122,46,0.0,1.0,220.0,73.66666666666667,0.0,-0.9954545454545455,2660.0,80.25714285714301
2018-04-30,Jefferson,CO,Passenger,0.0,1.0,1.0,70.0,71.0,1.41,2018,4,24220,122,48,222.0,1.0,0.0,74.33333333333333,-0.9954954954954955,0.0,2883.0,51.285714285714604
2018-04-30,Jefferson,NY,Passenger,1.0,0.0,1.0,222.0,223.0,0.45,2018,4,24220,122,49,1.0,222.0,1.0,74.66666666666667,0.0,0.0,2884.0,57.68571428571431
2018-05-31,Jefferson,CO,Passenger,0.0,1.0,1.0,68.0,69.0,1.45,2018,5,24221,122,53,0.0,229.0,0.0,76.33333333333333,0.0,0.0,3114.0,59.1714285714287
2018-05-31,Jefferson,NY,Passenger,1.0,1.0,2.0,228.0,230.0,0.87,2018,5,24221,122,54,1.0,0.0,229.0,76.66666666666667,1.0,-0.9912663755458515,3116.0,52.857142857143074
2018-06-30,Jefferson,CO,Passenger,0.0,1.0,1.0,63.0,64.0,1.56,2018,6,24222,122,55,2.0,1.0,0.0,1.0,-0.5,0.0,3117.0,33.57142857142869
2018-06-30,Jefferson,NY,Passenger,0.0,1.0,1.0,227.0,228.0,0.44,2018,6,24222,122,56,1.0,2.0,1.0,1.3333333333333333,0.0,0.0,3118.0,1.1142857142860665
2018-07-31,Jefferson,NY,Passenger,0.0,1.0,1.0,230.0,231.0,0.43,2018,7,24223,122,61,246.0,0.0,0.0,82.0,-0.9959349593495935,0.0,3606.0,90.80000000000022
2018-07-31,Jefferson,CO,Passenger,0.0,1.0,1.0,64.0,65.0,1.54,2018,7,24223,122,62,1.0,246.0,0.0,82.33333333333333,0.0,0.0,3607.0,63.628571428571554
2018-08-31,Jefferson,NY,Passenger,0.0,1.0,1.0,230.0,231.0,0.43,2018,8,24224,122,64,253.0,1.0,1.0,85.0,-0.9960474308300395,0.0,3861.0,93.60000000000046
2018-08-31,Jefferson,CO,Passenger,0.0,1.0,1.0,64.0,65.0,1.54,2018,8,24224,122,65,1.0,253.0,1.0,85.0,0.0,0.0,3862.0,65.80000000000035
2018-09-30,Jefferson,CO,Passenger,0.0,1.0,1.0,63.0,64.0,1.56,2018,9,24225,122,68,252.0,0.0,1.0,84.33333333333333,-0.996031746031746,0.0,4115.0,58.1142857142861
2018-09-30,Jefferson,NY,Passenger,0.0,1.0,1.0,231.0,232.0,0.43,2018,9,24225,122,69,1.0,252.0,0.0,84.33333333333333,0.0,0.0,4116.0,65.31428571428603
2018-10-31,Jefferson,CO,Passenger,0.0,1.0,1.0,62.0,63.0,1.59,2018,10,24226,122,71,0.0,1.0,1.0,0.6666666666666666,0.0,0.0,4117.0,36.62857142857198
2018-10-31,Jefferson,NY,Passenger,0.0,1.0,1.0,229.0,230.0,0.43,2018,10,24226,122,72,1.0,0.0,1.0,0.6666666666666666,0.0,0.0,4118.0,0.742857142857255
2018-11-30,Jefferson,NY,Passenger,0.0,1.0,1.0,235.0,236.0,0.42,2018,11,24227,122,75,0.0,264.0,1.0,88.33333333333333,0.0,0.0,4383.0,68.40000000000038
2018-11-30,Jefferson,CO,Passenger,0.0,2.0,2.0,63.0,65.0,3.08,2018,11,24227,122,78,0.0,273.0,1.0,91.33333333333333,0.0,1.0,4658.0,70.71428571428605
2018-12-31,Jefferson,CO,Passenger,0.0,2.0,2.0,61.0,63.0,3.17,2018,12,24228,122,79,2.0,0.0,273.0,91.66666666666667,0.0,-0.9926739926739927,4660.0,63.2857142857146
2018-12-31,Jefferson,NY,Passenger,0.0,1.0,1.0,232.0,233.0,0.43,2018,12,24228,122,81,0.0,2.0,2.0,1.3333333333333333,0.0,-0.5,4661.0,1.1142857142858826
2019-01-31,Jefferson,CO,Passenger,0.0,2.0,2.0,61.0,63.0,3.17,2019,1,24229,122,83,274.0,1.0,0.0,91.66666666666667,-0.9927007299270073,0.0,4937.0,63.45714285714302
2019-01-31,Jefferson,NY,Passenger,0.0,1.0,1.0,233.0,234.0,0.43,2019,1,24229,122,86,287.0,0.0,2.0,96.33333333333333,-0.9965156794425087,-0.5,5225.0,105.3428571428574
2019-02-28,Jefferson,NY,Passenger,0.0,2.0,2.0,226.0,228.0,0.88,2019,2,24230,122,88,0.0,1.0,287.0,96.0,0.0,-0.9930313588850174,5227.0,66.14285714285731
2019-02-28,Jefferson,CO,Passenger,0.0,2.0,2.0,60.0,62.0,3.23,2019,2,24230,122,90,292.0,2.0,0.0,98.0,-0.9931506849315068,0.0,5521.0,67.68571428571467
2019-03-31,Jefferson,CO,Passenger,0.0,2.0,2.0,58.0,60.0,3.33,2019,3,24231,122,91,2.0,292.0,2.0,98.66666666666667,0.0,0.0,5523.0,76.28571428571435
2019-03-31,Jefferson,NY,Passenger,0.0,2.0,2.0,227.0,229.0,0.87,2019,3,24231,122,93,0.0,2.0,2.0,1.3333333333333333,0.0,0.0,5525.0,42.971428571428724
2019-04-30,Jefferson,NY,Passenger,0.0,2.0,2.0,223.0,225.0,0.89,2019,4,24232,122,95,297.0,2.0,0.0,99.66666666666667,-0.9932659932659933,0.0,5824.0,68.97142857142872
2019-04-30,Jefferson,CO,Passenger,0.0,2.0,2.0,59.0,61.0,3.28,2019,4,24232,122,96,2.0,297.0,2.0,100.33333333333333,0.0,0.0,5826.0,77.5714285714289
2019-05-31,Jefferson,NY,Passenger,0.0,2.0,2.0,220.0,222.0,0.9,2019,5,24233,122,99,305.0,0.0,2.0,102.33333333333333,-0.9934426229508196,0.0,6133.0,70.74285714285759
2019-05-31,Jefferson,CO,Passenger,0.0,2.0,2.0,58.0,60.0,3.33,2019,5,24233,122,101,310.0,2.0,305.0,205.66666666666666,-0.9935483870967742,-0.9934426229508196,6445.0,141.37142857142888
2019-06-30,Jefferson,CO,Passenger,0.0,2.0,2.0,57.0,59.0,3.39,2019,6,24234,122,105,316.0,0.0,0.0,105.33333333333333,-0.9936708860759493,0.0,6763.0,72.80000000000032
2019-06-30,Jefferson,NY,Passenger,0.0,2.0,2.0,219.0,221.0,0.9,2019,6,24234,122,106,2.0,316.0,0.0,106.0,0.0,0.0,6765.0,82.0000000000004
2019-07-31,Jefferson,NY,Passenger,0.0,2.0,2.0,219.0,221.0,0.9,2019,7,24235,122,108,320.0,2.0,2.0,108.0,-0.99375,0.0,7087.0,119.54285714285732
2019-07-31,Jefferson,CO,Passenger,0.0,2.0,2.0,57.0,59.0,3.39,2019,7,24235,122,109,2.0,320.0,2.0,108.0,0.0,0.0,7089.0,83.77142857142925
2019-08-31,Jefferson,NY,Passenger,0.0,2.0,2.0,219.0,221.0,0.9,2019,8,24236,122,111,0.0,2.0,2.0,1.3333333333333333,0.0,0.0,7091.0,46.9714285714285
2019-08-31,Jefferson,CO,Passenger,0.0,2.0,2.0,59.0,61.0,3.28,2019,8,24236,122,112,2.0,0.0,2.0,1.3333333333333333,0.0,0.0,7093.0,1.485714285714265
2019-09-30,Jefferson,NY,Passenger,0.0,2.0,2.0,218.0,220.0,0.91,2019,9,24237,122,116,0.0,327.0,0.0,109.0,0.0,0.0,7422.0,84.657142857144
2019-09-30,Jefferson,CO,Passenger,0.0,2.0,2.0,59.0,61.0,3.28,2019,9,24237,122,117,2.0,0.0,327.0,109.66666666666667,0.0,-0.9938837920489296,7424.0,75.48571428571499
2019-10-31,Jefferson,CO,Passenger,0.0,2.0,2.0,59.0,61.0,3.28,2019,10,24238,122,120,336.0,333.0,2.0,223.66666666666666,-0.9940476190476191,0.0,8095.0,163.45714285714288
2019-10-31,Jefferson,NY,Passenger,0.0,2.0,2.0,214.0,216.0,0.93,2019,10,24238,122,122,0.0,2.0,336.0,112.66666666666667,0.0,-0.9940476190476191,8097.0,125.17142857142859
2019-11-30,Jefferson,NY,Passenger,0.0,2.0,2.0,213.0,215.0,0.93,2019,11,24239,122,123,2.0,0.0,2.0,1.3333333333333333,0.0,0.0,8099.0,49.200000000001
2019-11-30,Jefferson,CO,Passenger,0.0,2.0,2.0,59.0,61.0,3.28,2019,11,24239,122,124,2.0,2.0,0.0,1.3333333333333333,0.0,0.0,8101.0,1.542857142857357
2019-12-31,Jefferson,NY,Passenger,0.0,2.0,2.0,217.0,219.0,0.91,2019,12,24240,122,127,344.0,0.0,2.0,115.33333333333333,-0.9941860465116279,0.0,8447.0,79.65714285714428
2019-12-31,Jefferson,CO,Passenger,0.0,2.0,2.0,58.0,60.0,3.33,2019,12,24240,122,128,2.0,344.0,0.0,115.33333333333333,0.0,0.0,8449.0,89.48571428571469
2020-01-31,Jefferson,NY,Passenger,0.0,1.0,1.0,217.0,218.0,0.46,2020,1,24241,122,131,351.0,0.0,2.0,117.66666666666667,-0.9971509971509972,-0.5,8801.0,81.11428571428675
2020-01-31,Jefferson,CO,Passenger,0.0,2.0,2.0,58.0,60.0,3.33,2020,1,24241,122,132,1.0,351.0,0.0,117.33333333333333,1.0,0.0,8803.0,91.05714285714335
2020-02-29,Jefferson,CO,Passenger,0.0,1.0,1.0,59.0,60.0,1.67,2020,2,24242,122,135,363.0,0.0,2.0,121.66666666666667,-0.9972451790633609,-0.5,9167.0,83.71428571428592
2020-02-29,Jefferson,NY,Passenger,0.0,1.0,1.0,217.0,218.0,0.46,2020,2,24242,122,138,0.0,369.0,1.0,123.33333333333333,0.0,0.0,9537.0,147.11428571428596
2020-03-31,Jefferson,NY,Passenger,0.0,1.0,1.0,211.0,212.0,0.47,2020,3,24243,122,140,0.0,1.0,0.0,0.3333333333333333,0.0,0.0,9538.0,53.114285714286865
2020-03-31,Jefferson,CO,Passenger,0.0,1.0,1.0,57.0,58.0,1.72,2020,3,24243,122,141,1.0,0.0,1.0,0.6666666666666666,0.0,0.0,9539.0,0.6000000000009962
2020-04-30,Jefferson,CO,Passenger,0.0,1.0,1.0,58.0,59.0,1.69,2020,4,24244,122,143,375.0,1.0,1.0,125.66666666666667,-0.9973333333333333,0.0,9915.0,86.34285714285761
2020-04-30,Jefferson,NY,Passenger,0.0,1.0,1.0,211.0,212.0,0.47,2020,4,24244,122,146,376.0,0.0,1.0,125.66666666666667,-0.9973404255319149,0.0,10292.0,139.88571428571498
2020-05-31,Jefferson,NY,Passenger,0.0,1.0,1.0,209.0,210.0,0.48,2020,5,24245,122,147,1.0,376.0,0.0,125.66666666666667,0.0,0.0,10293.0,97.20000000000049
2020-05-31,Jefferson,CO,Passenger,0.0,1.0,1.0,58.0,59.0,1.69,2020,5,24245,122,149,374.0,1.0,1.0,125.33333333333333,-0.9973262032085561,0.0,10668.0,139.8285714285724
2020-06-30,Jefferson,CO,Passenger,0.0,1.0,1.0,59.0,60.0,1.67,2020,6,24246,122,153,0.0,375.0,0.0,125.0,0.0,0.0,11044.0,96.7142857142869
2020-06-30,Jefferson,NY,Passenger,0.0,1.0,1.0,209.0,210.0,0.48,2020,6,24246,122,154,1.0,0.0,375.0,125.33333333333333,0.0,-0.9973333333333333,11045.0,86.08571428571493
2020-07-31,Jefferson,CO,Passenger,0.0,1.0,1.0,57.0,58.0,1.72,2020,7,24247,122,156,391.0,1.0,1.0,131.0,-0.9974424552429667,0.0,11437.0,90.00000000000055
2020-07-31,Jefferson,NY,Passenger,0.0,1.0,1.0,210.0,211.0,0.47,2020,7,24247,122,157,1.0,391.0,1.0,131.0,0.0,0.0,11438.0,101.28571428571514
2020-08-31,Jefferson,NY,Passenger,0.0,1.0,1.0,210.0,211.0,0.47,2020,8,24248,122,159,0.0,1.0,1.0,0.6666666666666666,0.0,0.0,11439.0,56.485714285715574
2020-08-31,Jefferson,CO,Passenger,0.0,1.0,1.0,56.0,57.0,1.75,2020,8,24248,122,161,0.0,1.0,0.0,0.3333333333333333,0.0,0.0,11440.0,0.5428571428581493
2020-09-30,Jefferson,CO,Passenger,0.0,1.0,1.0,55.0,56.0,1.79,2020,9,24249,122,163,393.0,1.0,0.0,131.33333333333334,-0.9974554707379135,0.0,11834.0,90.37142857142918
2020-09-30,Jefferson,NY,Passenger,0.0,1.0,1.0,211.0,212.0,0.47,2020,9,24249,122,166,405.0,0.0,1.0,135.33333333333334,-0.9975308641975309,0.0,12240.0,149.0857142857148
2020-10-31,Jefferson,NY,Passenger,0.0,1.0,1.0,212.0,213.0,0.47,2020,10,24250,122,167,1.0,405.0,0.0,135.33333333333334,0.0,0.0,12241.0,104.6571428571441
2020-11-30,Jefferson,NY,Passenger,0.0,1.0,1.0,211.0,212.0,0.47,2020,11,24251,122,170,0.0,411.0,1.0,137.33333333333334,0.0,0.0,12653.0,106.20000000000097
2020-12-31,Jefferson,NY,Passenger,0.0,1.0,1.0,210.0,211.0,0.47,2020,12,24252,122,173,0.0,429.0,1.0,143.33333333333334,0.0,0.0,13083.0,110.68571428571605
2021-01-31,Jefferson,NY,Passenger,0.0,1.0,1.0,213.0,214.0,0.47,2021,1,24253,122,176,440.0,0.0,1.0,147.0,-0.9977272727272727,0.0,13524.0,100.94285714285782
2021-02-28,Jefferson,NY,Passenger,0.0,1.0,1.0,215.0,216.0,0.46,2021,2,24254,122,181,463.0,0.0,456.0,306.3333333333333,-0.9978401727861771,-0.9978070175438597,14444.0,210.2000000000012
2021-03-31,Jefferson,NY,Passenger,0.0,1.0,1.0,216.0,217.0,0.46,2021,3,24255,122,183,476.0,1.0,463.0,313.3333333333333,-0.9978991596638656,-0.9978401727861771,14921.0,215.0285714285714
2021-04-30,Jefferson,NY,Passenger,0.0,1.0,1.0,218.0,219.0,0.46,2021,4,24256,122,186,0.0,0.0,1.0,0.3333333333333333,0.0,0.0,14922.0,68.37142857142993
2021-05-31,Jefferson,NY,Passenger,0.0,1.0,1.0,217.0,218.0,0.46,2021,5,24257,122,190,0.0,502.0,487.0,329.6666666666667,0.0,-0.997946611909651,15912.0,240.6857142857153
2021-06-30,Jefferson,NY,Passenger,0.0,1.0,1.0,223.0,224.0,0.45,2021,6,24258,122,193,0.0,514.0,1.0,171.66666666666666,0.0,0.0,16427.0,132.54285714285754
2021-07-31,Jefferson,NY,Passenger,0.0,1.0,1.0,222.0,223.0,0.45,2021,7,24259,122,194,1.0,0.0,514.0,171.66666666666666,0.0,-0.9980544747081712,16428.0,118.00000000000068
2021-08-31,Jefferson,NY,Passenger,0.0,1.0,1.0,221.0,222.0,0.45,2021,8,24260,122,197,0.0,521.0,1.0,174.0,0.0,0.0,16950.0,134.48571428571483
2021-09-30,Jefferson,NY,Passenger,1.0,1.0,2.0,219.0,221.0,0.9,2021,9,24261,122,201,0.0,532.0,0.0,177.33333333333334,0.0,0.0,17484.0,137.22857142857248
2021-10-31,Jefferson,NY,Passenger,1.0,1.0,2.0,219.0,221.0,0.9,2021,10,24262,122,203,543.0,2.0,0.0,181.66666666666666,-0.996316758747698,0.0,18029.0,200.9142857142865
2021-11-30,Jefferson,NY,Passenger,1.0,1.0,2.0,216.0,218.0,0.92,2021,11,24263,122,206,0.0,552.0,2.0,184.66666666666666,0.0,0.0,18583.0,220.2571428571445
2021-12-31,Jefferson,NY,Passenger,1.0,1.0,2.0,220.0,222.0,0.9,2021,12,24264,122,211,575.0,0.0,0.0,191.66666666666666,-0.9965217391304347,0.0,19726.0,212.57142857143023
2022-01-31,Jefferson,NY,Passenger,1.0,1.0,2.0,216.0,218.0,0.92,2022,1,24265,122,214,581.0,0.0,2.0,194.33333333333334,-0.9965576592082617,0.0,20309.0,215.6857142857172
2022-02-28,Jefferson,NY,Passenger,1.0,1.0,2.0,216.0,218.0,0.92,2022,2,24266,122,217,0.0,595.0,2.0,199.0,0.0,0.0,20906.0,236.7428571428596
2022-03-31,Jefferson,NY,Passenger,1.0,1.0,2.0,217.0,219.0,0.91,2022,3,24267,122,219,0.0,2.0,0.0,0.6666666666666666,0.0,0.0,20908.0,85.80000000000192
2022-04-30,Jefferson,NY,Passenger,1.0,1.0,2.0,216.0,218.0,0.92,2022,4,24268,122,223,0.0,625.0,615.0,413.3333333333333,0.0,-0.9967479674796748,22150.0,301.8571428571436
2022-05-31,Jefferson,NY,Passenger,1.0,1.0,2.0,216.0,218.0,0.92,2022,5,24269,122,224,2.0,0.0,625.0,209.0,0.0,-0.9968,22152.0,231.45714285714445
2022-06-30,Jefferson,NY,Passenger,1.0,1.0,2.0,214.0,216.0,0.93,2022,6,24270,122,228,651.0,0.0,640.0,430.3333333333333,-0.9969278033794163,-0.996875,23445.0,295.65714285714483
2022-07-31,Jefferson,NY,Passenger,1.0,1.0,2.0,213.0,215.0,0.93,2022,7,24271,122,232,661.0,3.0,2.0,222.0,-0.9969742813918305,0.0,24113.0,152.88571428571547
2022-08-31,Jefferson,NY,Passenger,1.0,1.0,2.0,212.0,214.0,0.93,2022,8,24272,122,234,676.0,2.0,661.0,446.3333333333333,-0.9970414201183432,-0.9969742813918305,24791.0,306.82857142857347
2022-09-30,Jefferson,NY,Passenger,1.0,1.0,2.0,212.0,214.0,0.93,2022,9,24273,122,236,3.0,2.0,676.0,227.0,-0.33333333333333337,-0.9970414201183432,24796.0,156.28571428571547
2022-10-31,Jefferson,NY,Passenger,1.0,1.0,2.0,210.0,212.0,0.94,2022,10,24274,122,240,690.0,3.0,679.0,457.3333333333333,-0.9971014492753624,-0.9970544918998527,26170.0,314.257142857145
2022-11-30,Jefferson,NY,Passenger,1.0,1.0,2.0,209.0,211.0,0.95,2022,11,24275,122,242,5.0,2.0,690.0,232.33333333333334,-0.6,-0.9971014492753624,26177.0,160.08571428571761
2022-12-31,Jefferson,NY,Passenger,2.0,1.0,3.0,205.0,208.0,1.44,2022,12,24276,122,247,6.0,711.0,704.0,473.6666666666667,-0.5,-0.9957386363636364,27607.0,346.4000000000012
2023-01-31,Jefferson,NY,Passenger,2.0,1.0,3.0,203.0,206.0,1.46,2023,1,24277,122,250,6.0,731.0,3.0,246.66666666666666,-0.5,0.0,28347.0,191.31428571428873
2023-02-28,Jefferson,NY,Passenger,2.0,1.0,3.0,198.0,201.0,1.49,2023,2,24278,122,251,3.0,6.0,731.0,246.66666666666666,0.0,-0.9958960328317373,28350.0,170.17142857143094
2023-03-31,Jefferson,NY,Passenger,2.0,1.0,3.0,196.0,199.0,1.51,2023,3,24279,122,256,9.0,771.0,9.0,263.0,-0.6666666666666667,-0.6666666666666667,29893.0,310.0857142857155
2023-04-30,Jefferson,NY,Passenger,2.0,1.0,3.0,189.0,192.0,1.56,2023,4,24280,122,257,3.0,9.0,771.0,261.0,0.0,-0.9961089494163424,29896.0,180.9428571428599
2023-05-31,Jefferson,NY,Passenger,2.0,1.0,3.0,191.0,194.0,1.55,2023,5,24281,122,260,10.0,785.0,3.0,266.0,-0.7,0.0,30694.0,205.68571428571434
2023-06-30,Jefferson,NY,Passenger,2.0,1.0,3.0,189.0,192.0,1.56,2023,6,24282,122,264,12.0,811.0,12.0,278.3333333333333,-0.75,-0.75,31532.0,214.88571428571737
2023-07-31,Jefferson,NY,Passenger,2.0,1.0,3.0,186.0,189.0,1.59,2023,7,24283,122,267,838.0,814.0,3.0,551.6666666666666,-0.9964200477326969,0.0,33187.0,403.68571428571687
2023-08-31,Jefferson,NY,Passenger,2.0,1.0,3.0,182.0,185.0,1.62,2023,8,24284,122,269,12.0,3.0,838.0,284.3333333333333,-0.75,-0.9964200477326969,33202.0,311.7714285714326
2023-09-30,Jefferson,NY,Passenger,2.0,1.0,3.0,181.0,184.0,1.63,2023,9,24285,122,272,858.0,12.0,3.0,291.0,-0.9965034965034965,0.0,34075.0,202.02857142857312
2023-10-31,Jefferson,NY,Passenger,2.0,1.0,3.0,176.0,179.0,1.68,2023,10,24286,122,277,13.0,888.0,875.0,592.0,-0.7692307692307692,-0.9965714285714286,35866.0,433.45714285714774
2023-11-30,Jefferson,NY,Passenger,2.0,1.0,3.0,170.0,173.0,1.73,2023,11,24287,122,280,908.0,15.0,3.0,308.6666666666667,-0.9966960352422908,0.0,36792.0,214.371428571431
2023-12-31,Jefferson,NY,Passenger,2.0,1.0,3.0,166.0,169.0,1.78,2023,12,24288,122,281,3.0,908.0,15.0,308.6666666666667,0.0,-0.8,36795.0,238.457142857146
2024-01-31,Jefferson,NY,Passenger,2.0,1.0,3.0,161.0,164.0,1.83,2024,1,24289,122,285,19.0,18.0,933.0,323.3333333333333,-0.8421052631578947,-0.9967845659163987,37768.0,223.08571428571747
2024-02-29,Jefferson,NY,Passenger,2.0,1.0,3.0,157.0,160.0,1.88,2024,2,24290,122,289,20.0,947.0,945.0,637.3333333333334,-0.85,-0.9968253968253968,39683.0,464.9428571428576
2020-01-31,Jones,GA,Passenger,1.0,0.0,1.0,1.0,2.0,6.9025,2020,1,24241,123,5,1.0,1.0,1.0,1.0,0.0,0.0,6.0,0.9999999999999998
2020-02-29,Jones,GA,Passenger,1.0,0.0,1.0,1.0,2.0,6.9025,2020,2,24242,123,6,1.0,1.0,1.0,1.0,0.0,0.0,7.0,0.9999999999999998
2020-03-31,Jones,GA,Passenger,1.0,0.0,1.0,1.0,2.0,6.9025,2020,3,24243,123,7,1.0,1.0,1.0,1.0,0.0,0.0,8.0,0.9999999999999999
2020-04-30,Jones,GA,Passenger,1.0,0.0,1.0,1.0,2.0,6.9025,2020,4,24244,123,8,1.0,1.0,1.0,1.0,0.0,0.0,9.0,1.0000000000000002
2020-05-31,Jones,GA,Passenger,1.0,0.0,1.0,1.0,2.0,6.9025,2020,5,24245,123,9,1.0,1.0,1.0,1.0,0.0,0.0,10.0,1.0000000000000002
2020-06-30,Jones,GA,Passenger,1.0,0.0,1.0,1.0,2.0,6.9025,2020,6,24246,123,10,1.0,1.0,1.0,1.0,0.0,0.0,11.0,1.0
2020-07-31,Jones,GA,Passenger,1.0,0.0,1.0,1.0,2.0,6.9025,2020,7,24247,123,11,1.0,1.0,1.0,1.0,0.0,0.0,12.0,1.0000000000000002
2020-08-31,Jones,GA,Passenger,1.0,0.0,1.0,1.0,2.0,6.9025,2020,8,24248,123,12,1.0,1.0,1.0,1.0,0.0,0.0,13.0,1.0000000000000002
2020-09-30,Jones,GA,Passenger,1.0,0.0,1.0,1.0,2.0,6.9025,2020,9,24249,123,13,1.0,1.0,1.0,1.0,0.0,0.0,14.0,1.0000000000000009
2020-10-31,Jones,GA,Passenger,1.0,0.0,1.0,1.0,2.0,6.9025,2020,10,24250,123,14,1.0,1.0,1.0,1.0,0.0,0.0,15.0,1.0000000000000007
2020-11-30,Jones,GA,Passenger,1.0,0.0,1.0,1.0,2.0,6.9025,2020,11,24251,123,15,1.0,1.0,1.0,1.0,0.0,0.0,16.0,1.0000000000000009
2020-12-31,Jones,GA,Passenger,1.0,0.0,1.0,1.0,2.0,6.9025,2020,12,24252,123,16,1.0,1.0,1.0,1.0,0.0,0.0,17.0,1.0
2021-01-31,Jones,GA,Passenger,1.0,0.0,1.0,1.0,2.0,6.9025,2021,1,24253,123,17,1.0,1.0,1.0,1.0,0.0,0.0,18.0,1.0000000000000002
2021-02-28,Jones,GA,Passenger,1.0,0.0,1.0,1.0,2.0,6.9025,2021,2,24254,123,18,1.0,1.0,1.0,1.0,0.0,0.0,19.0,1.000000000000002
2021-03-31,Jones,GA,Passenger,1.0,0.0,1.0,1.0,2.0,6.9025,2021,3,24255,123,19,1.0,1.0,1.0,1.0,0.0,0.0,20.0,0.9999999999999998
2021-04-30,Jones,GA,Passenger,1.0,0.0,1.0,1.0,2.0,6.9025,2021,4,24256,123,20,1.0,1.0,1.0,1.0,0.0,0.0,21.0,1.000000000000001
2021-05-31,Jones,GA,Passenger,1.0,0.0,1.0,1.0,2.0,6.9025,2021,5,24257,123,21,1.0,1.0,1.0,1.0,0.0,0.0,22.0,1.0000000000000013
2021-06-30,Jones,GA,Passenger,1.0,0.0,1.0,1.0,2.0,6.9025,2021,6,24258,123,22,1.0,1.0,1.0,1.0,0.0,0.0,23.0,1.0000000000000013
2021-07-31,Jones,GA,Passenger,1.0,0.0,1.0,1.0,2.0,6.9025,2021,7,24259,123,23,1.0,1.0,1.0,1.0,0.0,0.0,24.0,1.0000000000000004
2017-06-30,Juneau,AK,Passenger,0.0,1.0,1.0,46.0,47.0,2.13,2017,6,24210,124,5,1.0,1.0,1.0,1.0,0.0,0.0,6.0,0.9999999999999998
2017-07-31,Juneau,AK,Passenger,0.0,1.0,1.0,46.0,47.0,2.13,2017,7,24211,124,6,1.0,1.0,1.0,1.0,0.0,0.0,7.0,0.9999999999999998
2017-08-31,Juneau,AK,Passenger,0.0,1.0,1.0,44.0,45.0,2.22,2017,8,24212,124,7,1.0,1.0,1.0,1.0,0.0,0.0,8.0,0.9999999999999999
2017-09-30,Juneau,AK,Passenger,0.0,1.0,1.0,46.0,47.0,2.13,2017,9,24213,124,8,1.0,1.0,1.0,1.0,0.0,0.0,9.0,1.0000000000000002
2017-10-31,Juneau,AK,Passenger,0.0,1.0,1.0,45.0,46.0,2.17,2017,10,24214,124,9,1.0,1.0,1.0,1.0,0.0,0.0,10.0,1.0000000000000002
2017-11-30,Juneau,AK,Passenger,0.0,1.0,1.0,45.0,46.0,2.17,2017,11,24215,124,10,1.0,1.0,1.0,1.0,0.0,0.0,11.0,1.0
2017-12-31,Juneau,AK,Passenger,0.0,1.0,1.0,46.0,47.0,2.13,2017,12,24216,124,11,1.0,1.0,1.0,1.0,0.0,0.0,12.0,1.0000000000000002
2018-01-31,Juneau,AK,Passenger,0.0,1.0,1.0,43.0,44.0,2.27,2018,1,24217,124,12,1.0,1.0,1.0,1.0,0.0,0.0,13.0,1.0000000000000002
2018-02-28,Juneau,AK,Passenger,0.0,1.0,1.0,42.0,43.0,2.33,2018,2,24218,124,13,1.0,1.0,1.0,1.0,0.0,0.0,14.0,1.0000000000000009
2018-03-31,Juneau,AK,Passenger,0.0,1.0,1.0,43.0,44.0,2.27,2018,3,24219,124,14,1.0,1.0,1.0,1.0,0.0,0.0,15.0,1.0000000000000007
2018-04-30,Juneau,AK,Passenger,0.0,1.0,1.0,45.0,46.0,2.17,2018,4,24220,124,15,1.0,1.0,1.0,1.0,0.0,0.0,16.0,1.0000000000000009
2018-05-31,Juneau,AK,Passenger,0.0,1.0,1.0,46.0,47.0,2.13,2018,5,24221,124,16,1.0,1.0,1.0,1.0,0.0,0.0,17.0,1.0
2018-06-30,Juneau,AK,Passenger,0.0,1.0,1.0,46.0,47.0,2.13,2018,6,24222,124,17,1.0,1.0,1.0,1.0,0.0,0.0,18.0,1.0000000000000002
2018-07-31,Juneau,AK,Passenger,0.0,1.0,1.0,47.0,48.0,2.08,2018,7,24223,124,18,1.0,1.0,1.0,1.0,0.0,0.0,19.0,1.000000000000002
2018-08-31,Juneau,AK,Passenger,0.0,1.0,1.0,44.0,45.0,2.22,2018,8,24224,124,19,1.0,1.0,1.0,1.0,0.0,0.0,20.0,0.9999999999999998
2018-09-30,Juneau,AK,Passenger,0.0,1.0,1.0,43.0,44.0,2.27,2018,9,24225,124,20,1.0,1.0,1.0,1.0,0.0,0.0,21.0,1.000000000000001
2018-10-31,Juneau,AK,Passenger,0.0,1.0,1.0,43.0,44.0,2.27,2018,10,24226,124,21,1.0,1.0,1.0,1.0,0.0,0.0,22.0,1.0000000000000013
2018-11-30,Juneau,AK,Passenger,0.0,1.0,1.0,43.0,44.0,2.27,2018,11,24227,124,22,1.0,1.0,1.0,1.0,0.0,0.0,23.0,1.0000000000000013
2018-12-31,Juneau,AK,Passenger,0.0,1.0,1.0,44.0,45.0,2.22,2018,12,24228,124,23,1.0,1.0,1.0,1.0,0.0,0.0,24.0,1.0000000000000004
2019-01-31,Juneau,AK,Passenger,0.0,1.0,1.0,40.0,41.0,2.44,2019,1,24229,124,24,1.0,1.0,1.0,1.0,0.0,0.0,25.0,1.0000000000000013
2019-02-28,Juneau,AK,Passenger,0.0,1.0,1.0,39.0,40.0,2.5,2019,2,24230,124,25,1.0,1.0,1.0,1.0,0.0,0.0,26.0,1.0000000000000013
2019-03-31,Juneau,AK,Passenger,0.0,1.0,1.0,34.0,35.0,2.86,2019,3,24231,124,26,1.0,1.0,1.0,1.0,0.0,0.0,27.0,1.0000000000000013
2019-04-30,Juneau,AK,Passenger,0.0,2.0,2.0,33.0,35.0,5.71,2019,4,24232,124,27,1.0,1.0,1.0,1.0,1.0,1.0,29.0,1.1428571428571446
2019-05-31,Juneau,AK,Passenger,0.0,2.0,2.0,32.0,34.0,5.88,2019,5,24233,124,28,2.0,1.0,1.0,1.3333333333333333,0.0,1.0,31.0,1.3714285714285723
2019-06-30,Juneau,AK,Passenger,0.0,2.0,2.0,31.0,33.0,6.06,2019,6,24234,124,29,2.0,2.0,1.0,1.6666666666666667,0.0,1.0,33.0,1.6285714285714281
2019-07-31,Juneau,AK,Passenger,0.0,2.0,2.0,32.0,34.0,5.88,2019,7,24235,124,30,2.0,2.0,2.0,2.0,0.0,0.0,35.0,1.8571428571428568
2019-08-31,Juneau,AK,Passenger,0.0,2.0,2.0,32.0,34.0,5.88,2019,8,24236,124,31,2.0,2.0,2.0,2.0,0.0,0.0,37.0,2.0000000000000004
2019-09-30,Juneau,AK,Passenger,0.0,2.0,2.0,29.0,31.0,6.45,2019,9,24237,124,32,2.0,2.0,2.0,2.0,0.0,0.0,39.0,1.9999999999999991
2019-10-31,Juneau,AK,Passenger,0.0,2.0,2.0,29.0,31.0,6.45,2019,10,24238,124,33,2.0,2.0,2.0,2.0,0.0,0.0,41.0,2.0000000000000027
2019-11-30,Juneau,AK,Passenger,0.0,2.0,2.0,29.0,31.0,6.45,2019,11,24239,124,34,2.0,2.0,2.0,2.0,0.0,0.0,43.0,2.0000000000000027
2019-12-31,Juneau,AK,Passenger,0.0,2.0,2.0,29.0,31.0,6.45,2019,12,24240,124,35,2.0,2.0,2.0,2.0,0.0,0.0,45.0,2.000000000000001
2020-01-31,Juneau,AK,Passenger,0.0,2.0,2.0,30.0,32.0,6.25,2020,1,24241,124,36,2.0,2.0,2.0,2.0,0.0,0.0,47.0,2.0000000000000027
2020-02-29,Juneau,AK,Passenger,0.0,2.0,2.0,32.0,34.0,5.88,2020,2,24242,124,37,2.0,2.0,2.0,2.0,0.0,0.0,49.0,2.000000000000001
2020-03-31,Juneau,AK,Passenger,0.0,2.0,2.0,31.0,33.0,6.06,2020,3,24243,124,38,2.0,2.0,2.0,2.0,0.0,0.0,51.0,2.0000000000000018
2020-04-30,Juneau,AK,Passenger,0.0,2.0,2.0,31.0,33.0,6.06,2020,4,24244,124,39,2.0,2.0,2.0,2.0,0.0,0.0,53.0,2.0000000000000027
2020-05-31,Juneau,AK,Passenger,0.0,2.0,2.0,29.0,31.0,6.45,2020,5,24245,124,40,2.0,2.0,2.0,2.0,0.0,0.0,55.0,2.000000000000001
2020-06-30,Juneau,AK,Passenger,0.0,2.0,2.0,29.0,31.0,6.45,2020,6,24246,124,41,2.0,2.0,2.0,2.0,0.0,0.0,57.0,2.000000000000001
2020-07-31,Juneau,AK,Passenger,0.0,1.0,1.0,30.0,31.0,3.23,2020,7,24247,124,42,2.0,2.0,2.0,2.0,-0.5,-0.5,58.0,1.8571428571428579
2020-08-31,Juneau,AK,Passenger,0.0,1.0,1.0,28.0,29.0,3.45,2020,8,24248,124,43,1.0,2.0,2.0,1.6666666666666667,0.0,-0.5,59.0,1.6285714285714328
2020-09-30,Juneau,AK,Passenger,0.0,1.0,1.0,29.0,30.0,3.33,2020,9,24249,124,44,1.0,1.0,2.0,1.3333333333333333,0.0,-0.5,60.0,1.3714285714285797
2020-10-31,Juneau,AK,Passenger,0.0,1.0,1.0,28.0,29.0,3.45,2020,10,24250,124,45,1.0,1.0,1.0,1.0,0.0,0.0,61.0,1.1428571428571412
2020-11-30,Juneau,AK,Passenger,0.0,1.0,1.0,27.0,28.0,3.57,2020,11,24251,124,46,1.0,1.0,1.0,1.0,0.0,0.0,62.0,1.0000000000000067
2020-12-31,Juneau,AK,Passenger,0.0,1.0,1.0,26.0,27.0,3.7,2020,12,24252,124,47,1.0,1.0,1.0,1.0,0.0,0.0,63.0,1.0000000000000009
2021-01-31,Juneau,AK,Passenger,0.0,1.0,1.0,26.0,27.0,3.7,2021,1,24253,124,48,1.0,1.0,1.0,1.0,0.0,0.0,64.0,0.999999999999999
2021-02-28,Juneau,AK,Passenger,0.0,1.0,1.0,26.0,27.0,3.7,2021,2,24254,124,49,1.0,1.0,1.0,1.0,0.0,0.0,65.0,1.0000000000000049
2021-03-31,Juneau,AK,Passenger,0.0,1.0,1.0,27.0,28.0,3.57,2021,3,24255,124,50,1.0,1.0,1.0,1.0,0.0,0.0,66.0,1.0000000000000029
2021-04-30,Juneau,AK,Passenger,0.0,1.0,1.0,27.0,28.0,3.57,2021,4,24256,124,51,1.0,1.0,1.0,1.0,0.0,0.0,67.0,1.0000000000000049
2021-05-31,Juneau,AK,Passenger,0.0,1.0,1.0,26.0,27.0,3.7,2021,5,24257,124,52,1.0,1.0,1.0,1.0,0.0,0.0,68.0,1.0000000000000087
2021-06-30,Juneau,AK,Passenger,0.0,1.0,1.0,27.0,28.0,3.57,2021,6,24258,124,53,1.0,1.0,1.0,1.0,0.0,0.0,69.0,1.0000000000000067
2021-07-31,Juneau,AK,Passenger,0.0,1.0,1.0,27.0,28.0,3.57,2021,7,24259,124,54,1.0,1.0,1.0,1.0,0.0,0.0,70.0,1.0000000000000049
2021-08-31,Juneau,AK,Passenger,0.0,1.0,1.0,27.0,28.0,3.57,2021,8,24260,124,55,1.0,1.0,1.0,1.0,0.0,0.0,71.0,1.0000000000000049
2021-09-30,Juneau,AK,Passenger,0.0,1.0,1.0,29.0,30.0,3.33,2021,9,24261,124,56,1.0,1.0,1.0,1.0,0.0,0.0,72.0,1.0000000000000067
2021-10-31,Juneau,AK,Passenger,0.0,1.0,1.0,30.0,31.0,3.23,2021,10,24262,124,57,1.0,1.0,1.0,1.0,0.0,0.0,73.0,1.0000000000000049
2021-11-30,Juneau,AK,Passenger,0.0,1.0,1.0,30.0,31.0,3.23,2021,11,24263,124,58,1.0,1.0,1.0,1.0,0.0,0.0,74.0,1.0000000000000009
2021-12-31,Juneau,AK,Passenger,0.0,1.0,1.0,30.0,31.0,3.23,2021,12,24264,124,59,1.0,1.0,1.0,1.0,0.0,0.0,75.0,1.0000000000000029
2022-01-31,Juneau,AK,Passenger,0.0,1.0,1.0,31.0,32.0,3.12,2022,1,24265,124,60,1.0,1.0,1.0,1.0,0.0,0.0,76.0,1.0000000000000049
2022-02-28,Juneau,AK,Passenger,0.0,1.0,1.0,31.0,32.0,3.12,2022,2,24266,124,61,1.0,1.0,1.0,1.0,0.0,0.0,77.0,1.0000000000000087
2022-03-31,Juneau,AK,Passenger,0.0,1.0,1.0,32.0,33.0,3.03,2022,3,24267,124,62,1.0,1.0,1.0,1.0,0.0,0.0,78.0,1.0000000000000049
2022-04-30,Juneau,AK,Passenger,0.0,1.0,1.0,31.0,32.0,3.12,2022,4,24268,124,63,1.0,1.0,1.0,1.0,0.0,0.0,79.0,1.0000000000000029
2022-05-31,Juneau,AK,Passenger,0.0,1.0,1.0,31.0,32.0,3.12,2022,5,24269,124,64,1.0,1.0,1.0,1.0,0.0,0.0,80.0,1.0000000000000087
2022-06-30,Juneau,AK,Passenger,0.0,1.0,1.0,31.0,32.0,3.12,2022,6,24270,124,65,1.0,1.0,1.0,1.0,0.0,0.0,81.0,1.0000000000000029
2022-07-31,Juneau,AK,Passenger,0.0,1.0,1.0,31.0,32.0,3.12,2022,7,24271,124,66,1.0,1.0,1.0,1.0,0.0,0.0,82.0,1.0000000000000104
2022-08-31,Juneau,AK,Passenger,0.0,1.0,1.0,30.0,31.0,3.23,2022,8,24272,124,67,1.0,1.0,1.0,1.0,0.0,0.0,83.0,1.0000000000000049
2022-09-30,Juneau,AK,Passenger,0.0,1.0,1.0,30.0,31.0,3.23,2022,9,24273,124,68,1.0,1.0,1.0,1.0,0.0,0.0,84.0,1.0000000000000049
2019-03-31,Kalamazoo,MI,Passenger,1.0,0.0,1.0,13.0,14.0,6.9025,2019,3,24231,125,5,1.0,1.0,1.0,1.0,0.0,0.0,6.0,0.9999999999999998
2019-04-30,Kalamazoo,MI,Passenger,1.0,0.0,1.0,13.0,14.0,6.9025,2019,4,24232,125,6,1.0,1.0,1.0,1.0,0.0,0.0,7.0,0.9999999999999998
2019-05-31,Kalamazoo,MI,Passenger,1.0,0.0,1.0,13.0,14.0,6.9025,2019,5,24233,125,7,1.0,1.0,1.0,1.0,0.0,0.0,8.0,0.9999999999999999
2019-06-30,Kalamazoo,MI,Passenger,1.0,0.0,1.0,14.0,15.0,6.67,2019,6,24234,125,8,1.0,1.0,1.0,1.0,0.0,0.0,9.0,1.0000000000000002
2019-07-31,Kalamazoo,MI,Passenger,1.0,0.0,1.0,13.0,14.0,6.9025,2019,7,24235,125,9,1.0,1.0,1.0,1.0,0.0,0.0,10.0,1.0000000000000002
2019-08-31,Kalamazoo,MI,Passenger,1.0,0.0,1.0,15.0,16.0,6.25,2019,8,24236,125,10,1.0,1.0,1.0,1.0,0.0,0.0,11.0,1.0
2021-01-31,Kauai,HI,Passenger,1.0,0.0,1.0,16.0,17.0,5.88,2021,1,24253,126,5,1.0,1.0,1.0,1.0,0.0,0.0,6.0,0.9999999999999998
2021-02-28,Kauai,HI,Passenger,1.0,0.0,1.0,17.0,18.0,5.56,2021,2,24254,126,6,1.0,1.0,1.0,1.0,0.0,0.0,7.0,0.9999999999999998
2021-03-31,Kauai,HI,Passenger,1.0,0.0,1.0,17.0,18.0,5.56,2021,3,24255,126,7,1.0,1.0,1.0,1.0,0.0,0.0,8.0,0.9999999999999999
2021-04-30,Kauai,HI,Passenger,1.0,0.0,1.0,18.0,19.0,5.26,2021,4,24256,126,8,1.0,1.0,1.0,1.0,0.0,0.0,9.0,1.0000000000000002
2021-05-31,Kauai,HI,Passenger,1.0,0.0,1.0,18.0,19.0,5.26,2021,5,24257,126,9,1.0,1.0,1.0,1.0,0.0,0.0,10.0,1.0000000000000002
2021-06-30,Kauai,HI,Passenger,1.0,0.0,1.0,19.0,20.0,5.0,2021,6,24258,126,10,1.0,1.0,1.0,1.0,0.0,0.0,11.0,1.0
2021-07-31,Kauai,HI,Passenger,1.0,0.0,1.0,19.0,20.0,5.0,2021,7,24259,126,11,1.0,1.0,1.0,1.0,0.0,0.0,12.0,1.0000000000000002
2021-08-31,Kauai,HI,Passenger,1.0,0.0,1.0,20.0,21.0,4.76,2021,8,24260,126,12,1.0,1.0,1.0,1.0,0.0,0.0,13.0,1.0000000000000002
2021-09-30,Kauai,HI,Passenger,1.0,0.0,1.0,19.0,20.0,5.0,2021,9,24261,126,13,1.0,1.0,1.0,1.0,0.0,0.0,14.0,1.0000000000000009
2021-10-31,Kauai,HI,Passenger,1.0,0.0,1.0,19.0,20.0,5.0,2021,10,24262,126,14,1.0,1.0,1.0,1.0,0.0,0.0,15.0,1.0000000000000007
2021-11-30,Kauai,HI,Passenger,1.0,0.0,1.0,19.0,20.0,5.0,2021,11,24263,126,15,1.0,1.0,1.0,1.0,0.0,0.0,16.0,1.0000000000000009
2021-12-31,Kauai,HI,Passenger,1.0,0.0,1.0,19.0,20.0,5.0,2021,12,24264,126,16,1.0,1.0,1.0,1.0,0.0,0.0,17.0,1.0
2022-01-31,Kauai,HI,Passenger,1.0,0.0,1.0,19.0,20.0,5.0,2022,1,24265,126,17,1.0,1.0,1.0,1.0,0.0,0.0,18.0,1.0000000000000002
2022-02-28,Kauai,HI,Passenger,1.0,0.0,1.0,20.0,21.0,4.76,2022,2,24266,126,18,1.0,1.0,1.0,1.0,0.0,0.0,19.0,1.000000000000002
2022-03-31,Kauai,HI,Passenger,1.0,0.0,1.0,20.0,21.0,4.76,2022,3,24267,126,19,1.0,1.0,1.0,1.0,0.0,0.0,20.0,0.9999999999999998
2022-04-30,Kauai,HI,Passenger,1.0,0.0,1.0,20.0,21.0,4.76,2022,4,24268,126,20,1.0,1.0,1.0,1.0,0.0,0.0,21.0,1.000000000000001
2022-05-31,Kauai,HI,Passenger,1.0,0.0,1.0,18.0,19.0,5.26,2022,5,24269,126,21,1.0,1.0,1.0,1.0,0.0,0.0,22.0,1.0000000000000013
2022-06-30,Kauai,HI,Passenger,1.0,0.0,1.0,17.0,18.0,5.56,2022,6,24270,126,22,1.0,1.0,1.0,1.0,0.0,0.0,23.0,1.0000000000000013
2022-07-31,Kauai,HI,Passenger,1.0,0.0,1.0,17.0,18.0,5.56,2022,7,24271,126,23,1.0,1.0,1.0,1.0,0.0,0.0,24.0,1.0000000000000004
2022-08-31,Kauai,HI,Passenger,1.0,0.0,1.0,16.0,17.0,5.88,2022,8,24272,126,24,1.0,1.0,1.0,1.0,0.0,0.0,25.0,1.0000000000000013
2022-09-30,Kauai,HI,Passenger,1.0,0.0,1.0,17.0,18.0,5.56,2022,9,24273,126,25,1.0,1.0,1.0,1.0,0.0,0.0,26.0,1.0000000000000013
2022-10-31,Kauai,HI,Passenger,1.0,0.0,1.0,16.0,17.0,5.88,2022,10,24274,126,26,1.0,1.0,1.0,1.0,0.0,0.0,27.0,1.0000000000000013
2022-11-30,Kauai,HI,Passenger,1.0,1.0,2.0,15.0,17.0,6.9025,2022,11,24275,126,27,1.0,1.0,1.0,1.0,1.0,1.0,29.0,1.1428571428571446
2022-12-31,Kauai,HI,Passenger,1.0,1.0,2.0,15.0,17.0,6.9025,2022,12,24276,126,28,2.0,1.0,1.0,1.3333333333333333,0.0,1.0,31.0,1.3714285714285723
2023-01-31,Kauai,HI,Passenger,1.0,1.0,2.0,15.0,17.0,6.9025,2023,1,24277,126,29,2.0,2.0,1.0,1.6666666666666667,0.0,1.0,33.0,1.6285714285714281
2023-02-28,Kauai,HI,Passenger,1.0,1.0,2.0,15.0,17.0,6.9025,2023,2,24278,126,30,2.0,2.0,2.0,2.0,0.0,0.0,35.0,1.8571428571428568
2023-03-31,Kauai,HI,Passenger,1.0,1.0,2.0,15.0,17.0,6.9025,2023,3,24279,126,31,2.0,2.0,2.0,2.0,0.0,0.0,37.0,2.0000000000000004
2023-04-30,Kauai,HI,Passenger,1.0,1.0,2.0,15.0,17.0,6.9025,2023,4,24280,126,32,2.0,2.0,2.0,2.0,0.0,0.0,39.0,1.9999999999999991
2023-05-31,Kauai,HI,Passenger,1.0,1.0,2.0,14.0,16.0,6.9025,2023,5,24281,126,33,2.0,2.0,2.0,2.0,0.0,0.0,41.0,2.0000000000000027
2023-06-30,Kauai,HI,Passenger,1.0,1.0,2.0,16.0,18.0,6.9025,2023,6,24282,126,34,2.0,2.0,2.0,2.0,0.0,0.0,43.0,2.0000000000000027
2023-07-31,Kauai,HI,Passenger,0.0,1.0,1.0,15.0,16.0,6.25,2023,7,24283,126,35,2.0,2.0,2.0,2.0,-0.5,-0.5,44.0,1.8571428571428568
2023-08-31,Kauai,HI,Passenger,0.0,1.0,1.0,14.0,15.0,6.67,2023,8,24284,126,36,1.0,2.0,2.0,1.6666666666666667,0.0,-0.5,45.0,1.62857142857143
2023-09-30,Kauai,HI,Passenger,0.0,1.0,1.0,14.0,15.0,6.67,2023,9,24285,126,37,1.0,1.0,2.0,1.3333333333333333,0.0,-0.5,46.0,1.3714285714285759
2023-10-31,Kauai,HI,Passenger,0.0,1.0,1.0,14.0,15.0,6.67,2023,10,24286,126,38,1.0,1.0,1.0,1.0,0.0,0.0,47.0,1.142857142857148
2023-11-30,Kauai,HI,Passenger,0.0,1.0,1.0,14.0,15.0,6.67,2023,11,24287,126,39,1.0,1.0,1.0,1.0,0.0,0.0,48.0,1.0000000000000009
2023-12-31,Kauai,HI,Passenger,0.0,1.0,1.0,13.0,14.0,6.9025,2023,12,24288,126,40,1.0,1.0,1.0,1.0,0.0,0.0,49.0,1.000000000000002
2024-01-31,Kauai,HI,Passenger,0.0,1.0,1.0,11.0,12.0,6.9025,2024,1,24289,126,41,1.0,1.0,1.0,1.0,0.0,0.0,50.0,1.000000000000002
2024-02-29,Kauai,HI,Passenger,0.0,1.0,1.0,11.0,12.0,6.9025,2024,2,24290,126,42,1.0,1.0,1.0,1.0,0.0,0.0,51.0,1.000000000000002
2017-09-30,Kent,MI,Passenger,0.0,1.0,1.0,36.0,37.0,2.7,2017,9,24213,127,5,1.0,1.0,1.0,1.0,0.0,0.0,6.0,0.9999999999999998
2017-10-31,Kent,MI,Passenger,0.0,1.0,1.0,34.0,35.0,2.86,2017,10,24214,127,6,1.0,1.0,1.0,1.0,0.0,0.0,7.0,0.9999999999999998
2017-11-30,Kent,MI,Passenger,0.0,1.0,1.0,34.0,35.0,2.86,2017,11,24215,127,7,1.0,1.0,1.0,1.0,0.0,0.0,8.0,0.9999999999999999
2017-12-31,Kent,MI,Passenger,0.0,1.0,1.0,34.0,35.0,2.86,2017,12,24216,127,8,1.0,1.0,1.0,1.0,0.0,0.0,9.0,1.0000000000000002
2018-01-31,Kent,MI,Passenger,0.0,1.0,1.0,35.0,36.0,2.78,2018,1,24217,127,9,1.0,1.0,1.0,1.0,0.0,0.0,10.0,1.0000000000000002
2018-02-28,Kent,MI,Passenger,0.0,1.0,1.0,35.0,36.0,2.78,2018,2,24218,127,10,1.0,1.0,1.0,1.0,0.0,0.0,11.0,1.0
2018-03-31,Kent,MI,Passenger,0.0,1.0,1.0,34.0,35.0,2.86,2018,3,24219,127,11,1.0,1.0,1.0,1.0,0.0,0.0,12.0,1.0000000000000002
2018-04-30,Kent,MI,Passenger,0.0,1.0,1.0,33.0,34.0,2.94,2018,4,24220,127,12,1.0,1.0,1.0,1.0,0.0,0.0,13.0,1.0000000000000002
2018-05-31,Kent,MI,Passenger,0.0,1.0,1.0,30.0,31.0,3.23,2018,5,24221,127,13,1.0,1.0,1.0,1.0,0.0,0.0,14.0,1.0000000000000009
2018-06-30,Kent,MI,Passenger,0.0,1.0,1.0,27.0,28.0,3.57,2018,6,24222,127,14,1.0,1.0,1.0,1.0,0.0,0.0,15.0,1.0000000000000007
2018-07-31,Kent,MI,Passenger,0.0,1.0,1.0,28.0,29.0,3.45,2018,7,24223,127,15,1.0,1.0,1.0,1.0,0.0,0.0,16.0,1.0000000000000009
2018-08-31,Kent,MI,Passenger,0.0,1.0,1.0,28.0,29.0,3.45,2018,8,24224,127,16,1.0,1.0,1.0,1.0,0.0,0.0,17.0,1.0
2018-09-30,Kent,MI,Passenger,0.0,1.0,1.0,28.0,29.0,3.45,2018,9,24225,127,17,1.0,1.0,1.0,1.0,0.0,0.0,18.0,1.0000000000000002
2018-10-31,Kent,MI,Passenger,0.0,1.0,1.0,27.0,28.0,3.57,2018,10,24226,127,18,1.0,1.0,1.0,1.0,0.0,0.0,19.0,1.000000000000002
2018-11-30,Kent,MI,Passenger,0.0,1.0,1.0,25.0,26.0,3.85,2018,11,24227,127,19,1.0,1.0,1.0,1.0,0.0,0.0,20.0,0.9999999999999998
2018-12-31,Kent,MI,Passenger,0.0,1.0,1.0,25.0,26.0,3.85,2018,12,24228,127,20,1.0,1.0,1.0,1.0,0.0,0.0,21.0,1.000000000000001
2019-01-31,Kent,MI,Passenger,0.0,1.0,1.0,25.0,26.0,3.85,2019,1,24229,127,21,1.0,1.0,1.0,1.0,0.0,0.0,22.0,1.0000000000000013
2019-02-28,Kent,MI,Passenger,0.0,1.0,1.0,24.0,25.0,4.0,2019,2,24230,127,22,1.0,1.0,1.0,1.0,0.0,0.0,23.0,1.0000000000000013
2019-03-31,Kent,MI,Passenger,0.0,1.0,1.0,23.0,24.0,4.17,2019,3,24231,127,23,1.0,1.0,1.0,1.0,0.0,0.0,24.0,1.0000000000000004
2019-04-30,Kent,MI,Passenger,0.0,1.0,1.0,24.0,25.0,4.0,2019,4,24232,127,24,1.0,1.0,1.0,1.0,0.0,0.0,25.0,1.0000000000000013
2019-05-31,Kent,MI,Passenger,0.0,1.0,1.0,23.0,24.0,4.17,2019,5,24233,127,25,1.0,1.0,1.0,1.0,0.0,0.0,26.0,1.0000000000000013
2019-06-30,Kent,MI,Passenger,0.0,1.0,1.0,23.0,24.0,4.17,2019,6,24234,127,26,1.0,1.0,1.0,1.0,0.0,0.0,27.0,1.0000000000000013
2019-07-31,Kent,MI,Passenger,0.0,1.0,1.0,23.0,24.0,4.17,2019,7,24235,127,27,1.0,1.0,1.0,1.0,0.0,0.0,28.0,1.0000000000000013
2019-08-31,Kent,MI,Passenger,0.0,1.0,1.0,25.0,26.0,3.85,2019,8,24236,127,28,1.0,1.0,1.0,1.0,0.0,0.0,29.0,1.0000000000000024
2019-09-30,Kent,MI,Passenger,0.0,1.0,1.0,25.0,26.0,3.85,2019,9,24237,127,29,1.0,1.0,1.0,1.0,0.0,0.0,30.0,1.000000000000002
2019-10-31,Kent,MI,Passenger,0.0,1.0,1.0,25.0,26.0,3.85,2019,10,24238,127,30,1.0,1.0,1.0,1.0,0.0,0.0,31.0,1.0000000000000009
2019-11-30,Kent,MI,Passenger,0.0,1.0,1.0,26.0,27.0,3.7,2019,11,24239,127,31,1.0,1.0,1.0,1.0,0.0,0.0,32.0,1.000000000000002
2019-12-31,Kent,MI,Passenger,0.0,1.0,1.0,26.0,27.0,3.7,2019,12,24240,127,32,1.0,1.0,1.0,1.0,0.0,0.0,33.0,1.0000000000000038
2020-01-31,Kent,MI,Passenger,0.0,1.0,1.0,26.0,27.0,3.7,2020,1,24241,127,33,1.0,1.0,1.0,1.0,0.0,0.0,34.0,1.0000000000000004
2020-02-29,Kent,MI,Passenger,0.0,1.0,1.0,25.0,26.0,3.85,2020,2,24242,127,34,1.0,1.0,1.0,1.0,0.0,0.0,35.0,1.000000000000002
2020-03-31,Kent,MI,Passenger,0.0,1.0,1.0,25.0,26.0,3.85,2020,3,24243,127,35,1.0,1.0,1.0,1.0,0.0,0.0,36.0,1.0000000000000029
2020-04-30,Kent,MI,Passenger,0.0,1.0,1.0,25.0,26.0,3.85,2020,4,24244,127,36,1.0,1.0,1.0,1.0,0.0,0.0,37.0,1.0000000000000038
2020-05-31,Kent,MI,Passenger,0.0,1.0,1.0,26.0,27.0,3.7,2020,5,24245,127,37,1.0,1.0,1.0,1.0,0.0,0.0,38.0,1.0
2020-06-30,Kent,MI,Passenger,0.0,1.0,1.0,26.0,27.0,3.7,2020,6,24246,127,38,1.0,1.0,1.0,1.0,0.0,0.0,39.0,1.0000000000000009
2020-07-31,Kent,MI,Passenger,0.0,1.0,1.0,26.0,27.0,3.7,2020,7,24247,127,39,1.0,1.0,1.0,1.0,0.0,0.0,40.0,1.0000000000000009
2020-08-31,Kent,MI,Passenger,0.0,1.0,1.0,27.0,28.0,3.57,2020,8,24248,127,40,1.0,1.0,1.0,1.0,0.0,0.0,41.0,1.0000000000000038
2020-09-30,Kent,MI,Passenger,0.0,1.0,1.0,26.0,27.0,3.7,2020,9,24249,127,41,1.0,1.0,1.0,1.0,0.0,0.0,42.0,1.0000000000000009
2020-10-31,Kent,MI,Passenger,0.0,1.0,1.0,26.0,27.0,3.7,2020,10,24250,127,42,1.0,1.0,1.0,1.0,0.0,0.0,43.0,1.0000000000000029
2020-11-30,Kent,MI,Passenger,0.0,1.0,1.0,27.0,28.0,3.57,2020,11,24251,127,43,1.0,1.0,1.0,1.0,0.0,0.0,44.0,1.0000000000000029
2020-12-31,Kent,MI,Passenger,0.0,1.0,1.0,26.0,27.0,3.7,2020,12,24252,127,44,1.0,1.0,1.0,1.0,0.0,0.0,45.0,1.0000000000000009
2021-01-31,Kent,MI,Passenger,0.0,1.0,1.0,26.0,27.0,3.7,2021,1,24253,127,45,1.0,1.0,1.0,1.0,0.0,0.0,46.0,1.0000000000000009
2021-02-28,Kent,MI,Passenger,0.0,1.0,1.0,27.0,28.0,3.57,2021,2,24254,127,46,1.0,1.0,1.0,1.0,0.0,0.0,47.0,1.0000000000000029
2021-03-31,Kent,MI,Passenger,0.0,1.0,1.0,28.0,29.0,3.45,2021,3,24255,127,47,1.0,1.0,1.0,1.0,0.0,0.0,48.0,1.0000000000000009
2022-11-30,Kent,DE,Passenger,1.0,0.0,1.0,53.0,54.0,1.85,2022,11,24275,127,48,1.0,1.0,1.0,1.0,0.0,0.0,49.0,1.000000000000002
2022-12-31,Kent,DE,Passenger,1.0,0.0,1.0,53.0,54.0,1.85,2022,12,24276,127,49,1.0,1.0,1.0,1.0,0.0,0.0,50.0,1.000000000000002
2023-01-31,Kent,DE,Passenger,1.0,0.0,1.0,52.0,53.0,1.89,2023,1,24277,127,50,1.0,1.0,1.0,1.0,0.0,0.0,51.0,1.000000000000002
2023-02-28,Kent,DE,Passenger,1.0,0.0,1.0,52.0,53.0,1.89,2023,2,24278,127,51,1.0,1.0,1.0,1.0,0.0,0.0,52.0,1.0000000000000009
2023-03-31,Kent,DE,Passenger,1.0,0.0,1.0,50.0,51.0,1.96,2023,3,24279,127,52,1.0,1.0,1.0,1.0,0.0,0.0,53.0,1.0000000000000029
2023-04-30,Kent,DE,Passenger,1.0,0.0,1.0,49.0,50.0,2.0,2023,4,24280,127,53,1.0,1.0,1.0,1.0,0.0,0.0,54.0,1.0000000000000049
2023-05-31,Kent,DE,Passenger,1.0,0.0,1.0,49.0,50.0,2.0,2023,5,24281,127,54,1.0,1.0,1.0,1.0,0.0,0.0,55.0,1.0000000000000038
2023-06-30,Kent,DE,Passenger,1.0,0.0,1.0,47.0,48.0,2.08,2023,6,24282,127,55,1.0,1.0,1.0,1.0,0.0,0.0,56.0,1.0
2023-07-31,Kent,DE,Passenger,1.0,0.0,1.0,45.0,46.0,2.17,2023,7,24283,127,56,1.0,1.0,1.0,1.0,0.0,0.0,57.0,1.000000000000002
2023-08-31,Kent,DE,Passenger,1.0,0.0,1.0,46.0,47.0,2.13,2023,8,24284,127,57,1.0,1.0,1.0,1.0,0.0,0.0,58.0,1.0000000000000038
2023-09-30,Kent,DE,Passenger,1.0,0.0,1.0,43.0,44.0,2.27,2023,9,24285,127,58,1.0,1.0,1.0,1.0,0.0,0.0,59.0,1.0000000000000038
2023-10-31,Kent,DE,Passenger,1.0,0.0,1.0,42.0,43.0,2.33,2023,10,24286,127,59,1.0,1.0,1.0,1.0,0.0,0.0,60.0,1.0000000000000038
2023-11-30,Kent,DE,Passenger,1.0,0.0,1.0,43.0,44.0,2.27,2023,11,24287,127,60,1.0,1.0,1.0,1.0,0.0,0.0,61.0,1.0000000000000049
2023-12-31,Kent,DE,Passenger,1.0,0.0,1.0,41.0,42.0,2.38,2023,12,24288,127,61,1.0,1.0,1.0,1.0,0.0,0.0,62.0,1.0000000000000067
2024-01-31,Kent,DE,Passenger,1.0,0.0,1.0,41.0,42.0,2.38,2024,1,24289,127,62,1.0,1.0,1.0,1.0,0.0,0.0,63.0,1.0000000000000009
2024-02-29,Kent,DE,Passenger,1.0,0.0,1.0,41.0,42.0,2.38,2024,2,24290,127,63,1.0,1.0,1.0,1.0,0.0,0.0,64.0,0.999999999999999
2019-06-30,Kern,CA,Passenger,0.0,1.0,1.0,224.0,225.0,0.44,2019,6,24234,128,5,1.0,1.0,1.0,1.0,0.0,0.0,6.0,0.9999999999999998
2019-07-31,Kern,CA,Passenger,0.0,1.0,1.0,220.0,221.0,0.45,2019,7,24235,128,6,1.0,1.0,1.0,1.0,0.0,0.0,7.0,0.9999999999999998
2019-08-31,Kern,CA,Passenger,0.0,1.0,1.0,225.0,226.0,0.44,2019,8,24236,128,7,1.0,1.0,1.0,1.0,0.0,0.0,8.0,0.9999999999999999
2019-09-30,Kern,CA,Passenger,0.0,1.0,1.0,219.0,220.0,0.45,2019,9,24237,128,8,1.0,1.0,1.0,1.0,0.0,0.0,9.0,1.0000000000000002
2019-10-31,Kern,CA,Passenger,0.0,1.0,1.0,225.0,226.0,0.44,2019,10,24238,128,9,1.0,1.0,1.0,1.0,0.0,0.0,10.0,1.0000000000000002
2019-11-30,Kern,CA,Passenger,0.0,1.0,1.0,223.0,224.0,0.45,2019,11,24239,128,10,1.0,1.0,1.0,1.0,0.0,0.0,11.0,1.0
2019-12-31,Kern,CA,Passenger,0.0,1.0,1.0,225.0,226.0,0.44,2019,12,24240,128,11,1.0,1.0,1.0,1.0,0.0,0.0,12.0,1.0000000000000002
2020-01-31,Kern,CA,Passenger,0.0,1.0,1.0,228.0,229.0,0.44,2020,1,24241,128,12,1.0,1.0,1.0,1.0,0.0,0.0,13.0,1.0000000000000002
2020-02-29,Kern,CA,Passenger,0.0,1.0,1.0,226.0,227.0,0.44,2020,2,24242,128,13,1.0,1.0,1.0,1.0,0.0,0.0,14.0,1.0000000000000009
2020-03-31,Kern,CA,Passenger,0.0,1.0,1.0,223.0,224.0,0.45,2020,3,24243,128,14,1.0,1.0,1.0,1.0,0.0,0.0,15.0,1.0000000000000007
2020-04-30,Kern,CA,Passenger,0.0,1.0,1.0,228.0,229.0,0.44,2020,4,24244,128,15,1.0,1.0,1.0,1.0,0.0,0.0,16.0,1.0000000000000009
2020-05-31,Kern,CA,Passenger,0.0,1.0,1.0,228.0,229.0,0.44,2020,5,24245,128,16,1.0,1.0,1.0,1.0,0.0,0.0,17.0,1.0
2020-06-30,Kern,CA,Passenger,0.0,1.0,1.0,226.0,227.0,0.44,2020,6,24246,128,17,1.0,1.0,1.0,1.0,0.0,0.0,18.0,1.0000000000000002
2020-07-31,Kern,CA,Passenger,0.0,1.0,1.0,224.0,225.0,0.44,2020,7,24247,128,18,1.0,1.0,1.0,1.0,0.0,0.0,19.0,1.000000000000002
2020-08-31,Kern,CA,Passenger,0.0,1.0,1.0,222.0,223.0,0.45,2020,8,24248,128,19,1.0,1.0,1.0,1.0,0.0,0.0,20.0,0.9999999999999998
2020-09-30,Kern,CA,Passenger,0.0,1.0,1.0,226.0,227.0,0.44,2020,9,24249,128,20,1.0,1.0,1.0,1.0,0.0,0.0,21.0,1.000000000000001
2020-10-31,Kern,CA,Passenger,0.0,1.0,1.0,222.0,223.0,0.45,2020,10,24250,128,21,1.0,1.0,1.0,1.0,0.0,0.0,22.0,1.0000000000000013
2020-11-30,Kern,CA,Passenger,0.0,1.0,1.0,219.0,220.0,0.45,2020,11,24251,128,22,1.0,1.0,1.0,1.0,0.0,0.0,23.0,1.0000000000000013
2020-12-31,Kern,CA,Passenger,0.0,1.0,1.0,219.0,220.0,0.45,2020,12,24252,128,23,1.0,1.0,1.0,1.0,0.0,0.0,24.0,1.0000000000000004
2021-01-31,Kern,CA,Passenger,0.0,1.0,1.0,218.0,219.0,0.46,2021,1,24253,128,24,1.0,1.0,1.0,1.0,0.0,0.0,25.0,1.0000000000000013
2021-02-28,Kern,CA,Passenger,0.0,1.0,1.0,221.0,222.0,0.45,2021,2,24254,128,25,1.0,1.0,1.0,1.0,0.0,0.0,26.0,1.0000000000000013
2021-03-31,Kern,CA,Passenger,0.0,1.0,1.0,218.0,219.0,0.46,2021,3,24255,128,26,1.0,1.0,1.0,1.0,0.0,0.0,27.0,1.0000000000000013
2021-04-30,Kern,CA,Passenger,0.0,1.0,1.0,218.0,219.0,0.46,2021,4,24256,128,27,1.0,1.0,1.0,1.0,0.0,0.0,28.0,1.0000000000000013
2021-05-31,Kern,CA,Passenger,0.0,1.0,1.0,216.0,217.0,0.46,2021,5,24257,128,28,1.0,1.0,1.0,1.0,0.0,0.0,29.0,1.0000000000000024
2021-06-30,Kern,CA,Passenger,0.0,1.0,1.0,216.0,217.0,0.46,2021,6,24258,128,29,1.0,1.0,1.0,1.0,0.0,0.0,30.0,1.000000000000002
2021-07-31,Kern,CA,Passenger,0.0,1.0,1.0,215.0,216.0,0.46,2021,7,24259,128,30,1.0,1.0,1.0,1.0,0.0,0.0,31.0,1.0000000000000009
2021-08-31,Kern,CA,Passenger,0.0,1.0,1.0,208.0,209.0,0.48,2021,8,24260,128,31,1.0,1.0,1.0,1.0,0.0,0.0,32.0,1.000000000000002
2021-09-30,Kern,CA,Passenger,0.0,1.0,1.0,202.0,203.0,0.49,2021,9,24261,128,32,1.0,1.0,1.0,1.0,0.0,0.0,33.0,1.0000000000000038
2021-10-31,Kern,CA,Passenger,0.0,1.0,1.0,201.0,202.0,0.5,2021,10,24262,128,33,1.0,1.0,1.0,1.0,0.0,0.0,34.0,1.0000000000000004
2021-11-30,Kern,CA,Passenger,0.0,1.0,1.0,205.0,206.0,0.49,2021,11,24263,128,34,1.0,1.0,1.0,1.0,0.0,0.0,35.0,1.000000000000002
2021-12-31,Kern,CA,Passenger,0.0,1.0,1.0,205.0,206.0,0.49,2021,12,24264,128,35,1.0,1.0,1.0,1.0,0.0,0.0,36.0,1.0000000000000029
2022-01-31,Kern,CA,Passenger,0.0,1.0,1.0,203.0,204.0,0.49,2022,1,24265,128,36,1.0,1.0,1.0,1.0,0.0,0.0,37.0,1.0000000000000038
2022-02-28,Kern,CA,Passenger,0.0,1.0,1.0,205.0,206.0,0.49,2022,2,24266,128,37,1.0,1.0,1.0,1.0,0.0,0.0,38.0,1.0
2022-03-31,Kern,CA,Passenger,0.0,1.0,1.0,199.0,200.0,0.5,2022,3,24267,128,38,1.0,1.0,1.0,1.0,0.0,0.0,39.0,1.0000000000000009
2022-04-30,Kern,CA,Passenger,0.0,1.0,1.0,200.0,201.0,0.5,2022,4,24268,128,39,1.0,1.0,1.0,1.0,0.0,0.0,40.0,1.0000000000000009
2022-05-31,Kern,CA,Passenger,0.0,1.0,1.0,197.0,198.0,0.51,2022,5,24269,128,40,1.0,1.0,1.0,1.0,0.0,0.0,41.0,1.0000000000000038
2022-06-30,Kern,CA,Passenger,0.0,1.0,1.0,195.0,196.0,0.51,2022,6,24270,128,41,1.0,1.0,1.0,1.0,0.0,0.0,42.0,1.0000000000000009
2022-07-31,Kern,CA,Passenger,0.0,1.0,1.0,195.0,196.0,0.51,2022,7,24271,128,42,1.0,1.0,1.0,1.0,0.0,0.0,43.0,1.0000000000000029
2022-08-31,Kern,CA,Passenger,0.0,1.0,1.0,199.0,200.0,0.5,2022,8,24272,128,43,1.0,1.0,1.0,1.0,0.0,0.0,44.0,1.0000000000000029
2022-09-30,Kern,CA,Passenger,1.0,1.0,2.0,202.0,204.0,0.98,2022,9,24273,128,44,1.0,1.0,1.0,1.0,1.0,1.0,46.0,1.1428571428571441
2022-10-31,Kern,CA,Passenger,1.0,1.0,2.0,201.0,203.0,0.99,2022,10,24274,128,45,2.0,1.0,1.0,1.3333333333333333,0.0,1.0,48.0,1.3714285714285739
2022-11-30,Kern,CA,Passenger,1.0,1.0,2.0,203.0,205.0,0.98,2022,11,24275,128,46,2.0,2.0,1.0,1.6666666666666667,0.0,1.0,50.0,1.628571428571432
2022-12-31,Kern,CA,Passenger,1.0,1.0,2.0,203.0,205.0,0.98,2022,12,24276,128,47,2.0,2.0,2.0,2.0,0.0,0.0,52.0,1.8571428571428588
2023-01-31,Kern,CA,Passenger,1.0,1.0,2.0,202.0,204.0,0.98,2023,1,24277,128,48,2.0,2.0,2.0,2.0,0.0,0.0,54.0,2.0000000000000027
2023-02-28,Kern,CA,Passenger,1.0,1.0,2.0,200.0,202.0,0.99,2023,2,24278,128,49,2.0,2.0,2.0,2.0,0.0,0.0,56.0,2.0000000000000027
2023-03-31,Kern,CA,Passenger,1.0,1.0,2.0,195.0,197.0,1.02,2023,3,24279,128,50,2.0,2.0,2.0,2.0,0.0,0.0,58.0,2.000000000000005
2023-04-30,Kern,CA,Passenger,1.0,1.0,2.0,189.0,191.0,1.05,2023,4,24280,128,51,2.0,2.0,2.0,2.0,0.0,0.0,60.0,2.000000000000004
2023-05-31,Kern,CA,Passenger,1.0,1.0,2.0,184.0,186.0,1.08,2023,5,24281,128,52,2.0,2.0,2.0,2.0,0.0,0.0,62.0,2.0000000000000018
2023-06-30,Kern,CA,Passenger,1.0,1.0,2.0,179.0,181.0,1.1,2023,6,24282,128,53,2.0,2.0,2.0,2.0,0.0,0.0,64.0,2.000000000000004
2023-07-31,Kern,CA,Passenger,1.0,1.0,2.0,179.0,181.0,1.1,2023,7,24283,128,54,2.0,2.0,2.0,2.0,0.0,0.0,66.0,2.0000000000000075
2023-08-31,Kern,CA,Passenger,1.0,1.0,2.0,173.0,175.0,1.14,2023,8,24284,128,55,2.0,2.0,2.0,2.0,0.0,0.0,68.0,2.000000000000001
2023-09-30,Kern,CA,Passenger,1.0,1.0,2.0,167.0,169.0,1.18,2023,9,24285,128,56,2.0,2.0,2.0,2.0,0.0,0.0,70.0,2.000000000000004
2023-10-31,Kern,CA,Passenger,1.0,1.0,2.0,160.0,162.0,1.23,2023,10,24286,128,57,2.0,2.0,2.0,2.0,0.0,0.0,72.0,2.0000000000000058
2023-11-30,Kern,CA,Passenger,1.0,1.0,2.0,157.0,159.0,1.26,2023,11,24287,128,58,2.0,2.0,2.0,2.0,0.0,0.0,74.0,2.0000000000000075
2023-12-31,Kern,CA,Passenger,1.0,1.0,2.0,156.0,158.0,1.27,2023,12,24288,128,59,2.0,2.0,2.0,2.0,0.0,0.0,76.0,2.0
2024-01-31,Kern,CA,Passenger,1.0,1.0,2.0,147.0,149.0,1.34,2024,1,24289,128,60,2.0,2.0,2.0,2.0,0.0,0.0,78.0,2.0000000000000018
2024-02-29,Kern,CA,Passenger,1.0,1.0,2.0,144.0,146.0,1.37,2024,2,24290,128,61,2.0,2.0,2.0,2.0,0.0,0.0,80.0,2.0000000000000018
2020-12-31,Kings,NY,Passenger,1.0,0.0,1.0,65.0,66.0,1.52,2020,12,24252,130,5,1.0,1.0,1.0,1.0,0.0,0.0,6.0,0.9999999999999998
2021-01-31,Kings,NY,Passenger,1.0,0.0,1.0,65.0,66.0,1.52,2021,1,24253,130,6,1.0,1.0,1.0,1.0,0.0,0.0,7.0,0.9999999999999998
2021-02-28,Kings,NY,Passenger,1.0,0.0,1.0,67.0,68.0,1.47,2021,2,24254,130,7,1.0,1.0,1.0,1.0,0.0,0.0,8.0,0.9999999999999999
2021-03-31,Kings,NY,Passenger,1.0,0.0,1.0,70.0,71.0,1.41,2021,3,24255,130,8,1.0,1.0,1.0,1.0,0.0,0.0,9.0,1.0000000000000002
2021-04-30,Kings,NY,Passenger,1.0,0.0,1.0,70.0,71.0,1.41,2021,4,24256,130,9,1.0,1.0,1.0,1.0,0.0,0.0,10.0,1.0000000000000002
2021-05-31,Kings,NY,Passenger,1.0,0.0,1.0,69.0,70.0,1.43,2021,5,24257,130,10,1.0,1.0,1.0,1.0,0.0,0.0,11.0,1.0
2021-06-30,Kings,NY,Passenger,1.0,0.0,1.0,70.0,71.0,1.41,2021,6,24258,130,11,1.0,1.0,1.0,1.0,0.0,0.0,12.0,1.0000000000000002
2021-06-30,Kings,CA,Passenger,1.0,0.0,1.0,326.0,327.0,0.31,2021,6,24258,130,12,1.0,1.0,1.0,1.0,0.0,0.0,13.0,1.0000000000000002
2021-07-31,Kings,CA,Passenger,1.0,0.0,1.0,327.0,328.0,0.3,2021,7,24259,130,13,1.0,1.0,1.0,1.0,0.0,0.0,14.0,1.0000000000000009
2021-07-31,Kings,NY,Passenger,1.0,0.0,1.0,68.0,69.0,1.45,2021,7,24259,130,14,1.0,1.0,1.0,1.0,0.0,0.0,15.0,1.0000000000000007
2021-08-31,Kings,CA,Passenger,1.0,0.0,1.0,330.0,331.0,0.3,2021,8,24260,130,15,1.0,1.0,1.0,1.0,0.0,0.0,16.0,1.0000000000000009
2021-08-31,Kings,NY,Passenger,1.0,0.0,1.0,70.0,71.0,1.41,2021,8,24260,130,16,1.0,1.0,1.0,1.0,0.0,0.0,17.0,1.0
2021-09-30,Kings,CA,Passenger,1.0,0.0,1.0,328.0,329.0,0.3,2021,9,24261,130,17,1.0,1.0,1.0,1.0,0.0,0.0,18.0,1.0000000000000002
2021-09-30,Kings,NY,Passenger,1.0,0.0,1.0,70.0,71.0,1.41,2021,9,24261,130,18,1.0,1.0,1.0,1.0,0.0,0.0,19.0,1.000000000000002
2021-10-31,Kings,NY,Passenger,1.0,0.0,1.0,73.0,74.0,1.35,2021,10,24262,130,19,1.0,1.0,1.0,1.0,0.0,0.0,20.0,0.9999999999999998
2021-10-31,Kings,CA,Passenger,2.0,0.0,2.0,330.0,332.0,0.6,2021,10,24262,130,20,1.0,1.0,1.0,1.0,1.0,1.0,22.0,1.1428571428571432
2021-11-30,Kings,NY,Passenger,1.0,0.0,1.0,69.0,70.0,1.43,2021,11,24263,130,21,2.0,1.0,1.0,1.3333333333333333,-0.5,0.0,23.0,1.2285714285714289
2021-11-30,Kings,CA,Passenger,2.0,0.0,2.0,331.0,333.0,0.6,2021,11,24263,130,22,1.0,2.0,1.0,1.3333333333333333,1.0,1.0,25.0,1.4000000000000006
2021-12-31,Kings,NY,Passenger,1.0,0.0,1.0,69.0,70.0,1.43,2021,12,24264,130,23,2.0,1.0,2.0,1.6666666666666667,-0.5,-0.5,26.0,1.4571428571428586
2021-12-31,Kings,CA,Passenger,2.0,1.0,3.0,331.0,334.0,0.9,2021,12,24264,130,24,1.0,2.0,1.0,1.3333333333333333,2.0,2.0,29.0,1.6857142857142855
2022-01-31,Kings,CA,Passenger,2.0,1.0,3.0,328.0,331.0,0.91,2022,1,24265,130,25,3.0,1.0,2.0,2.0,0.0,0.5,32.0,1.9714285714285722
2022-01-31,Kings,NY,Passenger,1.0,0.0,1.0,70.0,71.0,1.41,2022,1,24265,130,26,3.0,3.0,1.0,2.3333333333333335,-0.6666666666666667,0.0,33.0,2.1142857142857143
2022-02-28,Kings,NY,Passenger,1.0,0.0,1.0,70.0,71.0,1.41,2022,2,24266,130,27,1.0,3.0,3.0,2.3333333333333335,0.0,-0.6666666666666667,34.0,1.9714285714285738
2022-02-28,Kings,CA,Passenger,2.0,1.0,3.0,322.0,325.0,0.92,2022,2,24266,130,28,1.0,1.0,3.0,1.6666666666666667,2.0,0.0,37.0,2.028571428571429
2022-03-31,Kings,NY,Passenger,1.0,0.0,1.0,67.0,68.0,1.47,2022,3,24267,130,29,3.0,1.0,1.0,1.6666666666666667,-0.6666666666666667,0.0,38.0,1.7428571428571449
2022-03-31,Kings,CA,Passenger,2.0,1.0,3.0,318.0,321.0,0.93,2022,3,24267,130,30,1.0,3.0,1.0,1.6666666666666667,2.0,2.0,41.0,1.8000000000000014
2022-04-30,Kings,NY,Passenger,1.0,0.0,1.0,63.0,64.0,1.56,2022,4,24268,130,31,3.0,1.0,3.0,2.3333333333333335,-0.6666666666666667,-0.6666666666666667,42.0,1.9142857142857153
2022-04-30,Kings,CA,Passenger,2.0,1.0,3.0,317.0,320.0,0.94,2022,4,24268,130,32,1.0,3.0,1.0,1.6666666666666667,2.0,2.0,45.0,2.0857142857142894
2022-05-31,Kings,NY,Passenger,1.0,0.0,1.0,62.0,63.0,1.59,2022,5,24269,130,33,3.0,1.0,3.0,2.3333333333333335,-0.6666666666666667,-0.6666666666666667,46.0,1.9142857142857153
2022-05-31,Kings,CA,Passenger,2.0,1.0,3.0,310.0,313.0,0.96,2022,5,24269,130,34,1.0,3.0,1.0,1.6666666666666667,2.0,2.0,49.0,2.0857142857142916
2022-06-30,Kings,CA,Passenger,2.0,1.0,3.0,311.0,314.0,0.96,2022,6,24270,130,35,3.0,1.0,3.0,2.3333333333333335,0.0,0.0,52.0,2.2000000000000033
2022-07-31,Kings,CA,Passenger,2.0,1.0,3.0,310.0,313.0,0.96,2022,7,24271,130,36,3.0,3.0,1.0,2.3333333333333335,0.0,2.0,55.0,2.5428571428571454
2022-08-31,Kings,CA,Passenger,2.0,1.0,3.0,303.0,306.0,0.98,2022,8,24272,130,37,3.0,3.0,3.0,3.0,0.0,0.0,58.0,2.714285714285715
2022-09-30,Kings,CA,Passenger,2.0,1.0,3.0,300.0,303.0,0.99,2022,9,24273,130,38,3.0,3.0,3.0,3.0,0.0,0.0,61.0,3.000000000000001
2022-10-31,Kings,CA,Passenger,2.0,1.0,3.0,299.0,302.0,0.99,2022,10,24274,130,39,3.0,3.0,3.0,3.0,0.0,0.0,64.0,3.0000000000000058
2022-11-30,Kings,CA,Passenger,2.0,1.0,3.0,298.0,301.0,1.0,2022,11,24275,130,40,3.0,3.0,3.0,3.0,0.0,0.0,67.0,2.999999999999999
2022-12-31,Kings,CA,Passenger,2.0,1.0,3.0,292.0,295.0,1.02,2022,12,24276,130,41,3.0,3.0,3.0,3.0,0.0,0.0,70.0,3.0000000000000027
2023-01-31,Kings,CA,Passenger,2.0,1.0,3.0,290.0,293.0,1.02,2023,1,24277,130,42,3.0,3.0,3.0,3.0,0.0,0.0,73.0,3.0
2023-02-28,Kings,CA,Passenger,2.0,1.0,3.0,290.0,293.0,1.02,2023,2,24278,130,43,3.0,3.0,3.0,3.0,0.0,0.0,76.0,3.000000000000001
2023-03-31,Kings,CA,Passenger,2.0,2.0,4.0,288.0,292.0,1.37,2023,3,24279,130,44,3.0,3.0,3.0,3.0,0.33333333333333326,0.33333333333333326,80.0,3.142857142857145
2023-04-30,Kings,CA,Passenger,2.0,2.0,4.0,286.0,290.0,1.38,2023,4,24280,130,45,4.0,3.0,3.0,3.3333333333333335,0.0,0.33333333333333326,84.0,3.3714285714285768
2023-05-31,Kings,CA,Passenger,2.0,2.0,4.0,280.0,284.0,1.41,2023,5,24281,130,46,4.0,4.0,3.0,3.6666666666666665,0.0,0.33333333333333326,88.0,3.6285714285714317
2023-06-30,Kings,CA,Passenger,2.0,2.0,4.0,273.0,277.0,1.44,2023,6,24282,130,47,4.0,4.0,4.0,4.0,0.0,0.0,92.0,3.85714285714286
2023-07-31,Kings,CA,Passenger,2.0,2.0,4.0,272.0,276.0,1.45,2023,7,24283,130,48,4.0,4.0,4.0,4.0,0.0,0.0,96.0,4.000000000000002
2023-08-31,Kings,CA,Passenger,2.0,2.0,4.0,270.0,274.0,1.46,2023,8,24284,130,49,4.0,4.0,4.0,4.0,0.0,0.0,100.0,4.000000000000005
2023-09-30,Kings,CA,Passenger,2.0,2.0,4.0,264.0,268.0,1.49,2023,9,24285,130,50,4.0,4.0,4.0,4.0,0.0,0.0,104.0,4.000000000000005
2023-10-31,Kings,CA,Passenger,2.0,2.0,4.0,261.0,265.0,1.51,2023,10,24286,130,51,4.0,4.0,4.0,4.0,0.0,0.0,108.0,4.000000000000005
2023-11-30,Kings,CA,Passenger,2.0,2.0,4.0,255.0,259.0,1.54,2023,11,24287,130,52,4.0,4.0,4.0,4.0,0.0,0.0,112.0,4.000000000000005
2023-12-31,Kings,CA,Passenger,2.0,2.0,4.0,252.0,256.0,1.56,2023,12,24288,130,53,4.0,4.0,4.0,4.0,0.0,0.0,116.0,4.00000000000001
2024-01-31,Kings,CA,Passenger,2.0,2.0,4.0,247.0,251.0,1.59,2024,1,24289,130,54,4.0,4.0,4.0,4.0,0.0,0.0,120.0,4.000000000000008
2024-02-29,Kings,CA,Passenger,2.0,1.0,3.0,235.0,238.0,1.26,2024,2,24290,130,55,4.0,4.0,4.0,4.0,-0.25,-0.25,123.0,3.8571428571428616
2018-09-30,Klamath,OR,Passenger,1.0,0.0,1.0,37.0,38.0,2.63,2018,9,24225,133,5,1.0,1.0,1.0,1.0,0.0,0.0,6.0,0.9999999999999998
2018-10-31,Klamath,OR,Passenger,1.0,0.0,1.0,36.0,37.0,2.7,2018,10,24226,133,6,1.0,1.0,1.0,1.0,0.0,0.0,7.0,0.9999999999999998
2018-11-30,Klamath,OR,Passenger,1.0,0.0,1.0,38.0,39.0,2.56,2018,11,24227,133,7,1.0,1.0,1.0,1.0,0.0,0.0,8.0,0.9999999999999999
2018-12-31,Klamath,OR,Passenger,1.0,0.0,1.0,39.0,40.0,2.5,2018,12,24228,133,8,1.0,1.0,1.0,1.0,0.0,0.0,9.0,1.0000000000000002
2019-01-31,Klamath,OR,Passenger,1.0,0.0,1.0,39.0,40.0,2.5,2019,1,24229,133,9,1.0,1.0,1.0,1.0,0.0,0.0,10.0,1.0000000000000002
2019-02-28,Klamath,OR,Passenger,1.0,0.0,1.0,39.0,40.0,2.5,2019,2,24230,133,10,1.0,1.0,1.0,1.0,0.0,0.0,11.0,1.0
2019-03-31,Klamath,OR,Passenger,1.0,0.0,1.0,40.0,41.0,2.44,2019,3,24231,133,11,1.0,1.0,1.0,1.0,0.0,0.0,12.0,1.0000000000000002
2019-04-30,Klamath,OR,Passenger,1.0,0.0,1.0,40.0,41.0,2.44,2019,4,24232,133,12,1.0,1.0,1.0,1.0,0.0,0.0,13.0,1.0000000000000002
2019-05-31,Klamath,OR,Passenger,1.0,0.0,1.0,40.0,41.0,2.44,2019,5,24233,133,13,1.0,1.0,1.0,1.0,0.0,0.0,14.0,1.0000000000000009
2019-06-30,Klamath,OR,Passenger,1.0,0.0,1.0,40.0,41.0,2.44,2019,6,24234,133,14,1.0,1.0,1.0,1.0,0.0,0.0,15.0,1.0000000000000007
2019-07-31,Klamath,OR,Passenger,1.0,0.0,1.0,40.0,41.0,2.44,2019,7,24235,133,15,1.0,1.0,1.0,1.0,0.0,0.0,16.0,1.0000000000000009
2019-08-31,Klamath,OR,Passenger,1.0,0.0,1.0,41.0,42.0,2.38,2019,8,24236,133,16,1.0,1.0,1.0,1.0,0.0,0.0,17.0,1.0
2019-09-30,Klamath,OR,Passenger,1.0,0.0,1.0,41.0,42.0,2.38,2019,9,24237,133,17,1.0,1.0,1.0,1.0,0.0,0.0,18.0,1.0000000000000002
2019-10-31,Klamath,OR,Passenger,1.0,0.0,1.0,41.0,42.0,2.38,2019,10,24238,133,18,1.0,1.0,1.0,1.0,0.0,0.0,19.0,1.000000000000002
2019-11-30,Klamath,OR,Passenger,1.0,0.0,1.0,39.0,40.0,2.5,2019,11,24239,133,19,1.0,1.0,1.0,1.0,0.0,0.0,20.0,0.9999999999999998
2019-12-31,Klamath,OR,Passenger,1.0,0.0,1.0,39.0,40.0,2.5,2019,12,24240,133,20,1.0,1.0,1.0,1.0,0.0,0.0,21.0,1.000000000000001
2020-01-31,Klamath,OR,Passenger,1.0,0.0,1.0,38.0,39.0,2.56,2020,1,24241,133,21,1.0,1.0,1.0,1.0,0.0,0.0,22.0,1.0000000000000013
2020-02-29,Klamath,OR,Passenger,1.0,0.0,1.0,39.0,40.0,2.5,2020,2,24242,133,22,1.0,1.0,1.0,1.0,0.0,0.0,23.0,1.0000000000000013
2020-03-31,Klamath,OR,Passenger,1.0,0.0,1.0,38.0,39.0,2.56,2020,3,24243,133,23,1.0,1.0,1.0,1.0,0.0,0.0,24.0,1.0000000000000004
2020-04-30,Klamath,OR,Passenger,1.0,0.0,1.0,35.0,36.0,2.78,2020,4,24244,133,24,1.0,1.0,1.0,1.0,0.0,0.0,25.0,1.0000000000000013
2020-05-31,Klamath,OR,Passenger,1.0,0.0,1.0,34.0,35.0,2.86,2020,5,24245,133,25,1.0,1.0,1.0,1.0,0.0,0.0,26.0,1.0000000000000013
2020-06-30,Klamath,OR,Passenger,1.0,0.0,1.0,34.0,35.0,2.86,2020,6,24246,133,26,1.0,1.0,1.0,1.0,0.0,0.0,27.0,1.0000000000000013
2020-07-31,Klamath,OR,Passenger,1.0,0.0,1.0,35.0,36.0,2.78,2020,7,24247,133,27,1.0,1.0,1.0,1.0,0.0,0.0,28.0,1.0000000000000013
2020-08-31,Klamath,OR,Passenger,1.0,0.0,1.0,34.0,35.0,2.86,2020,8,24248,133,28,1.0,1.0,1.0,1.0,0.0,0.0,29.0,1.0000000000000024
2020-09-30,Klamath,OR,Passenger,1.0,0.0,1.0,34.0,35.0,2.86,2020,9,24249,133,29,1.0,1.0,1.0,1.0,0.0,0.0,30.0,1.000000000000002
2020-10-31,Klamath,OR,Passenger,1.0,0.0,1.0,34.0,35.0,2.86,2020,10,24250,133,30,1.0,1.0,1.0,1.0,0.0,0.0,31.0,1.0000000000000009
2020-11-30,Klamath,OR,Passenger,1.0,0.0,1.0,34.0,35.0,2.86,2020,11,24251,133,31,1.0,1.0,1.0,1.0,0.0,0.0,32.0,1.000000000000002
2020-12-31,Klamath,OR,Passenger,1.0,0.0,1.0,33.0,34.0,2.94,2020,12,24252,133,32,1.0,1.0,1.0,1.0,0.0,0.0,33.0,1.0000000000000038
2021-01-31,Klamath,OR,Passenger,1.0,0.0,1.0,33.0,34.0,2.94,2021,1,24253,133,33,1.0,1.0,1.0,1.0,0.0,0.0,34.0,1.0000000000000004
2021-02-28,Klamath,OR,Passenger,1.0,0.0,1.0,32.0,33.0,3.03,2021,2,24254,133,34,1.0,1.0,1.0,1.0,0.0,0.0,35.0,1.000000000000002
2021-03-31,Klamath,OR,Passenger,1.0,0.0,1.0,32.0,33.0,3.03,2021,3,24255,133,35,1.0,1.0,1.0,1.0,0.0,0.0,36.0,1.0000000000000029
2021-04-30,Klamath,OR,Passenger,1.0,0.0,1.0,34.0,35.0,2.86,2021,4,24256,133,36,1.0,1.0,1.0,1.0,0.0,0.0,37.0,1.0000000000000038
2021-05-31,Klamath,OR,Passenger,1.0,0.0,1.0,34.0,35.0,2.86,2021,5,24257,133,37,1.0,1.0,1.0,1.0,0.0,0.0,38.0,1.0
2021-06-30,Klamath,OR,Passenger,1.0,0.0,1.0,32.0,33.0,3.03,2021,6,24258,133,38,1.0,1.0,1.0,1.0,0.0,0.0,39.0,1.0000000000000009
2021-07-31,Klamath,OR,Passenger,1.0,0.0,1.0,31.0,32.0,3.12,2021,7,24259,133,39,1.0,1.0,1.0,1.0,0.0,0.0,40.0,1.0000000000000009
2021-08-31,Klamath,OR,Passenger,1.0,0.0,1.0,31.0,32.0,3.12,2021,8,24260,133,40,1.0,1.0,1.0,1.0,0.0,0.0,41.0,1.0000000000000038
2021-09-30,Klamath,OR,Passenger,1.0,0.0,1.0,31.0,32.0,3.12,2021,9,24261,133,41,1.0,1.0,1.0,1.0,0.0,0.0,42.0,1.0000000000000009
2021-10-31,Klamath,OR,Passenger,1.0,0.0,1.0,31.0,32.0,3.12,2021,10,24262,133,42,1.0,1.0,1.0,1.0,0.0,0.0,43.0,1.0000000000000029
2021-11-30,Klamath,OR,Passenger,1.0,0.0,1.0,31.0,32.0,3.12,2021,11,24263,133,43,1.0,1.0,1.0,1.0,0.0,0.0,44.0,1.0000000000000029
2021-12-31,Klamath,OR,Passenger,1.0,0.0,1.0,31.0,32.0,3.12,2021,12,24264,133,44,1.0,1.0,1.0,1.0,0.0,0.0,45.0,1.0000000000000009
2022-01-31,Klamath,OR,Passenger,1.0,0.0,1.0,31.0,32.0,3.12,2022,1,24265,133,45,1.0,1.0,1.0,1.0,0.0,0.0,46.0,1.0000000000000009
2022-02-28,Klamath,OR,Passenger,1.0,0.0,1.0,30.0,31.0,3.23,2022,2,24266,133,46,1.0,1.0,1.0,1.0,0.0,0.0,47.0,1.0000000000000029
2018-09-30,Kootenai,ID,Passenger,0.0,1.0,1.0,218.0,219.0,0.46,2018,9,24225,135,5,1.0,1.0,1.0,1.0,0.0,0.0,6.0,0.9999999999999998
2018-10-31,Kootenai,ID,Passenger,1.0,1.0,2.0,219.0,221.0,0.9,2018,10,24226,135,6,1.0,1.0,1.0,1.0,1.0,1.0,8.0,1.1428571428571426
2018-11-30,Kootenai,ID,Passenger,1.0,1.0,2.0,221.0,223.0,0.9,2018,11,24227,135,7,2.0,1.0,1.0,1.3333333333333333,0.0,1.0,10.0,1.3714285714285712
2018-12-31,Kootenai,ID,Passenger,1.0,1.0,2.0,219.0,221.0,0.9,2018,12,24228,135,8,2.0,2.0,1.0,1.6666666666666667,0.0,1.0,12.0,1.6285714285714283
2019-01-31,Kootenai,ID,Passenger,1.0,1.0,2.0,215.0,217.0,0.92,2019,1,24229,135,9,2.0,2.0,2.0,2.0,0.0,0.0,14.0,1.8571428571428572
2019-02-28,Kootenai,ID,Passenger,1.0,1.0,2.0,211.0,213.0,0.94,2019,2,24230,135,10,2.0,2.0,2.0,2.0,0.0,0.0,16.0,1.9999999999999998
2019-03-31,Kootenai,ID,Passenger,1.0,1.0,2.0,213.0,215.0,0.93,2019,3,24231,135,11,2.0,2.0,2.0,2.0,0.0,0.0,18.0,2.0000000000000004
2019-04-30,Kootenai,ID,Passenger,1.0,1.0,2.0,216.0,218.0,0.92,2019,4,24232,135,12,2.0,2.0,2.0,2.0,0.0,0.0,20.0,2.0000000000000004
2019-05-31,Kootenai,ID,Passenger,1.0,1.0,2.0,218.0,220.0,0.91,2019,5,24233,135,13,2.0,2.0,2.0,2.0,0.0,0.0,22.0,2.0
2019-06-30,Kootenai,ID,Passenger,1.0,1.0,2.0,221.0,223.0,0.9,2019,6,24234,135,14,2.0,2.0,2.0,2.0,0.0,0.0,24.0,2.0000000000000004
2019-07-31,Kootenai,ID,Passenger,1.0,1.0,2.0,222.0,224.0,0.89,2019,7,24235,135,15,2.0,2.0,2.0,2.0,0.0,0.0,26.0,2.0000000000000004
2019-08-31,Kootenai,ID,Passenger,1.0,1.0,2.0,222.0,224.0,0.89,2019,8,24236,135,16,2.0,2.0,2.0,2.0,0.0,0.0,28.0,2.0000000000000018
2019-09-30,Kootenai,ID,Passenger,1.0,1.0,2.0,224.0,226.0,0.88,2019,9,24237,135,17,2.0,2.0,2.0,2.0,0.0,0.0,30.0,2.0000000000000013
2019-10-31,Kootenai,ID,Passenger,1.0,1.0,2.0,226.0,228.0,0.88,2019,10,24238,135,18,2.0,2.0,2.0,2.0,0.0,0.0,32.0,2.0000000000000018
2019-11-30,Kootenai,ID,Passenger,1.0,1.0,2.0,227.0,229.0,0.87,2019,11,24239,135,19,2.0,2.0,2.0,2.0,0.0,0.0,34.0,2.0
2019-12-31,Kootenai,ID,Passenger,1.0,1.0,2.0,227.0,229.0,0.87,2019,12,24240,135,20,2.0,2.0,2.0,2.0,0.0,0.0,36.0,2.0000000000000004
2020-01-31,Kootenai,ID,Passenger,1.0,1.0,2.0,232.0,234.0,0.85,2020,1,24241,135,21,2.0,2.0,2.0,2.0,0.0,0.0,38.0,2.000000000000004
2020-02-29,Kootenai,ID,Passenger,1.0,1.0,2.0,228.0,230.0,0.87,2020,2,24242,135,22,2.0,2.0,2.0,2.0,0.0,0.0,40.0,1.9999999999999996
2020-03-31,Kootenai,ID,Passenger,1.0,1.0,2.0,228.0,230.0,0.87,2020,3,24243,135,23,2.0,2.0,2.0,2.0,0.0,0.0,42.0,2.000000000000002
2020-04-30,Kootenai,ID,Passenger,1.0,0.0,1.0,225.0,226.0,0.44,2020,4,24244,135,24,2.0,2.0,2.0,2.0,-0.5,-0.5,43.0,1.8571428571428608
2020-05-31,Kootenai,ID,Passenger,1.0,0.0,1.0,223.0,224.0,0.45,2020,5,24245,135,25,1.0,2.0,2.0,1.6666666666666667,0.0,-0.5,44.0,1.628571428571432
2020-06-30,Kootenai,ID,Passenger,1.0,0.0,1.0,219.0,220.0,0.45,2020,6,24246,135,26,1.0,1.0,2.0,1.3333333333333333,0.0,-0.5,45.0,1.3714285714285748
2020-07-31,Kootenai,ID,Passenger,1.0,0.0,1.0,217.0,218.0,0.46,2020,7,24247,135,27,1.0,1.0,1.0,1.0,0.0,0.0,46.0,1.142857142857146
2020-08-31,Kootenai,ID,Passenger,1.0,0.0,1.0,216.0,217.0,0.46,2020,8,24248,135,28,1.0,1.0,1.0,1.0,0.0,0.0,47.0,1.0000000000000029
2020-09-30,Kootenai,ID,Passenger,1.0,0.0,1.0,220.0,221.0,0.45,2020,9,24249,135,29,1.0,1.0,1.0,1.0,0.0,0.0,48.0,1.0000000000000009
2022-08-31,Kootenai,ID,Truck,1.0,0.0,1.0,35.0,36.0,2.78,2022,8,24272,135,30,1.0,1.0,1.0,1.0,0.0,0.0,49.0,1.000000000000002
2022-09-30,Kootenai,ID,Truck,1.0,0.0,1.0,35.0,36.0,2.78,2022,9,24273,135,31,1.0,1.0,1.0,1.0,0.0,0.0,50.0,1.000000000000002
2022-10-31,Kootenai,ID,Truck,1.0,0.0,1.0,32.0,33.0,3.03,2022,10,24274,135,32,1.0,1.0,1.0,1.0,0.0,0.0,51.0,1.000000000000002
2022-11-30,Kootenai,ID,Truck,1.0,0.0,1.0,31.0,32.0,3.12,2022,11,24275,135,33,1.0,1.0,1.0,1.0,0.0,0.0,52.0,1.0000000000000009
2022-12-31,Kootenai,ID,Truck,1.0,0.0,1.0,31.0,32.0,3.12,2022,12,24276,135,34,1.0,1.0,1.0,1.0,0.0,0.0,53.0,1.0000000000000029
2023-01-31,Kootenai,ID,Truck,1.0,0.0,1.0,30.0,31.0,3.23,2023,1,24277,135,35,1.0,1.0,1.0,1.0,0.0,0.0,54.0,1.0000000000000049
2023-02-28,Kootenai,ID,Truck,1.0,0.0,1.0,28.0,29.0,3.45,2023,2,24278,135,36,1.0,1.0,1.0,1.0,0.0,0.0,55.0,1.0000000000000038
2023-03-31,Kootenai,ID,Truck,1.0,0.0,1.0,29.0,30.0,3.33,2023,3,24279,135,37,1.0,1.0,1.0,1.0,0.0,0.0,56.0,1.0
2023-04-30,Kootenai,ID,Truck,1.0,0.0,1.0,29.0,30.0,3.33,2023,4,24280,135,38,1.0,1.0,1.0,1.0,0.0,0.0,57.0,1.000000000000002
2023-05-31,Kootenai,ID,Truck,1.0,0.0,1.0,27.0,28.0,3.57,2023,5,24281,135,39,1.0,1.0,1.0,1.0,0.0,0.0,58.0,1.0000000000000038
2023-06-30,Kootenai,ID,Truck,1.0,0.0,1.0,26.0,27.0,3.7,2023,6,24282,135,40,1.0,1.0,1.0,1.0,0.0,0.0,59.0,1.0000000000000038
2023-07-31,Kootenai,ID,Truck,1.0,0.0,1.0,25.0,26.0,3.85,2023,7,24283,135,41,1.0,1.0,1.0,1.0,0.0,0.0,60.0,1.0000000000000038
2023-08-31,Kootenai,ID,Truck,1.0,0.0,1.0,24.0,25.0,4.0,2023,8,24284,135,42,1.0,1.0,1.0,1.0,0.0,0.0,61.0,1.0000000000000049
2023-09-30,Kootenai,ID,Truck,1.0,0.0,1.0,23.0,24.0,4.17,2023,9,24285,135,43,1.0,1.0,1.0,1.0,0.0,0.0,62.0,1.0000000000000067
2023-10-31,Kootenai,ID,Truck,1.0,0.0,1.0,22.0,23.0,4.35,2023,10,24286,135,44,1.0,1.0,1.0,1.0,0.0,0.0,63.0,1.0000000000000009
2023-11-30,Kootenai,ID,Truck,1.0,0.0,1.0,21.0,22.0,4.55,2023,11,24287,135,45,1.0,1.0,1.0,1.0,0.0,0.0,64.0,0.999999999999999
2023-12-31,Kootenai,ID,Truck,1.0,0.0,1.0,20.0,21.0,4.76,2023,12,24288,135,46,1.0,1.0,1.0,1.0,0.0,0.0,65.0,1.0000000000000049
2024-01-31,Kootenai,ID,Truck,1.0,0.0,1.0,20.0,21.0,4.76,2024,1,24289,135,47,1.0,1.0,1.0,1.0,0.0,0.0,66.0,1.0000000000000029
2024-02-29,Kootenai,ID,Truck,1.0,0.0,1.0,15.0,16.0,6.25,2024,2,24290,135,48,1.0,1.0,1.0,1.0,0.0,0.0,67.0,1.0000000000000049
2017-10-31,Lake,CA,Passenger,0.0,1.0,1.0,11.0,12.0,6.9025,2017,10,24214,136,5,1.0,1.0,1.0,1.0,0.0,0.0,6.0,0.9999999999999998
2017-11-30,Lake,CA,Passenger,0.0,1.0,1.0,9.0,10.0,6.9025,2017,11,24215,136,6,1.0,1.0,1.0,1.0,0.0,0.0,7.0,0.9999999999999998
2017-12-31,Lake,CA,Passenger,0.0,1.0,1.0,9.0,10.0,6.9025,2017,12,24216,136,7,1.0,1.0,1.0,1.0,0.0,0.0,8.0,0.9999999999999999
2018-01-31,Lake,CA,Passenger,0.0,1.0,1.0,8.0,9.0,6.9025,2018,1,24217,136,8,1.0,1.0,1.0,1.0,0.0,0.0,9.0,1.0000000000000002
2018-02-28,Lake,CA,Passenger,0.0,1.0,1.0,8.0,9.0,6.9025,2018,2,24218,136,9,1.0,1.0,1.0,1.0,0.0,0.0,10.0,1.0000000000000002
2018-03-31,Lake,CA,Passenger,0.0,1.0,1.0,8.0,9.0,6.9025,2018,3,24219,136,10,1.0,1.0,1.0,1.0,0.0,0.0,11.0,1.0
2018-04-30,Lake,CA,Passenger,0.0,1.0,1.0,8.0,9.0,6.9025,2018,4,24220,136,11,1.0,1.0,1.0,1.0,0.0,0.0,12.0,1.0000000000000002
2018-05-31,Lake,CA,Passenger,0.0,1.0,1.0,8.0,9.0,6.9025,2018,5,24221,136,12,1.0,1.0,1.0,1.0,0.0,0.0,13.0,1.0000000000000002
2018-06-30,Lake,CA,Passenger,0.0,1.0,1.0,9.0,10.0,6.9025,2018,6,24222,136,13,1.0,1.0,1.0,1.0,0.0,0.0,14.0,1.0000000000000009
2018-07-31,Lake,CA,Passenger,0.0,1.0,1.0,10.0,11.0,6.9025,2018,7,24223,136,14,1.0,1.0,1.0,1.0,0.0,0.0,15.0,1.0000000000000007
2018-08-31,Lake,CA,Passenger,0.0,1.0,1.0,10.0,11.0,6.9025,2018,8,24224,136,15,1.0,1.0,1.0,1.0,0.0,0.0,16.0,1.0000000000000009
2018-09-30,Lake,CA,Passenger,0.0,1.0,1.0,10.0,11.0,6.9025,2018,9,24225,136,16,1.0,1.0,1.0,1.0,0.0,0.0,17.0,1.0
2018-10-31,Lake,CA,Passenger,0.0,1.0,1.0,11.0,12.0,6.9025,2018,10,24226,136,17,1.0,1.0,1.0,1.0,0.0,0.0,18.0,1.0000000000000002
2018-11-30,Lake,CA,Passenger,0.0,1.0,1.0,11.0,12.0,6.9025,2018,11,24227,136,18,1.0,1.0,1.0,1.0,0.0,0.0,19.0,1.000000000000002
2018-12-31,Lake,CA,Passenger,0.0,1.0,1.0,11.0,12.0,6.9025,2018,12,24228,136,19,1.0,1.0,1.0,1.0,0.0,0.0,20.0,0.9999999999999998
2019-01-31,Lake,CA,Passenger,0.0,1.0,1.0,11.0,12.0,6.9025,2019,1,24229,136,20,1.0,1.0,1.0,1.0,0.0,0.0,21.0,1.000000000000001
2019-02-28,Lake,CA,Passenger,0.0,1.0,1.0,11.0,12.0,6.9025,2019,2,24230,136,21,1.0,1.0,1.0,1.0,0.0,0.0,22.0,1.0000000000000013
2019-03-31,Lake,CA,Passenger,0.0,1.0,1.0,11.0,12.0,6.9025,2019,3,24231,136,22,1.0,1.0,1.0,1.0,0.0,0.0,23.0,1.0000000000000013
2019-04-30,Lake,CA,Passenger,0.0,1.0,1.0,10.0,11.0,6.9025,2019,4,24232,136,23,1.0,1.0,1.0,1.0,0.0,0.0,24.0,1.0000000000000004
2019-04-30,Lake,FL,Passenger,1.0,0.0,1.0,21.0,22.0,4.55,2019,4,24232,136,24,1.0,1.0,1.0,1.0,0.0,0.0,25.0,1.0000000000000013
2019-05-31,Lake,CA,Passenger,0.0,1.0,1.0,10.0,11.0,6.9025,2019,5,24233,136,25,1.0,1.0,1.0,1.0,0.0,0.0,26.0,1.0000000000000013
2019-05-31,Lake,FL,Passenger,1.0,0.0,1.0,21.0,22.0,4.55,2019,5,24233,136,26,1.0,1.0,1.0,1.0,0.0,0.0,27.0,1.0000000000000013
2019-06-30,Lake,FL,Passenger,1.0,0.0,1.0,21.0,22.0,4.55,2019,6,24234,136,27,1.0,1.0,1.0,1.0,0.0,0.0,28.0,1.0000000000000013
2019-06-30,Lake,CA,Passenger,0.0,1.0,1.0,9.0,10.0,6.9025,2019,6,24234,136,28,1.0,1.0,1.0,1.0,0.0,0.0,29.0,1.0000000000000024
2019-07-31,Lake,IL,Passenger,1.0,0.0,1.0,176.0,177.0,0.56,2019,7,24235,136,29,1.0,1.0,1.0,1.0,0.0,0.0,30.0,1.000000000000002
2019-07-31,Lake,FL,Passenger,1.0,0.0,1.0,21.0,22.0,4.55,2019,7,24235,136,30,1.0,1.0,1.0,1.0,0.0,0.0,31.0,1.0000000000000009
2019-07-31,Lake,CA,Passenger,0.0,1.0,1.0,9.0,10.0,6.9025,2019,7,24235,136,31,1.0,1.0,1.0,1.0,0.0,0.0,32.0,1.000000000000002
2019-08-31,Lake,FL,Passenger,1.0,0.0,1.0,22.0,23.0,4.35,2019,8,24236,136,32,1.0,1.0,1.0,1.0,0.0,0.0,33.0,1.0000000000000038
2019-08-31,Lake,CA,Passenger,0.0,1.0,1.0,9.0,10.0,6.9025,2019,8,24236,136,33,1.0,1.0,1.0,1.0,0.0,0.0,34.0,1.0000000000000004
2019-08-31,Lake,IL,Passenger,1.0,0.0,1.0,175.0,176.0,0.57,2019,8,24236,136,34,1.0,1.0,1.0,1.0,0.0,0.0,35.0,1.000000000000002
2019-09-30,Lake,IL,Passenger,1.0,0.0,1.0,175.0,176.0,0.57,2019,9,24237,136,35,1.0,1.0,1.0,1.0,0.0,0.0,36.0,1.0000000000000029
2019-09-30,Lake,FL,Passenger,1.0,0.0,1.0,23.0,24.0,4.17,2019,9,24237,136,36,1.0,1.0,1.0,1.0,0.0,0.0,37.0,1.0000000000000038
2019-09-30,Lake,CA,Passenger,0.0,1.0,1.0,10.0,11.0,6.9025,2019,9,24237,136,37,1.0,1.0,1.0,1.0,0.0,0.0,38.0,1.0
2019-10-31,Lake,FL,Passenger,1.0,0.0,1.0,23.0,24.0,4.17,2019,10,24238,136,38,1.0,1.0,1.0,1.0,0.0,0.0,39.0,1.0000000000000009
2019-10-31,Lake,CA,Passenger,0.0,1.0,1.0,10.0,11.0,6.9025,2019,10,24238,136,39,1.0,1.0,1.0,1.0,0.0,0.0,40.0,1.0000000000000009
2019-10-31,Lake,IL,Passenger,1.0,0.0,1.0,177.0,178.0,0.56,2019,10,24238,136,40,1.0,1.0,1.0,1.0,0.0,0.0,41.0,1.0000000000000038
2019-11-30,Lake,CA,Passenger,0.0,1.0,1.0,10.0,11.0,6.9025,2019,11,24239,136,41,1.0,1.0,1.0,1.0,0.0,0.0,42.0,1.0000000000000009
2019-11-30,Lake,IL,Passenger,1.0,0.0,1.0,177.0,178.0,0.56,2019,11,24239,136,42,1.0,1.0,1.0,1.0,0.0,0.0,43.0,1.0000000000000029
2019-11-30,Lake,FL,Passenger,1.0,0.0,1.0,23.0,24.0,4.17,2019,11,24239,136,43,1.0,1.0,1.0,1.0,0.0,0.0,44.0,1.0000000000000029
2019-12-31,Lake,FL,Passenger,1.0,0.0,1.0,24.0,25.0,4.0,2019,12,24240,136,44,1.0,1.0,1.0,1.0,0.0,0.0,45.0,1.0000000000000009
2019-12-31,Lake,CA,Passenger,0.0,1.0,1.0,10.0,11.0,6.9025,2019,12,24240,136,45,1.0,1.0,1.0,1.0,0.0,0.0,46.0,1.0000000000000009
2019-12-31,Lake,IL,Passenger,1.0,0.0,1.0,173.0,174.0,0.57,2019,12,24240,136,46,1.0,1.0,1.0,1.0,0.0,0.0,47.0,1.0000000000000029
2020-01-31,Lake,CA,Passenger,0.0,1.0,1.0,10.0,11.0,6.9025,2020,1,24241,136,47,1.0,1.0,1.0,1.0,0.0,0.0,48.0,1.0000000000000009
2020-01-31,Lake,IL,Passenger,1.0,0.0,1.0,172.0,173.0,0.58,2020,1,24241,136,48,1.0,1.0,1.0,1.0,0.0,0.0,49.0,1.000000000000002
2020-01-31,Lake,FL,Passenger,1.0,0.0,1.0,24.0,25.0,4.0,2020,1,24241,136,49,1.0,1.0,1.0,1.0,0.0,0.0,50.0,1.000000000000002
2020-02-29,Lake,CA,Passenger,0.0,1.0,1.0,9.0,10.0,6.9025,2020,2,24242,136,50,1.0,1.0,1.0,1.0,0.0,0.0,51.0,1.000000000000002
2020-02-29,Lake,IL,Passenger,1.0,0.0,1.0,174.0,175.0,0.57,2020,2,24242,136,51,1.0,1.0,1.0,1.0,0.0,0.0,52.0,1.0000000000000009
2020-02-29,Lake,FL,Passenger,1.0,0.0,1.0,24.0,25.0,4.0,2020,2,24242,136,52,1.0,1.0,1.0,1.0,0.0,0.0,53.0,1.0000000000000029
2020-03-31,Lake,FL,Passenger,1.0,0.0,1.0,24.0,25.0,4.0,2020,3,24243,136,53,1.0,1.0,1.0,1.0,0.0,0.0,54.0,1.0000000000000049
2020-03-31,Lake,CA,Passenger,0.0,1.0,1.0,9.0,10.0,6.9025,2020,3,24243,136,54,1.0,1.0,1.0,1.0,0.0,0.0,55.0,1.0000000000000038
2020-03-31,Lake,IL,Passenger,1.0,0.0,1.0,176.0,177.0,0.56,2020,3,24243,136,55,1.0,1.0,1.0,1.0,0.0,0.0,56.0,1.0
2020-04-30,Lake,IL,Passenger,1.0,0.0,1.0,174.0,175.0,0.57,2020,4,24244,136,56,1.0,1.0,1.0,1.0,0.0,0.0,57.0,1.000000000000002
2020-04-30,Lake,FL,Passenger,1.0,0.0,1.0,23.0,24.0,4.17,2020,4,24244,136,57,1.0,1.0,1.0,1.0,0.0,0.0,58.0,1.0000000000000038
2020-04-30,Lake,CA,Passenger,0.0,1.0,1.0,9.0,10.0,6.9025,2020,4,24244,136,58,1.0,1.0,1.0,1.0,0.0,0.0,59.0,1.0000000000000038
2020-05-31,Lake,IL,Passenger,1.0,0.0,1.0,173.0,174.0,0.57,2020,5,24245,136,59,1.0,1.0,1.0,1.0,0.0,0.0,60.0,1.0000000000000038
2020-05-31,Lake,FL,Passenger,1.0,0.0,1.0,23.0,24.0,4.17,2020,5,24245,136,60,1.0,1.0,1.0,1.0,0.0,0.0,61.0,1.0000000000000049
2020-06-30,Lake,IL,Passenger,1.0,0.0,1.0,173.0,174.0,0.57,2020,6,24246,136,61,1.0,1.0,1.0,1.0,0.0,0.0,62.0,1.0000000000000067
2020-06-30,Lake,FL,Passenger,1.0,0.0,1.0,24.0,25.0,4.0,2020,6,24246,136,62,1.0,1.0,1.0,1.0,0.0,0.0,63.0,1.0000000000000009
2020-07-31,Lake,IL,Passenger,1.0,0.0,1.0,173.0,174.0,0.57,2020,7,24247,136,63,1.0,1.0,1.0,1.0,0.0,0.0,64.0,0.999999999999999
2020-07-31,Lake,FL,Passenger,1.0,0.0,1.0,24.0,25.0,4.0,2020,7,24247,136,64,1.0,1.0,1.0,1.0,0.0,0.0,65.0,1.0000000000000049
2020-08-31,Lake,IL,Passenger,1.0,0.0,1.0,171.0,172.0,0.58,2020,8,24248,136,65,1.0,1.0,1.0,1.0,0.0,0.0,66.0,1.0000000000000029
2020-08-31,Lake,FL,Passenger,1.0,0.0,1.0,24.0,25.0,4.0,2020,8,24248,136,66,1.0,1.0,1.0,1.0,0.0,0.0,67.0,1.0000000000000049
2020-09-30,Lake,FL,Passenger,1.0,0.0,1.0,25.0,26.0,3.85,2020,9,24249,136,67,1.0,1.0,1.0,1.0,0.0,0.0,68.0,1.0000000000000087
2020-09-30,Lake,IL,Passenger,1.0,0.0,1.0,174.0,175.0,0.57,2020,9,24249,136,68,1.0,1.0,1.0,1.0,0.0,0.0,69.0,1.0000000000000067
2020-10-31,Lake,FL,Passenger,1.0,0.0,1.0,24.0,25.0,4.0,2020,10,24250,136,69,1.0,1.0,1.0,1.0,0.0,0.0,70.0,1.0000000000000049
2020-10-31,Lake,IL,Passenger,2.0,0.0,2.0,172.0,174.0,1.15,2020,10,24250,136,70,1.0,1.0,1.0,1.0,1.0,1.0,72.0,1.142857142857147
2020-11-30,Lake,FL,Passenger,1.0,0.0,1.0,24.0,25.0,4.0,2020,11,24251,136,71,2.0,1.0,1.0,1.3333333333333333,-0.5,0.0,73.0,1.2285714285714364
2020-11-30,Lake,IL,Passenger,2.0,0.0,2.0,170.0,172.0,1.16,2020,11,24251,136,72,1.0,2.0,1.0,1.3333333333333333,1.0,1.0,75.0,1.400000000000006
2020-12-31,Lake,IL,Passenger,2.0,0.0,2.0,170.0,172.0,1.16,2020,12,24252,136,73,2.0,1.0,2.0,1.6666666666666667,0.0,0.0,77.0,1.6000000000000045
2020-12-31,Lake,FL,Passenger,1.0,0.0,1.0,24.0,25.0,4.0,2020,12,24252,136,74,2.0,2.0,1.0,1.6666666666666667,-0.5,0.0,78.0,1.6285714285714377
2021-01-31,Lake,IL,Passenger,2.0,0.0,2.0,171.0,173.0,1.16,2021,1,24253,136,75,1.0,2.0,2.0,1.6666666666666667,1.0,0.0,80.0,1.6285714285714281
2021-01-31,Lake,FL,Passenger,1.0,0.0,1.0,23.0,24.0,4.17,2021,1,24253,136,76,2.0,1.0,2.0,1.6666666666666667,-0.5,-0.5,81.0,1.6000000000000065
2021-02-28,Lake,IL,Passenger,2.0,0.0,2.0,165.0,167.0,1.2,2021,2,24254,136,77,1.0,2.0,1.0,1.3333333333333333,1.0,1.0,83.0,1.5428571428571443
2021-02-28,Lake,FL,Passenger,1.0,0.0,1.0,23.0,24.0,4.17,2021,2,24254,136,78,2.0,1.0,2.0,1.6666666666666667,-0.5,-0.5,84.0,1.4571428571428604
2021-03-31,Lake,IL,Passenger,2.0,0.0,2.0,165.0,167.0,1.2,2021,3,24255,136,79,1.0,2.0,1.0,1.3333333333333333,1.0,1.0,86.0,1.542857142857148
2021-03-31,Lake,FL,Passenger,1.0,0.0,1.0,23.0,24.0,4.17,2021,3,24255,136,80,2.0,1.0,2.0,1.6666666666666667,-0.5,-0.5,87.0,1.4571428571428604
2021-04-30,Lake,FL,Passenger,1.0,0.0,1.0,24.0,25.0,4.0,2021,4,24256,136,81,1.0,2.0,1.0,1.3333333333333333,0.0,0.0,88.0,1.4000000000000041
2021-04-30,Lake,IL,Passenger,2.0,0.0,2.0,167.0,169.0,1.18,2021,4,24256,136,82,1.0,1.0,2.0,1.3333333333333333,1.0,0.0,90.0,1.3714285714285768
2021-05-31,Lake,IL,Passenger,2.0,0.0,2.0,168.0,170.0,1.18,2021,5,24257,136,83,2.0,1.0,1.0,1.3333333333333333,0.0,1.0,92.0,1.514285714285721
2021-05-31,Lake,FL,Passenger,1.0,0.0,1.0,24.0,25.0,4.0,2021,5,24257,136,84,2.0,2.0,1.0,1.6666666666666667,-0.5,0.0,93.0,1.4857142857142935
2021-06-30,Lake,FL,Passenger,1.0,0.0,1.0,24.0,25.0,4.0,2021,6,24258,136,85,1.0,2.0,2.0,1.6666666666666667,0.0,-0.5,94.0,1.485714285714286
2021-06-30,Lake,IN,Passenger,0.0,1.0,1.0,11.0,12.0,6.9025,2021,6,24258,136,86,1.0,1.0,2.0,1.3333333333333333,0.0,-0.5,95.0,1.3714285714285748
2021-06-30,Lake,IL,Passenger,2.0,0.0,2.0,171.0,173.0,1.16,2021,6,24258,136,87,1.0,1.0,1.0,1.0,1.0,1.0,97.0,1.285714285714293
2021-07-31,Lake,IL,Passenger,2.0,0.0,2.0,170.0,172.0,1.16,2021,7,24259,136,88,2.0,1.0,1.0,1.3333333333333333,0.0,1.0,99.0,1.3714285714285768
2021-07-31,Lake,FL,Passenger,1.0,0.0,1.0,24.0,25.0,4.0,2021,7,24259,136,89,2.0,2.0,1.0,1.6666666666666667,-0.5,0.0,100.0,1.4857142857142898
2021-07-31,Lake,IN,Passenger,0.0,1.0,1.0,11.0,12.0,6.9025,2021,7,24259,136,90,1.0,2.0,2.0,1.6666666666666667,0.0,-0.5,101.0,1.4857142857142878
2021-08-31,Lake,IL,Passenger,2.0,0.0,2.0,170.0,172.0,1.16,2021,8,24260,136,91,1.0,1.0,2.0,1.3333333333333333,1.0,0.0,103.0,1.5142857142857151
2021-08-31,Lake,IN,Passenger,0.0,1.0,1.0,11.0,12.0,6.9025,2021,8,24260,136,92,2.0,1.0,1.0,1.3333333333333333,-0.5,0.0,104.0,1.3714285714285748
2021-08-31,Lake,FL,Passenger,1.0,0.0,1.0,24.0,25.0,4.0,2021,8,24260,136,93,1.0,2.0,1.0,1.3333333333333333,0.0,0.0,105.0,1.257142857142858
2021-09-30,Lake,IN,Passenger,0.0,1.0,1.0,10.0,11.0,6.9025,2021,9,24261,136,94,1.0,1.0,2.0,1.3333333333333333,0.0,-0.5,106.0,1.2285714285714422
2021-09-30,Lake,FL,Passenger,1.0,0.0,1.0,24.0,25.0,4.0,2021,9,24261,136,95,1.0,1.0,1.0,1.0,0.0,0.0,107.0,1.1428571428571546
2021-09-30,Lake,IL,Passenger,2.0,0.0,2.0,169.0,171.0,1.17,2021,9,24261,136,96,1.0,1.0,1.0,1.0,1.0,1.0,109.0,1.1428571428571488
2021-10-31,Lake,IN,Passenger,0.0,1.0,1.0,9.0,10.0,6.9025,2021,10,24262,136,97,2.0,1.0,1.0,1.3333333333333333,-0.5,0.0,110.0,1.2285714285714269
2021-10-31,Lake,IL,Passenger,3.0,0.0,3.0,168.0,171.0,1.75,2021,10,24262,136,98,1.0,2.0,1.0,1.3333333333333333,2.0,2.0,113.0,1.5428571428571538
2021-10-31,Lake,FL,Passenger,1.0,0.0,1.0,24.0,25.0,4.0,2021,10,24262,136,99,3.0,1.0,2.0,2.0,-0.6666666666666667,-0.5,114.0,1.6857142857142904
2021-11-30,Lake,IN,Passenger,0.0,1.0,1.0,9.0,10.0,6.9025,2021,11,24263,136,100,1.0,3.0,1.0,1.6666666666666667,0.0,0.0,115.0,1.6571428571428688
2021-11-30,Lake,IL,Passenger,3.0,0.0,3.0,166.0,169.0,1.78,2021,11,24263,136,101,1.0,1.0,3.0,1.6666666666666667,2.0,0.0,118.0,1.7428571428571622
2021-11-30,Lake,FL,Passenger,1.0,0.0,1.0,24.0,25.0,4.0,2021,11,24263,136,102,3.0,1.0,1.0,1.6666666666666667,-0.6666666666666667,0.0,119.0,1.7428571428571449
2021-12-31,Lake,IL,Passenger,3.0,0.0,3.0,163.0,166.0,1.81,2021,12,24264,136,103,1.0,3.0,1.0,1.6666666666666667,2.0,2.0,122.0,1.8000000000000147
2021-12-31,Lake,IN,Passenger,0.0,1.0,1.0,9.0,10.0,6.9025,2021,12,24264,136,104,3.0,1.0,3.0,2.3333333333333335,-0.6666666666666667,-0.6666666666666667,123.0,1.9142857142857277
2021-12-31,Lake,FL,Passenger,1.0,0.0,1.0,24.0,25.0,4.0,2021,12,24264,136,105,1.0,3.0,1.0,1.6666666666666667,0.0,0.0,124.0,1.800000000000011
2022-01-31,Lake,IL,Passenger,3.0,0.0,3.0,163.0,166.0,1.81,2022,1,24265,136,106,1.0,1.0,3.0,1.6666666666666667,2.0,0.0,127.0,1.7428571428571487
2022-01-31,Lake,FL,Passenger,1.0,0.0,1.0,24.0,25.0,4.0,2022,1,24265,136,107,3.0,1.0,1.0,1.6666666666666667,-0.6666666666666667,0.0,128.0,1.742857142857141
2022-01-31,Lake,IN,Passenger,0.0,1.0,1.0,9.0,10.0,6.9025,2022,1,24265,136,108,1.0,3.0,1.0,1.6666666666666667,0.0,0.0,129.0,1.514285714285719
2022-02-28,Lake,IN,Passenger,0.0,1.0,1.0,9.0,10.0,6.9025,2022,2,24266,136,109,1.0,1.0,3.0,1.6666666666666667,0.0,-0.6666666666666667,130.0,1.4571428571428644
2022-02-28,Lake,IL,Passenger,3.0,0.0,3.0,159.0,162.0,1.85,2022,2,24266,136,110,1.0,1.0,1.0,1.0,2.0,2.0,133.0,1.5714285714285812
2022-02-28,Lake,FL,Passenger,1.0,0.0,1.0,24.0,25.0,4.0,2022,2,24266,136,111,3.0,1.0,1.0,1.6666666666666667,-0.6666666666666667,0.0,134.0,1.4571428571428604
2022-03-31,Lake,IL,Passenger,3.0,0.0,3.0,155.0,158.0,1.9,2022,3,24267,136,112,1.0,3.0,1.0,1.6666666666666667,2.0,2.0,137.0,1.8000000000000071
2022-03-31,Lake,FL,Passenger,1.0,0.0,1.0,23.0,24.0,4.17,2022,3,24267,136,113,3.0,1.0,3.0,2.3333333333333335,-0.6666666666666667,-0.6666666666666667,138.0,1.9142857142857201
2022-03-31,Lake,IN,Passenger,0.0,1.0,1.0,9.0,10.0,6.9025,2022,3,24267,136,114,1.0,3.0,1.0,1.6666666666666667,0.0,0.0,139.0,1.8000000000000032
2022-04-30,Lake,IL,Passenger,3.0,0.0,3.0,152.0,155.0,1.94,2022,4,24268,136,115,1.0,1.0,3.0,1.6666666666666667,2.0,0.0,142.0,1.7428571428571487
2022-04-30,Lake,FL,Passenger,1.0,0.0,1.0,22.0,23.0,4.35,2022,4,24268,136,116,3.0,1.0,1.0,1.6666666666666667,-0.6666666666666667,0.0,143.0,1.7428571428571487
2022-04-30,Lake,IN,Passenger,0.0,1.0,1.0,9.0,10.0,6.9025,2022,4,24268,136,117,1.0,3.0,1.0,1.6666666666666667,0.0,0.0,144.0,1.5142857142857267
2022-05-31,Lake,IL,Passenger,3.0,0.0,3.0,151.0,154.0,1.95,2022,5,24269,136,118,1.0,1.0,3.0,1.6666666666666667,2.0,0.0,147.0,1.7428571428571449
2022-05-31,Lake,FL,Passenger,1.0,0.0,1.0,21.0,22.0,4.55,2022,5,24269,136,119,3.0,1.0,1.0,1.6666666666666667,-0.6666666666666667,0.0,148.0,1.7428571428571564
2022-05-31,Lake,IN,Passenger,0.0,1.0,1.0,9.0,10.0,6.9025,2022,5,24269,136,120,1.0,3.0,1.0,1.6666666666666667,0.0,0.0,149.0,1.514285714285719
2022-06-30,Lake,IL,Passenger,2.0,0.0,2.0,146.0,148.0,1.35,2022,6,24270,136,121,1.0,1.0,3.0,1.6666666666666667,1.0,-0.33333333333333337,151.0,1.6000000000000085
2022-06-30,Lake,FL,Passenger,1.0,0.0,1.0,20.0,21.0,4.76,2022,6,24270,136,122,2.0,1.0,1.0,1.3333333333333333,-0.5,0.0,152.0,1.5142857142857304
2022-06-30,Lake,IN,Passenger,0.0,1.0,1.0,9.0,10.0,6.9025,2022,6,24270,136,123,1.0,2.0,1.0,1.3333333333333333,0.0,0.0,153.0,1.2571428571428618
2022-07-31,Lake,IN,Passenger,0.0,1.0,1.0,9.0,10.0,6.9025,2022,7,24271,136,124,1.0,1.0,2.0,1.3333333333333333,0.0,-0.5,154.0,1.2285714285714422
2022-07-31,Lake,FL,Passenger,1.0,0.0,1.0,18.0,19.0,5.26,2022,7,24271,136,125,1.0,1.0,1.0,1.0,0.0,0.0,155.0,1.1428571428571528
2022-07-31,Lake,IL,Passenger,2.0,0.0,2.0,141.0,143.0,1.4,2022,7,24271,136,126,1.0,1.0,1.0,1.0,1.0,1.0,157.0,1.1428571428571528
2022-08-31,Lake,IL,Passenger,2.0,0.0,2.0,136.0,138.0,1.45,2022,8,24272,136,127,2.0,1.0,1.0,1.3333333333333333,0.0,1.0,159.0,1.3714285714285825
2022-08-31,Lake,IN,Passenger,0.0,1.0,1.0,9.0,10.0,6.9025,2022,8,24272,136,128,2.0,2.0,1.0,1.6666666666666667,-0.5,0.0,160.0,1.4857142857142955
2022-08-31,Lake,FL,Passenger,1.0,0.0,1.0,18.0,19.0,5.26,2022,8,24272,136,129,1.0,2.0,2.0,1.6666666666666667,0.0,-0.5,161.0,1.485714285714303
2022-09-30,Lake,IN,Passenger,0.0,1.0,1.0,10.0,11.0,6.9025,2022,9,24273,136,130,1.0,1.0,2.0,1.3333333333333333,0.0,-0.5,162.0,1.3714285714285825
2022-09-30,Lake,IL,Passenger,2.0,0.0,2.0,134.0,136.0,1.47,2022,9,24273,136,131,1.0,1.0,1.0,1.0,1.0,1.0,164.0,1.285714285714293
2022-09-30,Lake,FL,Passenger,1.0,0.0,1.0,18.0,19.0,5.26,2022,9,24273,136,132,2.0,1.0,1.0,1.3333333333333333,-0.5,0.0,165.0,1.2285714285714346
2022-10-31,Lake,IL,Passenger,1.0,0.0,1.0,132.0,133.0,0.75,2022,10,24274,136,133,1.0,2.0,1.0,1.3333333333333333,0.0,0.0,166.0,1.2571428571428696
2022-10-31,Lake,IN,Passenger,0.0,1.0,1.0,11.0,12.0,6.9025,2022,10,24274,136,134,1.0,1.0,2.0,1.3333333333333333,0.0,-0.5,167.0,1.2285714285714384
2022-10-31,Lake,FL,Passenger,1.0,0.0,1.0,18.0,19.0,5.26,2022,10,24274,136,135,1.0,1.0,1.0,1.0,0.0,0.0,168.0,1.1428571428571566
2022-11-30,Lake,IN,Passenger,0.0,1.0,1.0,11.0,12.0,6.9025,2022,11,24275,136,136,1.0,1.0,1.0,1.0,0.0,0.0,169.0,1.0000000000000049
2022-11-30,Lake,FL,Passenger,1.0,0.0,1.0,19.0,20.0,5.0,2022,11,24275,136,137,1.0,1.0,1.0,1.0,0.0,0.0,170.0,1.0000000000000049
2022-11-30,Lake,IL,Passenger,1.0,0.0,1.0,130.0,131.0,0.76,2022,11,24275,136,138,1.0,1.0,1.0,1.0,0.0,0.0,171.0,1.0000000000000087
2022-12-31,Lake,IL,Passenger,1.0,0.0,1.0,131.0,132.0,0.76,2022,12,24276,136,139,1.0,1.0,1.0,1.0,0.0,0.0,172.0,1.0000000000000087
2022-12-31,Lake,IN,Passenger,0.0,1.0,1.0,11.0,12.0,6.9025,2022,12,24276,136,140,1.0,1.0,1.0,1.0,0.0,0.0,173.0,1.0000000000000087
2022-12-31,Lake,FL,Passenger,1.0,0.0,1.0,19.0,20.0,5.0,2022,12,24276,136,141,1.0,1.0,1.0,1.0,0.0,0.0,174.0,1.0000000000000124
2023-01-31,Lake,IL,Passenger,1.0,0.0,1.0,128.0,129.0,0.78,2023,1,24277,136,142,1.0,1.0,1.0,1.0,0.0,0.0,175.0,1.0000000000000124
2023-01-31,Lake,FL,Passenger,1.0,0.0,1.0,18.0,19.0,5.26,2023,1,24277,136,143,1.0,1.0,1.0,1.0,0.0,0.0,176.0,1.0000000000000124
2023-01-31,Lake,IN,Passenger,0.0,1.0,1.0,10.0,11.0,6.9025,2023,1,24277,136,144,1.0,1.0,1.0,1.0,0.0,0.0,177.0,1.0000000000000049
2023-02-28,Lake,IN,Passenger,0.0,1.0,1.0,9.0,10.0,6.9025,2023,2,24278,136,145,1.0,1.0,1.0,1.0,0.0,0.0,178.0,1.0000000000000124
2023-02-28,Lake,FL,Passenger,1.0,0.0,1.0,17.0,18.0,5.56,2023,2,24278,136,146,1.0,1.0,1.0,1.0,0.0,0.0,179.0,1.0000000000000202
2023-02-28,Lake,IL,Passenger,1.0,0.0,1.0,129.0,130.0,0.77,2023,2,24278,136,147,1.0,1.0,1.0,1.0,0.0,0.0,180.0,1.0000000000000087
2023-03-31,Lake,IN,Passenger,0.0,1.0,1.0,9.0,10.0,6.9025,2023,3,24279,136,148,1.0,1.0,1.0,1.0,0.0,0.0,181.0,1.0000000000000124
2023-03-31,Lake,IL,Passenger,1.0,0.0,1.0,129.0,130.0,0.77,2023,3,24279,136,149,1.0,1.0,1.0,1.0,0.0,0.0,182.0,1.0000000000000124
2023-04-30,Lake,IN,Passenger,0.0,1.0,1.0,8.0,9.0,6.9025,2023,4,24280,136,150,1.0,1.0,1.0,1.0,0.0,0.0,183.0,1.0000000000000162
2023-04-30,Lake,IL,Passenger,2.0,0.0,2.0,127.0,129.0,1.55,2023,4,24280,136,151,1.0,1.0,1.0,1.0,1.0,1.0,185.0,1.1428571428571488
2023-05-31,Lake,IL,Passenger,2.0,0.0,2.0,123.0,125.0,1.6,2023,5,24281,136,152,2.0,1.0,1.0,1.3333333333333333,0.0,1.0,187.0,1.371428571428594
2023-05-31,Lake,IN,Passenger,0.0,1.0,1.0,6.0,7.0,6.9025,2023,5,24281,136,153,2.0,2.0,1.0,1.6666666666666667,-0.5,0.0,188.0,1.4857142857142993
2023-06-30,Lake,IL,Passenger,3.0,0.0,3.0,120.0,123.0,2.44,2023,6,24282,136,154,1.0,2.0,2.0,1.6666666666666667,2.0,0.5,191.0,1.7714285714285836
2023-07-31,Lake,IL,Passenger,3.0,0.0,3.0,119.0,122.0,2.46,2023,7,24283,136,155,3.0,1.0,2.0,2.0,0.0,0.5,194.0,2.114285714285734
2023-07-31,Lake,IN,Passenger,0.0,1.0,1.0,6.0,7.0,6.9025,2023,7,24283,136,156,3.0,3.0,1.0,2.3333333333333335,-0.6666666666666667,0.0,195.0,2.1142857142857228
2023-08-31,Lake,IN,Passenger,0.0,1.0,1.0,6.0,7.0,6.9025,2023,8,24284,136,157,1.0,3.0,3.0,2.3333333333333335,0.0,-0.6666666666666667,196.0,1.9714285714285822
2023-08-31,Lake,IL,Passenger,2.0,0.0,2.0,116.0,118.0,1.69,2023,8,24284,136,158,1.0,1.0,3.0,1.6666666666666667,1.0,-0.33333333333333337,198.0,1.8857142857142812
2023-09-30,Lake,IN,Passenger,0.0,1.0,1.0,5.0,6.0,6.9025,2023,9,24285,136,159,2.0,1.0,1.0,1.3333333333333333,-0.5,0.0,199.0,1.5142857142857113
2023-09-30,Lake,IL,Passenger,3.0,0.0,3.0,114.0,117.0,2.56,2023,9,24285,136,160,1.0,2.0,1.0,1.3333333333333333,2.0,2.0,202.0,1.5428571428571578
2023-10-31,Lake,IN,Passenger,0.0,1.0,1.0,4.0,5.0,6.9025,2023,10,24286,136,161,3.0,1.0,2.0,2.0,-0.6666666666666667,-0.5,203.0,1.685714285714298
2023-10-31,Lake,IL,Passenger,3.0,0.0,3.0,112.0,115.0,2.61,2023,10,24286,136,162,1.0,3.0,1.0,1.6666666666666667,2.0,2.0,206.0,1.9428571428571666
2023-11-30,Lake,IN,Passenger,0.0,1.0,1.0,4.0,5.0,6.9025,2023,11,24287,136,163,3.0,1.0,3.0,2.3333333333333335,-0.6666666666666667,-0.6666666666666667,207.0,1.9142857142857201
2023-11-30,Lake,IL,Passenger,5.0,0.0,5.0,118.0,123.0,4.07,2023,11,24287,136,164,1.0,3.0,1.0,1.6666666666666667,4.0,4.0,212.0,2.3714285714285683
2023-12-31,Lake,IN,Passenger,0.0,1.0,1.0,4.0,5.0,6.9025,2023,12,24288,136,165,5.0,1.0,3.0,3.0,-0.8,-0.6666666666666667,213.0,2.3714285714285834
2023-12-31,Lake,IL,Passenger,5.0,0.0,5.0,118.0,123.0,4.07,2023,12,24288,136,166,1.0,5.0,1.0,2.3333333333333335,4.0,4.0,218.0,2.8857142857142937
2024-01-31,Lake,IL,Passenger,6.0,0.0,6.0,113.0,119.0,5.04,2024,1,24289,136,167,5.0,1.0,5.0,3.6666666666666665,0.19999999999999996,0.19999999999999996,224.0,3.5428571428571556
2024-01-31,Lake,IN,Passenger,0.0,1.0,1.0,4.0,5.0,6.9025,2024,1,24289,136,168,6.0,5.0,1.0,4.0,-0.8333333333333334,0.0,225.0,3.7428571428571544
2024-02-29,Lake,IN,Passenger,0.0,1.0,1.0,4.0,5.0,6.9025,2024,2,24290,136,169,1.0,6.0,5.0,4.0,0.0,-0.8,226.0,3.200000000000017
2024-02-29,Lake,IL,Passenger,6.0,0.0,6.0,109.0,115.0,5.22,2024,2,24290,136,170,1.0,1.0,6.0,2.6666666666666665,5.0,0.0,232.0,3.428571428571462
2017-06-30,Lane,OR,Passenger,0.0,1.0,1.0,240.0,241.0,0.41,2017,6,24210,137,5,1.0,1.0,1.0,1.0,0.0,0.0,6.0,0.9999999999999998
2017-07-31,Lane,OR,Passenger,0.0,1.0,1.0,232.0,233.0,0.43,2017,7,24211,137,6,1.0,1.0,1.0,1.0,0.0,0.0,7.0,0.9999999999999998
2017-08-31,Lane,OR,Passenger,0.0,1.0,1.0,226.0,227.0,0.44,2017,8,24212,137,7,1.0,1.0,1.0,1.0,0.0,0.0,8.0,0.9999999999999999
2017-09-30,Lane,OR,Passenger,0.0,1.0,1.0,221.0,222.0,0.45,2017,9,24213,137,8,1.0,1.0,1.0,1.0,0.0,0.0,9.0,1.0000000000000002
2017-10-31,Lane,OR,Passenger,0.0,1.0,1.0,217.0,218.0,0.46,2017,10,24214,137,9,1.0,1.0,1.0,1.0,0.0,0.0,10.0,1.0000000000000002
2017-11-30,Lane,OR,Passenger,0.0,1.0,1.0,210.0,211.0,0.47,2017,11,24215,137,10,1.0,1.0,1.0,1.0,0.0,0.0,11.0,1.0
2017-12-31,Lane,OR,Passenger,0.0,1.0,1.0,211.0,212.0,0.47,2017,12,24216,137,11,1.0,1.0,1.0,1.0,0.0,0.0,12.0,1.0000000000000002
2018-01-31,Lane,OR,Passenger,0.0,1.0,1.0,204.0,205.0,0.49,2018,1,24217,137,12,1.0,1.0,1.0,1.0,0.0,0.0,13.0,1.0000000000000002
2018-02-28,Lane,OR,Passenger,0.0,1.0,1.0,202.0,203.0,0.49,2018,2,24218,137,13,1.0,1.0,1.0,1.0,0.0,0.0,14.0,1.0000000000000009
2018-03-31,Lane,OR,Passenger,0.0,1.0,1.0,191.0,192.0,0.52,2018,3,24219,137,14,1.0,1.0,1.0,1.0,0.0,0.0,15.0,1.0000000000000007
2018-04-30,Lane,OR,Passenger,0.0,1.0,1.0,194.0,195.0,0.51,2018,4,24220,137,15,1.0,1.0,1.0,1.0,0.0,0.0,16.0,1.0000000000000009
2018-05-31,Lane,OR,Passenger,0.0,1.0,1.0,192.0,193.0,0.52,2018,5,24221,137,16,1.0,1.0,1.0,1.0,0.0,0.0,17.0,1.0
2018-06-30,Lane,OR,Passenger,0.0,1.0,1.0,188.0,189.0,0.53,2018,6,24222,137,17,1.0,1.0,1.0,1.0,0.0,0.0,18.0,1.0000000000000002
2018-07-31,Lane,OR,Passenger,0.0,1.0,1.0,188.0,189.0,0.53,2018,7,24223,137,18,1.0,1.0,1.0,1.0,0.0,0.0,19.0,1.000000000000002
2018-08-31,Lane,OR,Passenger,0.0,1.0,1.0,185.0,186.0,0.54,2018,8,24224,137,19,1.0,1.0,1.0,1.0,0.0,0.0,20.0,0.9999999999999998
2018-09-30,Lane,OR,Passenger,0.0,1.0,1.0,181.0,182.0,0.55,2018,9,24225,137,20,1.0,1.0,1.0,1.0,0.0,0.0,21.0,1.000000000000001
2018-10-31,Lane,OR,Passenger,0.0,1.0,1.0,179.0,180.0,0.56,2018,10,24226,137,21,1.0,1.0,1.0,1.0,0.0,0.0,22.0,1.0000000000000013
2018-11-30,Lane,OR,Passenger,0.0,1.0,1.0,179.0,180.0,0.56,2018,11,24227,137,22,1.0,1.0,1.0,1.0,0.0,0.0,23.0,1.0000000000000013
2018-12-31,Lane,OR,Passenger,0.0,1.0,1.0,174.0,175.0,0.57,2018,12,24228,137,23,1.0,1.0,1.0,1.0,0.0,0.0,24.0,1.0000000000000004
2020-08-31,Lane,OR,Passenger,0.0,1.0,1.0,144.0,145.0,0.69,2020,8,24248,137,24,1.0,1.0,1.0,1.0,0.0,0.0,25.0,1.0000000000000013
2020-09-30,Lane,OR,Passenger,0.0,1.0,1.0,147.0,148.0,0.68,2020,9,24249,137,25,1.0,1.0,1.0,1.0,0.0,0.0,26.0,1.0000000000000013
2020-10-31,Lane,OR,Passenger,0.0,1.0,1.0,150.0,151.0,0.66,2020,10,24250,137,26,1.0,1.0,1.0,1.0,0.0,0.0,27.0,1.0000000000000013
2020-11-30,Lane,OR,Passenger,0.0,1.0,1.0,147.0,148.0,0.68,2020,11,24251,137,27,1.0,1.0,1.0,1.0,0.0,0.0,28.0,1.0000000000000013
2020-12-31,Lane,OR,Passenger,0.0,1.0,1.0,148.0,149.0,0.67,2020,12,24252,137,28,1.0,1.0,1.0,1.0,0.0,0.0,29.0,1.0000000000000024
2021-01-31,Lane,OR,Passenger,0.0,1.0,1.0,145.0,146.0,0.68,2021,1,24253,137,29,1.0,1.0,1.0,1.0,0.0,0.0,30.0,1.000000000000002
2021-02-28,Lane,OR,Passenger,0.0,1.0,1.0,139.0,140.0,0.71,2021,2,24254,137,30,1.0,1.0,1.0,1.0,0.0,0.0,31.0,1.0000000000000009
2021-03-31,Lane,OR,Passenger,0.0,2.0,2.0,136.0,138.0,1.45,2021,3,24255,137,31,1.0,1.0,1.0,1.0,1.0,1.0,33.0,1.1428571428571455
2021-04-30,Lane,OR,Passenger,0.0,2.0,2.0,138.0,140.0,1.43,2021,4,24256,137,32,2.0,1.0,1.0,1.3333333333333333,0.0,1.0,35.0,1.3714285714285734
2021-05-31,Lane,OR,Passenger,0.0,2.0,2.0,136.0,138.0,1.45,2021,5,24257,137,33,2.0,2.0,1.0,1.6666666666666667,0.0,1.0,37.0,1.628571428571432
2021-06-30,Lane,OR,Passenger,0.0,2.0,2.0,136.0,138.0,1.45,2021,6,24258,137,34,2.0,2.0,2.0,2.0,0.0,0.0,39.0,1.8571428571428583
2021-07-31,Lane,OR,Passenger,0.0,2.0,2.0,130.0,132.0,1.52,2021,7,24259,137,35,2.0,2.0,2.0,2.0,0.0,0.0,41.0,2.0000000000000027
2021-08-31,Lane,OR,Passenger,0.0,2.0,2.0,130.0,132.0,1.52,2021,8,24260,137,36,2.0,2.0,2.0,2.0,0.0,0.0,43.0,2.0000000000000027
2021-09-30,Lane,OR,Passenger,0.0,2.0,2.0,126.0,128.0,1.56,2021,9,24261,137,37,2.0,2.0,2.0,2.0,0.0,0.0,45.0,2.000000000000001
2021-10-31,Lane,OR,Passenger,0.0,2.0,2.0,125.0,127.0,1.57,2021,10,24262,137,38,2.0,2.0,2.0,2.0,0.0,0.0,47.0,2.0000000000000027
2021-11-30,Lane,OR,Passenger,0.0,2.0,2.0,120.0,122.0,1.64,2021,11,24263,137,39,2.0,2.0,2.0,2.0,0.0,0.0,49.0,2.000000000000001
2021-12-31,Lane,OR,Passenger,0.0,2.0,2.0,119.0,121.0,1.65,2021,12,24264,137,40,2.0,2.0,2.0,2.0,0.0,0.0,51.0,2.0000000000000018
2022-01-31,Lane,OR,Passenger,0.0,2.0,2.0,116.0,118.0,1.69,2022,1,24265,137,41,2.0,2.0,2.0,2.0,0.0,0.0,53.0,2.0000000000000027
2022-02-28,Lane,OR,Passenger,0.0,2.0,2.0,115.0,117.0,1.71,2022,2,24266,137,42,2.0,2.0,2.0,2.0,0.0,0.0,55.0,2.000000000000001
2022-03-31,Lane,OR,Passenger,0.0,2.0,2.0,114.0,116.0,1.72,2022,3,24267,137,43,2.0,2.0,2.0,2.0,0.0,0.0,57.0,2.000000000000001
2022-04-30,Lane,OR,Passenger,0.0,2.0,2.0,111.0,113.0,1.77,2022,4,24268,137,44,2.0,2.0,2.0,2.0,0.0,0.0,59.0,2.0000000000000018
2022-05-31,Lane,OR,Passenger,0.0,2.0,2.0,104.0,106.0,1.89,2022,5,24269,137,45,2.0,2.0,2.0,2.0,0.0,0.0,61.0,2.0000000000000018
2022-06-30,Lane,OR,Passenger,0.0,2.0,2.0,102.0,104.0,1.92,2022,6,24270,137,46,2.0,2.0,2.0,2.0,0.0,0.0,63.0,2.0000000000000018
2022-07-31,Lane,OR,Passenger,0.0,2.0,2.0,102.0,104.0,1.92,2022,7,24271,137,47,2.0,2.0,2.0,2.0,0.0,0.0,65.0,2.0
2022-08-31,Lane,OR,Passenger,0.0,2.0,2.0,99.0,101.0,1.98,2022,8,24272,137,48,2.0,2.0,2.0,2.0,0.0,0.0,67.0,2.000000000000004
2022-09-30,Lane,OR,Passenger,0.0,2.0,2.0,93.0,95.0,2.11,2022,9,24273,137,49,2.0,2.0,2.0,2.0,0.0,0.0,69.0,2.0
2022-10-31,Lane,OR,Passenger,0.0,2.0,2.0,91.0,93.0,2.15,2022,10,24274,137,50,2.0,2.0,2.0,2.0,0.0,0.0,71.0,2.0
2022-11-30,Lane,OR,Passenger,0.0,2.0,2.0,90.0,92.0,2.17,2022,11,24275,137,51,2.0,2.0,2.0,2.0,0.0,0.0,73.0,2.0000000000000018
2022-12-31,Lane,OR,Passenger,0.0,2.0,2.0,90.0,92.0,2.17,2022,12,24276,137,52,2.0,2.0,2.0,2.0,0.0,0.0,75.0,2.0000000000000058
2023-01-31,Lane,OR,Passenger,0.0,2.0,2.0,92.0,94.0,2.13,2023,1,24277,137,53,2.0,2.0,2.0,2.0,0.0,0.0,77.0,2.0000000000000058
2023-02-28,Lane,OR,Passenger,0.0,2.0,2.0,89.0,91.0,2.2,2023,2,24278,137,54,2.0,2.0,2.0,2.0,0.0,0.0,79.0,2.0
2023-03-31,Lane,OR,Passenger,0.0,2.0,2.0,84.0,86.0,2.33,2023,3,24279,137,55,2.0,2.0,2.0,2.0,0.0,0.0,81.0,2.0000000000000075
2023-04-30,Lane,OR,Passenger,0.0,2.0,2.0,82.0,84.0,2.38,2023,4,24280,137,56,2.0,2.0,2.0,2.0,0.0,0.0,83.0,2.0000000000000075
2023-05-31,Lane,OR,Passenger,0.0,2.0,2.0,78.0,80.0,2.5,2023,5,24281,137,57,2.0,2.0,2.0,2.0,0.0,0.0,85.0,2.0000000000000098
2023-06-30,Lane,OR,Passenger,0.0,2.0,2.0,74.0,76.0,2.63,2023,6,24282,137,58,2.0,2.0,2.0,2.0,0.0,0.0,87.0,2.0000000000000075
2023-07-31,Lane,OR,Passenger,0.0,2.0,2.0,70.0,72.0,2.78,2023,7,24283,137,59,2.0,2.0,2.0,2.0,0.0,0.0,89.0,2.0000000000000058
2023-08-31,Lane,OR,Passenger,0.0,2.0,2.0,66.0,68.0,2.94,2023,8,24284,137,60,2.0,2.0,2.0,2.0,0.0,0.0,91.0,2.0000000000000098
2023-09-30,Lane,OR,Passenger,0.0,2.0,2.0,64.0,66.0,3.03,2023,9,24285,137,61,2.0,2.0,2.0,2.0,0.0,0.0,93.0,2.0000000000000058
2023-10-31,Lane,OR,Passenger,0.0,2.0,2.0,58.0,60.0,3.33,2023,10,24286,137,62,2.0,2.0,2.0,2.0,0.0,0.0,95.0,2.0000000000000058
2023-11-30,Lane,OR,Passenger,0.0,2.0,2.0,58.0,60.0,3.33,2023,11,24287,137,63,2.0,2.0,2.0,2.0,0.0,0.0,97.0,2.0000000000000058
2023-12-31,Lane,OR,Passenger,0.0,2.0,2.0,55.0,57.0,3.51,2023,12,24288,137,64,2.0,2.0,2.0,2.0,0.0,0.0,99.0,2.0000000000000115
2024-01-31,Lane,OR,Passenger,0.0,2.0,2.0,54.0,56.0,3.57,2024,1,24289,137,65,2.0,2.0,2.0,2.0,0.0,0.0,101.0,2.0000000000000115
2024-02-29,Lane,OR,Passenger,0.0,1.0,1.0,50.0,51.0,1.96,2024,2,24290,137,66,2.0,2.0,2.0,2.0,-0.5,-0.5,102.0,1.8571428571428596
2024-01-31,Laramie,WY,Passenger,1.0,0.0,1.0,26.0,27.0,3.7,2024,1,24289,138,5,1.0,1.0,1.0,1.0,0.0,0.0,6.0,0.9999999999999998
2024-02-29,Laramie,WY,Passenger,1.0,0.0,1.0,26.0,27.0,3.7,2024,2,24290,138,6,1.0,1.0,1.0,1.0,0.0,0.0,7.0,0.9999999999999998
2019-01-31,Larimer,CO,Passenger,1.0,0.0,1.0,57.0,58.0,1.72,2019,1,24229,139,5,1.0,1.0,1.0,1.0,0.0,0.0,6.0,0.9999999999999998
2019-02-28,Larimer,CO,Passenger,1.0,0.0,1.0,56.0,57.0,1.75,2019,2,24230,139,6,1.0,1.0,1.0,1.0,0.0,0.0,7.0,0.9999999999999998
2019-03-31,Larimer,CO,Passenger,1.0,0.0,1.0,57.0,58.0,1.72,2019,3,24231,139,7,1.0,1.0,1.0,1.0,0.0,0.0,8.0,0.9999999999999999
2019-04-30,Larimer,CO,Passenger,1.0,0.0,1.0,57.0,58.0,1.72,2019,4,24232,139,8,1.0,1.0,1.0,1.0,0.0,0.0,9.0,1.0000000000000002
2019-05-31,Larimer,CO,Passenger,1.0,0.0,1.0,56.0,57.0,1.75,2019,5,24233,139,9,1.0,1.0,1.0,1.0,0.0,0.0,10.0,1.0000000000000002
2019-06-30,Larimer,CO,Passenger,1.0,0.0,1.0,56.0,57.0,1.75,2019,6,24234,139,10,1.0,1.0,1.0,1.0,0.0,0.0,11.0,1.0
2019-07-31,Larimer,CO,Passenger,1.0,0.0,1.0,55.0,56.0,1.79,2019,7,24235,139,11,1.0,1.0,1.0,1.0,0.0,0.0,12.0,1.0000000000000002
2019-08-31,Larimer,CO,Passenger,1.0,0.0,1.0,56.0,57.0,1.75,2019,8,24236,139,12,1.0,1.0,1.0,1.0,0.0,0.0,13.0,1.0000000000000002
2019-09-30,Larimer,CO,Passenger,1.0,0.0,1.0,58.0,59.0,1.69,2019,9,24237,139,13,1.0,1.0,1.0,1.0,0.0,0.0,14.0,1.0000000000000009
2019-10-31,Larimer,CO,Passenger,1.0,0.0,1.0,57.0,58.0,1.72,2019,10,24238,139,14,1.0,1.0,1.0,1.0,0.0,0.0,15.0,1.0000000000000007
2019-11-30,Larimer,CO,Passenger,1.0,0.0,1.0,54.0,55.0,1.82,2019,11,24239,139,15,1.0,1.0,1.0,1.0,0.0,0.0,16.0,1.0000000000000009
2019-12-31,Larimer,CO,Passenger,1.0,0.0,1.0,53.0,54.0,1.85,2019,12,24240,139,16,1.0,1.0,1.0,1.0,0.0,0.0,17.0,1.0
2020-01-31,Larimer,CO,Passenger,1.0,0.0,1.0,54.0,55.0,1.82,2020,1,24241,139,17,1.0,1.0,1.0,1.0,0.0,0.0,18.0,1.0000000000000002
2020-02-29,Larimer,CO,Passenger,1.0,0.0,1.0,51.0,52.0,1.92,2020,2,24242,139,18,1.0,1.0,1.0,1.0,0.0,0.0,19.0,1.000000000000002
2020-03-31,Larimer,CO,Passenger,1.0,0.0,1.0,52.0,53.0,1.89,2020,3,24243,139,19,1.0,1.0,1.0,1.0,0.0,0.0,20.0,0.9999999999999998
2020-04-30,Larimer,CO,Passenger,1.0,0.0,1.0,50.0,51.0,1.96,2020,4,24244,139,20,1.0,1.0,1.0,1.0,0.0,0.0,21.0,1.000000000000001
2020-05-31,Larimer,CO,Passenger,1.0,0.0,1.0,49.0,50.0,2.0,2020,5,24245,139,21,1.0,1.0,1.0,1.0,0.0,0.0,22.0,1.0000000000000013
2020-06-30,Larimer,CO,Passenger,1.0,0.0,1.0,49.0,50.0,2.0,2020,6,24246,139,22,1.0,1.0,1.0,1.0,0.0,0.0,23.0,1.0000000000000013
2020-07-31,Larimer,CO,Passenger,1.0,0.0,1.0,49.0,50.0,2.0,2020,7,24247,139,23,1.0,1.0,1.0,1.0,0.0,0.0,24.0,1.0000000000000004
2020-08-31,Larimer,CO,Passenger,1.0,0.0,1.0,49.0,50.0,2.0,2020,8,24248,139,24,1.0,1.0,1.0,1.0,0.0,0.0,25.0,1.0000000000000013
2020-09-30,Larimer,CO,Passenger,1.0,0.0,1.0,50.0,51.0,1.96,2020,9,24249,139,25,1.0,1.0,1.0,1.0,0.0,0.0,26.0,1.0000000000000013
2020-10-31,Larimer,CO,Passenger,1.0,0.0,1.0,49.0,50.0,2.0,2020,10,24250,139,26,1.0,1.0,1.0,1.0,0.0,0.0,27.0,1.0000000000000013
2020-11-30,Larimer,CO,Passenger,1.0,0.0,1.0,51.0,52.0,1.92,2020,11,24251,139,27,1.0,1.0,1.0,1.0,0.0,0.0,28.0,1.0000000000000013
2020-12-31,Larimer,CO,Passenger,1.0,0.0,1.0,52.0,53.0,1.89,2020,12,24252,139,28,1.0,1.0,1.0,1.0,0.0,0.0,29.0,1.0000000000000024
2021-01-31,Larimer,CO,Passenger,1.0,0.0,1.0,51.0,52.0,1.92,2021,1,24253,139,29,1.0,1.0,1.0,1.0,0.0,0.0,30.0,1.000000000000002
2021-02-28,Larimer,CO,Passenger,1.0,0.0,1.0,52.0,53.0,1.89,2021,2,24254,139,30,1.0,1.0,1.0,1.0,0.0,0.0,31.0,1.0000000000000009
2021-03-31,Larimer,CO,Passenger,1.0,0.0,1.0,52.0,53.0,1.89,2021,3,24255,139,31,1.0,1.0,1.0,1.0,0.0,0.0,32.0,1.000000000000002
2021-04-30,Larimer,CO,Passenger,1.0,0.0,1.0,51.0,52.0,1.92,2021,4,24256,139,32,1.0,1.0,1.0,1.0,0.0,0.0,33.0,1.0000000000000038
2021-05-31,Larimer,CO,Passenger,1.0,0.0,1.0,50.0,51.0,1.96,2021,5,24257,139,33,1.0,1.0,1.0,1.0,0.0,0.0,34.0,1.0000000000000004
2021-06-30,Larimer,CO,Passenger,1.0,0.0,1.0,49.0,50.0,2.0,2021,6,24258,139,34,1.0,1.0,1.0,1.0,0.0,0.0,35.0,1.000000000000002
2021-07-31,Larimer,CO,Passenger,1.0,0.0,1.0,49.0,50.0,2.0,2021,7,24259,139,35,1.0,1.0,1.0,1.0,0.0,0.0,36.0,1.0000000000000029
2021-08-31,Larimer,CO,Passenger,1.0,0.0,1.0,47.0,48.0,2.08,2021,8,24260,139,36,1.0,1.0,1.0,1.0,0.0,0.0,37.0,1.0000000000000038
2021-09-30,Larimer,CO,Passenger,1.0,0.0,1.0,46.0,47.0,2.13,2021,9,24261,139,37,1.0,1.0,1.0,1.0,0.0,0.0,38.0,1.0
2021-10-31,Larimer,CO,Passenger,1.0,0.0,1.0,48.0,49.0,2.04,2021,10,24262,139,38,1.0,1.0,1.0,1.0,0.0,0.0,39.0,1.0000000000000009
2021-11-30,Larimer,CO,Passenger,1.0,0.0,1.0,49.0,50.0,2.0,2021,11,24263,139,39,1.0,1.0,1.0,1.0,0.0,0.0,40.0,1.0000000000000009
2021-12-31,Larimer,CO,Passenger,1.0,0.0,1.0,49.0,50.0,2.0,2021,12,24264,139,40,1.0,1.0,1.0,1.0,0.0,0.0,41.0,1.0000000000000038
2022-01-31,Larimer,CO,Passenger,1.0,0.0,1.0,48.0,49.0,2.04,2022,1,24265,139,41,1.0,1.0,1.0,1.0,0.0,0.0,42.0,1.0000000000000009
2022-02-28,Larimer,CO,Passenger,1.0,0.0,1.0,48.0,49.0,2.04,2022,2,24266,139,42,1.0,1.0,1.0,1.0,0.0,0.0,43.0,1.0000000000000029
2022-03-31,Larimer,CO,Passenger,1.0,0.0,1.0,49.0,50.0,2.0,2022,3,24267,139,43,1.0,1.0,1.0,1.0,0.0,0.0,44.0,1.0000000000000029
2022-04-30,Larimer,CO,Passenger,1.0,0.0,1.0,47.0,48.0,2.08,2022,4,24268,139,44,1.0,1.0,1.0,1.0,0.0,0.0,45.0,1.0000000000000009
2022-05-31,Larimer,CO,Passenger,1.0,0.0,1.0,45.0,46.0,2.17,2022,5,24269,139,45,1.0,1.0,1.0,1.0,0.0,0.0,46.0,1.0000000000000009
2022-06-30,Larimer,CO,Passenger,1.0,0.0,1.0,44.0,45.0,2.22,2022,6,24270,139,46,1.0,1.0,1.0,1.0,0.0,0.0,47.0,1.0000000000000029
2022-07-31,Larimer,CO,Passenger,1.0,0.0,1.0,43.0,44.0,2.27,2022,7,24271,139,47,1.0,1.0,1.0,1.0,0.0,0.0,48.0,1.0000000000000009
2022-11-30,Larimer,CO,Passenger,1.0,0.0,1.0,39.0,40.0,2.5,2022,11,24275,139,48,1.0,1.0,1.0,1.0,0.0,0.0,49.0,1.000000000000002
2022-12-31,Larimer,CO,Passenger,1.0,0.0,1.0,38.0,39.0,2.56,2022,12,24276,139,49,1.0,1.0,1.0,1.0,0.0,0.0,50.0,1.000000000000002
2023-01-31,Larimer,CO,Passenger,1.0,0.0,1.0,37.0,38.0,2.63,2023,1,24277,139,50,1.0,1.0,1.0,1.0,0.0,0.0,51.0,1.000000000000002
2023-02-28,Larimer,CO,Passenger,1.0,0.0,1.0,35.0,36.0,2.78,2023,2,24278,139,51,1.0,1.0,1.0,1.0,0.0,0.0,52.0,1.0000000000000009
2023-03-31,Larimer,CO,Passenger,1.0,0.0,1.0,35.0,36.0,2.78,2023,3,24279,139,52,1.0,1.0,1.0,1.0,0.0,0.0,53.0,1.0000000000000029
2023-04-30,Larimer,CO,Passenger,1.0,0.0,1.0,34.0,35.0,2.86,2023,4,24280,139,53,1.0,1.0,1.0,1.0,0.0,0.0,54.0,1.0000000000000049
2023-05-31,Larimer,CO,Passenger,1.0,0.0,1.0,32.0,33.0,3.03,2023,5,24281,139,54,1.0,1.0,1.0,1.0,0.0,0.0,55.0,1.0000000000000038
2023-06-30,Larimer,CO,Passenger,1.0,0.0,1.0,31.0,32.0,3.12,2023,6,24282,139,55,1.0,1.0,1.0,1.0,0.0,0.0,56.0,1.0
2023-07-31,Larimer,CO,Passenger,1.0,0.0,1.0,30.0,31.0,3.23,2023,7,24283,139,56,1.0,1.0,1.0,1.0,0.0,0.0,57.0,1.000000000000002
2023-08-31,Larimer,CO,Passenger,1.0,0.0,1.0,27.0,28.0,3.57,2023,8,24284,139,57,1.0,1.0,1.0,1.0,0.0,0.0,58.0,1.0000000000000038
2023-09-30,Larimer,CO,Passenger,1.0,0.0,1.0,23.0,24.0,4.17,2023,9,24285,139,58,1.0,1.0,1.0,1.0,0.0,0.0,59.0,1.0000000000000038
2023-10-31,Larimer,CO,Passenger,1.0,0.0,1.0,21.0,22.0,4.55,2023,10,24286,139,59,1.0,1.0,1.0,1.0,0.0,0.0,60.0,1.0000000000000038
2023-11-30,Larimer,CO,Passenger,1.0,0.0,1.0,21.0,22.0,4.55,2023,11,24287,139,60,1.0,1.0,1.0,1.0,0.0,0.0,61.0,1.0000000000000049
2023-12-31,Larimer,CO,Passenger,1.0,0.0,1.0,19.0,20.0,5.0,2023,12,24288,139,61,1.0,1.0,1.0,1.0,0.0,0.0,62.0,1.0000000000000067
2024-01-31,Larimer,CO,Passenger,1.0,0.0,1.0,18.0,19.0,5.26,2024,1,24289,139,62,1.0,1.0,1.0,1.0,0.0,0.0,63.0,1.0000000000000009
2024-02-29,Larimer,CO,Passenger,1.0,0.0,1.0,18.0,19.0,5.26,2024,2,24290,139,63,1.0,1.0,1.0,1.0,0.0,0.0,64.0,0.999999999999999
2021-12-31,Las Animas,CO,Passenger,1.0,0.0,1.0,0.0,1.0,6.9025,2021,12,24264,140,5,1.0,1.0,1.0,1.0,0.0,0.0,6.0,0.9999999999999998
2022-01-31,Las Animas,CO,Passenger,1.0,0.0,1.0,1.0,2.0,6.9025,2022,1,24265,140,6,1.0,1.0,1.0,1.0,0.0,0.0,7.0,0.9999999999999998
2022-02-28,Las Animas,CO,Passenger,1.0,0.0,1.0,1.0,2.0,6.9025,2022,2,24266,140,7,1.0,1.0,1.0,1.0,0.0,0.0,8.0,0.9999999999999999
2022-03-31,Las Animas,CO,Passenger,1.0,0.0,1.0,1.0,2.0,6.9025,2022,3,24267,140,8,1.0,1.0,1.0,1.0,0.0,0.0,9.0,1.0000000000000002
2022-04-30,Las Animas,CO,Passenger,1.0,0.0,1.0,1.0,2.0,6.9025,2022,4,24268,140,9,1.0,1.0,1.0,1.0,0.0,0.0,10.0,1.0000000000000002
2022-05-31,Las Animas,CO,Passenger,1.0,0.0,1.0,1.0,2.0,6.9025,2022,5,24269,140,10,1.0,1.0,1.0,1.0,0.0,0.0,11.0,1.0
2022-06-30,Las Animas,CO,Passenger,1.0,0.0,1.0,1.0,2.0,6.9025,2022,6,24270,140,11,1.0,1.0,1.0,1.0,0.0,0.0,12.0,1.0000000000000002
2022-07-31,Las Animas,CO,Passenger,1.0,0.0,1.0,1.0,2.0,6.9025,2022,7,24271,140,12,1.0,1.0,1.0,1.0,0.0,0.0,13.0,1.0000000000000002
2022-08-31,Las Animas,CO,Passenger,1.0,0.0,1.0,1.0,2.0,6.9025,2022,8,24272,140,13,1.0,1.0,1.0,1.0,0.0,0.0,14.0,1.0000000000000009
2022-09-30,Las Animas,CO,Passenger,1.0,0.0,1.0,1.0,2.0,6.9025,2022,9,24273,140,14,1.0,1.0,1.0,1.0,0.0,0.0,15.0,1.0000000000000007
2022-10-31,Las Animas,CO,Passenger,1.0,0.0,1.0,1.0,2.0,6.9025,2022,10,24274,140,15,1.0,1.0,1.0,1.0,0.0,0.0,16.0,1.0000000000000009
2022-11-30,Las Animas,CO,Passenger,1.0,0.0,1.0,1.0,2.0,6.9025,2022,11,24275,140,16,1.0,1.0,1.0,1.0,0.0,0.0,17.0,1.0
2022-12-31,Las Animas,CO,Passenger,1.0,0.0,1.0,1.0,2.0,6.9025,2022,12,24276,140,17,1.0,1.0,1.0,1.0,0.0,0.0,18.0,1.0000000000000002
2023-01-31,Las Animas,CO,Passenger,1.0,0.0,1.0,0.0,1.0,6.9025,2023,1,24277,140,18,1.0,1.0,1.0,1.0,0.0,0.0,19.0,1.000000000000002
2023-02-28,Las Animas,CO,Passenger,1.0,0.0,1.0,0.0,1.0,6.9025,2023,2,24278,140,19,1.0,1.0,1.0,1.0,0.0,0.0,20.0,0.9999999999999998
2023-03-31,Las Animas,CO,Passenger,1.0,0.0,1.0,0.0,1.0,6.9025,2023,3,24279,140,20,1.0,1.0,1.0,1.0,0.0,0.0,21.0,1.000000000000001
2023-04-30,Las Animas,CO,Passenger,1.0,0.0,1.0,0.0,1.0,6.9025,2023,4,24280,140,21,1.0,1.0,1.0,1.0,0.0,0.0,22.0,1.0000000000000013
2023-05-31,Las Animas,CO,Passenger,1.0,0.0,1.0,0.0,1.0,6.9025,2023,5,24281,140,22,1.0,1.0,1.0,1.0,0.0,0.0,23.0,1.0000000000000013
2023-06-30,Las Animas,CO,Passenger,1.0,0.0,1.0,0.0,1.0,6.9025,2023,6,24282,140,23,1.0,1.0,1.0,1.0,0.0,0.0,24.0,1.0000000000000004
2023-07-31,Las Animas,CO,Passenger,1.0,0.0,1.0,0.0,1.0,6.9025,2023,7,24283,140,24,1.0,1.0,1.0,1.0,0.0,0.0,25.0,1.0000000000000013
2023-08-31,Las Animas,CO,Passenger,1.0,0.0,1.0,0.0,1.0,6.9025,2023,8,24284,140,25,1.0,1.0,1.0,1.0,0.0,0.0,26.0,1.0000000000000013
2023-09-30,Las Animas,CO,Passenger,1.0,0.0,1.0,0.0,1.0,6.9025,2023,9,24285,140,26,1.0,1.0,1.0,1.0,0.0,0.0,27.0,1.0000000000000013
2023-10-31,Las Animas,CO,Passenger,1.0,0.0,1.0,0.0,1.0,6.9025,2023,10,24286,140,27,1.0,1.0,1.0,1.0,0.0,0.0,28.0,1.0000000000000013
2023-11-30,Las Animas,CO,Passenger,1.0,0.0,1.0,0.0,1.0,6.9025,2023,11,24287,140,28,1.0,1.0,1.0,1.0,0.0,0.0,29.0,1.0000000000000024
2023-12-31,Las Animas,CO,Passenger,1.0,0.0,1.0,0.0,1.0,6.9025,2023,12,24288,140,29,1.0,1.0,1.0,1.0,0.0,0.0,30.0,1.000000000000002
2024-01-31,Las Animas,CO,Passenger,1.0,0.0,1.0,0.0,1.0,6.9025,2024,1,24289,140,30,1.0,1.0,1.0,1.0,0.0,0.0,31.0,1.0000000000000009
2024-02-29,Las Animas,CO,Passenger,1.0,0.0,1.0,0.0,1.0,6.9025,2024,2,24290,140,31,1.0,1.0,1.0,1.0,0.0,0.0,32.0,1.000000000000002
2017-06-30,Latah,ID,Passenger,0.0,1.0,1.0,106.0,107.0,0.93,2017,6,24210,141,5,1.0,1.0,1.0,1.0,0.0,0.0,6.0,0.9999999999999998
2017-07-31,Latah,ID,Passenger,0.0,1.0,1.0,100.0,101.0,0.99,2017,7,24211,141,6,1.0,1.0,1.0,1.0,0.0,0.0,7.0,0.9999999999999998
2017-08-31,Latah,ID,Passenger,0.0,1.0,1.0,95.0,96.0,1.04,2017,8,24212,141,7,1.0,1.0,1.0,1.0,0.0,0.0,8.0,0.9999999999999999
2017-09-30,Latah,ID,Passenger,0.0,1.0,1.0,94.0,95.0,1.05,2017,9,24213,141,8,1.0,1.0,1.0,1.0,0.0,0.0,9.0,1.0000000000000002
2017-10-31,Latah,ID,Passenger,0.0,1.0,1.0,87.0,88.0,1.14,2017,10,24214,141,9,1.0,1.0,1.0,1.0,0.0,0.0,10.0,1.0000000000000002
2017-11-30,Latah,ID,Passenger,0.0,1.0,1.0,80.0,81.0,1.23,2017,11,24215,141,10,1.0,1.0,1.0,1.0,0.0,0.0,11.0,1.0
2017-12-31,Latah,ID,Passenger,0.0,1.0,1.0,80.0,81.0,1.23,2017,12,24216,141,11,1.0,1.0,1.0,1.0,0.0,0.0,12.0,1.0000000000000002
2018-01-31,Latah,ID,Passenger,0.0,1.0,1.0,79.0,80.0,1.25,2018,1,24217,141,12,1.0,1.0,1.0,1.0,0.0,0.0,13.0,1.0000000000000002
2018-02-28,Latah,ID,Passenger,0.0,1.0,1.0,79.0,80.0,1.25,2018,2,24218,141,13,1.0,1.0,1.0,1.0,0.0,0.0,14.0,1.0000000000000009
2018-03-31,Latah,ID,Passenger,0.0,1.0,1.0,81.0,82.0,1.22,2018,3,24219,141,14,1.0,1.0,1.0,1.0,0.0,0.0,15.0,1.0000000000000007
2018-04-30,Latah,ID,Passenger,0.0,1.0,1.0,82.0,83.0,1.2,2018,4,24220,141,15,1.0,1.0,1.0,1.0,0.0,0.0,16.0,1.0000000000000009
2018-05-31,Latah,ID,Passenger,0.0,1.0,1.0,80.0,81.0,1.23,2018,5,24221,141,16,1.0,1.0,1.0,1.0,0.0,0.0,17.0,1.0
2018-06-30,Latah,ID,Passenger,0.0,1.0,1.0,78.0,79.0,1.27,2018,6,24222,141,17,1.0,1.0,1.0,1.0,0.0,0.0,18.0,1.0000000000000002
2018-07-31,Latah,ID,Passenger,0.0,1.0,1.0,76.0,77.0,1.3,2018,7,24223,141,18,1.0,1.0,1.0,1.0,0.0,0.0,19.0,1.000000000000002
2018-08-31,Latah,ID,Passenger,0.0,1.0,1.0,79.0,80.0,1.25,2018,8,24224,141,19,1.0,1.0,1.0,1.0,0.0,0.0,20.0,0.9999999999999998
2018-09-30,Latah,ID,Passenger,0.0,1.0,1.0,76.0,77.0,1.3,2018,9,24225,141,20,1.0,1.0,1.0,1.0,0.0,0.0,21.0,1.000000000000001
2021-02-28,Leavenworth,KS,Passenger,0.0,1.0,1.0,115.0,116.0,0.86,2021,2,24254,142,5,1.0,1.0,1.0,1.0,0.0,0.0,6.0,0.9999999999999998
2021-03-31,Leavenworth,KS,Passenger,0.0,1.0,1.0,113.0,114.0,0.88,2021,3,24255,142,6,1.0,1.0,1.0,1.0,0.0,0.0,7.0,0.9999999999999998
2021-04-30,Leavenworth,KS,Passenger,0.0,1.0,1.0,114.0,115.0,0.87,2021,4,24256,142,7,1.0,1.0,1.0,1.0,0.0,0.0,8.0,0.9999999999999999
2021-05-31,Leavenworth,KS,Passenger,0.0,1.0,1.0,114.0,115.0,0.87,2021,5,24257,142,8,1.0,1.0,1.0,1.0,0.0,0.0,9.0,1.0000000000000002
2021-06-30,Leavenworth,KS,Passenger,0.0,1.0,1.0,112.0,113.0,0.88,2021,6,24258,142,9,1.0,1.0,1.0,1.0,0.0,0.0,10.0,1.0000000000000002
2021-07-31,Leavenworth,KS,Passenger,0.0,1.0,1.0,114.0,115.0,0.87,2021,7,24259,142,10,1.0,1.0,1.0,1.0,0.0,0.0,11.0,1.0
2021-08-31,Leavenworth,KS,Passenger,0.0,1.0,1.0,115.0,116.0,0.86,2021,8,24260,142,11,1.0,1.0,1.0,1.0,0.0,0.0,12.0,1.0000000000000002
2021-09-30,Leavenworth,KS,Passenger,0.0,1.0,1.0,113.0,114.0,0.88,2021,9,24261,142,12,1.0,1.0,1.0,1.0,0.0,0.0,13.0,1.0000000000000002
2021-10-31,Leavenworth,KS,Passenger,0.0,1.0,1.0,108.0,109.0,0.92,2021,10,24262,142,13,1.0,1.0,1.0,1.0,0.0,0.0,14.0,1.0000000000000009
2021-11-30,Leavenworth,KS,Passenger,0.0,1.0,1.0,108.0,109.0,0.92,2021,11,24263,142,14,1.0,1.0,1.0,1.0,0.0,0.0,15.0,1.0000000000000007
2021-12-31,Leavenworth,KS,Passenger,0.0,1.0,1.0,108.0,109.0,0.92,2021,12,24264,142,15,1.0,1.0,1.0,1.0,0.0,0.0,16.0,1.0000000000000009
2022-01-31,Leavenworth,KS,Passenger,0.0,1.0,1.0,106.0,107.0,0.93,2022,1,24265,142,16,1.0,1.0,1.0,1.0,0.0,0.0,17.0,1.0
2022-02-28,Leavenworth,KS,Passenger,0.0,1.0,1.0,103.0,104.0,0.96,2022,2,24266,142,17,1.0,1.0,1.0,1.0,0.0,0.0,18.0,1.0000000000000002
2022-03-31,Leavenworth,KS,Passenger,0.0,1.0,1.0,103.0,104.0,0.96,2022,3,24267,142,18,1.0,1.0,1.0,1.0,0.0,0.0,19.0,1.000000000000002
2022-04-30,Leavenworth,KS,Passenger,0.0,1.0,1.0,104.0,105.0,0.95,2022,4,24268,142,19,1.0,1.0,1.0,1.0,0.0,0.0,20.0,0.9999999999999998
2022-05-31,Leavenworth,KS,Passenger,0.0,1.0,1.0,104.0,105.0,0.95,2022,5,24269,142,20,1.0,1.0,1.0,1.0,0.0,0.0,21.0,1.000000000000001
2022-06-30,Leavenworth,KS,Passenger,0.0,1.0,1.0,103.0,104.0,0.96,2022,6,24270,142,21,1.0,1.0,1.0,1.0,0.0,0.0,22.0,1.0000000000000013
2022-07-31,Leavenworth,KS,Passenger,0.0,1.0,1.0,98.0,99.0,1.01,2022,7,24271,142,22,1.0,1.0,1.0,1.0,0.0,0.0,23.0,1.0000000000000013
2022-08-31,Leavenworth,KS,Passenger,0.0,1.0,1.0,94.0,95.0,1.05,2022,8,24272,142,23,1.0,1.0,1.0,1.0,0.0,0.0,24.0,1.0000000000000004
2022-09-30,Leavenworth,KS,Passenger,0.0,1.0,1.0,95.0,96.0,1.04,2022,9,24273,142,24,1.0,1.0,1.0,1.0,0.0,0.0,25.0,1.0000000000000013
2022-10-31,Leavenworth,KS,Passenger,0.0,1.0,1.0,94.0,95.0,1.05,2022,10,24274,142,25,1.0,1.0,1.0,1.0,0.0,0.0,26.0,1.0000000000000013
2022-11-30,Leavenworth,KS,Passenger,0.0,1.0,1.0,93.0,94.0,1.06,2022,11,24275,142,26,1.0,1.0,1.0,1.0,0.0,0.0,27.0,1.0000000000000013
2022-12-31,Leavenworth,KS,Passenger,0.0,1.0,1.0,93.0,94.0,1.06,2022,12,24276,142,27,1.0,1.0,1.0,1.0,0.0,0.0,28.0,1.0000000000000013
2023-01-31,Leavenworth,KS,Passenger,0.0,1.0,1.0,93.0,94.0,1.06,2023,1,24277,142,28,1.0,1.0,1.0,1.0,0.0,0.0,29.0,1.0000000000000024
2023-02-28,Leavenworth,KS,Passenger,0.0,1.0,1.0,91.0,92.0,1.09,2023,2,24278,142,29,1.0,1.0,1.0,1.0,0.0,0.0,30.0,1.000000000000002
2023-03-31,Leavenworth,KS,Passenger,0.0,1.0,1.0,90.0,91.0,1.1,2023,3,24279,142,30,1.0,1.0,1.0,1.0,0.0,0.0,31.0,1.0000000000000009
2023-04-30,Leavenworth,KS,Passenger,0.0,1.0,1.0,89.0,90.0,1.11,2023,4,24280,142,31,1.0,1.0,1.0,1.0,0.0,0.0,32.0,1.000000000000002
2023-05-31,Leavenworth,KS,Passenger,0.0,1.0,1.0,90.0,91.0,1.1,2023,5,24281,142,32,1.0,1.0,1.0,1.0,0.0,0.0,33.0,1.0000000000000038
2023-06-30,Leavenworth,KS,Passenger,0.0,1.0,1.0,88.0,89.0,1.12,2023,6,24282,142,33,1.0,1.0,1.0,1.0,0.0,0.0,34.0,1.0000000000000004
2023-07-31,Leavenworth,KS,Passenger,0.0,1.0,1.0,85.0,86.0,1.16,2023,7,24283,142,34,1.0,1.0,1.0,1.0,0.0,0.0,35.0,1.000000000000002
2023-08-31,Leavenworth,KS,Passenger,0.0,1.0,1.0,84.0,85.0,1.18,2023,8,24284,142,35,1.0,1.0,1.0,1.0,0.0,0.0,36.0,1.0000000000000029
2023-09-30,Leavenworth,KS,Passenger,0.0,1.0,1.0,82.0,83.0,1.2,2023,9,24285,142,36,1.0,1.0,1.0,1.0,0.0,0.0,37.0,1.0000000000000038
2023-10-31,Leavenworth,KS,Passenger,0.0,1.0,1.0,78.0,79.0,1.27,2023,10,24286,142,37,1.0,1.0,1.0,1.0,0.0,0.0,38.0,1.0
2023-11-30,Leavenworth,KS,Passenger,0.0,1.0,1.0,80.0,81.0,1.23,2023,11,24287,142,38,1.0,1.0,1.0,1.0,0.0,0.0,39.0,1.0000000000000009
2023-12-31,Leavenworth,KS,Passenger,0.0,1.0,1.0,80.0,81.0,1.23,2023,12,24288,142,39,1.0,1.0,1.0,1.0,0.0,0.0,40.0,1.0000000000000009
2024-01-31,Leavenworth,KS,Passenger,0.0,1.0,1.0,78.0,79.0,1.27,2024,1,24289,142,40,1.0,1.0,1.0,1.0,0.0,0.0,41.0,1.0000000000000038
2024-02-29,Leavenworth,KS,Passenger,0.0,1.0,1.0,73.0,74.0,1.35,2024,2,24290,142,41,1.0,1.0,1.0,1.0,0.0,0.0,42.0,1.0000000000000009
2017-06-30,Lee,AL,Passenger,1.0,0.0,1.0,36.0,37.0,2.7,2017,6,24210,143,5,1.0,1.0,1.0,1.0,0.0,0.0,6.0,0.9999999999999998
2017-07-31,Lee,AL,Passenger,1.0,0.0,1.0,36.0,37.0,2.7,2017,7,24211,143,6,1.0,1.0,1.0,1.0,0.0,0.0,7.0,0.9999999999999998
2017-08-31,Lee,AL,Passenger,1.0,0.0,1.0,36.0,37.0,2.7,2017,8,24212,143,7,1.0,1.0,1.0,1.0,0.0,0.0,8.0,0.9999999999999999
2017-09-30,Lee,AL,Passenger,1.0,0.0,1.0,34.0,35.0,2.86,2017,9,24213,143,8,1.0,1.0,1.0,1.0,0.0,0.0,9.0,1.0000000000000002
2017-10-31,Lee,AL,Passenger,1.0,0.0,1.0,35.0,36.0,2.78,2017,10,24214,143,9,1.0,1.0,1.0,1.0,0.0,0.0,10.0,1.0000000000000002
2017-11-30,Lee,AL,Passenger,1.0,0.0,1.0,35.0,36.0,2.78,2017,11,24215,143,10,1.0,1.0,1.0,1.0,0.0,0.0,11.0,1.0
2017-12-31,Lee,AL,Passenger,1.0,0.0,1.0,37.0,38.0,2.63,2017,12,24216,143,11,1.0,1.0,1.0,1.0,0.0,0.0,12.0,1.0000000000000002
2018-01-31,Lee,AL,Passenger,1.0,0.0,1.0,35.0,36.0,2.78,2018,1,24217,143,12,1.0,1.0,1.0,1.0,0.0,0.0,13.0,1.0000000000000002
2018-02-28,Lee,AL,Passenger,1.0,0.0,1.0,34.0,35.0,2.86,2018,2,24218,143,13,1.0,1.0,1.0,1.0,0.0,0.0,14.0,1.0000000000000009
2018-03-31,Lee,AL,Passenger,1.0,0.0,1.0,33.0,34.0,2.94,2018,3,24219,143,14,1.0,1.0,1.0,1.0,0.0,0.0,15.0,1.0000000000000007
2018-04-30,Lee,AL,Passenger,1.0,0.0,1.0,32.0,33.0,3.03,2018,4,24220,143,15,1.0,1.0,1.0,1.0,0.0,0.0,16.0,1.0000000000000009
2018-04-30,Lee,FL,Passenger,1.0,0.0,1.0,58.0,59.0,1.69,2018,4,24220,143,16,1.0,1.0,1.0,1.0,0.0,0.0,17.0,1.0
2018-05-31,Lee,FL,Passenger,1.0,0.0,1.0,57.0,58.0,1.72,2018,5,24221,143,17,1.0,1.0,1.0,1.0,0.0,0.0,18.0,1.0000000000000002
2018-05-31,Lee,AL,Passenger,1.0,0.0,1.0,33.0,34.0,2.94,2018,5,24221,143,18,1.0,1.0,1.0,1.0,0.0,0.0,19.0,1.000000000000002
2018-06-30,Lee,FL,Passenger,1.0,0.0,1.0,56.0,57.0,1.75,2018,6,24222,143,19,1.0,1.0,1.0,1.0,0.0,0.0,20.0,0.9999999999999998
2018-06-30,Lee,AL,Passenger,1.0,0.0,1.0,35.0,36.0,2.78,2018,6,24222,143,20,1.0,1.0,1.0,1.0,0.0,0.0,21.0,1.000000000000001
2018-07-31,Lee,AL,Passenger,1.0,0.0,1.0,37.0,38.0,2.63,2018,7,24223,143,21,1.0,1.0,1.0,1.0,0.0,0.0,22.0,1.0000000000000013
2018-07-31,Lee,FL,Passenger,1.0,0.0,1.0,57.0,58.0,1.72,2018,7,24223,143,22,1.0,1.0,1.0,1.0,0.0,0.0,23.0,1.0000000000000013
2018-08-31,Lee,FL,Passenger,1.0,0.0,1.0,58.0,59.0,1.69,2018,8,24224,143,23,1.0,1.0,1.0,1.0,0.0,0.0,24.0,1.0000000000000004
2018-08-31,Lee,AL,Passenger,1.0,0.0,1.0,37.0,38.0,2.63,2018,8,24224,143,24,1.0,1.0,1.0,1.0,0.0,0.0,25.0,1.0000000000000013
2018-09-30,Lee,AL,Passenger,1.0,0.0,1.0,37.0,38.0,2.63,2018,9,24225,143,25,1.0,1.0,1.0,1.0,0.0,0.0,26.0,1.0000000000000013
2018-09-30,Lee,FL,Passenger,1.0,0.0,1.0,57.0,58.0,1.72,2018,9,24225,143,26,1.0,1.0,1.0,1.0,0.0,0.0,27.0,1.0000000000000013
2018-10-31,Lee,AL,Passenger,1.0,0.0,1.0,36.0,37.0,2.7,2018,10,24226,143,27,1.0,1.0,1.0,1.0,0.0,0.0,28.0,1.0000000000000013
2018-10-31,Lee,FL,Passenger,1.0,0.0,1.0,56.0,57.0,1.75,2018,10,24226,143,28,1.0,1.0,1.0,1.0,0.0,0.0,29.0,1.0000000000000024
2018-11-30,Lee,FL,Passenger,1.0,0.0,1.0,52.0,53.0,1.89,2018,11,24227,143,29,1.0,1.0,1.0,1.0,0.0,0.0,30.0,1.000000000000002
2018-11-30,Lee,AL,Passenger,1.0,0.0,1.0,36.0,37.0,2.7,2018,11,24227,143,30,1.0,1.0,1.0,1.0,0.0,0.0,31.0,1.0000000000000009
2018-12-31,Lee,FL,Passenger,1.0,0.0,1.0,52.0,53.0,1.89,2018,12,24228,143,31,1.0,1.0,1.0,1.0,0.0,0.0,32.0,1.000000000000002
2018-12-31,Lee,AL,Passenger,1.0,0.0,1.0,36.0,37.0,2.7,2018,12,24228,143,32,1.0,1.0,1.0,1.0,0.0,0.0,33.0,1.0000000000000038
2019-01-31,Lee,FL,Passenger,1.0,0.0,1.0,52.0,53.0,1.89,2019,1,24229,143,33,1.0,1.0,1.0,1.0,0.0,0.0,34.0,1.0000000000000004
2019-01-31,Lee,AL,Passenger,1.0,0.0,1.0,35.0,36.0,2.78,2019,1,24229,143,34,1.0,1.0,1.0,1.0,0.0,0.0,35.0,1.000000000000002
2019-02-28,Lee,FL,Passenger,1.0,0.0,1.0,52.0,53.0,1.89,2019,2,24230,143,35,1.0,1.0,1.0,1.0,0.0,0.0,36.0,1.0000000000000029
2019-02-28,Lee,AL,Passenger,1.0,0.0,1.0,34.0,35.0,2.86,2019,2,24230,143,36,1.0,1.0,1.0,1.0,0.0,0.0,37.0,1.0000000000000038
2019-03-31,Lee,AL,Passenger,1.0,0.0,1.0,35.0,36.0,2.78,2019,3,24231,143,37,1.0,1.0,1.0,1.0,0.0,0.0,38.0,1.0
2019-03-31,Lee,FL,Passenger,1.0,0.0,1.0,52.0,53.0,1.89,2019,3,24231,143,38,1.0,1.0,1.0,1.0,0.0,0.0,39.0,1.0000000000000009
2019-04-30,Lee,AL,Passenger,1.0,0.0,1.0,36.0,37.0,2.7,2019,4,24232,143,39,1.0,1.0,1.0,1.0,0.0,0.0,40.0,1.0000000000000009
2019-04-30,Lee,FL,Passenger,1.0,0.0,1.0,53.0,54.0,1.85,2019,4,24232,143,40,1.0,1.0,1.0,1.0,0.0,0.0,41.0,1.0000000000000038
2019-05-31,Lee,AL,Passenger,1.0,0.0,1.0,35.0,36.0,2.78,2019,5,24233,143,41,1.0,1.0,1.0,1.0,0.0,0.0,42.0,1.0000000000000009
2019-05-31,Lee,FL,Passenger,1.0,0.0,1.0,50.0,51.0,1.96,2019,5,24233,143,42,1.0,1.0,1.0,1.0,0.0,0.0,43.0,1.0000000000000029
2019-06-30,Lee,FL,Passenger,1.0,0.0,1.0,52.0,53.0,1.89,2019,6,24234,143,43,1.0,1.0,1.0,1.0,0.0,0.0,44.0,1.0000000000000029
2019-07-31,Lee,FL,Passenger,1.0,0.0,1.0,51.0,52.0,1.92,2019,7,24235,143,44,1.0,1.0,1.0,1.0,0.0,0.0,45.0,1.0000000000000009
2019-08-31,Lee,FL,Passenger,1.0,0.0,1.0,51.0,52.0,1.92,2019,8,24236,143,45,1.0,1.0,1.0,1.0,0.0,0.0,46.0,1.0000000000000009
2019-09-30,Lee,FL,Passenger,1.0,0.0,1.0,50.0,51.0,1.96,2019,9,24237,143,46,1.0,1.0,1.0,1.0,0.0,0.0,47.0,1.0000000000000029
2019-10-31,Lee,FL,Passenger,1.0,0.0,1.0,53.0,54.0,1.85,2019,10,24238,143,47,1.0,1.0,1.0,1.0,0.0,0.0,48.0,1.0000000000000009
2019-11-30,Lee,FL,Passenger,1.0,0.0,1.0,53.0,54.0,1.85,2019,11,24239,143,48,1.0,1.0,1.0,1.0,0.0,0.0,49.0,1.000000000000002
2019-12-31,Lee,FL,Passenger,1.0,0.0,1.0,53.0,54.0,1.85,2019,12,24240,143,49,1.0,1.0,1.0,1.0,0.0,0.0,50.0,1.000000000000002
2020-01-31,Lee,FL,Passenger,1.0,0.0,1.0,52.0,53.0,1.89,2020,1,24241,143,50,1.0,1.0,1.0,1.0,0.0,0.0,51.0,1.000000000000002
2020-02-29,Lee,FL,Passenger,1.0,0.0,1.0,52.0,53.0,1.89,2020,2,24242,143,51,1.0,1.0,1.0,1.0,0.0,0.0,52.0,1.0000000000000009
2020-03-31,Lee,FL,Passenger,1.0,0.0,1.0,51.0,52.0,1.92,2020,3,24243,143,52,1.0,1.0,1.0,1.0,0.0,0.0,53.0,1.0000000000000029
2020-04-30,Lee,FL,Passenger,1.0,0.0,1.0,51.0,52.0,1.92,2020,4,24244,143,53,1.0,1.0,1.0,1.0,0.0,0.0,54.0,1.0000000000000049
2020-05-31,Lee,FL,Passenger,1.0,0.0,1.0,50.0,51.0,1.96,2020,5,24245,143,54,1.0,1.0,1.0,1.0,0.0,0.0,55.0,1.0000000000000038
2020-06-30,Lee,FL,Passenger,1.0,0.0,1.0,50.0,51.0,1.96,2020,6,24246,143,55,1.0,1.0,1.0,1.0,0.0,0.0,56.0,1.0
2020-07-31,Lee,FL,Passenger,1.0,0.0,1.0,50.0,51.0,1.96,2020,7,24247,143,56,1.0,1.0,1.0,1.0,0.0,0.0,57.0,1.000000000000002
2020-08-31,Lee,FL,Passenger,1.0,0.0,1.0,48.0,49.0,2.04,2020,8,24248,143,57,1.0,1.0,1.0,1.0,0.0,0.0,58.0,1.0000000000000038
2020-09-30,Lee,FL,Passenger,1.0,0.0,1.0,47.0,48.0,2.08,2020,9,24249,143,58,1.0,1.0,1.0,1.0,0.0,0.0,59.0,1.0000000000000038
2020-10-31,Lee,FL,Passenger,1.0,0.0,1.0,48.0,49.0,2.04,2020,10,24250,143,59,1.0,1.0,1.0,1.0,0.0,0.0,60.0,1.0000000000000038
2020-11-30,Lee,FL,Passenger,1.0,0.0,1.0,46.0,47.0,2.13,2020,11,24251,143,60,1.0,1.0,1.0,1.0,0.0,0.0,61.0,1.0000000000000049
2020-12-31,Lee,FL,Passenger,1.0,0.0,1.0,46.0,47.0,2.13,2020,12,24252,143,61,1.0,1.0,1.0,1.0,0.0,0.0,62.0,1.0000000000000067
2021-01-31,Lee,FL,Passenger,1.0,0.0,1.0,45.0,46.0,2.17,2021,1,24253,143,62,1.0,1.0,1.0,1.0,0.0,0.0,63.0,1.0000000000000009
2021-02-28,Lee,FL,Passenger,1.0,0.0,1.0,42.0,43.0,2.33,2021,2,24254,143,63,1.0,1.0,1.0,1.0,0.0,0.0,64.0,0.999999999999999
2021-03-31,Lee,FL,Passenger,1.0,0.0,1.0,42.0,43.0,2.33,2021,3,24255,143,64,1.0,1.0,1.0,1.0,0.0,0.0,65.0,1.0000000000000049
2021-04-30,Lee,FL,Passenger,1.0,0.0,1.0,42.0,43.0,2.33,2021,4,24256,143,65,1.0,1.0,1.0,1.0,0.0,0.0,66.0,1.0000000000000029
2021-05-31,Lee,FL,Passenger,1.0,0.0,1.0,40.0,41.0,2.44,2021,5,24257,143,66,1.0,1.0,1.0,1.0,0.0,0.0,67.0,1.0000000000000049
2021-06-30,Lee,FL,Passenger,1.0,0.0,1.0,39.0,40.0,2.5,2021,6,24258,143,67,1.0,1.0,1.0,1.0,0.0,0.0,68.0,1.0000000000000087
2021-07-31,Lee,FL,Passenger,1.0,0.0,1.0,37.0,38.0,2.63,2021,7,24259,143,68,1.0,1.0,1.0,1.0,0.0,0.0,69.0,1.0000000000000067
2021-08-31,Lee,FL,Passenger,1.0,0.0,1.0,38.0,39.0,2.56,2021,8,24260,143,69,1.0,1.0,1.0,1.0,0.0,0.0,70.0,1.0000000000000049
2021-09-30,Lee,FL,Passenger,1.0,0.0,1.0,39.0,40.0,2.5,2021,9,24261,143,70,1.0,1.0,1.0,1.0,0.0,0.0,71.0,1.0000000000000049
2021-10-31,Lee,FL,Passenger,1.0,0.0,1.0,39.0,40.0,2.5,2021,10,24262,143,71,1.0,1.0,1.0,1.0,0.0,0.0,72.0,1.0000000000000067
2021-11-30,Lee,FL,Passenger,1.0,0.0,1.0,35.0,36.0,2.78,2021,11,24263,143,72,1.0,1.0,1.0,1.0,0.0,0.0,73.0,1.0000000000000049
2021-12-31,Lee,FL,Passenger,1.0,0.0,1.0,35.0,36.0,2.78,2021,12,24264,143,73,1.0,1.0,1.0,1.0,0.0,0.0,74.0,1.0000000000000009
2022-01-31,Lee,FL,Passenger,1.0,0.0,1.0,34.0,35.0,2.86,2022,1,24265,143,74,1.0,1.0,1.0,1.0,0.0,0.0,75.0,1.0000000000000029
2022-02-28,Lee,FL,Passenger,1.0,0.0,1.0,34.0,35.0,2.86,2022,2,24266,143,75,1.0,1.0,1.0,1.0,0.0,0.0,76.0,1.0000000000000049
2022-03-31,Lee,FL,Passenger,1.0,0.0,1.0,35.0,36.0,2.78,2022,3,24267,143,76,1.0,1.0,1.0,1.0,0.0,0.0,77.0,1.0000000000000087
2022-04-30,Lee,FL,Passenger,1.0,0.0,1.0,35.0,36.0,2.78,2022,4,24268,143,77,1.0,1.0,1.0,1.0,0.0,0.0,78.0,1.0000000000000049
2022-05-31,Lee,FL,Passenger,1.0,0.0,1.0,36.0,37.0,2.7,2022,5,24269,143,78,1.0,1.0,1.0,1.0,0.0,0.0,79.0,1.0000000000000029
2022-06-30,Lee,FL,Passenger,1.0,0.0,1.0,36.0,37.0,2.7,2022,6,24270,143,79,1.0,1.0,1.0,1.0,0.0,0.0,80.0,1.0000000000000087
2022-07-31,Lee,FL,Passenger,1.0,0.0,1.0,35.0,36.0,2.78,2022,7,24271,143,80,1.0,1.0,1.0,1.0,0.0,0.0,81.0,1.0000000000000029
2022-08-31,Lee,FL,Passenger,1.0,0.0,1.0,33.0,34.0,2.94,2022,8,24272,143,81,1.0,1.0,1.0,1.0,0.0,0.0,82.0,1.0000000000000104
2022-09-30,Lee,FL,Passenger,1.0,0.0,1.0,32.0,33.0,3.03,2022,9,24273,143,82,1.0,1.0,1.0,1.0,0.0,0.0,83.0,1.0000000000000049
2022-10-31,Lee,FL,Passenger,1.0,0.0,1.0,32.0,33.0,3.03,2022,10,24274,143,83,1.0,1.0,1.0,1.0,0.0,0.0,84.0,1.0000000000000049
2022-11-30,Lee,FL,Passenger,1.0,0.0,1.0,33.0,34.0,2.94,2022,11,24275,143,84,1.0,1.0,1.0,1.0,0.0,0.0,85.0,1.0000000000000009
2022-12-31,Lee,FL,Passenger,1.0,0.0,1.0,32.0,33.0,3.03,2022,12,24276,143,85,1.0,1.0,1.0,1.0,0.0,0.0,86.0,1.0000000000000067
2022-12-31,Lee,AL,Passenger,1.0,0.0,1.0,14.0,15.0,6.67,2022,12,24276,143,86,1.0,1.0,1.0,1.0,0.0,0.0,87.0,1.0000000000000049
2023-01-31,Lee,FL,Passenger,1.0,0.0,1.0,32.0,33.0,3.03,2023,1,24277,143,87,1.0,1.0,1.0,1.0,0.0,0.0,88.0,1.0000000000000087
2023-01-31,Lee,AL,Passenger,1.0,0.0,1.0,14.0,15.0,6.67,2023,1,24277,143,88,1.0,1.0,1.0,1.0,0.0,0.0,89.0,1.0000000000000009
2023-02-28,Lee,AL,Passenger,1.0,0.0,1.0,14.0,15.0,6.67,2023,2,24278,143,89,1.0,1.0,1.0,1.0,0.0,0.0,90.0,1.0000000000000049
2023-02-28,Lee,FL,Passenger,1.0,0.0,1.0,32.0,33.0,3.03,2023,2,24278,143,90,1.0,1.0,1.0,1.0,0.0,0.0,91.0,1.0000000000000049
2023-03-31,Lee,AL,Passenger,1.0,0.0,1.0,14.0,15.0,6.67,2023,3,24279,143,91,1.0,1.0,1.0,1.0,0.0,0.0,92.0,1.0000000000000029
2023-04-30,Lee,AL,Passenger,1.0,0.0,1.0,14.0,15.0,6.67,2023,4,24280,143,92,1.0,1.0,1.0,1.0,0.0,0.0,93.0,1.0000000000000067
2023-05-31,Lee,AL,Passenger,1.0,0.0,1.0,14.0,15.0,6.67,2023,5,24281,143,93,1.0,1.0,1.0,1.0,0.0,0.0,94.0,1.0000000000000049
2023-06-30,Lee,AL,Passenger,1.0,0.0,1.0,14.0,15.0,6.67,2023,6,24282,143,94,1.0,1.0,1.0,1.0,0.0,0.0,95.0,1.0000000000000049
2023-07-31,Lee,AL,Passenger,1.0,0.0,1.0,12.0,13.0,6.9025,2023,7,24283,143,95,1.0,1.0,1.0,1.0,0.0,0.0,96.0,1.0000000000000029
2023-08-31,Lee,AL,Passenger,1.0,0.0,1.0,12.0,13.0,6.9025,2023,8,24284,143,96,1.0,1.0,1.0,1.0,0.0,0.0,97.0,1.0000000000000049
2023-09-30,Lee,AL,Passenger,1.0,0.0,1.0,11.0,12.0,6.9025,2023,9,24285,143,97,1.0,1.0,1.0,1.0,0.0,0.0,98.0,1.0000000000000049
2023-10-31,Lee,AL,Passenger,1.0,0.0,1.0,11.0,12.0,6.9025,2023,10,24286,143,98,1.0,1.0,1.0,1.0,0.0,0.0,99.0,1.0000000000000009
2023-11-30,Lee,AL,Passenger,1.0,0.0,1.0,11.0,12.0,6.9025,2023,11,24287,143,99,1.0,1.0,1.0,1.0,0.0,0.0,100.0,1.0000000000000029
2023-12-31,Lee,AL,Passenger,1.0,0.0,1.0,11.0,12.0,6.9025,2023,12,24288,143,100,1.0,1.0,1.0,1.0,0.0,0.0,101.0,1.0000000000000087
2024-01-31,Lee,AL,Passenger,1.0,0.0,1.0,11.0,12.0,6.9025,2024,1,24289,143,101,1.0,1.0,1.0,1.0,0.0,0.0,102.0,1.0000000000000009
2024-02-29,Lee,AL,Passenger,1.0,0.0,1.0,10.0,11.0,6.9025,2024,2,24290,143,102,1.0,1.0,1.0,1.0,0.0,0.0,103.0,1.0000000000000087
2017-03-31,Lewis,NY,Passenger,0.0,1.0,1.0,10.0,11.0,6.9025,2017,3,24207,144,8,0.0,81.0,0.0,27.0,0.0,0.0,237.0,32.11428571428571
2017-04-30,Lewis,NY,Passenger,0.0,1.0,1.0,10.0,11.0,6.9025,2017,4,24208,144,10,0.0,1.0,0.0,0.3333333333333333,0.0,0.0,238.0,11.971428571428577
2021-12-31,Lincoln,OR,Passenger,0.0,1.0,1.0,34.0,35.0,2.86,2021,12,24264,145,120,0.0,23.0,0.0,7.666666666666667,0.0,0.0,729.0,9.342857142857202
2022-01-31,Lincoln,OR,Passenger,0.0,1.0,1.0,34.0,35.0,2.86,2022,1,24265,145,122,0.0,1.0,0.0,0.3333333333333333,0.0,0.0,730.0,3.6857142857142846
2022-02-28,Lincoln,OR,Passenger,0.0,1.0,1.0,32.0,33.0,3.03,2022,2,24266,145,126,0.0,24.0,23.0,15.666666666666666,0.0,-0.9565217391304348,778.0,11.714285714285745
2022-03-31,Lincoln,OR,Passenger,0.0,1.0,1.0,32.0,33.0,3.03,2022,3,24267,145,129,25.0,0.0,1.0,8.666666666666666,-0.96,0.0,804.0,6.085714285714376
2022-04-30,Lincoln,OR,Passenger,0.0,1.0,1.0,32.0,33.0,3.03,2022,4,24268,145,132,25.0,0.0,1.0,8.666666666666666,-0.96,0.0,830.0,9.65714285714292
2022-05-31,Lincoln,OR,Passenger,0.0,1.0,1.0,28.0,29.0,3.45,2022,5,24269,145,135,0.0,26.0,1.0,9.0,0.0,0.0,857.0,10.628571428571487
2022-06-30,Lincoln,OR,Passenger,0.0,1.0,1.0,28.0,29.0,3.45,2022,6,24270,145,137,26.0,1.0,0.0,9.0,-0.9615384615384616,0.0,884.0,10.057142857142864
2022-07-31,Lincoln,OR,Passenger,0.0,1.0,1.0,25.0,26.0,3.85,2022,7,24271,145,140,0.0,0.0,1.0,0.3333333333333333,0.0,0.0,885.0,4.085714285714351
2022-08-31,Lincoln,OR,Passenger,0.0,1.0,1.0,24.0,25.0,4.0,2022,8,24272,145,144,0.0,25.0,25.0,16.666666666666668,0.0,-0.96,936.0,12.428571428571594
2022-09-30,Lincoln,OR,Passenger,0.0,1.0,1.0,24.0,25.0,4.0,2022,9,24273,145,147,0.0,26.0,1.0,9.0,0.0,0.0,963.0,7.057142857142911
2022-10-31,Lincoln,OR,Passenger,0.0,1.0,1.0,21.0,22.0,4.55,2022,10,24274,145,150,0.0,29.0,1.0,10.0,0.0,0.0,993.0,7.828571428571529
2022-11-30,Lincoln,OR,Passenger,0.0,1.0,1.0,19.0,20.0,5.0,2022,11,24275,145,153,31.0,0.0,1.0,10.666666666666666,-0.967741935483871,0.0,1025.0,7.457142857142962
2022-12-31,Lincoln,OR,Passenger,0.0,1.0,1.0,17.0,18.0,5.56,2022,12,24276,145,155,0.0,1.0,31.0,10.666666666666666,0.0,-0.967741935483871,1026.0,7.485714285714355
2023-01-31,Lincoln,OR,Passenger,0.0,1.0,1.0,15.0,16.0,6.25,2023,1,24277,145,159,0.0,33.0,30.0,21.0,0.0,-0.9666666666666667,1090.0,15.62857142857148
2023-02-28,Lincoln,OR,Passenger,0.0,1.0,1.0,15.0,16.0,6.25,2023,2,24278,145,160,1.0,0.0,33.0,11.333333333333334,0.0,-0.9696969696969697,1091.0,12.200000000000053
2023-03-31,Lincoln,OR,Passenger,0.0,1.0,1.0,15.0,16.0,6.25,2023,3,24279,145,164,0.0,0.0,33.0,11.0,0.0,-0.9696969696969697,1125.0,7.828571428571529
2023-04-30,Lincoln,OR,Passenger,0.0,1.0,1.0,14.0,15.0,6.67,2023,4,24280,145,166,35.0,1.0,0.0,12.0,-0.9714285714285714,0.0,1161.0,8.40000000000009
2023-05-31,Lincoln,OR,Passenger,0.0,1.0,1.0,14.0,15.0,6.67,2023,5,24281,145,171,0.0,35.0,0.0,11.666666666666666,0.0,0.0,1232.0,14.142857142857215
2023-06-30,Lincoln,OR,Passenger,0.0,1.0,1.0,14.0,15.0,6.67,2023,6,24282,145,173,0.0,1.0,0.0,0.3333333333333333,0.0,0.0,1233.0,5.400000000000136
2023-07-31,Lincoln,OR,Passenger,0.0,1.0,1.0,14.0,15.0,6.67,2023,7,24283,145,176,0.0,36.0,1.0,12.333333333333334,0.0,0.0,1270.0,9.628571428571481
2023-08-31,Lincoln,OR,Passenger,0.0,1.0,1.0,13.0,14.0,6.9025,2023,8,24284,145,180,0.0,42.0,39.0,27.0,0.0,-0.9743589743589743,1352.0,20.000000000000064
2023-09-30,Lincoln,OR,Passenger,0.0,1.0,1.0,13.0,14.0,6.9025,2023,9,24285,145,181,1.0,0.0,42.0,14.333333333333334,0.0,-0.9761904761904762,1353.0,15.54285714285727
2023-10-31,Lincoln,OR,Passenger,0.0,1.0,1.0,13.0,14.0,6.9025,2023,10,24286,145,184,43.0,0.0,1.0,14.666666666666666,-0.9767441860465116,0.0,1397.0,10.342857142857282
2021-01-31,Los Angeles,CA,Passenger,9.0,11.0,20.0,975.0,995.0,2.01,2021,1,24253,146,48,20.0,18.0,18.0,18.666666666666668,0.0,0.11111111111111116,544.0,19.028571428571468
2021-02-28,Los Angeles,CA,Passenger,9.0,10.0,19.0,964.0,983.0,1.93,2021,2,24254,146,49,20.0,20.0,18.0,19.333333333333332,-0.050000000000000044,0.05555555555555558,563.0,19.114285714285746
2021-03-31,Los Angeles,CA,Passenger,9.0,10.0,19.0,959.0,978.0,1.94,2021,3,24255,146,50,19.0,20.0,20.0,19.666666666666668,0.0,-0.050000000000000044,582.0,19.342857142857174
2021-04-30,Los Angeles,CA,Passenger,9.0,11.0,20.0,951.0,971.0,2.06,2021,4,24256,146,51,19.0,19.0,20.0,19.333333333333332,0.05263157894736836,0.0,602.0,19.51428571428573
2021-05-31,Los Angeles,CA,Passenger,9.0,11.0,20.0,938.0,958.0,2.09,2021,5,24257,146,52,20.0,19.0,19.0,19.333333333333332,0.0,0.05263157894736836,622.0,19.514285714285773
2021-06-30,Los Angeles,CA,Passenger,9.0,11.0,20.0,925.0,945.0,2.12,2021,6,24258,146,53,20.0,20.0,19.0,19.666666666666668,0.0,0.05263157894736836,642.0,19.628571428571437
2021-07-31,Los Angeles,CA,Passenger,9.0,11.0,20.0,919.0,939.0,2.13,2021,7,24259,146,54,20.0,20.0,20.0,20.0,0.0,0.0,662.0,19.857142857142886
2021-08-31,Los Angeles,CA,Passenger,9.0,9.0,18.0,899.0,917.0,1.96,2021,8,24260,146,55,20.0,20.0,20.0,20.0,-0.09999999999999998,-0.09999999999999998,680.0,19.71428571428577
2021-09-30,Los Angeles,CA,Passenger,6.0,9.0,15.0,900.0,915.0,1.64,2021,9,24261,146,56,18.0,20.0,20.0,19.333333333333332,-0.16666666666666663,-0.25,695.0,18.828571428571458
2021-10-31,Los Angeles,CA,Passenger,6.0,9.0,15.0,884.0,899.0,1.67,2021,10,24262,146,57,15.0,18.0,20.0,17.666666666666668,0.0,-0.25,710.0,17.62857142857146
2021-11-30,Los Angeles,CA,Passenger,8.0,7.0,15.0,888.0,903.0,1.66,2021,11,24263,146,58,15.0,15.0,18.0,16.0,0.0,-0.16666666666666663,725.0,16.400000000000034
2021-12-31,Los Angeles,CA,Passenger,6.0,7.0,13.0,884.0,897.0,1.45,2021,12,24264,146,59,15.0,15.0,15.0,15.0,-0.1333333333333333,-0.1333333333333333,738.0,15.142857142857174
2022-01-31,Los Angeles,CA,Passenger,8.0,7.0,15.0,873.0,888.0,1.69,2022,1,24265,146,60,13.0,15.0,15.0,14.333333333333334,0.15384615384615374,0.0,753.0,14.542857142857189
2022-02-28,Los Angeles,CA,Passenger,8.0,7.0,15.0,873.0,888.0,1.69,2022,2,24266,146,61,15.0,13.0,15.0,14.333333333333334,0.0,0.0,768.0,14.485714285714296
2022-03-31,Los Angeles,CA,Passenger,6.0,7.0,13.0,859.0,872.0,1.49,2022,3,24267,146,62,15.0,15.0,13.0,14.333333333333334,-0.1333333333333333,0.0,781.0,14.25714285714291
2022-04-30,Los Angeles,CA,Passenger,6.0,7.0,13.0,848.0,861.0,1.51,2022,4,24268,146,63,13.0,15.0,15.0,14.333333333333334,0.0,-0.1333333333333333,794.0,13.971428571428628
2022-05-31,Los Angeles,CA,Passenger,6.0,8.0,14.0,834.0,848.0,1.65,2022,5,24269,146,64,13.0,13.0,15.0,13.666666666666666,0.07692307692307687,-0.06666666666666665,808.0,13.885714285714357
2022-06-30,Los Angeles,CA,Passenger,6.0,8.0,14.0,815.0,829.0,1.69,2022,6,24270,146,65,14.0,13.0,13.0,13.333333333333334,0.0,0.07692307692307687,822.0,13.657142857142848
2022-07-31,Los Angeles,CA,Passenger,6.0,8.0,14.0,803.0,817.0,1.71,2022,7,24271,146,66,14.0,14.0,13.0,13.666666666666666,0.0,0.07692307692307687,836.0,13.62857142857147
2022-08-31,Los Angeles,CA,Passenger,5.0,7.0,12.0,793.0,805.0,1.49,2022,8,24272,146,67,14.0,14.0,14.0,14.0,-0.1428571428571429,-0.1428571428571429,848.0,13.571428571428699
2022-09-30,Los Angeles,CA,Passenger,5.0,6.0,11.0,777.0,788.0,1.4,2022,9,24273,146,68,12.0,14.0,14.0,13.333333333333334,-0.08333333333333337,-0.2142857142857143,859.0,13.114285714285757
2022-10-31,Los Angeles,CA,Passenger,5.0,6.0,11.0,771.0,782.0,1.41,2022,10,24274,146,69,11.0,12.0,14.0,12.333333333333334,0.0,-0.2142857142857143,870.0,12.371428571428654
2022-11-30,Los Angeles,CA,Passenger,4.0,6.0,10.0,762.0,772.0,1.3,2022,11,24275,146,70,11.0,11.0,12.0,11.333333333333334,-0.09090909090909094,-0.16666666666666663,880.0,11.514285714285721
2022-12-31,Los Angeles,CA,Passenger,4.0,6.0,10.0,747.0,757.0,1.32,2022,12,24276,146,71,10.0,11.0,11.0,10.666666666666666,0.0,-0.09090909090909094,890.0,10.77142857142865
2023-01-31,Los Angeles,CA,Passenger,5.0,5.0,10.0,728.0,738.0,1.36,2023,1,24277,146,72,10.0,10.0,11.0,10.333333333333334,0.0,-0.09090909090909094,900.0,10.371428571428691
2023-02-28,Los Angeles,CA,Passenger,5.0,5.0,10.0,711.0,721.0,1.39,2023,2,24278,146,73,10.0,10.0,10.0,10.0,0.0,0.0,910.0,10.14285714285718
2023-03-31,Los Angeles,CA,Passenger,5.0,5.0,10.0,700.0,710.0,1.41,2023,3,24279,146,74,10.0,10.0,10.0,10.0,0.0,0.0,920.0,9.999999999999986
2023-04-30,Los Angeles,CA,Passenger,5.0,5.0,10.0,684.0,694.0,1.44,2023,4,24280,146,75,10.0,10.0,10.0,10.0,0.0,0.0,930.0,10.000000000000018
2023-05-31,Los Angeles,CA,Passenger,6.0,4.0,10.0,665.0,675.0,1.48,2023,5,24281,146,76,10.0,10.0,10.0,10.0,0.0,0.0,940.0,10.000000000000018
2023-06-30,Los Angeles,CA,Passenger,6.0,4.0,10.0,644.0,654.0,1.53,2023,6,24282,146,77,10.0,10.0,10.0,10.0,0.0,0.0,950.0,10.000000000000078
2023-07-31,Los Angeles,CA,Passenger,6.0,4.0,10.0,615.0,625.0,1.6,2023,7,24283,146,78,10.0,10.0,10.0,10.0,0.0,0.0,960.0,10.000000000000108
2023-08-31,Los Angeles,CA,Passenger,6.0,4.0,10.0,598.0,608.0,1.64,2023,8,24284,146,79,10.0,10.0,10.0,10.0,0.0,0.0,970.0,10.000000000000108
2023-09-30,Los Angeles,CA,Passenger,6.0,4.0,10.0,578.0,588.0,1.7,2023,9,24285,146,80,10.0,10.0,10.0,10.0,0.0,0.0,980.0,10.000000000000048
2023-10-31,Los Angeles,CA,Passenger,6.0,4.0,10.0,563.0,573.0,1.75,2023,10,24286,146,81,10.0,10.0,10.0,10.0,0.0,0.0,990.0,10.000000000000048
2023-11-30,Los Angeles,CA,Passenger,6.0,4.0,10.0,546.0,556.0,1.8,2023,11,24287,146,82,10.0,10.0,10.0,10.0,0.0,0.0,1000.0,10.000000000000048
2023-12-31,Los Angeles,CA,Passenger,6.0,3.0,9.0,533.0,542.0,1.66,2023,12,24288,146,83,10.0,10.0,10.0,10.0,-0.09999999999999998,-0.09999999999999998,1009.0,9.85714285714296
2024-01-31,Los Angeles,CA,Passenger,5.0,3.0,8.0,511.0,519.0,1.54,2024,1,24289,146,84,9.0,10.0,10.0,9.666666666666666,-0.11111111111111116,-0.19999999999999996,1017.0,9.485714285714364
2024-02-29,Los Angeles,CA,Passenger,5.0,3.0,8.0,487.0,495.0,1.62,2024,2,24290,146,85,8.0,9.0,10.0,9.0,0.0,-0.19999999999999996,1025.0,9.000000000000135
2019-09-30,Loudoun,VA,Passenger,1.0,0.0,1.0,95.0,96.0,1.04,2019,9,24237,147,5,1.0,1.0,1.0,1.0,0.0,0.0,6.0,0.9999999999999998
2019-10-31,Loudoun,VA,Passenger,1.0,0.0,1.0,95.0,96.0,1.04,2019,10,24238,147,6,1.0,1.0,1.0,1.0,0.0,0.0,7.0,0.9999999999999998
2019-11-30,Loudoun,VA,Passenger,1.0,0.0,1.0,96.0,97.0,1.03,2019,11,24239,147,7,1.0,1.0,1.0,1.0,0.0,0.0,8.0,0.9999999999999999
2019-12-31,Loudoun,VA,Passenger,1.0,0.0,1.0,94.0,95.0,1.05,2019,12,24240,147,8,1.0,1.0,1.0,1.0,0.0,0.0,9.0,1.0000000000000002
2020-01-31,Loudoun,VA,Passenger,1.0,0.0,1.0,92.0,93.0,1.08,2020,1,24241,147,9,1.0,1.0,1.0,1.0,0.0,0.0,10.0,1.0000000000000002
2020-02-29,Loudoun,VA,Passenger,1.0,0.0,1.0,91.0,92.0,1.09,2020,2,24242,147,10,1.0,1.0,1.0,1.0,0.0,0.0,11.0,1.0
2020-03-31,Loudoun,VA,Passenger,1.0,0.0,1.0,89.0,90.0,1.11,2020,3,24243,147,11,1.0,1.0,1.0,1.0,0.0,0.0,12.0,1.0000000000000002
2020-04-30,Loudoun,VA,Passenger,1.0,0.0,1.0,89.0,90.0,1.11,2020,4,24244,147,12,1.0,1.0,1.0,1.0,0.0,0.0,13.0,1.0000000000000002
2020-05-31,Loudoun,VA,Passenger,1.0,0.0,1.0,88.0,89.0,1.12,2020,5,24245,147,13,1.0,1.0,1.0,1.0,0.0,0.0,14.0,1.0000000000000009
2020-06-30,Loudoun,VA,Passenger,1.0,0.0,1.0,85.0,86.0,1.16,2020,6,24246,147,14,1.0,1.0,1.0,1.0,0.0,0.0,15.0,1.0000000000000007
2020-07-31,Loudoun,VA,Passenger,1.0,0.0,1.0,83.0,84.0,1.19,2020,7,24247,147,15,1.0,1.0,1.0,1.0,0.0,0.0,16.0,1.0000000000000009
2020-08-31,Loudoun,VA,Passenger,1.0,0.0,1.0,82.0,83.0,1.2,2020,8,24248,147,16,1.0,1.0,1.0,1.0,0.0,0.0,17.0,1.0
2020-09-30,Loudoun,VA,Passenger,1.0,0.0,1.0,82.0,83.0,1.2,2020,9,24249,147,17,1.0,1.0,1.0,1.0,0.0,0.0,18.0,1.0000000000000002
2020-10-31,Loudoun,VA,Passenger,1.0,0.0,1.0,80.0,81.0,1.23,2020,10,24250,147,18,1.0,1.0,1.0,1.0,0.0,0.0,19.0,1.000000000000002
2020-11-30,Loudoun,VA,Passenger,1.0,0.0,1.0,77.0,78.0,1.28,2020,11,24251,147,19,1.0,1.0,1.0,1.0,0.0,0.0,20.0,0.9999999999999998
2020-12-31,Loudoun,VA,Passenger,1.0,0.0,1.0,74.0,75.0,1.33,2020,12,24252,147,20,1.0,1.0,1.0,1.0,0.0,0.0,21.0,1.000000000000001
2021-01-31,Loudoun,VA,Passenger,1.0,0.0,1.0,72.0,73.0,1.37,2021,1,24253,147,21,1.0,1.0,1.0,1.0,0.0,0.0,22.0,1.0000000000000013
2021-02-28,Loudoun,VA,Passenger,1.0,0.0,1.0,71.0,72.0,1.39,2021,2,24254,147,22,1.0,1.0,1.0,1.0,0.0,0.0,23.0,1.0000000000000013
2021-03-31,Loudoun,VA,Passenger,1.0,0.0,1.0,71.0,72.0,1.39,2021,3,24255,147,23,1.0,1.0,1.0,1.0,0.0,0.0,24.0,1.0000000000000004
2021-04-30,Loudoun,VA,Passenger,1.0,0.0,1.0,71.0,72.0,1.39,2021,4,24256,147,24,1.0,1.0,1.0,1.0,0.0,0.0,25.0,1.0000000000000013
2021-05-31,Loudoun,VA,Passenger,1.0,0.0,1.0,73.0,74.0,1.35,2021,5,24257,147,25,1.0,1.0,1.0,1.0,0.0,0.0,26.0,1.0000000000000013
2021-06-30,Loudoun,VA,Passenger,1.0,0.0,1.0,73.0,74.0,1.35,2021,6,24258,147,26,1.0,1.0,1.0,1.0,0.0,0.0,27.0,1.0000000000000013
2021-07-31,Loudoun,VA,Passenger,1.0,0.0,1.0,71.0,72.0,1.39,2021,7,24259,147,27,1.0,1.0,1.0,1.0,0.0,0.0,28.0,1.0000000000000013
2021-08-31,Loudoun,VA,Passenger,1.0,0.0,1.0,71.0,72.0,1.39,2021,8,24260,147,28,1.0,1.0,1.0,1.0,0.0,0.0,29.0,1.0000000000000024
2021-09-30,Loudoun,VA,Passenger,1.0,0.0,1.0,68.0,69.0,1.45,2021,9,24261,147,29,1.0,1.0,1.0,1.0,0.0,0.0,30.0,1.000000000000002
2021-10-31,Loudoun,VA,Passenger,1.0,0.0,1.0,66.0,67.0,1.49,2021,10,24262,147,30,1.0,1.0,1.0,1.0,0.0,0.0,31.0,1.0000000000000009
2021-11-30,Loudoun,VA,Passenger,1.0,0.0,1.0,67.0,68.0,1.47,2021,11,24263,147,31,1.0,1.0,1.0,1.0,0.0,0.0,32.0,1.000000000000002
2021-12-31,Loudoun,VA,Passenger,1.0,0.0,1.0,67.0,68.0,1.47,2021,12,24264,147,32,1.0,1.0,1.0,1.0,0.0,0.0,33.0,1.0000000000000038
2022-01-31,Loudoun,VA,Passenger,1.0,0.0,1.0,68.0,69.0,1.45,2022,1,24265,147,33,1.0,1.0,1.0,1.0,0.0,0.0,34.0,1.0000000000000004
2022-02-28,Loudoun,VA,Passenger,1.0,0.0,1.0,67.0,68.0,1.47,2022,2,24266,147,34,1.0,1.0,1.0,1.0,0.0,0.0,35.0,1.000000000000002
2022-03-31,Loudoun,VA,Passenger,1.0,1.0,2.0,68.0,70.0,2.86,2022,3,24267,147,35,1.0,1.0,1.0,1.0,1.0,1.0,37.0,1.1428571428571441
2022-04-30,Loudoun,VA,Passenger,2.0,1.0,3.0,66.0,69.0,4.35,2022,4,24268,147,36,2.0,1.0,1.0,1.3333333333333333,0.5,2.0,40.0,1.514285714285716
2022-05-31,Loudoun,VA,Passenger,2.0,1.0,3.0,65.0,68.0,4.41,2022,5,24269,147,37,3.0,2.0,1.0,2.0,0.0,2.0,43.0,2.000000000000004
2022-06-30,Loudoun,VA,Passenger,2.0,1.0,3.0,66.0,69.0,4.35,2022,6,24270,147,38,3.0,3.0,2.0,2.6666666666666665,0.0,0.5,46.0,2.4857142857142867
2022-07-31,Loudoun,VA,Passenger,2.0,1.0,3.0,65.0,68.0,4.41,2022,7,24271,147,39,3.0,3.0,3.0,3.0,0.0,0.0,49.0,2.857142857142858
2022-08-31,Loudoun,VA,Passenger,2.0,1.0,3.0,64.0,67.0,4.48,2022,8,24272,147,40,3.0,3.0,3.0,3.0,0.0,0.0,52.0,3.000000000000001
2022-09-30,Loudoun,VA,Passenger,2.0,1.0,3.0,64.0,67.0,4.48,2022,9,24273,147,41,3.0,3.0,3.0,3.0,0.0,0.0,55.0,3.0000000000000027
2022-10-31,Loudoun,VA,Passenger,3.0,1.0,4.0,63.0,67.0,5.97,2022,10,24274,147,42,3.0,3.0,3.0,3.0,0.33333333333333326,0.33333333333333326,59.0,3.142857142857146
2022-11-30,Loudoun,VA,Passenger,3.0,1.0,4.0,62.0,66.0,6.06,2022,11,24275,147,43,4.0,3.0,3.0,3.3333333333333335,0.0,0.33333333333333326,63.0,3.371428571428572
2022-12-31,Loudoun,VA,Passenger,3.0,1.0,4.0,62.0,66.0,6.06,2022,12,24276,147,44,4.0,4.0,3.0,3.6666666666666665,0.0,0.33333333333333326,67.0,3.6285714285714348
2023-01-31,Loudoun,VA,Passenger,3.0,2.0,5.0,60.0,65.0,6.9025,2023,1,24277,147,45,4.0,4.0,4.0,4.0,0.25,0.25,72.0,3.999999999999999
2023-02-28,Loudoun,VA,Passenger,3.0,1.0,4.0,60.0,64.0,6.25,2023,2,24278,147,46,5.0,4.0,4.0,4.333333333333333,-0.19999999999999996,0.0,76.0,4.228571428571426
2023-03-31,Loudoun,VA,Passenger,3.0,1.0,4.0,59.0,63.0,6.35,2023,3,24279,147,47,4.0,5.0,4.0,4.333333333333333,0.0,0.0,80.0,4.257142857142861
2023-04-30,Loudoun,VA,Passenger,3.0,1.0,4.0,59.0,63.0,6.35,2023,4,24280,147,48,4.0,4.0,5.0,4.333333333333333,0.0,-0.19999999999999996,84.0,4.22857142857143
2023-05-31,Loudoun,VA,Passenger,2.0,1.0,3.0,59.0,62.0,4.84,2023,5,24281,147,49,4.0,4.0,4.0,4.0,-0.25,-0.25,87.0,4.000000000000002
2023-06-30,Loudoun,VA,Passenger,2.0,1.0,3.0,59.0,62.0,4.84,2023,6,24282,147,50,3.0,4.0,4.0,3.6666666666666665,0.0,-0.25,90.0,3.628571428571434
2023-07-31,Loudoun,VA,Passenger,2.0,1.0,3.0,59.0,62.0,4.84,2023,7,24283,147,51,3.0,3.0,4.0,3.3333333333333335,0.0,-0.25,93.0,3.3714285714285728
2023-08-31,Loudoun,VA,Passenger,2.0,1.0,3.0,58.0,61.0,4.92,2023,8,24284,147,52,3.0,3.0,3.0,3.0,0.0,0.0,96.0,3.142857142857149
2023-09-30,Loudoun,VA,Passenger,2.0,1.0,3.0,57.0,60.0,5.0,2023,9,24285,147,53,3.0,3.0,3.0,3.0,0.0,0.0,99.0,3.0000000000000084
2023-10-31,Loudoun,VA,Passenger,2.0,1.0,3.0,58.0,61.0,4.92,2023,10,24286,147,54,3.0,3.0,3.0,3.0,0.0,0.0,102.0,3.0000000000000067
2023-11-30,Loudoun,VA,Passenger,2.0,1.0,3.0,56.0,59.0,5.08,2023,11,24287,147,55,3.0,3.0,3.0,3.0,0.0,0.0,105.0,3.000000000000005
2023-12-31,Loudoun,VA,Passenger,2.0,1.0,3.0,54.0,57.0,5.26,2023,12,24288,147,56,3.0,3.0,3.0,3.0,0.0,0.0,108.0,3.0000000000000067
2024-01-31,Loudoun,VA,Passenger,2.0,1.0,3.0,51.0,54.0,5.56,2024,1,24289,147,57,3.0,3.0,3.0,3.0,0.0,0.0,111.0,3.0000000000000107
2024-02-29,Loudoun,VA,Passenger,2.0,1.0,3.0,49.0,52.0,5.77,2024,2,24290,147,58,3.0,3.0,3.0,3.0,0.0,0.0,114.0,3.000000000000001
2021-09-30,Louisa,VA,Passenger,0.0,1.0,1.0,1.0,2.0,6.9025,2021,9,24261,148,5,1.0,1.0,1.0,1.0,0.0,0.0,6.0,0.9999999999999998
2021-10-31,Louisa,VA,Passenger,0.0,1.0,1.0,1.0,2.0,6.9025,2021,10,24262,148,6,1.0,1.0,1.0,1.0,0.0,0.0,7.0,0.9999999999999998
2021-11-30,Louisa,VA,Passenger,0.0,1.0,1.0,1.0,2.0,6.9025,2021,11,24263,148,7,1.0,1.0,1.0,1.0,0.0,0.0,8.0,0.9999999999999999
2021-12-31,Louisa,VA,Passenger,0.0,1.0,1.0,1.0,2.0,6.9025,2021,12,24264,148,8,1.0,1.0,1.0,1.0,0.0,0.0,9.0,1.0000000000000002
2022-01-31,Louisa,VA,Passenger,0.0,1.0,1.0,1.0,2.0,6.9025,2022,1,24265,148,9,1.0,1.0,1.0,1.0,0.0,0.0,10.0,1.0000000000000002
2022-02-28,Louisa,VA,Passenger,0.0,1.0,1.0,1.0,2.0,6.9025,2022,2,24266,148,10,1.0,1.0,1.0,1.0,0.0,0.0,11.0,1.0
2022-03-31,Louisa,VA,Passenger,0.0,1.0,1.0,1.0,2.0,6.9025,2022,3,24267,148,11,1.0,1.0,1.0,1.0,0.0,0.0,12.0,1.0000000000000002
2022-05-31,Louisa,VA,Passenger,0.0,1.0,1.0,1.0,2.0,6.9025,2022,5,24269,148,12,1.0,1.0,1.0,1.0,0.0,0.0,13.0,1.0000000000000002
2022-06-30,Louisa,VA,Passenger,0.0,1.0,1.0,1.0,2.0,6.9025,2022,6,24270,148,13,1.0,1.0,1.0,1.0,0.0,0.0,14.0,1.0000000000000009
2022-07-31,Louisa,VA,Passenger,0.0,1.0,1.0,1.0,2.0,6.9025,2022,7,24271,148,14,1.0,1.0,1.0,1.0,0.0,0.0,15.0,1.0000000000000007
2022-08-31,Louisa,VA,Passenger,0.0,1.0,1.0,1.0,2.0,6.9025,2022,8,24272,148,15,1.0,1.0,1.0,1.0,0.0,0.0,16.0,1.0000000000000009
2022-09-30,Louisa,VA,Passenger,0.0,1.0,1.0,1.0,2.0,6.9025,2022,9,24273,148,16,1.0,1.0,1.0,1.0,0.0,0.0,17.0,1.0
2022-10-31,Louisa,VA,Passenger,0.0,1.0,1.0,1.0,2.0,6.9025,2022,10,24274,148,17,1.0,1.0,1.0,1.0,0.0,0.0,18.0,1.0000000000000002
2022-11-30,Louisa,VA,Passenger,0.0,1.0,1.0,1.0,2.0,6.9025,2022,11,24275,148,18,1.0,1.0,1.0,1.0,0.0,0.0,19.0,1.000000000000002
2022-12-31,Louisa,VA,Passenger,0.0,1.0,1.0,1.0,2.0,6.9025,2022,12,24276,148,19,1.0,1.0,1.0,1.0,0.0,0.0,20.0,0.9999999999999998
2023-01-31,Louisa,VA,Passenger,0.0,1.0,1.0,1.0,2.0,6.9025,2023,1,24277,148,20,1.0,1.0,1.0,1.0,0.0,0.0,21.0,1.000000000000001
2023-02-28,Louisa,VA,Passenger,0.0,1.0,1.0,1.0,2.0,6.9025,2023,2,24278,148,21,1.0,1.0,1.0,1.0,0.0,0.0,22.0,1.0000000000000013
2023-03-31,Louisa,VA,Passenger,0.0,1.0,1.0,1.0,2.0,6.9025,2023,3,24279,148,22,1.0,1.0,1.0,1.0,0.0,0.0,23.0,1.0000000000000013
2017-11-30,Lumpkin,GA,Passenger,1.0,0.0,1.0,9.0,10.0,6.9025,2017,11,24215,149,5,1.0,1.0,1.0,1.0,0.0,0.0,6.0,0.9999999999999998
2017-12-31,Lumpkin,GA,Passenger,1.0,0.0,1.0,9.0,10.0,6.9025,2017,12,24216,149,6,1.0,1.0,1.0,1.0,0.0,0.0,7.0,0.9999999999999998
2018-01-31,Lumpkin,GA,Passenger,1.0,0.0,1.0,7.0,8.0,6.9025,2018,1,24217,149,7,1.0,1.0,1.0,1.0,0.0,0.0,8.0,0.9999999999999999
2018-02-28,Lumpkin,GA,Passenger,1.0,0.0,1.0,7.0,8.0,6.9025,2018,2,24218,149,8,1.0,1.0,1.0,1.0,0.0,0.0,9.0,1.0000000000000002
2018-03-31,Lumpkin,GA,Passenger,1.0,0.0,1.0,7.0,8.0,6.9025,2018,3,24219,149,9,1.0,1.0,1.0,1.0,0.0,0.0,10.0,1.0000000000000002
2018-04-30,Lumpkin,GA,Passenger,1.0,0.0,1.0,7.0,8.0,6.9025,2018,4,24220,149,10,1.0,1.0,1.0,1.0,0.0,0.0,11.0,1.0
2018-05-31,Lumpkin,GA,Passenger,1.0,0.0,1.0,7.0,8.0,6.9025,2018,5,24221,149,11,1.0,1.0,1.0,1.0,0.0,0.0,12.0,1.0000000000000002
2018-06-30,Lumpkin,GA,Passenger,1.0,0.0,1.0,7.0,8.0,6.9025,2018,6,24222,149,12,1.0,1.0,1.0,1.0,0.0,0.0,13.0,1.0000000000000002
2018-07-31,Lumpkin,GA,Passenger,1.0,0.0,1.0,7.0,8.0,6.9025,2018,7,24223,149,13,1.0,1.0,1.0,1.0,0.0,0.0,14.0,1.0000000000000009
2018-08-31,Lumpkin,GA,Passenger,1.0,0.0,1.0,7.0,8.0,6.9025,2018,8,24224,149,14,1.0,1.0,1.0,1.0,0.0,0.0,15.0,1.0000000000000007
2018-09-30,Lumpkin,GA,Passenger,1.0,0.0,1.0,7.0,8.0,6.9025,2018,9,24225,149,15,1.0,1.0,1.0,1.0,0.0,0.0,16.0,1.0000000000000009
2018-10-31,Lumpkin,GA,Passenger,1.0,0.0,1.0,7.0,8.0,6.9025,2018,10,24226,149,16,1.0,1.0,1.0,1.0,0.0,0.0,17.0,1.0
2018-11-30,Lumpkin,GA,Passenger,1.0,0.0,1.0,7.0,8.0,6.9025,2018,11,24227,149,17,1.0,1.0,1.0,1.0,0.0,0.0,18.0,1.0000000000000002
2018-12-31,Lumpkin,GA,Passenger,1.0,0.0,1.0,7.0,8.0,6.9025,2018,12,24228,149,18,1.0,1.0,1.0,1.0,0.0,0.0,19.0,1.000000000000002
2019-01-31,Lumpkin,GA,Passenger,1.0,0.0,1.0,6.0,7.0,6.9025,2019,1,24229,149,19,1.0,1.0,1.0,1.0,0.0,0.0,20.0,0.9999999999999998
2019-02-28,Lumpkin,GA,Passenger,1.0,0.0,1.0,6.0,7.0,6.9025,2019,2,24230,149,20,1.0,1.0,1.0,1.0,0.0,0.0,21.0,1.000000000000001
2019-03-31,Lumpkin,GA,Passenger,1.0,0.0,1.0,6.0,7.0,6.9025,2019,3,24231,149,21,1.0,1.0,1.0,1.0,0.0,0.0,22.0,1.0000000000000013
2019-04-30,Lumpkin,GA,Passenger,1.0,0.0,1.0,6.0,7.0,6.9025,2019,4,24232,149,22,1.0,1.0,1.0,1.0,0.0,0.0,23.0,1.0000000000000013
2019-05-31,Lumpkin,GA,Passenger,1.0,0.0,1.0,4.0,5.0,6.9025,2019,5,24233,149,23,1.0,1.0,1.0,1.0,0.0,0.0,24.0,1.0000000000000004
2017-06-30,Madison,ID,Passenger,1.0,0.0,1.0,39.0,40.0,2.5,2017,6,24210,150,5,1.0,1.0,1.0,1.0,0.0,0.0,6.0,0.9999999999999998
2017-07-31,Madison,ID,Passenger,1.0,0.0,1.0,39.0,40.0,2.5,2017,7,24211,150,6,1.0,1.0,1.0,1.0,0.0,0.0,7.0,0.9999999999999998
2017-08-31,Madison,ID,Passenger,1.0,0.0,1.0,38.0,39.0,2.56,2017,8,24212,150,7,1.0,1.0,1.0,1.0,0.0,0.0,8.0,0.9999999999999999
2017-09-30,Madison,ID,Passenger,1.0,0.0,1.0,38.0,39.0,2.56,2017,9,24213,150,8,1.0,1.0,1.0,1.0,0.0,0.0,9.0,1.0000000000000002
2017-10-31,Madison,ID,Passenger,1.0,0.0,1.0,38.0,39.0,2.56,2017,10,24214,150,9,1.0,1.0,1.0,1.0,0.0,0.0,10.0,1.0000000000000002
2017-11-30,Madison,ID,Passenger,1.0,0.0,1.0,40.0,41.0,2.44,2017,11,24215,150,10,1.0,1.0,1.0,1.0,0.0,0.0,11.0,1.0
2017-12-31,Madison,ID,Passenger,1.0,0.0,1.0,40.0,41.0,2.44,2017,12,24216,150,11,1.0,1.0,1.0,1.0,0.0,0.0,12.0,1.0000000000000002
2018-01-31,Madison,ID,Passenger,1.0,0.0,1.0,40.0,41.0,2.44,2018,1,24217,150,12,1.0,1.0,1.0,1.0,0.0,0.0,13.0,1.0000000000000002
2018-02-28,Madison,ID,Passenger,1.0,0.0,1.0,40.0,41.0,2.44,2018,2,24218,150,13,1.0,1.0,1.0,1.0,0.0,0.0,14.0,1.0000000000000009
2018-03-31,Madison,ID,Passenger,1.0,0.0,1.0,40.0,41.0,2.44,2018,3,24219,150,14,1.0,1.0,1.0,1.0,0.0,0.0,15.0,1.0000000000000007
2018-04-30,Madison,ID,Passenger,1.0,0.0,1.0,38.0,39.0,2.56,2018,4,24220,150,15,1.0,1.0,1.0,1.0,0.0,0.0,16.0,1.0000000000000009
2018-05-31,Madison,ID,Passenger,1.0,0.0,1.0,39.0,40.0,2.5,2018,5,24221,150,16,1.0,1.0,1.0,1.0,0.0,0.0,17.0,1.0
2018-06-30,Madison,ID,Passenger,1.0,0.0,1.0,40.0,41.0,2.44,2018,6,24222,150,17,1.0,1.0,1.0,1.0,0.0,0.0,18.0,1.0000000000000002
2018-07-31,Madison,ID,Passenger,1.0,0.0,1.0,41.0,42.0,2.38,2018,7,24223,150,18,1.0,1.0,1.0,1.0,0.0,0.0,19.0,1.000000000000002
2018-08-31,Madison,ID,Passenger,1.0,0.0,1.0,37.0,38.0,2.63,2018,8,24224,150,19,1.0,1.0,1.0,1.0,0.0,0.0,20.0,0.9999999999999998
2018-09-30,Madison,ID,Passenger,1.0,0.0,1.0,39.0,40.0,2.5,2018,9,24225,150,20,1.0,1.0,1.0,1.0,0.0,0.0,21.0,1.000000000000001
2018-10-31,Madison,ID,Passenger,1.0,0.0,1.0,38.0,39.0,2.56,2018,10,24226,150,21,1.0,1.0,1.0,1.0,0.0,0.0,22.0,1.0000000000000013
2018-11-30,Madison,ID,Passenger,1.0,0.0,1.0,39.0,40.0,2.5,2018,11,24227,150,22,1.0,1.0,1.0,1.0,0.0,0.0,23.0,1.0000000000000013
2018-12-31,Madison,ID,Passenger,1.0,0.0,1.0,37.0,38.0,2.63,2018,12,24228,150,23,1.0,1.0,1.0,1.0,0.0,0.0,24.0,1.0000000000000004
2019-01-31,Madison,ID,Passenger,1.0,0.0,1.0,38.0,39.0,2.56,2019,1,24229,150,24,1.0,1.0,1.0,1.0,0.0,0.0,25.0,1.0000000000000013
2022-09-30,Madison,IL,Passenger,1.0,0.0,1.0,16.0,17.0,5.88,2022,9,24273,150,25,1.0,1.0,1.0,1.0,0.0,0.0,26.0,1.0000000000000013
2022-10-31,Madison,IL,Passenger,1.0,0.0,1.0,16.0,17.0,5.88,2022,10,24274,150,26,1.0,1.0,1.0,1.0,0.0,0.0,27.0,1.0000000000000013
2022-11-30,Madison,IL,Passenger,1.0,0.0,1.0,16.0,17.0,5.88,2022,11,24275,150,27,1.0,1.0,1.0,1.0,0.0,0.0,28.0,1.0000000000000013
2022-12-31,Madison,IL,Passenger,1.0,0.0,1.0,16.0,17.0,5.88,2022,12,24276,150,28,1.0,1.0,1.0,1.0,0.0,0.0,29.0,1.0000000000000024
2023-01-31,Madison,IL,Passenger,2.0,0.0,2.0,16.0,18.0,6.9025,2023,1,24277,150,29,1.0,1.0,1.0,1.0,1.0,1.0,31.0,1.1428571428571455
2023-02-28,Madison,IL,Passenger,2.0,0.0,2.0,16.0,18.0,6.9025,2023,2,24278,150,30,2.0,1.0,1.0,1.3333333333333333,0.0,1.0,33.0,1.3714285714285714
2023-03-31,Madison,IL,Passenger,2.0,0.0,2.0,17.0,19.0,6.9025,2023,3,24279,150,31,2.0,2.0,1.0,1.6666666666666667,0.0,1.0,35.0,1.628571428571429
2023-04-30,Madison,IL,Passenger,2.0,0.0,2.0,17.0,19.0,6.9025,2023,4,24280,150,32,2.0,2.0,2.0,2.0,0.0,0.0,37.0,1.8571428571428596
2023-05-31,Madison,IL,Passenger,2.0,0.0,2.0,16.0,18.0,6.9025,2023,5,24281,150,33,2.0,2.0,2.0,2.0,0.0,0.0,39.0,1.9999999999999991
2023-06-30,Madison,IL,Passenger,2.0,0.0,2.0,16.0,18.0,6.9025,2023,6,24282,150,34,2.0,2.0,2.0,2.0,0.0,0.0,41.0,2.0000000000000027
2023-07-31,Madison,IL,Passenger,2.0,0.0,2.0,16.0,18.0,6.9025,2023,7,24283,150,35,2.0,2.0,2.0,2.0,0.0,0.0,43.0,2.0000000000000027
2023-08-31,Madison,IL,Passenger,1.0,0.0,1.0,16.0,17.0,5.88,2023,8,24284,150,36,2.0,2.0,2.0,2.0,-0.5,-0.5,44.0,1.8571428571428568
2023-09-30,Madison,IL,Passenger,1.0,0.0,1.0,16.0,17.0,5.88,2023,9,24285,150,37,1.0,2.0,2.0,1.6666666666666667,0.0,-0.5,45.0,1.62857142857143
2023-10-31,Madison,IL,Passenger,1.0,0.0,1.0,16.0,17.0,5.88,2023,10,24286,150,38,1.0,1.0,2.0,1.3333333333333333,0.0,-0.5,46.0,1.3714285714285759
2023-11-30,Madison,IL,Passenger,1.0,0.0,1.0,16.0,17.0,5.88,2023,11,24287,150,39,1.0,1.0,1.0,1.0,0.0,0.0,47.0,1.142857142857148
2023-12-31,Madison,IL,Passenger,1.0,0.0,1.0,15.0,16.0,6.25,2023,12,24288,150,40,1.0,1.0,1.0,1.0,0.0,0.0,48.0,1.0000000000000009
2024-01-31,Madison,IL,Passenger,1.0,0.0,1.0,14.0,15.0,6.67,2024,1,24289,150,41,1.0,1.0,1.0,1.0,0.0,0.0,49.0,1.000000000000002
2024-02-29,Madison,IL,Passenger,1.0,0.0,1.0,14.0,15.0,6.67,2024,2,24290,150,42,1.0,1.0,1.0,1.0,0.0,0.0,50.0,1.000000000000002
2017-06-30,Manassas,VA,Passenger,0.0,1.0,1.0,9.0,10.0,6.9025,2017,6,24210,151,5,1.0,1.0,1.0,1.0,0.0,0.0,6.0,0.9999999999999998
2017-07-31,Manassas,VA,Passenger,0.0,1.0,1.0,9.0,10.0,6.9025,2017,7,24211,151,6,1.0,1.0,1.0,1.0,0.0,0.0,7.0,0.9999999999999998
2017-08-31,Manassas,VA,Passenger,0.0,1.0,1.0,9.0,10.0,6.9025,2017,8,24212,151,7,1.0,1.0,1.0,1.0,0.0,0.0,8.0,0.9999999999999999
2017-09-30,Manassas,VA,Passenger,0.0,1.0,1.0,9.0,10.0,6.9025,2017,9,24213,151,8,1.0,1.0,1.0,1.0,0.0,0.0,9.0,1.0000000000000002
2017-10-31,Manassas,VA,Passenger,0.0,1.0,1.0,9.0,10.0,6.9025,2017,10,24214,151,9,1.0,1.0,1.0,1.0,0.0,0.0,10.0,1.0000000000000002
2017-11-30,Manassas,VA,Passenger,0.0,1.0,1.0,9.0,10.0,6.9025,2017,11,24215,151,10,1.0,1.0,1.0,1.0,0.0,0.0,11.0,1.0
2017-12-31,Manassas,VA,Passenger,0.0,1.0,1.0,9.0,10.0,6.9025,2017,12,24216,151,11,1.0,1.0,1.0,1.0,0.0,0.0,12.0,1.0000000000000002
2018-01-31,Manassas,VA,Passenger,0.0,1.0,1.0,9.0,10.0,6.9025,2018,1,24217,151,12,1.0,1.0,1.0,1.0,0.0,0.0,13.0,1.0000000000000002
2018-02-28,Manassas,VA,Passenger,0.0,1.0,1.0,9.0,10.0,6.9025,2018,2,24218,151,13,1.0,1.0,1.0,1.0,0.0,0.0,14.0,1.0000000000000009
2018-03-31,Manassas,VA,Passenger,0.0,1.0,1.0,8.0,9.0,6.9025,2018,3,24219,151,14,1.0,1.0,1.0,1.0,0.0,0.0,15.0,1.0000000000000007
2018-04-30,Manassas,VA,Passenger,0.0,1.0,1.0,9.0,10.0,6.9025,2018,4,24220,151,15,1.0,1.0,1.0,1.0,0.0,0.0,16.0,1.0000000000000009
2018-05-31,Manassas,VA,Passenger,0.0,1.0,1.0,9.0,10.0,6.9025,2018,5,24221,151,16,1.0,1.0,1.0,1.0,0.0,0.0,17.0,1.0
2018-06-30,Manassas,VA,Passenger,0.0,1.0,1.0,9.0,10.0,6.9025,2018,6,24222,151,17,1.0,1.0,1.0,1.0,0.0,0.0,18.0,1.0000000000000002
2018-07-31,Manassas,VA,Passenger,0.0,1.0,1.0,9.0,10.0,6.9025,2018,7,24223,151,18,1.0,1.0,1.0,1.0,0.0,0.0,19.0,1.000000000000002
2018-08-31,Manassas,VA,Passenger,0.0,1.0,1.0,9.0,10.0,6.9025,2018,8,24224,151,19,1.0,1.0,1.0,1.0,0.0,0.0,20.0,0.9999999999999998
2018-09-30,Manassas,VA,Passenger,0.0,1.0,1.0,9.0,10.0,6.9025,2018,9,24225,151,20,1.0,1.0,1.0,1.0,0.0,0.0,21.0,1.000000000000001
2018-10-31,Manassas,VA,Passenger,0.0,1.0,1.0,9.0,10.0,6.9025,2018,10,24226,151,21,1.0,1.0,1.0,1.0,0.0,0.0,22.0,1.0000000000000013
2018-11-30,Manassas,VA,Passenger,0.0,1.0,1.0,9.0,10.0,6.9025,2018,11,24227,151,22,1.0,1.0,1.0,1.0,0.0,0.0,23.0,1.0000000000000013
2018-12-31,Manassas,VA,Passenger,0.0,1.0,1.0,9.0,10.0,6.9025,2018,12,24228,151,23,1.0,1.0,1.0,1.0,0.0,0.0,24.0,1.0000000000000004
2019-01-31,Manassas,VA,Passenger,0.0,1.0,1.0,9.0,10.0,6.9025,2019,1,24229,151,24,1.0,1.0,1.0,1.0,0.0,0.0,25.0,1.0000000000000013
2019-02-28,Manassas,VA,Passenger,0.0,1.0,1.0,9.0,10.0,6.9025,2019,2,24230,151,25,1.0,1.0,1.0,1.0,0.0,0.0,26.0,1.0000000000000013
2019-03-31,Manassas,VA,Passenger,0.0,1.0,1.0,9.0,10.0,6.9025,2019,3,24231,151,26,1.0,1.0,1.0,1.0,0.0,0.0,27.0,1.0000000000000013
2019-04-30,Manassas,VA,Passenger,0.0,1.0,1.0,8.0,9.0,6.9025,2019,4,24232,151,27,1.0,1.0,1.0,1.0,0.0,0.0,28.0,1.0000000000000013
2019-05-31,Manassas,VA,Passenger,0.0,1.0,1.0,8.0,9.0,6.9025,2019,5,24233,151,28,1.0,1.0,1.0,1.0,0.0,0.0,29.0,1.0000000000000024
2019-06-30,Manassas,VA,Passenger,0.0,1.0,1.0,9.0,10.0,6.9025,2019,6,24234,151,29,1.0,1.0,1.0,1.0,0.0,0.0,30.0,1.000000000000002
2019-07-31,Manassas,VA,Passenger,0.0,1.0,1.0,9.0,10.0,6.9025,2019,7,24235,151,30,1.0,1.0,1.0,1.0,0.0,0.0,31.0,1.0000000000000009
2019-08-31,Manassas,VA,Passenger,0.0,1.0,1.0,8.0,9.0,6.9025,2019,8,24236,151,31,1.0,1.0,1.0,1.0,0.0,0.0,32.0,1.000000000000002
2019-09-30,Manassas,VA,Passenger,0.0,1.0,1.0,7.0,8.0,6.9025,2019,9,24237,151,32,1.0,1.0,1.0,1.0,0.0,0.0,33.0,1.0000000000000038
2019-10-31,Manassas,VA,Passenger,0.0,1.0,1.0,7.0,8.0,6.9025,2019,10,24238,151,33,1.0,1.0,1.0,1.0,0.0,0.0,34.0,1.0000000000000004
2019-11-30,Manassas,VA,Passenger,0.0,1.0,1.0,7.0,8.0,6.9025,2019,11,24239,151,34,1.0,1.0,1.0,1.0,0.0,0.0,35.0,1.000000000000002
2019-12-31,Manassas,VA,Passenger,0.0,1.0,1.0,6.0,7.0,6.9025,2019,12,24240,151,35,1.0,1.0,1.0,1.0,0.0,0.0,36.0,1.0000000000000029
2020-01-31,Manassas,VA,Passenger,0.0,1.0,1.0,6.0,7.0,6.9025,2020,1,24241,151,36,1.0,1.0,1.0,1.0,0.0,0.0,37.0,1.0000000000000038
2020-02-29,Manassas,VA,Passenger,0.0,1.0,1.0,6.0,7.0,6.9025,2020,2,24242,151,37,1.0,1.0,1.0,1.0,0.0,0.0,38.0,1.0
2020-03-31,Manassas,VA,Passenger,0.0,1.0,1.0,5.0,6.0,6.9025,2020,3,24243,151,38,1.0,1.0,1.0,1.0,0.0,0.0,39.0,1.0000000000000009
2020-04-30,Manassas,VA,Passenger,0.0,1.0,1.0,5.0,6.0,6.9025,2020,4,24244,151,39,1.0,1.0,1.0,1.0,0.0,0.0,40.0,1.0000000000000009
2020-05-31,Manassas,VA,Passenger,0.0,1.0,1.0,5.0,6.0,6.9025,2020,5,24245,151,40,1.0,1.0,1.0,1.0,0.0,0.0,41.0,1.0000000000000038
2020-06-30,Manassas,VA,Passenger,0.0,1.0,1.0,4.0,5.0,6.9025,2020,6,24246,151,41,1.0,1.0,1.0,1.0,0.0,0.0,42.0,1.0000000000000009
2020-07-31,Manassas,VA,Passenger,0.0,1.0,1.0,5.0,6.0,6.9025,2020,7,24247,151,42,1.0,1.0,1.0,1.0,0.0,0.0,43.0,1.0000000000000029
2020-08-31,Manassas,VA,Passenger,0.0,1.0,1.0,5.0,6.0,6.9025,2020,8,24248,151,43,1.0,1.0,1.0,1.0,0.0,0.0,44.0,1.0000000000000029
2020-09-30,Manassas,VA,Passenger,0.0,1.0,1.0,5.0,6.0,6.9025,2020,9,24249,151,44,1.0,1.0,1.0,1.0,0.0,0.0,45.0,1.0000000000000009
2020-10-31,Manassas,VA,Passenger,0.0,1.0,1.0,5.0,6.0,6.9025,2020,10,24250,151,45,1.0,1.0,1.0,1.0,0.0,0.0,46.0,1.0000000000000009
2020-11-30,Manassas,VA,Passenger,0.0,1.0,1.0,5.0,6.0,6.9025,2020,11,24251,151,46,1.0,1.0,1.0,1.0,0.0,0.0,47.0,1.0000000000000029
2020-12-31,Manassas,VA,Passenger,0.0,1.0,1.0,5.0,6.0,6.9025,2020,12,24252,151,47,1.0,1.0,1.0,1.0,0.0,0.0,48.0,1.0000000000000009
2021-01-31,Manassas,VA,Passenger,0.0,1.0,1.0,5.0,6.0,6.9025,2021,1,24253,151,48,1.0,1.0,1.0,1.0,0.0,0.0,49.0,1.000000000000002
2021-02-28,Manassas,VA,Passenger,0.0,1.0,1.0,6.0,7.0,6.9025,2021,2,24254,151,49,1.0,1.0,1.0,1.0,0.0,0.0,50.0,1.000000000000002
2021-03-31,Manassas,VA,Passenger,0.0,1.0,1.0,6.0,7.0,6.9025,2021,3,24255,151,50,1.0,1.0,1.0,1.0,0.0,0.0,51.0,1.000000000000002
2021-04-30,Manassas,VA,Passenger,0.0,1.0,1.0,6.0,7.0,6.9025,2021,4,24256,151,51,1.0,1.0,1.0,1.0,0.0,0.0,52.0,1.0000000000000009
2021-05-31,Manassas,VA,Passenger,0.0,1.0,1.0,7.0,8.0,6.9025,2021,5,24257,151,52,1.0,1.0,1.0,1.0,0.0,0.0,53.0,1.0000000000000029
2021-06-30,Manassas,VA,Passenger,0.0,1.0,1.0,7.0,8.0,6.9025,2021,6,24258,151,53,1.0,1.0,1.0,1.0,0.0,0.0,54.0,1.0000000000000049
2021-07-31,Manassas,VA,Passenger,0.0,1.0,1.0,7.0,8.0,6.9025,2021,7,24259,151,54,1.0,1.0,1.0,1.0,0.0,0.0,55.0,1.0000000000000038
2021-08-31,Manassas,VA,Passenger,0.0,1.0,1.0,7.0,8.0,6.9025,2021,8,24260,151,55,1.0,1.0,1.0,1.0,0.0,0.0,56.0,1.0
2021-09-30,Manassas,VA,Passenger,0.0,1.0,1.0,7.0,8.0,6.9025,2021,9,24261,151,56,1.0,1.0,1.0,1.0,0.0,0.0,57.0,1.000000000000002
2021-10-31,Manassas,VA,Passenger,0.0,1.0,1.0,7.0,8.0,6.9025,2021,10,24262,151,57,1.0,1.0,1.0,1.0,0.0,0.0,58.0,1.0000000000000038
2021-11-30,Manassas,VA,Passenger,0.0,1.0,1.0,7.0,8.0,6.9025,2021,11,24263,151,58,1.0,1.0,1.0,1.0,0.0,0.0,59.0,1.0000000000000038
2021-12-31,Manassas,VA,Passenger,0.0,1.0,1.0,7.0,8.0,6.9025,2021,12,24264,151,59,1.0,1.0,1.0,1.0,0.0,0.0,60.0,1.0000000000000038
2022-01-31,Manassas,VA,Passenger,0.0,1.0,1.0,7.0,8.0,6.9025,2022,1,24265,151,60,1.0,1.0,1.0,1.0,0.0,0.0,61.0,1.0000000000000049
2022-02-28,Manassas,VA,Passenger,0.0,1.0,1.0,7.0,8.0,6.9025,2022,2,24266,151,61,1.0,1.0,1.0,1.0,0.0,0.0,62.0,1.0000000000000067
2022-03-31,Manassas,VA,Passenger,0.0,1.0,1.0,7.0,8.0,6.9025,2022,3,24267,151,62,1.0,1.0,1.0,1.0,0.0,0.0,63.0,1.0000000000000009
2022-04-30,Manassas,VA,Passenger,0.0,1.0,1.0,7.0,8.0,6.9025,2022,4,24268,151,63,1.0,1.0,1.0,1.0,0.0,0.0,64.0,0.999999999999999
2022-05-31,Manassas,VA,Passenger,0.0,1.0,1.0,7.0,8.0,6.9025,2022,5,24269,151,64,1.0,1.0,1.0,1.0,0.0,0.0,65.0,1.0000000000000049
2022-06-30,Manassas,VA,Passenger,0.0,1.0,1.0,8.0,9.0,6.9025,2022,6,24270,151,65,1.0,1.0,1.0,1.0,0.0,0.0,66.0,1.0000000000000029
2022-07-31,Manassas,VA,Passenger,0.0,1.0,1.0,8.0,9.0,6.9025,2022,7,24271,151,66,1.0,1.0,1.0,1.0,0.0,0.0,67.0,1.0000000000000049
2022-08-31,Manassas,VA,Passenger,0.0,1.0,1.0,8.0,9.0,6.9025,2022,8,24272,151,67,1.0,1.0,1.0,1.0,0.0,0.0,68.0,1.0000000000000087
2022-09-30,Manassas,VA,Passenger,0.0,1.0,1.0,9.0,10.0,6.9025,2022,9,24273,151,68,1.0,1.0,1.0,1.0,0.0,0.0,69.0,1.0000000000000067
2022-10-31,Manassas,VA,Passenger,0.0,1.0,1.0,8.0,9.0,6.9025,2022,10,24274,151,69,1.0,1.0,1.0,1.0,0.0,0.0,70.0,1.0000000000000049
2017-06-30,Manatee,FL,Passenger,1.0,0.0,1.0,46.0,47.0,2.13,2017,6,24210,152,5,1.0,1.0,1.0,1.0,0.0,0.0,6.0,0.9999999999999998
2017-07-31,Manatee,FL,Passenger,1.0,0.0,1.0,42.0,43.0,2.33,2017,7,24211,152,6,1.0,1.0,1.0,1.0,0.0,0.0,7.0,0.9999999999999998
2017-08-31,Manatee,FL,Passenger,1.0,0.0,1.0,42.0,43.0,2.33,2017,8,24212,152,7,1.0,1.0,1.0,1.0,0.0,0.0,8.0,0.9999999999999999
2017-09-30,Manatee,FL,Passenger,1.0,0.0,1.0,41.0,42.0,2.38,2017,9,24213,152,8,1.0,1.0,1.0,1.0,0.0,0.0,9.0,1.0000000000000002
2017-10-31,Manatee,FL,Passenger,1.0,0.0,1.0,41.0,42.0,2.38,2017,10,24214,152,9,1.0,1.0,1.0,1.0,0.0,0.0,10.0,1.0000000000000002
2017-11-30,Manatee,FL,Passenger,1.0,0.0,1.0,39.0,40.0,2.5,2017,11,24215,152,10,1.0,1.0,1.0,1.0,0.0,0.0,11.0,1.0
2017-12-31,Manatee,FL,Passenger,1.0,0.0,1.0,38.0,39.0,2.56,2017,12,24216,152,11,1.0,1.0,1.0,1.0,0.0,0.0,12.0,1.0000000000000002
2018-01-31,Manatee,FL,Passenger,1.0,0.0,1.0,38.0,39.0,2.56,2018,1,24217,152,12,1.0,1.0,1.0,1.0,0.0,0.0,13.0,1.0000000000000002
2018-02-28,Manatee,FL,Passenger,1.0,0.0,1.0,38.0,39.0,2.56,2018,2,24218,152,13,1.0,1.0,1.0,1.0,0.0,0.0,14.0,1.0000000000000009
2018-03-31,Manatee,FL,Passenger,1.0,0.0,1.0,37.0,38.0,2.63,2018,3,24219,152,14,1.0,1.0,1.0,1.0,0.0,0.0,15.0,1.0000000000000007
2018-04-30,Manatee,FL,Passenger,1.0,0.0,1.0,38.0,39.0,2.56,2018,4,24220,152,15,1.0,1.0,1.0,1.0,0.0,0.0,16.0,1.0000000000000009
2018-05-31,Manatee,FL,Passenger,1.0,0.0,1.0,38.0,39.0,2.56,2018,5,24221,152,16,1.0,1.0,1.0,1.0,0.0,0.0,17.0,1.0
2018-06-30,Manatee,FL,Passenger,1.0,0.0,1.0,38.0,39.0,2.56,2018,6,24222,152,17,1.0,1.0,1.0,1.0,0.0,0.0,18.0,1.0000000000000002
2018-07-31,Manatee,FL,Passenger,1.0,0.0,1.0,38.0,39.0,2.56,2018,7,24223,152,18,1.0,1.0,1.0,1.0,0.0,0.0,19.0,1.000000000000002
2018-08-31,Manatee,FL,Passenger,1.0,0.0,1.0,38.0,39.0,2.56,2018,8,24224,152,19,1.0,1.0,1.0,1.0,0.0,0.0,20.0,0.9999999999999998
2018-09-30,Manatee,FL,Passenger,1.0,0.0,1.0,38.0,39.0,2.56,2018,9,24225,152,20,1.0,1.0,1.0,1.0,0.0,0.0,21.0,1.000000000000001
2018-10-31,Manatee,FL,Passenger,1.0,0.0,1.0,40.0,41.0,2.44,2018,10,24226,152,21,1.0,1.0,1.0,1.0,0.0,0.0,22.0,1.0000000000000013
2018-11-30,Manatee,FL,Passenger,1.0,0.0,1.0,40.0,41.0,2.44,2018,11,24227,152,22,1.0,1.0,1.0,1.0,0.0,0.0,23.0,1.0000000000000013
2018-12-31,Manatee,FL,Passenger,1.0,0.0,1.0,38.0,39.0,2.56,2018,12,24228,152,23,1.0,1.0,1.0,1.0,0.0,0.0,24.0,1.0000000000000004
2019-01-31,Manatee,FL,Passenger,1.0,0.0,1.0,37.0,38.0,2.63,2019,1,24229,152,24,1.0,1.0,1.0,1.0,0.0,0.0,25.0,1.0000000000000013
2019-02-28,Manatee,FL,Passenger,1.0,0.0,1.0,36.0,37.0,2.7,2019,2,24230,152,25,1.0,1.0,1.0,1.0,0.0,0.0,26.0,1.0000000000000013
2019-03-31,Manatee,FL,Passenger,1.0,0.0,1.0,33.0,34.0,2.94,2019,3,24231,152,26,1.0,1.0,1.0,1.0,0.0,0.0,27.0,1.0000000000000013
2019-04-30,Manatee,FL,Passenger,1.0,0.0,1.0,33.0,34.0,2.94,2019,4,24232,152,27,1.0,1.0,1.0,1.0,0.0,0.0,28.0,1.0000000000000013
2019-05-31,Manatee,FL,Passenger,1.0,0.0,1.0,32.0,33.0,3.03,2019,5,24233,152,28,1.0,1.0,1.0,1.0,0.0,0.0,29.0,1.0000000000000024
2019-06-30,Manatee,FL,Passenger,1.0,0.0,1.0,33.0,34.0,2.94,2019,6,24234,152,29,1.0,1.0,1.0,1.0,0.0,0.0,30.0,1.000000000000002
2019-07-31,Manatee,FL,Passenger,1.0,0.0,1.0,32.0,33.0,3.03,2019,7,24235,152,30,1.0,1.0,1.0,1.0,0.0,0.0,31.0,1.0000000000000009
2019-08-31,Manatee,FL,Passenger,1.0,0.0,1.0,35.0,36.0,2.78,2019,8,24236,152,31,1.0,1.0,1.0,1.0,0.0,0.0,32.0,1.000000000000002
2022-08-31,Maricopa,AZ,Passenger,8.0,3.0,11.0,960.0,971.0,1.13,2022,8,24272,153,67,10.0,11.0,11.0,10.666666666666666,0.10000000000000009,0.0,645.0,10.771428571428604
2022-09-30,Maricopa,AZ,Passenger,8.0,3.0,11.0,926.0,937.0,1.17,2022,9,24273,153,68,11.0,10.0,11.0,10.666666666666666,0.0,0.0,656.0,10.742857142857181
2022-10-31,Maricopa,AZ,Passenger,8.0,4.0,12.0,893.0,905.0,1.33,2022,10,24274,153,69,11.0,11.0,10.0,10.666666666666666,0.09090909090909083,0.19999999999999996,668.0,10.914285714285782
2022-11-30,Maricopa,AZ,Passenger,7.0,4.0,11.0,875.0,886.0,1.24,2022,11,24275,153,70,12.0,11.0,11.0,11.333333333333334,-0.08333333333333337,0.0,679.0,11.085714285714309
2022-12-31,Maricopa,AZ,Passenger,7.0,5.0,12.0,845.0,857.0,1.4,2022,12,24276,153,71,11.0,12.0,11.0,11.333333333333334,0.09090909090909083,0.09090909090909083,691.0,11.399999999999997
2023-01-31,Maricopa,AZ,Passenger,8.0,5.0,13.0,828.0,841.0,1.55,2023,1,24277,153,72,12.0,11.0,12.0,11.666666666666666,0.08333333333333326,0.08333333333333326,704.0,11.742857142857154
2023-02-28,Maricopa,AZ,Passenger,8.0,5.0,13.0,806.0,819.0,1.59,2023,2,24278,153,73,13.0,12.0,11.0,12.0,0.0,0.18181818181818188,717.0,12.14285714285719
2023-03-31,Maricopa,AZ,Passenger,8.0,5.0,13.0,777.0,790.0,1.65,2023,3,24279,153,74,13.0,13.0,12.0,12.666666666666666,0.0,0.08333333333333326,730.0,12.485714285714332
2023-04-30,Maricopa,AZ,Passenger,8.0,5.0,13.0,745.0,758.0,1.72,2023,4,24280,153,75,13.0,13.0,13.0,13.0,0.0,0.0,743.0,12.85714285714293
2023-05-31,Maricopa,AZ,Passenger,8.0,5.0,13.0,723.0,736.0,1.77,2023,5,24281,153,76,13.0,13.0,13.0,13.0,0.0,0.0,756.0,13.000000000000062
2023-06-30,Maricopa,AZ,Passenger,7.0,5.0,12.0,705.0,717.0,1.67,2023,6,24282,153,77,13.0,13.0,13.0,13.0,-0.07692307692307687,-0.07692307692307687,768.0,12.857142857142868
2023-07-31,Maricopa,AZ,Passenger,7.0,5.0,12.0,687.0,699.0,1.72,2023,7,24283,153,78,12.0,13.0,13.0,12.666666666666666,0.0,-0.07692307692307687,780.0,12.628571428571481
2023-08-31,Maricopa,AZ,Passenger,6.0,5.0,11.0,659.0,670.0,1.64,2023,8,24284,153,79,12.0,12.0,13.0,12.333333333333334,-0.08333333333333337,-0.15384615384615385,791.0,12.228571428571492
2023-09-30,Maricopa,AZ,Passenger,7.0,4.0,11.0,627.0,638.0,1.72,2023,9,24285,153,80,11.0,12.0,12.0,11.666666666666666,0.0,-0.08333333333333337,802.0,11.771428571428654
2023-10-31,Maricopa,AZ,Passenger,7.0,3.0,10.0,597.0,607.0,1.65,2023,10,24286,153,81,11.0,11.0,12.0,11.333333333333334,-0.09090909090909094,-0.16666666666666663,812.0,11.22857142857144
2023-11-30,Maricopa,AZ,Passenger,6.0,3.0,9.0,580.0,589.0,1.53,2023,11,24287,153,82,10.0,11.0,11.0,10.666666666666666,-0.09999999999999998,-0.18181818181818177,821.0,10.628571428571517
2023-12-31,Maricopa,AZ,Passenger,6.0,2.0,8.0,567.0,575.0,1.39,2023,12,24288,153,83,9.0,10.0,11.0,10.0,-0.11111111111111116,-0.2727272727272727,829.0,9.857142857142914
2024-01-31,Maricopa,AZ,Passenger,5.0,2.0,7.0,549.0,556.0,1.26,2024,1,24289,153,84,8.0,9.0,10.0,9.0,-0.125,-0.30000000000000004,836.0,9.000000000000089
2024-02-29,Maricopa,AZ,Passenger,5.0,2.0,7.0,521.0,528.0,1.33,2024,2,24290,153,85,7.0,8.0,9.0,8.0,0.0,-0.2222222222222222,843.0,8.142857142857187
2017-06-30,Marin,CA,Passenger,1.0,0.0,1.0,58.0,59.0,1.69,2017,6,24210,154,5,1.0,1.0,1.0,1.0,0.0,0.0,6.0,0.9999999999999998
2017-07-31,Marin,CA,Passenger,1.0,0.0,1.0,57.0,58.0,1.72,2017,7,24211,154,6,1.0,1.0,1.0,1.0,0.0,0.0,7.0,0.9999999999999998
2017-08-31,Marin,CA,Passenger,1.0,0.0,1.0,57.0,58.0,1.72,2017,8,24212,154,7,1.0,1.0,1.0,1.0,0.0,0.0,8.0,0.9999999999999999
2017-09-30,Marin,CA,Passenger,1.0,0.0,1.0,58.0,59.0,1.69,2017,9,24213,154,8,1.0,1.0,1.0,1.0,0.0,0.0,9.0,1.0000000000000002
2017-10-31,Marin,CA,Passenger,1.0,0.0,1.0,57.0,58.0,1.72,2017,10,24214,154,9,1.0,1.0,1.0,1.0,0.0,0.0,10.0,1.0000000000000002
2017-11-30,Marin,CA,Passenger,1.0,0.0,1.0,56.0,57.0,1.75,2017,11,24215,154,10,1.0,1.0,1.0,1.0,0.0,0.0,11.0,1.0
2017-12-31,Marin,CA,Passenger,1.0,0.0,1.0,57.0,58.0,1.72,2017,12,24216,154,11,1.0,1.0,1.0,1.0,0.0,0.0,12.0,1.0000000000000002
2018-01-31,Marin,CA,Passenger,1.0,0.0,1.0,55.0,56.0,1.79,2018,1,24217,154,12,1.0,1.0,1.0,1.0,0.0,0.0,13.0,1.0000000000000002
2018-02-28,Marin,CA,Passenger,1.0,0.0,1.0,55.0,56.0,1.79,2018,2,24218,154,13,1.0,1.0,1.0,1.0,0.0,0.0,14.0,1.0000000000000009
2018-03-31,Marin,CA,Passenger,1.0,0.0,1.0,54.0,55.0,1.82,2018,3,24219,154,14,1.0,1.0,1.0,1.0,0.0,0.0,15.0,1.0000000000000007
2018-04-30,Marin,CA,Passenger,1.0,0.0,1.0,56.0,57.0,1.75,2018,4,24220,154,15,1.0,1.0,1.0,1.0,0.0,0.0,16.0,1.0000000000000009
2018-05-31,Marin,CA,Passenger,1.0,0.0,1.0,56.0,57.0,1.75,2018,5,24221,154,16,1.0,1.0,1.0,1.0,0.0,0.0,17.0,1.0
2018-06-30,Marin,CA,Passenger,1.0,0.0,1.0,55.0,56.0,1.79,2018,6,24222,154,17,1.0,1.0,1.0,1.0,0.0,0.0,18.0,1.0000000000000002
2018-07-31,Marin,CA,Passenger,1.0,0.0,1.0,55.0,56.0,1.79,2018,7,24223,154,18,1.0,1.0,1.0,1.0,0.0,0.0,19.0,1.000000000000002
2021-11-30,Marin,CA,Passenger,1.0,1.0,2.0,37.0,39.0,5.13,2021,11,24263,154,19,1.0,1.0,1.0,1.0,1.0,1.0,21.0,1.1428571428571428
2021-12-31,Marin,CA,Passenger,1.0,1.0,2.0,36.0,38.0,5.26,2021,12,24264,154,20,2.0,1.0,1.0,1.3333333333333333,0.0,1.0,23.0,1.3714285714285723
2022-01-31,Marin,CA,Passenger,1.0,1.0,2.0,35.0,37.0,5.41,2022,1,24265,154,21,2.0,2.0,1.0,1.6666666666666667,0.0,1.0,25.0,1.6285714285714283
2022-02-28,Marin,CA,Passenger,1.0,1.0,2.0,33.0,35.0,5.71,2022,2,24266,154,22,2.0,2.0,2.0,2.0,0.0,0.0,27.0,1.857142857142858
2022-03-31,Marin,CA,Passenger,1.0,1.0,2.0,33.0,35.0,5.71,2022,3,24267,154,23,2.0,2.0,2.0,2.0,0.0,0.0,29.0,2.000000000000001
2022-04-30,Marin,CA,Passenger,1.0,1.0,2.0,33.0,35.0,5.71,2022,4,24268,154,24,2.0,2.0,2.0,2.0,0.0,0.0,31.0,2.0000000000000004
2022-05-31,Marin,CA,Passenger,1.0,1.0,2.0,32.0,34.0,5.88,2022,5,24269,154,25,2.0,2.0,2.0,2.0,0.0,0.0,33.0,2.0000000000000013
2022-06-30,Marin,CA,Passenger,1.0,1.0,2.0,32.0,34.0,5.88,2022,6,24270,154,26,2.0,2.0,2.0,2.0,0.0,0.0,35.0,2.000000000000001
2022-07-31,Marin,CA,Passenger,1.0,1.0,2.0,30.0,32.0,6.25,2022,7,24271,154,27,2.0,2.0,2.0,2.0,0.0,0.0,37.0,2.0000000000000004
2022-08-31,Marin,CA,Passenger,1.0,1.0,2.0,30.0,32.0,6.25,2022,8,24272,154,28,2.0,2.0,2.0,2.0,0.0,0.0,39.0,1.9999999999999991
2022-09-30,Marin,CA,Passenger,1.0,1.0,2.0,29.0,31.0,6.45,2022,9,24273,154,29,2.0,2.0,2.0,2.0,0.0,0.0,41.0,2.0000000000000027
2022-10-31,Marin,CA,Passenger,1.0,1.0,2.0,30.0,32.0,6.25,2022,10,24274,154,30,2.0,2.0,2.0,2.0,0.0,0.0,43.0,2.0000000000000027
2022-11-30,Marin,CA,Passenger,1.0,1.0,2.0,31.0,33.0,6.06,2022,11,24275,154,31,2.0,2.0,2.0,2.0,0.0,0.0,45.0,2.000000000000001
2022-12-31,Marin,CA,Passenger,1.0,1.0,2.0,31.0,33.0,6.06,2022,12,24276,154,32,2.0,2.0,2.0,2.0,0.0,0.0,47.0,2.0000000000000027
2023-01-31,Marin,CA,Passenger,1.0,1.0,2.0,31.0,33.0,6.06,2023,1,24277,154,33,2.0,2.0,2.0,2.0,0.0,0.0,49.0,2.000000000000001
2023-02-28,Marin,CA,Passenger,1.0,1.0,2.0,30.0,32.0,6.25,2023,2,24278,154,34,2.0,2.0,2.0,2.0,0.0,0.0,51.0,2.0000000000000018
2023-03-31,Marin,CA,Passenger,1.0,1.0,2.0,30.0,32.0,6.25,2023,3,24279,154,35,2.0,2.0,2.0,2.0,0.0,0.0,53.0,2.0000000000000027
2023-04-30,Marin,CA,Passenger,1.0,1.0,2.0,29.0,31.0,6.45,2023,4,24280,154,36,2.0,2.0,2.0,2.0,0.0,0.0,55.0,2.000000000000001
2023-05-31,Marin,CA,Passenger,1.0,1.0,2.0,30.0,32.0,6.25,2023,5,24281,154,37,2.0,2.0,2.0,2.0,0.0,0.0,57.0,2.000000000000001
2023-06-30,Marin,CA,Passenger,1.0,1.0,2.0,29.0,31.0,6.45,2023,6,24282,154,38,2.0,2.0,2.0,2.0,0.0,0.0,59.0,2.0000000000000018
2023-07-31,Marin,CA,Passenger,1.0,1.0,2.0,30.0,32.0,6.25,2023,7,24283,154,39,2.0,2.0,2.0,2.0,0.0,0.0,61.0,2.0000000000000018
2023-08-31,Marin,CA,Passenger,1.0,1.0,2.0,28.0,30.0,6.67,2023,8,24284,154,40,2.0,2.0,2.0,2.0,0.0,0.0,63.0,2.0000000000000018
2023-09-30,Marin,CA,Passenger,1.0,1.0,2.0,25.0,27.0,6.9025,2023,9,24285,154,41,2.0,2.0,2.0,2.0,0.0,0.0,65.0,2.0
2023-10-31,Marin,CA,Passenger,1.0,1.0,2.0,25.0,27.0,6.9025,2023,10,24286,154,42,2.0,2.0,2.0,2.0,0.0,0.0,67.0,2.000000000000004
2023-11-30,Marin,CA,Passenger,1.0,1.0,2.0,24.0,26.0,6.9025,2023,11,24287,154,43,2.0,2.0,2.0,2.0,0.0,0.0,69.0,2.0
2023-12-31,Marin,CA,Passenger,1.0,1.0,2.0,25.0,27.0,6.9025,2023,12,24288,154,44,2.0,2.0,2.0,2.0,0.0,0.0,71.0,2.0
2024-01-31,Marin,CA,Passenger,1.0,1.0,2.0,26.0,28.0,6.9025,2024,1,24289,154,45,2.0,2.0,2.0,2.0,0.0,0.0,73.0,2.0000000000000018
2024-02-29,Marin,CA,Passenger,1.0,1.0,2.0,25.0,27.0,6.9025,2024,2,24290,154,46,2.0,2.0,2.0,2.0,0.0,0.0,75.0,2.0000000000000058
2017-05-31,Marion,OR,Passenger,1.0,0.0,1.0,178.0,179.0,0.56,2017,5,24209,155,5,1.0,1.0,1.0,1.0,0.0,0.0,6.0,0.9999999999999998
2017-06-30,Marion,OR,Passenger,1.0,0.0,1.0,170.0,171.0,0.58,2017,6,24210,155,6,1.0,1.0,1.0,1.0,0.0,0.0,7.0,0.9999999999999998
2017-07-31,Marion,OR,Passenger,1.0,0.0,1.0,167.0,168.0,0.6,2017,7,24211,155,7,1.0,1.0,1.0,1.0,0.0,0.0,8.0,0.9999999999999999
2018-03-31,Marion,IN,Passenger,1.0,0.0,1.0,119.0,120.0,0.83,2018,3,24219,155,8,1.0,1.0,1.0,1.0,0.0,0.0,9.0,1.0000000000000002
2018-04-30,Marion,IN,Passenger,1.0,0.0,1.0,119.0,120.0,0.83,2018,4,24220,155,9,1.0,1.0,1.0,1.0,0.0,0.0,10.0,1.0000000000000002
2018-05-31,Marion,IN,Passenger,1.0,0.0,1.0,120.0,121.0,0.83,2018,5,24221,155,10,1.0,1.0,1.0,1.0,0.0,0.0,11.0,1.0
2018-06-30,Marion,IN,Passenger,1.0,0.0,1.0,120.0,121.0,0.83,2018,6,24222,155,11,1.0,1.0,1.0,1.0,0.0,0.0,12.0,1.0000000000000002
2018-07-31,Marion,IN,Passenger,1.0,0.0,1.0,120.0,121.0,0.83,2018,7,24223,155,12,1.0,1.0,1.0,1.0,0.0,0.0,13.0,1.0000000000000002
2018-08-31,Marion,IN,Passenger,1.0,0.0,1.0,121.0,122.0,0.82,2018,8,24224,155,13,1.0,1.0,1.0,1.0,0.0,0.0,14.0,1.0000000000000009
2018-08-31,Marion,OR,Passenger,1.0,0.0,1.0,127.0,128.0,0.78,2018,8,24224,155,14,1.0,1.0,1.0,1.0,0.0,0.0,15.0,1.0000000000000007
2018-09-30,Marion,OR,Passenger,1.0,0.0,1.0,127.0,128.0,0.78,2018,9,24225,155,15,1.0,1.0,1.0,1.0,0.0,0.0,16.0,1.0000000000000009
2018-09-30,Marion,IN,Passenger,1.0,0.0,1.0,120.0,121.0,0.83,2018,9,24225,155,16,1.0,1.0,1.0,1.0,0.0,0.0,17.0,1.0
2018-10-31,Marion,IN,Passenger,1.0,0.0,1.0,121.0,122.0,0.82,2018,10,24226,155,17,1.0,1.0,1.0,1.0,0.0,0.0,18.0,1.0000000000000002
2018-10-31,Marion,OR,Passenger,1.0,0.0,1.0,126.0,127.0,0.79,2018,10,24226,155,18,1.0,1.0,1.0,1.0,0.0,0.0,19.0,1.000000000000002
2018-11-30,Marion,IN,Passenger,1.0,0.0,1.0,122.0,123.0,0.81,2018,11,24227,155,19,1.0,1.0,1.0,1.0,0.0,0.0,20.0,0.9999999999999998
2018-11-30,Marion,OR,Passenger,1.0,0.0,1.0,124.0,125.0,0.8,2018,11,24227,155,20,1.0,1.0,1.0,1.0,0.0,0.0,21.0,1.000000000000001
2018-12-31,Marion,IN,Passenger,1.0,0.0,1.0,121.0,122.0,0.82,2018,12,24228,155,21,1.0,1.0,1.0,1.0,0.0,0.0,22.0,1.0000000000000013
2018-12-31,Marion,OR,Passenger,1.0,0.0,1.0,122.0,123.0,0.81,2018,12,24228,155,22,1.0,1.0,1.0,1.0,0.0,0.0,23.0,1.0000000000000013
2019-01-31,Marion,OR,Passenger,1.0,0.0,1.0,122.0,123.0,0.81,2019,1,24229,155,23,1.0,1.0,1.0,1.0,0.0,0.0,24.0,1.0000000000000004
2019-01-31,Marion,IN,Passenger,1.0,0.0,1.0,120.0,121.0,0.83,2019,1,24229,155,24,1.0,1.0,1.0,1.0,0.0,0.0,25.0,1.0000000000000013
2019-02-28,Marion,IN,Passenger,1.0,0.0,1.0,116.0,117.0,0.85,2019,2,24230,155,25,1.0,1.0,1.0,1.0,0.0,0.0,26.0,1.0000000000000013
2019-02-28,Marion,OR,Passenger,1.0,0.0,1.0,120.0,121.0,0.83,2019,2,24230,155,26,1.0,1.0,1.0,1.0,0.0,0.0,27.0,1.0000000000000013
2019-03-31,Marion,OR,Passenger,1.0,0.0,1.0,121.0,122.0,0.82,2019,3,24231,155,27,1.0,1.0,1.0,1.0,0.0,0.0,28.0,1.0000000000000013
2019-04-30,Marion,OR,Passenger,1.0,0.0,1.0,120.0,121.0,0.83,2019,4,24232,155,28,1.0,1.0,1.0,1.0,0.0,0.0,29.0,1.0000000000000024
2019-05-31,Marion,OR,Passenger,1.0,0.0,1.0,119.0,120.0,0.83,2019,5,24233,155,29,1.0,1.0,1.0,1.0,0.0,0.0,30.0,1.000000000000002
2019-06-30,Marion,OR,Passenger,1.0,0.0,1.0,122.0,123.0,0.81,2019,6,24234,155,30,1.0,1.0,1.0,1.0,0.0,0.0,31.0,1.0000000000000009
2019-07-31,Marion,OR,Passenger,1.0,0.0,1.0,123.0,124.0,0.81,2019,7,24235,155,31,1.0,1.0,1.0,1.0,0.0,0.0,32.0,1.000000000000002
2020-11-30,Marion,IA,Passenger,1.0,0.0,1.0,1.0,2.0,6.9025,2020,11,24251,155,32,1.0,1.0,1.0,1.0,0.0,0.0,33.0,1.0000000000000038
2020-12-31,Marion,IA,Passenger,1.0,0.0,1.0,1.0,2.0,6.9025,2020,12,24252,155,33,1.0,1.0,1.0,1.0,0.0,0.0,34.0,1.0000000000000004
2021-01-31,Marion,IA,Passenger,1.0,0.0,1.0,1.0,2.0,6.9025,2021,1,24253,155,34,1.0,1.0,1.0,1.0,0.0,0.0,35.0,1.000000000000002
2021-02-28,Marion,IA,Passenger,1.0,0.0,1.0,1.0,2.0,6.9025,2021,2,24254,155,35,1.0,1.0,1.0,1.0,0.0,0.0,36.0,1.0000000000000029
2021-03-31,Marion,IA,Passenger,1.0,0.0,1.0,1.0,2.0,6.9025,2021,3,24255,155,36,1.0,1.0,1.0,1.0,0.0,0.0,37.0,1.0000000000000038
2021-04-30,Marion,IA,Passenger,1.0,0.0,1.0,1.0,2.0,6.9025,2021,4,24256,155,37,1.0,1.0,1.0,1.0,0.0,0.0,38.0,1.0
2021-05-31,Marion,IA,Passenger,1.0,0.0,1.0,1.0,2.0,6.9025,2021,5,24257,155,38,1.0,1.0,1.0,1.0,0.0,0.0,39.0,1.0000000000000009
2021-06-30,Marion,IA,Passenger,1.0,0.0,1.0,1.0,2.0,6.9025,2021,6,24258,155,39,1.0,1.0,1.0,1.0,0.0,0.0,40.0,1.0000000000000009
2021-07-31,Marion,IA,Passenger,1.0,0.0,1.0,1.0,2.0,6.9025,2021,7,24259,155,40,1.0,1.0,1.0,1.0,0.0,0.0,41.0,1.0000000000000038
2021-08-31,Marion,IA,Passenger,1.0,0.0,1.0,1.0,2.0,6.9025,2021,8,24260,155,41,1.0,1.0,1.0,1.0,0.0,0.0,42.0,1.0000000000000009
2021-09-30,Marion,IA,Passenger,1.0,0.0,1.0,1.0,2.0,6.9025,2021,9,24261,155,42,1.0,1.0,1.0,1.0,0.0,0.0,43.0,1.0000000000000029
2021-10-31,Marion,IA,Passenger,1.0,0.0,1.0,1.0,2.0,6.9025,2021,10,24262,155,43,1.0,1.0,1.0,1.0,0.0,0.0,44.0,1.0000000000000029
2021-11-30,Marion,IA,Passenger,1.0,0.0,1.0,1.0,2.0,6.9025,2021,11,24263,155,44,1.0,1.0,1.0,1.0,0.0,0.0,45.0,1.0000000000000009
2021-12-31,Marion,IA,Passenger,1.0,0.0,1.0,0.0,1.0,6.9025,2021,12,24264,155,45,1.0,1.0,1.0,1.0,0.0,0.0,46.0,1.0000000000000009
2022-01-31,Marion,IA,Passenger,1.0,0.0,1.0,0.0,1.0,6.9025,2022,1,24265,155,46,1.0,1.0,1.0,1.0,0.0,0.0,47.0,1.0000000000000029
2022-02-28,Marion,IA,Passenger,1.0,0.0,1.0,0.0,1.0,6.9025,2022,2,24266,155,47,1.0,1.0,1.0,1.0,0.0,0.0,48.0,1.0000000000000009
2022-03-31,Marion,IA,Passenger,1.0,0.0,1.0,0.0,1.0,6.9025,2022,3,24267,155,48,1.0,1.0,1.0,1.0,0.0,0.0,49.0,1.000000000000002
2022-04-30,Marion,IA,Passenger,1.0,0.0,1.0,0.0,1.0,6.9025,2022,4,24268,155,49,1.0,1.0,1.0,1.0,0.0,0.0,50.0,1.000000000000002
2022-05-31,Marion,IA,Passenger,1.0,0.0,1.0,0.0,1.0,6.9025,2022,5,24269,155,50,1.0,1.0,1.0,1.0,0.0,0.0,51.0,1.000000000000002
2022-06-30,Marion,IA,Passenger,1.0,0.0,1.0,0.0,1.0,6.9025,2022,6,24270,155,51,1.0,1.0,1.0,1.0,0.0,0.0,52.0,1.0000000000000009
2022-07-31,Marion,IA,Passenger,1.0,0.0,1.0,0.0,1.0,6.9025,2022,7,24271,155,52,1.0,1.0,1.0,1.0,0.0,0.0,53.0,1.0000000000000029
2022-08-31,Marion,IA,Passenger,1.0,0.0,1.0,0.0,1.0,6.9025,2022,8,24272,155,53,1.0,1.0,1.0,1.0,0.0,0.0,54.0,1.0000000000000049
2022-09-30,Marion,IA,Passenger,1.0,0.0,1.0,0.0,1.0,6.9025,2022,9,24273,155,54,1.0,1.0,1.0,1.0,0.0,0.0,55.0,1.0000000000000038
2022-10-31,Marion,IA,Passenger,1.0,0.0,1.0,0.0,1.0,6.9025,2022,10,24274,155,55,1.0,1.0,1.0,1.0,0.0,0.0,56.0,1.0
2022-11-30,Marion,IA,Passenger,1.0,0.0,1.0,0.0,1.0,6.9025,2022,11,24275,155,56,1.0,1.0,1.0,1.0,0.0,0.0,57.0,1.000000000000002
2022-12-31,Marion,IA,Passenger,1.0,0.0,1.0,0.0,1.0,6.9025,2022,12,24276,155,57,1.0,1.0,1.0,1.0,0.0,0.0,58.0,1.0000000000000038
2023-01-31,Marion,IA,Passenger,1.0,0.0,1.0,0.0,1.0,6.9025,2023,1,24277,155,58,1.0,1.0,1.0,1.0,0.0,0.0,59.0,1.0000000000000038
2023-02-28,Marion,IA,Passenger,1.0,0.0,1.0,0.0,1.0,6.9025,2023,2,24278,155,59,1.0,1.0,1.0,1.0,0.0,0.0,60.0,1.0000000000000038
2023-03-31,Marion,IA,Passenger,1.0,0.0,1.0,0.0,1.0,6.9025,2023,3,24279,155,60,1.0,1.0,1.0,1.0,0.0,0.0,61.0,1.0000000000000049
2023-04-30,Marion,IA,Passenger,1.0,0.0,1.0,0.0,1.0,6.9025,2023,4,24280,155,61,1.0,1.0,1.0,1.0,0.0,0.0,62.0,1.0000000000000067
2023-05-31,Marion,IA,Passenger,1.0,0.0,1.0,0.0,1.0,6.9025,2023,5,24281,155,62,1.0,1.0,1.0,1.0,0.0,0.0,63.0,1.0000000000000009
2023-06-30,Marion,IA,Passenger,1.0,0.0,1.0,0.0,1.0,6.9025,2023,6,24282,155,63,1.0,1.0,1.0,1.0,0.0,0.0,64.0,0.999999999999999
2023-07-31,Marion,IA,Passenger,1.0,0.0,1.0,0.0,1.0,6.9025,2023,7,24283,155,64,1.0,1.0,1.0,1.0,0.0,0.0,65.0,1.0000000000000049
2023-08-31,Marion,IA,Passenger,1.0,0.0,1.0,0.0,1.0,6.9025,2023,8,24284,155,65,1.0,1.0,1.0,1.0,0.0,0.0,66.0,1.0000000000000029
2023-09-30,Marion,IA,Passenger,1.0,0.0,1.0,0.0,1.0,6.9025,2023,9,24285,155,66,1.0,1.0,1.0,1.0,0.0,0.0,67.0,1.0000000000000049
2023-10-31,Marion,IA,Passenger,1.0,0.0,1.0,0.0,1.0,6.9025,2023,10,24286,155,67,1.0,1.0,1.0,1.0,0.0,0.0,68.0,1.0000000000000087
2023-11-30,Marion,IA,Passenger,1.0,0.0,1.0,0.0,1.0,6.9025,2023,11,24287,155,68,1.0,1.0,1.0,1.0,0.0,0.0,69.0,1.0000000000000067
2023-12-31,Marion,IA,Passenger,1.0,0.0,1.0,0.0,1.0,6.9025,2023,12,24288,155,69,1.0,1.0,1.0,1.0,0.0,0.0,70.0,1.0000000000000049
2024-01-31,Marion,IA,Passenger,1.0,0.0,1.0,0.0,1.0,6.9025,2024,1,24289,155,70,1.0,1.0,1.0,1.0,0.0,0.0,71.0,1.0000000000000049
2024-02-29,Marion,IA,Passenger,1.0,0.0,1.0,0.0,1.0,6.9025,2024,2,24290,155,71,1.0,1.0,1.0,1.0,0.0,0.0,72.0,1.0000000000000067
2017-06-30,Maui,HI,Passenger,1.0,0.0,1.0,70.0,71.0,1.41,2017,6,24210,157,5,1.0,1.0,1.0,1.0,0.0,0.0,6.0,0.9999999999999998
2017-07-31,Maui,HI,Passenger,1.0,0.0,1.0,69.0,70.0,1.43,2017,7,24211,157,6,1.0,1.0,1.0,1.0,0.0,0.0,7.0,0.9999999999999998
2017-08-31,Maui,HI,Passenger,1.0,0.0,1.0,70.0,71.0,1.41,2017,8,24212,157,7,1.0,1.0,1.0,1.0,0.0,0.0,8.0,0.9999999999999999
2017-09-30,Maui,HI,Passenger,1.0,0.0,1.0,71.0,72.0,1.39,2017,9,24213,157,8,1.0,1.0,1.0,1.0,0.0,0.0,9.0,1.0000000000000002
2017-10-31,Maui,HI,Passenger,1.0,0.0,1.0,70.0,71.0,1.41,2017,10,24214,157,9,1.0,1.0,1.0,1.0,0.0,0.0,10.0,1.0000000000000002
2017-11-30,Maui,HI,Passenger,1.0,0.0,1.0,69.0,70.0,1.43,2017,11,24215,157,10,1.0,1.0,1.0,1.0,0.0,0.0,11.0,1.0
2017-12-31,Maui,HI,Passenger,1.0,0.0,1.0,68.0,69.0,1.45,2017,12,24216,157,11,1.0,1.0,1.0,1.0,0.0,0.0,12.0,1.0000000000000002
2018-01-31,Maui,HI,Passenger,1.0,0.0,1.0,67.0,68.0,1.47,2018,1,24217,157,12,1.0,1.0,1.0,1.0,0.0,0.0,13.0,1.0000000000000002
2018-02-28,Maui,HI,Passenger,1.0,0.0,1.0,66.0,67.0,1.49,2018,2,24218,157,13,1.0,1.0,1.0,1.0,0.0,0.0,14.0,1.0000000000000009
2018-03-31,Maui,HI,Passenger,1.0,0.0,1.0,64.0,65.0,1.54,2018,3,24219,157,14,1.0,1.0,1.0,1.0,0.0,0.0,15.0,1.0000000000000007
2018-04-30,Maui,HI,Passenger,1.0,0.0,1.0,59.0,60.0,1.67,2018,4,24220,157,15,1.0,1.0,1.0,1.0,0.0,0.0,16.0,1.0000000000000009
2018-05-31,Maui,HI,Passenger,1.0,0.0,1.0,59.0,60.0,1.67,2018,5,24221,157,16,1.0,1.0,1.0,1.0,0.0,0.0,17.0,1.0
2018-06-30,Maui,HI,Passenger,1.0,0.0,1.0,56.0,57.0,1.75,2018,6,24222,157,17,1.0,1.0,1.0,1.0,0.0,0.0,18.0,1.0000000000000002
2018-07-31,Maui,HI,Passenger,1.0,0.0,1.0,56.0,57.0,1.75,2018,7,24223,157,18,1.0,1.0,1.0,1.0,0.0,0.0,19.0,1.000000000000002
2018-08-31,Maui,HI,Passenger,1.0,0.0,1.0,56.0,57.0,1.75,2018,8,24224,157,19,1.0,1.0,1.0,1.0,0.0,0.0,20.0,0.9999999999999998
2018-09-30,Maui,HI,Passenger,1.0,0.0,1.0,56.0,57.0,1.75,2018,9,24225,157,20,1.0,1.0,1.0,1.0,0.0,0.0,21.0,1.000000000000001
2018-10-31,Maui,HI,Passenger,2.0,0.0,2.0,55.0,57.0,3.51,2018,10,24226,157,21,1.0,1.0,1.0,1.0,1.0,1.0,23.0,1.1428571428571426
2018-11-30,Maui,HI,Passenger,2.0,0.0,2.0,53.0,55.0,3.64,2018,11,24227,157,22,2.0,1.0,1.0,1.3333333333333333,0.0,1.0,25.0,1.371428571428573
2018-12-31,Maui,HI,Passenger,2.0,0.0,2.0,52.0,54.0,3.7,2018,12,24228,157,23,2.0,2.0,1.0,1.6666666666666667,0.0,1.0,27.0,1.62857142857143
2019-01-31,Maui,HI,Passenger,2.0,0.0,2.0,51.0,53.0,3.77,2019,1,24229,157,24,2.0,2.0,2.0,2.0,0.0,0.0,29.0,1.8571428571428588
2019-02-28,Maui,HI,Passenger,2.0,0.0,2.0,51.0,53.0,3.77,2019,2,24230,157,25,2.0,2.0,2.0,2.0,0.0,0.0,31.0,2.0000000000000004
2019-03-31,Maui,HI,Passenger,2.0,0.0,2.0,50.0,52.0,3.85,2019,3,24231,157,26,2.0,2.0,2.0,2.0,0.0,0.0,33.0,2.0000000000000013
2019-04-30,Maui,HI,Passenger,2.0,0.0,2.0,48.0,50.0,4.0,2019,4,24232,157,27,2.0,2.0,2.0,2.0,0.0,0.0,35.0,2.000000000000001
2019-05-31,Maui,HI,Passenger,2.0,0.0,2.0,48.0,50.0,4.0,2019,5,24233,157,28,2.0,2.0,2.0,2.0,0.0,0.0,37.0,2.0000000000000004
2019-06-30,Maui,HI,Passenger,2.0,0.0,2.0,47.0,49.0,4.08,2019,6,24234,157,29,2.0,2.0,2.0,2.0,0.0,0.0,39.0,1.9999999999999991
2019-07-31,Maui,HI,Passenger,2.0,0.0,2.0,47.0,49.0,4.08,2019,7,24235,157,30,2.0,2.0,2.0,2.0,0.0,0.0,41.0,2.0000000000000027
2019-08-31,Maui,HI,Passenger,2.0,0.0,2.0,45.0,47.0,4.26,2019,8,24236,157,31,2.0,2.0,2.0,2.0,0.0,0.0,43.0,2.0000000000000027
2019-09-30,Maui,HI,Passenger,2.0,0.0,2.0,44.0,46.0,4.35,2019,9,24237,157,32,2.0,2.0,2.0,2.0,0.0,0.0,45.0,2.000000000000001
2019-10-31,Maui,HI,Passenger,2.0,0.0,2.0,46.0,48.0,4.17,2019,10,24238,157,33,2.0,2.0,2.0,2.0,0.0,0.0,47.0,2.0000000000000027
2019-11-30,Maui,HI,Passenger,2.0,0.0,2.0,45.0,47.0,4.26,2019,11,24239,157,34,2.0,2.0,2.0,2.0,0.0,0.0,49.0,2.000000000000001
2019-12-31,Maui,HI,Passenger,2.0,0.0,2.0,41.0,43.0,4.65,2019,12,24240,157,35,2.0,2.0,2.0,2.0,0.0,0.0,51.0,2.0000000000000018
2020-01-31,Maui,HI,Passenger,2.0,0.0,2.0,41.0,43.0,4.65,2020,1,24241,157,36,2.0,2.0,2.0,2.0,0.0,0.0,53.0,2.0000000000000027
2020-02-29,Maui,HI,Passenger,2.0,0.0,2.0,39.0,41.0,4.88,2020,2,24242,157,37,2.0,2.0,2.0,2.0,0.0,0.0,55.0,2.000000000000001
2020-03-31,Maui,HI,Passenger,2.0,0.0,2.0,37.0,39.0,5.13,2020,3,24243,157,38,2.0,2.0,2.0,2.0,0.0,0.0,57.0,2.000000000000001
2020-04-30,Maui,HI,Passenger,2.0,0.0,2.0,37.0,39.0,5.13,2020,4,24244,157,39,2.0,2.0,2.0,2.0,0.0,0.0,59.0,2.0000000000000018
2020-05-31,Maui,HI,Passenger,2.0,0.0,2.0,35.0,37.0,5.41,2020,5,24245,157,40,2.0,2.0,2.0,2.0,0.0,0.0,61.0,2.0000000000000018
2020-06-30,Maui,HI,Passenger,2.0,0.0,2.0,34.0,36.0,5.56,2020,6,24246,157,41,2.0,2.0,2.0,2.0,0.0,0.0,63.0,2.0000000000000018
2020-07-31,Maui,HI,Passenger,2.0,0.0,2.0,35.0,37.0,5.41,2020,7,24247,157,42,2.0,2.0,2.0,2.0,0.0,0.0,65.0,2.0
2020-08-31,Maui,HI,Passenger,2.0,0.0,2.0,33.0,35.0,5.71,2020,8,24248,157,43,2.0,2.0,2.0,2.0,0.0,0.0,67.0,2.000000000000004
2020-09-30,Maui,HI,Passenger,2.0,0.0,2.0,32.0,34.0,5.88,2020,9,24249,157,44,2.0,2.0,2.0,2.0,0.0,0.0,69.0,2.0
2020-10-31,Maui,HI,Passenger,2.0,0.0,2.0,31.0,33.0,6.06,2020,10,24250,157,45,2.0,2.0,2.0,2.0,0.0,0.0,71.0,2.0
2020-11-30,Maui,HI,Passenger,2.0,0.0,2.0,31.0,33.0,6.06,2020,11,24251,157,46,2.0,2.0,2.0,2.0,0.0,0.0,73.0,2.0000000000000018
2020-12-31,Maui,HI,Passenger,2.0,0.0,2.0,30.0,32.0,6.25,2020,12,24252,157,47,2.0,2.0,2.0,2.0,0.0,0.0,75.0,2.0000000000000058
2021-01-31,Maui,HI,Passenger,2.0,0.0,2.0,29.0,31.0,6.45,2021,1,24253,157,48,2.0,2.0,2.0,2.0,0.0,0.0,77.0,2.0000000000000058
2021-02-28,Maui,HI,Passenger,2.0,0.0,2.0,30.0,32.0,6.25,2021,2,24254,157,49,2.0,2.0,2.0,2.0,0.0,0.0,79.0,2.0
2021-03-31,Maui,HI,Passenger,2.0,0.0,2.0,29.0,31.0,6.45,2021,3,24255,157,50,2.0,2.0,2.0,2.0,0.0,0.0,81.0,2.0000000000000075
2021-04-30,Maui,HI,Passenger,2.0,0.0,2.0,30.0,32.0,6.25,2021,4,24256,157,51,2.0,2.0,2.0,2.0,0.0,0.0,83.0,2.0000000000000075
2021-05-31,Maui,HI,Passenger,2.0,0.0,2.0,29.0,31.0,6.45,2021,5,24257,157,52,2.0,2.0,2.0,2.0,0.0,0.0,85.0,2.0000000000000098
2021-06-30,Maui,HI,Passenger,2.0,0.0,2.0,29.0,31.0,6.45,2021,6,24258,157,53,2.0,2.0,2.0,2.0,0.0,0.0,87.0,2.0000000000000075
2021-07-31,Maui,HI,Passenger,1.0,0.0,1.0,30.0,31.0,3.23,2021,7,24259,157,54,2.0,2.0,2.0,2.0,-0.5,-0.5,88.0,1.8571428571428596
2021-08-31,Maui,HI,Passenger,1.0,0.0,1.0,28.0,29.0,3.45,2021,8,24260,157,55,1.0,2.0,2.0,1.6666666666666667,0.0,-0.5,89.0,1.6285714285714339
2021-09-30,Maui,HI,Passenger,1.0,0.0,1.0,27.0,28.0,3.57,2021,9,24261,157,56,1.0,1.0,2.0,1.3333333333333333,0.0,-0.5,90.0,1.3714285714285805
2021-10-31,Maui,HI,Passenger,1.0,0.0,1.0,27.0,28.0,3.57,2021,10,24262,157,57,1.0,1.0,1.0,1.0,0.0,0.0,91.0,1.142857142857145
2021-11-30,Maui,HI,Passenger,1.0,0.0,1.0,28.0,29.0,3.45,2021,11,24263,157,58,1.0,1.0,1.0,1.0,0.0,0.0,92.0,1.0000000000000029
2021-12-31,Maui,HI,Passenger,1.0,0.0,1.0,28.0,29.0,3.45,2021,12,24264,157,59,1.0,1.0,1.0,1.0,0.0,0.0,93.0,1.0000000000000067
2022-01-31,Maui,HI,Passenger,1.0,0.0,1.0,28.0,29.0,3.45,2022,1,24265,157,60,1.0,1.0,1.0,1.0,0.0,0.0,94.0,1.0000000000000049
2022-02-28,Maui,HI,Passenger,1.0,0.0,1.0,28.0,29.0,3.45,2022,2,24266,157,61,1.0,1.0,1.0,1.0,0.0,0.0,95.0,1.0000000000000049
2022-03-31,Maui,HI,Passenger,1.0,0.0,1.0,28.0,29.0,3.45,2022,3,24267,157,62,1.0,1.0,1.0,1.0,0.0,0.0,96.0,1.0000000000000029
2022-04-30,Maui,HI,Passenger,1.0,0.0,1.0,26.0,27.0,3.7,2022,4,24268,157,63,1.0,1.0,1.0,1.0,0.0,0.0,97.0,1.0000000000000049
2022-05-31,Maui,HI,Passenger,1.0,0.0,1.0,27.0,28.0,3.57,2022,5,24269,157,64,1.0,1.0,1.0,1.0,0.0,0.0,98.0,1.0000000000000049
2022-06-30,Maui,HI,Passenger,1.0,0.0,1.0,26.0,27.0,3.7,2022,6,24270,157,65,1.0,1.0,1.0,1.0,0.0,0.0,99.0,1.0000000000000009
2022-07-31,Maui,HI,Passenger,1.0,0.0,1.0,24.0,25.0,4.0,2022,7,24271,157,66,1.0,1.0,1.0,1.0,0.0,0.0,100.0,1.0000000000000029
2022-08-31,Maui,HI,Passenger,1.0,0.0,1.0,24.0,25.0,4.0,2022,8,24272,157,67,1.0,1.0,1.0,1.0,0.0,0.0,101.0,1.0000000000000087
2022-09-30,Maui,HI,Passenger,1.0,0.0,1.0,25.0,26.0,3.85,2022,9,24273,157,68,1.0,1.0,1.0,1.0,0.0,0.0,102.0,1.0000000000000009
2022-10-31,Maui,HI,Passenger,1.0,0.0,1.0,25.0,26.0,3.85,2022,10,24274,157,69,1.0,1.0,1.0,1.0,0.0,0.0,103.0,1.0000000000000087
2022-11-30,Maui,HI,Passenger,1.0,0.0,1.0,25.0,26.0,3.85,2022,11,24275,157,70,1.0,1.0,1.0,1.0,0.0,0.0,104.0,1.0000000000000067
2022-12-31,Maui,HI,Passenger,1.0,0.0,1.0,27.0,28.0,3.57,2022,12,24276,157,71,1.0,1.0,1.0,1.0,0.0,0.0,105.0,1.0000000000000104
2023-01-31,Maui,HI,Passenger,1.0,0.0,1.0,26.0,27.0,3.7,2023,1,24277,157,72,1.0,1.0,1.0,1.0,0.0,0.0,106.0,1.0000000000000067
2023-02-28,Maui,HI,Passenger,1.0,0.0,1.0,24.0,25.0,4.0,2023,2,24278,157,73,1.0,1.0,1.0,1.0,0.0,0.0,107.0,1.0000000000000067
2023-03-31,Maui,HI,Passenger,1.0,0.0,1.0,24.0,25.0,4.0,2023,3,24279,157,74,1.0,1.0,1.0,1.0,0.0,0.0,108.0,1.0000000000000067
2023-04-30,Maui,HI,Passenger,1.0,0.0,1.0,21.0,22.0,4.55,2023,4,24280,157,75,1.0,1.0,1.0,1.0,0.0,0.0,109.0,1.0000000000000067
2023-05-31,Maui,HI,Passenger,1.0,0.0,1.0,21.0,22.0,4.55,2023,5,24281,157,76,1.0,1.0,1.0,1.0,0.0,0.0,110.0,1.0000000000000067
2023-06-30,Maui,HI,Passenger,1.0,0.0,1.0,21.0,22.0,4.55,2023,6,24282,157,77,1.0,1.0,1.0,1.0,0.0,0.0,111.0,0.999999999999999
2023-07-31,Maui,HI,Passenger,1.0,0.0,1.0,22.0,23.0,4.35,2023,7,24283,157,78,1.0,1.0,1.0,1.0,0.0,0.0,112.0,1.0000000000000087
2023-08-31,Maui,HI,Passenger,1.0,0.0,1.0,22.0,23.0,4.35,2023,8,24284,157,79,1.0,1.0,1.0,1.0,0.0,0.0,113.0,1.0000000000000124
2023-09-30,Maui,HI,Passenger,1.0,0.0,1.0,21.0,22.0,4.55,2023,9,24285,157,80,1.0,1.0,1.0,1.0,0.0,0.0,114.0,1.0000000000000049
2023-10-31,Maui,HI,Passenger,1.0,0.0,1.0,20.0,21.0,4.76,2023,10,24286,157,81,1.0,1.0,1.0,1.0,0.0,0.0,115.0,1.0000000000000087
2023-11-30,Maui,HI,Passenger,1.0,0.0,1.0,20.0,21.0,4.76,2023,11,24287,157,82,1.0,1.0,1.0,1.0,0.0,0.0,116.0,1.0000000000000087
2023-12-31,Maui,HI,Passenger,1.0,0.0,1.0,20.0,21.0,4.76,2023,12,24288,157,83,1.0,1.0,1.0,1.0,0.0,0.0,117.0,1.0000000000000049
2024-01-31,Maui,HI,Passenger,1.0,0.0,1.0,20.0,21.0,4.76,2024,1,24289,157,84,1.0,1.0,1.0,1.0,0.0,0.0,118.0,1.0000000000000009
2024-02-29,Maui,HI,Passenger,1.0,0.0,1.0,19.0,20.0,5.0,2024,2,24290,157,85,1.0,1.0,1.0,1.0,0.0,0.0,119.0,1.0000000000000049
2021-09-30,Meade,KY,Passenger,1.0,0.0,1.0,25.0,26.0,3.85,2021,9,24261,158,5,1.0,1.0,1.0,1.0,0.0,0.0,6.0,0.9999999999999998
2021-10-31,Meade,KY,Passenger,1.0,0.0,1.0,24.0,25.0,4.0,2021,10,24262,158,6,1.0,1.0,1.0,1.0,0.0,0.0,7.0,0.9999999999999998
2021-11-30,Meade,KY,Passenger,1.0,0.0,1.0,23.0,24.0,4.17,2021,11,24263,158,7,1.0,1.0,1.0,1.0,0.0,0.0,8.0,0.9999999999999999
2021-12-31,Meade,KY,Passenger,1.0,0.0,1.0,24.0,25.0,4.0,2021,12,24264,158,8,1.0,1.0,1.0,1.0,0.0,0.0,9.0,1.0000000000000002
2022-01-31,Meade,KY,Passenger,1.0,0.0,1.0,24.0,25.0,4.0,2022,1,24265,158,9,1.0,1.0,1.0,1.0,0.0,0.0,10.0,1.0000000000000002
2022-02-28,Meade,KY,Passenger,1.0,0.0,1.0,23.0,24.0,4.17,2022,2,24266,158,10,1.0,1.0,1.0,1.0,0.0,0.0,11.0,1.0
2022-03-31,Meade,KY,Passenger,1.0,0.0,1.0,22.0,23.0,4.35,2022,3,24267,158,11,1.0,1.0,1.0,1.0,0.0,0.0,12.0,1.0000000000000002
2022-04-30,Meade,KY,Passenger,1.0,0.0,1.0,23.0,24.0,4.17,2022,4,24268,158,12,1.0,1.0,1.0,1.0,0.0,0.0,13.0,1.0000000000000002
2022-05-31,Meade,KY,Passenger,1.0,0.0,1.0,23.0,24.0,4.17,2022,5,24269,158,13,1.0,1.0,1.0,1.0,0.0,0.0,14.0,1.0000000000000009
2022-06-30,Meade,KY,Passenger,1.0,0.0,1.0,22.0,23.0,4.35,2022,6,24270,158,14,1.0,1.0,1.0,1.0,0.0,0.0,15.0,1.0000000000000007
2022-07-31,Meade,KY,Passenger,1.0,0.0,1.0,21.0,22.0,4.55,2022,7,24271,158,15,1.0,1.0,1.0,1.0,0.0,0.0,16.0,1.0000000000000009
2022-08-31,Meade,KY,Passenger,1.0,0.0,1.0,21.0,22.0,4.55,2022,8,24272,158,16,1.0,1.0,1.0,1.0,0.0,0.0,17.0,1.0
2022-09-30,Meade,KY,Passenger,1.0,0.0,1.0,21.0,22.0,4.55,2022,9,24273,158,17,1.0,1.0,1.0,1.0,0.0,0.0,18.0,1.0000000000000002
2022-10-31,Meade,KY,Passenger,1.0,0.0,1.0,20.0,21.0,4.76,2022,10,24274,158,18,1.0,1.0,1.0,1.0,0.0,0.0,19.0,1.000000000000002
2022-11-30,Meade,KY,Passenger,1.0,0.0,1.0,20.0,21.0,4.76,2022,11,24275,158,19,1.0,1.0,1.0,1.0,0.0,0.0,20.0,0.9999999999999998
2022-12-31,Meade,KY,Passenger,1.0,0.0,1.0,19.0,20.0,5.0,2022,12,24276,158,20,1.0,1.0,1.0,1.0,0.0,0.0,21.0,1.000000000000001
2023-01-31,Meade,KY,Passenger,1.0,0.0,1.0,18.0,19.0,5.26,2023,1,24277,158,21,1.0,1.0,1.0,1.0,0.0,0.0,22.0,1.0000000000000013
2023-02-28,Meade,KY,Passenger,1.0,0.0,1.0,18.0,19.0,5.26,2023,2,24278,158,22,1.0,1.0,1.0,1.0,0.0,0.0,23.0,1.0000000000000013
2023-03-31,Meade,KY,Passenger,1.0,0.0,1.0,18.0,19.0,5.26,2023,3,24279,158,23,1.0,1.0,1.0,1.0,0.0,0.0,24.0,1.0000000000000004
2023-04-30,Meade,KY,Passenger,1.0,0.0,1.0,18.0,19.0,5.26,2023,4,24280,158,24,1.0,1.0,1.0,1.0,0.0,0.0,25.0,1.0000000000000013
2023-05-31,Meade,KY,Passenger,1.0,0.0,1.0,18.0,19.0,5.26,2023,5,24281,158,25,1.0,1.0,1.0,1.0,0.0,0.0,26.0,1.0000000000000013
2023-06-30,Meade,KY,Passenger,1.0,0.0,1.0,17.0,18.0,5.56,2023,6,24282,158,26,1.0,1.0,1.0,1.0,0.0,0.0,27.0,1.0000000000000013
2023-07-31,Meade,KY,Passenger,1.0,0.0,1.0,17.0,18.0,5.56,2023,7,24283,158,27,1.0,1.0,1.0,1.0,0.0,0.0,28.0,1.0000000000000013
2023-08-31,Meade,KY,Passenger,1.0,0.0,1.0,17.0,18.0,5.56,2023,8,24284,158,28,1.0,1.0,1.0,1.0,0.0,0.0,29.0,1.0000000000000024
2023-09-30,Meade,KY,Passenger,1.0,0.0,1.0,17.0,18.0,5.56,2023,9,24285,158,29,1.0,1.0,1.0,1.0,0.0,0.0,30.0,1.000000000000002
2023-10-31,Meade,KY,Passenger,1.0,0.0,1.0,14.0,15.0,6.67,2023,10,24286,158,30,1.0,1.0,1.0,1.0,0.0,0.0,31.0,1.0000000000000009
2023-11-30,Meade,KY,Passenger,1.0,0.0,1.0,13.0,14.0,6.9025,2023,11,24287,158,31,1.0,1.0,1.0,1.0,0.0,0.0,32.0,1.000000000000002
2023-12-31,Meade,KY,Passenger,1.0,0.0,1.0,13.0,14.0,6.9025,2023,12,24288,158,32,1.0,1.0,1.0,1.0,0.0,0.0,33.0,1.0000000000000038
2024-01-31,Meade,KY,Passenger,1.0,0.0,1.0,13.0,14.0,6.9025,2024,1,24289,158,33,1.0,1.0,1.0,1.0,0.0,0.0,34.0,1.0000000000000004
2024-02-29,Meade,KY,Passenger,1.0,0.0,1.0,13.0,14.0,6.9025,2024,2,24290,158,34,1.0,1.0,1.0,1.0,0.0,0.0,35.0,1.000000000000002
2019-02-28,Mecklenburg,NC,Passenger,1.0,0.0,1.0,80.0,81.0,1.23,2019,2,24230,159,5,1.0,1.0,1.0,1.0,0.0,0.0,6.0,0.9999999999999998
2019-03-31,Mecklenburg,NC,Passenger,1.0,0.0,1.0,80.0,81.0,1.23,2019,3,24231,159,6,1.0,1.0,1.0,1.0,0.0,0.0,7.0,0.9999999999999998
2019-04-30,Mecklenburg,NC,Passenger,1.0,0.0,1.0,84.0,85.0,1.18,2019,4,24232,159,7,1.0,1.0,1.0,1.0,0.0,0.0,8.0,0.9999999999999999
2019-05-31,Mecklenburg,NC,Passenger,1.0,0.0,1.0,83.0,84.0,1.19,2019,5,24233,159,8,1.0,1.0,1.0,1.0,0.0,0.0,9.0,1.0000000000000002
2019-06-30,Mecklenburg,NC,Passenger,1.0,0.0,1.0,87.0,88.0,1.14,2019,6,24234,159,9,1.0,1.0,1.0,1.0,0.0,0.0,10.0,1.0000000000000002
2019-07-31,Mecklenburg,NC,Passenger,1.0,0.0,1.0,89.0,90.0,1.11,2019,7,24235,159,10,1.0,1.0,1.0,1.0,0.0,0.0,11.0,1.0
2017-06-30,Mercer,NJ,Passenger,0.0,1.0,1.0,20.0,21.0,4.76,2017,6,24210,160,5,1.0,1.0,1.0,1.0,0.0,0.0,6.0,0.9999999999999998
2017-07-31,Mercer,NJ,Passenger,0.0,1.0,1.0,19.0,20.0,5.0,2017,7,24211,160,6,1.0,1.0,1.0,1.0,0.0,0.0,7.0,0.9999999999999998
2017-08-31,Mercer,NJ,Passenger,0.0,1.0,1.0,19.0,20.0,5.0,2017,8,24212,160,7,1.0,1.0,1.0,1.0,0.0,0.0,8.0,0.9999999999999999
2017-09-30,Mercer,NJ,Passenger,0.0,1.0,1.0,18.0,19.0,5.26,2017,9,24213,160,8,1.0,1.0,1.0,1.0,0.0,0.0,9.0,1.0000000000000002
2017-10-31,Mercer,NJ,Passenger,0.0,1.0,1.0,18.0,19.0,5.26,2017,10,24214,160,9,1.0,1.0,1.0,1.0,0.0,0.0,10.0,1.0000000000000002
2017-11-30,Mercer,NJ,Passenger,0.0,1.0,1.0,18.0,19.0,5.26,2017,11,24215,160,10,1.0,1.0,1.0,1.0,0.0,0.0,11.0,1.0
2017-12-31,Mercer,NJ,Passenger,0.0,1.0,1.0,18.0,19.0,5.26,2017,12,24216,160,11,1.0,1.0,1.0,1.0,0.0,0.0,12.0,1.0000000000000002
2018-01-31,Mercer,NJ,Passenger,0.0,1.0,1.0,21.0,22.0,4.55,2018,1,24217,160,12,1.0,1.0,1.0,1.0,0.0,0.0,13.0,1.0000000000000002
2018-02-28,Mercer,NJ,Passenger,0.0,1.0,1.0,21.0,22.0,4.55,2018,2,24218,160,13,1.0,1.0,1.0,1.0,0.0,0.0,14.0,1.0000000000000009
2018-03-31,Mercer,NJ,Passenger,0.0,1.0,1.0,21.0,22.0,4.55,2018,3,24219,160,14,1.0,1.0,1.0,1.0,0.0,0.0,15.0,1.0000000000000007
2018-04-30,Mercer,NJ,Passenger,0.0,1.0,1.0,21.0,22.0,4.55,2018,4,24220,160,15,1.0,1.0,1.0,1.0,0.0,0.0,16.0,1.0000000000000009
2018-05-31,Mercer,NJ,Passenger,0.0,1.0,1.0,21.0,22.0,4.55,2018,5,24221,160,16,1.0,1.0,1.0,1.0,0.0,0.0,17.0,1.0
2018-06-30,Mercer,NJ,Passenger,0.0,1.0,1.0,21.0,22.0,4.55,2018,6,24222,160,17,1.0,1.0,1.0,1.0,0.0,0.0,18.0,1.0000000000000002
2018-07-31,Mercer,NJ,Passenger,0.0,1.0,1.0,21.0,22.0,4.55,2018,7,24223,160,18,1.0,1.0,1.0,1.0,0.0,0.0,19.0,1.000000000000002
2018-08-31,Mercer,NJ,Passenger,0.0,1.0,1.0,21.0,22.0,4.55,2018,8,24224,160,19,1.0,1.0,1.0,1.0,0.0,0.0,20.0,0.9999999999999998
2018-09-30,Mercer,NJ,Passenger,0.0,1.0,1.0,20.0,21.0,4.76,2018,9,24225,160,20,1.0,1.0,1.0,1.0,0.0,0.0,21.0,1.000000000000001
2018-10-31,Mercer,NJ,Passenger,0.0,1.0,1.0,21.0,22.0,4.55,2018,10,24226,160,21,1.0,1.0,1.0,1.0,0.0,0.0,22.0,1.0000000000000013
2018-11-30,Mercer,NJ,Passenger,0.0,1.0,1.0,20.0,21.0,4.76,2018,11,24227,160,22,1.0,1.0,1.0,1.0,0.0,0.0,23.0,1.0000000000000013
2018-12-31,Mercer,NJ,Passenger,0.0,1.0,1.0,20.0,21.0,4.76,2018,12,24228,160,23,1.0,1.0,1.0,1.0,0.0,0.0,24.0,1.0000000000000004
2019-01-31,Mercer,NJ,Passenger,0.0,1.0,1.0,20.0,21.0,4.76,2019,1,24229,160,24,1.0,1.0,1.0,1.0,0.0,0.0,25.0,1.0000000000000013
2019-02-28,Mercer,NJ,Passenger,0.0,1.0,1.0,19.0,20.0,5.0,2019,2,24230,160,25,1.0,1.0,1.0,1.0,0.0,0.0,26.0,1.0000000000000013
2019-03-31,Mercer,NJ,Passenger,0.0,1.0,1.0,20.0,21.0,4.76,2019,3,24231,160,26,1.0,1.0,1.0,1.0,0.0,0.0,27.0,1.0000000000000013
2019-04-30,Mercer,NJ,Passenger,0.0,1.0,1.0,20.0,21.0,4.76,2019,4,24232,160,27,1.0,1.0,1.0,1.0,0.0,0.0,28.0,1.0000000000000013
2019-05-31,Mercer,NJ,Passenger,0.0,1.0,1.0,19.0,20.0,5.0,2019,5,24233,160,28,1.0,1.0,1.0,1.0,0.0,0.0,29.0,1.0000000000000024
2019-06-30,Mercer,NJ,Passenger,0.0,1.0,1.0,19.0,20.0,5.0,2019,6,24234,160,29,1.0,1.0,1.0,1.0,0.0,0.0,30.0,1.000000000000002
2019-07-31,Mercer,NJ,Passenger,0.0,1.0,1.0,18.0,19.0,5.26,2019,7,24235,160,30,1.0,1.0,1.0,1.0,0.0,0.0,31.0,1.0000000000000009
2019-08-31,Mercer,NJ,Passenger,0.0,1.0,1.0,19.0,20.0,5.0,2019,8,24236,160,31,1.0,1.0,1.0,1.0,0.0,0.0,32.0,1.000000000000002
2019-09-30,Mercer,NJ,Passenger,0.0,1.0,1.0,20.0,21.0,4.76,2019,9,24237,160,32,1.0,1.0,1.0,1.0,0.0,0.0,33.0,1.0000000000000038
2019-10-31,Mercer,NJ,Passenger,0.0,1.0,1.0,20.0,21.0,4.76,2019,10,24238,160,33,1.0,1.0,1.0,1.0,0.0,0.0,34.0,1.0000000000000004
2019-11-30,Mercer,NJ,Passenger,0.0,1.0,1.0,20.0,21.0,4.76,2019,11,24239,160,34,1.0,1.0,1.0,1.0,0.0,0.0,35.0,1.000000000000002
2019-12-31,Mercer,NJ,Passenger,0.0,1.0,1.0,20.0,21.0,4.76,2019,12,24240,160,35,1.0,1.0,1.0,1.0,0.0,0.0,36.0,1.0000000000000029
2020-01-31,Mercer,NJ,Passenger,0.0,1.0,1.0,19.0,20.0,5.0,2020,1,24241,160,36,1.0,1.0,1.0,1.0,0.0,0.0,37.0,1.0000000000000038
2020-02-29,Mercer,NJ,Passenger,0.0,1.0,1.0,19.0,20.0,5.0,2020,2,24242,160,37,1.0,1.0,1.0,1.0,0.0,0.0,38.0,1.0
2020-03-31,Mercer,NJ,Passenger,0.0,1.0,1.0,18.0,19.0,5.26,2020,3,24243,160,38,1.0,1.0,1.0,1.0,0.0,0.0,39.0,1.0000000000000009
2020-04-30,Mercer,NJ,Passenger,0.0,1.0,1.0,17.0,18.0,5.56,2020,4,24244,160,39,1.0,1.0,1.0,1.0,0.0,0.0,40.0,1.0000000000000009
2020-05-31,Mercer,NJ,Passenger,0.0,1.0,1.0,17.0,18.0,5.56,2020,5,24245,160,40,1.0,1.0,1.0,1.0,0.0,0.0,41.0,1.0000000000000038
2020-06-30,Mercer,NJ,Passenger,0.0,1.0,1.0,17.0,18.0,5.56,2020,6,24246,160,41,1.0,1.0,1.0,1.0,0.0,0.0,42.0,1.0000000000000009
2020-07-31,Mercer,NJ,Passenger,0.0,1.0,1.0,16.0,17.0,5.88,2020,7,24247,160,42,1.0,1.0,1.0,1.0,0.0,0.0,43.0,1.0000000000000029
2020-08-31,Mercer,NJ,Passenger,0.0,1.0,1.0,16.0,17.0,5.88,2020,8,24248,160,43,1.0,1.0,1.0,1.0,0.0,0.0,44.0,1.0000000000000029
2020-09-30,Mercer,NJ,Passenger,0.0,1.0,1.0,16.0,17.0,5.88,2020,9,24249,160,44,1.0,1.0,1.0,1.0,0.0,0.0,45.0,1.0000000000000009
2020-10-31,Mercer,NJ,Passenger,0.0,1.0,1.0,15.0,16.0,6.25,2020,10,24250,160,45,1.0,1.0,1.0,1.0,0.0,0.0,46.0,1.0000000000000009
2020-11-30,Mercer,NJ,Passenger,0.0,1.0,1.0,15.0,16.0,6.25,2020,11,24251,160,46,1.0,1.0,1.0,1.0,0.0,0.0,47.0,1.0000000000000029
2020-12-31,Mercer,NJ,Passenger,0.0,1.0,1.0,14.0,15.0,6.67,2020,12,24252,160,47,1.0,1.0,1.0,1.0,0.0,0.0,48.0,1.0000000000000009
2021-01-31,Mercer,NJ,Passenger,0.0,1.0,1.0,14.0,15.0,6.67,2021,1,24253,160,48,1.0,1.0,1.0,1.0,0.0,0.0,49.0,1.000000000000002
2021-02-28,Mercer,NJ,Passenger,0.0,1.0,1.0,13.0,14.0,6.9025,2021,2,24254,160,49,1.0,1.0,1.0,1.0,0.0,0.0,50.0,1.000000000000002
2021-03-31,Mercer,NJ,Passenger,0.0,1.0,1.0,13.0,14.0,6.9025,2021,3,24255,160,50,1.0,1.0,1.0,1.0,0.0,0.0,51.0,1.000000000000002
2021-04-30,Mercer,NJ,Passenger,0.0,1.0,1.0,13.0,14.0,6.9025,2021,4,24256,160,51,1.0,1.0,1.0,1.0,0.0,0.0,52.0,1.0000000000000009
2021-05-31,Mercer,NJ,Passenger,0.0,1.0,1.0,13.0,14.0,6.9025,2021,5,24257,160,52,1.0,1.0,1.0,1.0,0.0,0.0,53.0,1.0000000000000029
2021-06-30,Mercer,NJ,Passenger,0.0,1.0,1.0,13.0,14.0,6.9025,2021,6,24258,160,53,1.0,1.0,1.0,1.0,0.0,0.0,54.0,1.0000000000000049
2021-07-31,Mercer,NJ,Passenger,0.0,1.0,1.0,14.0,15.0,6.67,2021,7,24259,160,54,1.0,1.0,1.0,1.0,0.0,0.0,55.0,1.0000000000000038
2021-08-31,Mercer,NJ,Passenger,0.0,1.0,1.0,13.0,14.0,6.9025,2021,8,24260,160,55,1.0,1.0,1.0,1.0,0.0,0.0,56.0,1.0
2021-09-30,Mercer,NJ,Passenger,0.0,1.0,1.0,13.0,14.0,6.9025,2021,9,24261,160,56,1.0,1.0,1.0,1.0,0.0,0.0,57.0,1.000000000000002
2021-10-31,Mercer,NJ,Passenger,0.0,1.0,1.0,13.0,14.0,6.9025,2021,10,24262,160,57,1.0,1.0,1.0,1.0,0.0,0.0,58.0,1.0000000000000038
2021-11-30,Mercer,NJ,Passenger,0.0,1.0,1.0,15.0,16.0,6.25,2021,11,24263,160,58,1.0,1.0,1.0,1.0,0.0,0.0,59.0,1.0000000000000038
2021-12-31,Mercer,NJ,Passenger,0.0,1.0,1.0,15.0,16.0,6.25,2021,12,24264,160,59,1.0,1.0,1.0,1.0,0.0,0.0,60.0,1.0000000000000038
2022-01-31,Mercer,NJ,Passenger,0.0,1.0,1.0,15.0,16.0,6.25,2022,1,24265,160,60,1.0,1.0,1.0,1.0,0.0,0.0,61.0,1.0000000000000049
2022-02-28,Mercer,NJ,Passenger,0.0,1.0,1.0,14.0,15.0,6.67,2022,2,24266,160,61,1.0,1.0,1.0,1.0,0.0,0.0,62.0,1.0000000000000067
2022-03-31,Mercer,NJ,Passenger,0.0,1.0,1.0,13.0,14.0,6.9025,2022,3,24267,160,62,1.0,1.0,1.0,1.0,0.0,0.0,63.0,1.0000000000000009
2022-04-30,Mercer,NJ,Passenger,0.0,1.0,1.0,13.0,14.0,6.9025,2022,4,24268,160,63,1.0,1.0,1.0,1.0,0.0,0.0,64.0,0.999999999999999
2022-05-31,Mercer,NJ,Passenger,0.0,1.0,1.0,13.0,14.0,6.9025,2022,5,24269,160,64,1.0,1.0,1.0,1.0,0.0,0.0,65.0,1.0000000000000049
2022-06-30,Mercer,NJ,Passenger,0.0,1.0,1.0,13.0,14.0,6.9025,2022,6,24270,160,65,1.0,1.0,1.0,1.0,0.0,0.0,66.0,1.0000000000000029
2022-07-31,Mercer,NJ,Passenger,0.0,1.0,1.0,13.0,14.0,6.9025,2022,7,24271,160,66,1.0,1.0,1.0,1.0,0.0,0.0,67.0,1.0000000000000049
2022-08-31,Mercer,NJ,Passenger,0.0,1.0,1.0,13.0,14.0,6.9025,2022,8,24272,160,67,1.0,1.0,1.0,1.0,0.0,0.0,68.0,1.0000000000000087
2022-09-30,Mercer,NJ,Passenger,0.0,1.0,1.0,13.0,14.0,6.9025,2022,9,24273,160,68,1.0,1.0,1.0,1.0,0.0,0.0,69.0,1.0000000000000067
2022-10-31,Mercer,NJ,Passenger,0.0,1.0,1.0,14.0,15.0,6.67,2022,10,24274,160,69,1.0,1.0,1.0,1.0,0.0,0.0,70.0,1.0000000000000049
2022-11-30,Mercer,NJ,Passenger,0.0,1.0,1.0,14.0,15.0,6.67,2022,11,24275,160,70,1.0,1.0,1.0,1.0,0.0,0.0,71.0,1.0000000000000049
2022-12-31,Mercer,NJ,Passenger,0.0,1.0,1.0,14.0,15.0,6.67,2022,12,24276,160,71,1.0,1.0,1.0,1.0,0.0,0.0,72.0,1.0000000000000067
2023-01-31,Mercer,NJ,Passenger,0.0,1.0,1.0,14.0,15.0,6.67,2023,1,24277,160,72,1.0,1.0,1.0,1.0,0.0,0.0,73.0,1.0000000000000049
2023-02-28,Mercer,NJ,Passenger,0.0,1.0,1.0,14.0,15.0,6.67,2023,2,24278,160,73,1.0,1.0,1.0,1.0,0.0,0.0,74.0,1.0000000000000009
2023-03-31,Mercer,NJ,Passenger,0.0,1.0,1.0,13.0,14.0,6.9025,2023,3,24279,160,74,1.0,1.0,1.0,1.0,0.0,0.0,75.0,1.0000000000000029
2023-04-30,Mercer,NJ,Passenger,0.0,1.0,1.0,13.0,14.0,6.9025,2023,4,24280,160,75,1.0,1.0,1.0,1.0,0.0,0.0,76.0,1.0000000000000049
2023-05-31,Mercer,NJ,Passenger,0.0,1.0,1.0,13.0,14.0,6.9025,2023,5,24281,160,76,1.0,1.0,1.0,1.0,0.0,0.0,77.0,1.0000000000000087
2023-06-30,Mercer,NJ,Passenger,0.0,1.0,1.0,12.0,13.0,6.9025,2023,6,24282,160,77,1.0,1.0,1.0,1.0,0.0,0.0,78.0,1.0000000000000049
2023-07-31,Mercer,NJ,Passenger,0.0,1.0,1.0,12.0,13.0,6.9025,2023,7,24283,160,78,1.0,1.0,1.0,1.0,0.0,0.0,79.0,1.0000000000000029
2023-08-31,Mercer,NJ,Passenger,0.0,1.0,1.0,12.0,13.0,6.9025,2023,8,24284,160,79,1.0,1.0,1.0,1.0,0.0,0.0,80.0,1.0000000000000087
2023-09-30,Mercer,NJ,Passenger,0.0,1.0,1.0,10.0,11.0,6.9025,2023,9,24285,160,80,1.0,1.0,1.0,1.0,0.0,0.0,81.0,1.0000000000000029
2023-10-31,Mercer,NJ,Passenger,0.0,1.0,1.0,8.0,9.0,6.9025,2023,10,24286,160,81,1.0,1.0,1.0,1.0,0.0,0.0,82.0,1.0000000000000104
2023-11-30,Mercer,NJ,Passenger,0.0,1.0,1.0,7.0,8.0,6.9025,2023,11,24287,160,82,1.0,1.0,1.0,1.0,0.0,0.0,83.0,1.0000000000000049
2023-12-31,Mercer,NJ,Passenger,0.0,1.0,1.0,7.0,8.0,6.9025,2023,12,24288,160,83,1.0,1.0,1.0,1.0,0.0,0.0,84.0,1.0000000000000049
2024-01-31,Mercer,NJ,Passenger,0.0,1.0,1.0,6.0,7.0,6.9025,2024,1,24289,160,84,1.0,1.0,1.0,1.0,0.0,0.0,85.0,1.0000000000000009
2024-02-29,Mercer,NJ,Passenger,0.0,1.0,1.0,6.0,7.0,6.9025,2024,2,24290,160,85,1.0,1.0,1.0,1.0,0.0,0.0,86.0,1.0000000000000067
2021-02-28,Miami-Dade,FL,Passenger,1.0,0.0,1.0,97.0,98.0,1.02,2021,2,24254,161,5,1.0,1.0,1.0,1.0,0.0,0.0,6.0,0.9999999999999998
2021-03-31,Miami-Dade,FL,Passenger,1.0,0.0,1.0,97.0,98.0,1.02,2021,3,24255,161,6,1.0,1.0,1.0,1.0,0.0,0.0,7.0,0.9999999999999998
2021-04-30,Miami-Dade,FL,Passenger,1.0,0.0,1.0,97.0,98.0,1.02,2021,4,24256,161,7,1.0,1.0,1.0,1.0,0.0,0.0,8.0,0.9999999999999999
2021-05-31,Miami-Dade,FL,Passenger,1.0,0.0,1.0,96.0,97.0,1.03,2021,5,24257,161,8,1.0,1.0,1.0,1.0,0.0,0.0,9.0,1.0000000000000002
2021-06-30,Miami-Dade,FL,Passenger,1.0,0.0,1.0,97.0,98.0,1.02,2021,6,24258,161,9,1.0,1.0,1.0,1.0,0.0,0.0,10.0,1.0000000000000002
2021-07-31,Miami-Dade,FL,Passenger,1.0,0.0,1.0,98.0,99.0,1.01,2021,7,24259,161,10,1.0,1.0,1.0,1.0,0.0,0.0,11.0,1.0
2021-08-31,Miami-Dade,FL,Passenger,1.0,0.0,1.0,96.0,97.0,1.03,2021,8,24260,161,11,1.0,1.0,1.0,1.0,0.0,0.0,12.0,1.0000000000000002
2021-09-30,Miami-Dade,FL,Passenger,1.0,0.0,1.0,96.0,97.0,1.03,2021,9,24261,161,12,1.0,1.0,1.0,1.0,0.0,0.0,13.0,1.0000000000000002
2021-10-31,Miami-Dade,FL,Passenger,1.0,0.0,1.0,95.0,96.0,1.04,2021,10,24262,161,13,1.0,1.0,1.0,1.0,0.0,0.0,14.0,1.0000000000000009
2021-11-30,Miami-Dade,FL,Passenger,1.0,0.0,1.0,90.0,91.0,1.1,2021,11,24263,161,14,1.0,1.0,1.0,1.0,0.0,0.0,15.0,1.0000000000000007
2021-12-31,Miami-Dade,FL,Passenger,1.0,0.0,1.0,90.0,91.0,1.1,2021,12,24264,161,15,1.0,1.0,1.0,1.0,0.0,0.0,16.0,1.0000000000000009
2022-01-31,Miami-Dade,FL,Passenger,1.0,0.0,1.0,88.0,89.0,1.12,2022,1,24265,161,16,1.0,1.0,1.0,1.0,0.0,0.0,17.0,1.0
2022-02-28,Miami-Dade,FL,Passenger,1.0,0.0,1.0,87.0,88.0,1.14,2022,2,24266,161,17,1.0,1.0,1.0,1.0,0.0,0.0,18.0,1.0000000000000002
2022-03-31,Miami-Dade,FL,Passenger,1.0,0.0,1.0,83.0,84.0,1.19,2022,3,24267,161,18,1.0,1.0,1.0,1.0,0.0,0.0,19.0,1.000000000000002
2022-04-30,Miami-Dade,FL,Passenger,1.0,0.0,1.0,83.0,84.0,1.19,2022,4,24268,161,19,1.0,1.0,1.0,1.0,0.0,0.0,20.0,0.9999999999999998
2022-05-31,Miami-Dade,FL,Passenger,1.0,0.0,1.0,77.0,78.0,1.28,2022,5,24269,161,20,1.0,1.0,1.0,1.0,0.0,0.0,21.0,1.000000000000001
2022-06-30,Miami-Dade,FL,Passenger,1.0,0.0,1.0,77.0,78.0,1.28,2022,6,24270,161,21,1.0,1.0,1.0,1.0,0.0,0.0,22.0,1.0000000000000013
2022-07-31,Miami-Dade,FL,Passenger,1.0,0.0,1.0,76.0,77.0,1.3,2022,7,24271,161,22,1.0,1.0,1.0,1.0,0.0,0.0,23.0,1.0000000000000013
2022-08-31,Miami-Dade,FL,Passenger,1.0,0.0,1.0,75.0,76.0,1.32,2022,8,24272,161,23,1.0,1.0,1.0,1.0,0.0,0.0,24.0,1.0000000000000004
2022-09-30,Miami-Dade,FL,Passenger,1.0,0.0,1.0,74.0,75.0,1.33,2022,9,24273,161,24,1.0,1.0,1.0,1.0,0.0,0.0,25.0,1.0000000000000013
2022-10-31,Miami-Dade,FL,Passenger,1.0,0.0,1.0,70.0,71.0,1.41,2022,10,24274,161,25,1.0,1.0,1.0,1.0,0.0,0.0,26.0,1.0000000000000013
2022-11-30,Miami-Dade,FL,Passenger,1.0,0.0,1.0,67.0,68.0,1.47,2022,11,24275,161,26,1.0,1.0,1.0,1.0,0.0,0.0,27.0,1.0000000000000013
2022-12-31,Miami-Dade,FL,Passenger,1.0,0.0,1.0,68.0,69.0,1.45,2022,12,24276,161,27,1.0,1.0,1.0,1.0,0.0,0.0,28.0,1.0000000000000013
2023-01-31,Miami-Dade,FL,Passenger,1.0,0.0,1.0,67.0,68.0,1.47,2023,1,24277,161,28,1.0,1.0,1.0,1.0,0.0,0.0,29.0,1.0000000000000024
2023-02-28,Miami-Dade,FL,Passenger,1.0,0.0,1.0,66.0,67.0,1.49,2023,2,24278,161,29,1.0,1.0,1.0,1.0,0.0,0.0,30.0,1.000000000000002
2023-03-31,Miami-Dade,FL,Passenger,1.0,0.0,1.0,63.0,64.0,1.56,2023,3,24279,161,30,1.0,1.0,1.0,1.0,0.0,0.0,31.0,1.0000000000000009
2023-04-30,Miami-Dade,FL,Passenger,1.0,0.0,1.0,60.0,61.0,1.64,2023,4,24280,161,31,1.0,1.0,1.0,1.0,0.0,0.0,32.0,1.000000000000002
2023-05-31,Miami-Dade,FL,Passenger,1.0,0.0,1.0,59.0,60.0,1.67,2023,5,24281,161,32,1.0,1.0,1.0,1.0,0.0,0.0,33.0,1.0000000000000038
2023-06-30,Miami-Dade,FL,Passenger,1.0,0.0,1.0,57.0,58.0,1.72,2023,6,24282,161,33,1.0,1.0,1.0,1.0,0.0,0.0,34.0,1.0000000000000004
2023-07-31,Miami-Dade,FL,Passenger,1.0,0.0,1.0,53.0,54.0,1.85,2023,7,24283,161,34,1.0,1.0,1.0,1.0,0.0,0.0,35.0,1.000000000000002
2023-08-31,Miami-Dade,FL,Passenger,1.0,0.0,1.0,53.0,54.0,1.85,2023,8,24284,161,35,1.0,1.0,1.0,1.0,0.0,0.0,36.0,1.0000000000000029
2023-09-30,Miami-Dade,FL,Passenger,1.0,0.0,1.0,50.0,51.0,1.96,2023,9,24285,161,36,1.0,1.0,1.0,1.0,0.0,0.0,37.0,1.0000000000000038
2023-10-31,Miami-Dade,FL,Passenger,1.0,0.0,1.0,49.0,50.0,2.0,2023,10,24286,161,37,1.0,1.0,1.0,1.0,0.0,0.0,38.0,1.0
2023-11-30,Miami-Dade,FL,Passenger,1.0,0.0,1.0,49.0,50.0,2.0,2023,11,24287,161,38,1.0,1.0,1.0,1.0,0.0,0.0,39.0,1.0000000000000009
2023-12-31,Miami-Dade,FL,Passenger,1.0,0.0,1.0,48.0,49.0,2.04,2023,12,24288,161,39,1.0,1.0,1.0,1.0,0.0,0.0,40.0,1.0000000000000009
2024-01-31,Miami-Dade,FL,Passenger,1.0,0.0,1.0,46.0,47.0,2.13,2024,1,24289,161,40,1.0,1.0,1.0,1.0,0.0,0.0,41.0,1.0000000000000038
2024-02-29,Miami-Dade,FL,Passenger,1.0,0.0,1.0,42.0,43.0,2.33,2024,2,24290,161,41,1.0,1.0,1.0,1.0,0.0,0.0,42.0,1.0000000000000009
2018-08-31,Middlesex,MA,Passenger,0.0,1.0,1.0,139.0,140.0,0.71,2018,8,24224,162,5,1.0,1.0,1.0,1.0,0.0,0.0,6.0,0.9999999999999998
2018-09-30,Middlesex,MA,Passenger,0.0,1.0,1.0,140.0,141.0,0.71,2018,9,24225,162,6,1.0,1.0,1.0,1.0,0.0,0.0,7.0,0.9999999999999998
2018-10-31,Middlesex,MA,Passenger,0.0,1.0,1.0,139.0,140.0,0.71,2018,10,24226,162,7,1.0,1.0,1.0,1.0,0.0,0.0,8.0,0.9999999999999999
2018-11-30,Middlesex,MA,Passenger,0.0,1.0,1.0,136.0,137.0,0.73,2018,11,24227,162,8,1.0,1.0,1.0,1.0,0.0,0.0,9.0,1.0000000000000002
2018-12-31,Middlesex,MA,Passenger,1.0,1.0,2.0,129.0,131.0,1.53,2018,12,24228,162,9,1.0,1.0,1.0,1.0,1.0,1.0,11.0,1.1428571428571432
2019-01-31,Middlesex,MA,Passenger,1.0,1.0,2.0,122.0,124.0,1.61,2019,1,24229,162,10,2.0,1.0,1.0,1.3333333333333333,0.0,1.0,13.0,1.3714285714285714
2019-02-28,Middlesex,MA,Passenger,1.0,1.0,2.0,121.0,123.0,1.63,2019,2,24230,162,11,2.0,2.0,1.0,1.6666666666666667,0.0,1.0,15.0,1.6285714285714286
2019-03-31,Middlesex,MA,Passenger,1.0,1.0,2.0,119.0,121.0,1.65,2019,3,24231,162,12,2.0,2.0,2.0,2.0,0.0,0.0,17.0,1.8571428571428565
2019-04-30,Middlesex,MA,Passenger,1.0,1.0,2.0,117.0,119.0,1.68,2019,4,24232,162,13,2.0,2.0,2.0,2.0,0.0,0.0,19.0,2.0000000000000004
2019-05-31,Middlesex,MA,Passenger,1.0,1.0,2.0,117.0,119.0,1.68,2019,5,24233,162,14,2.0,2.0,2.0,2.0,0.0,0.0,21.0,2.0000000000000004
2019-06-30,Middlesex,MA,Passenger,1.0,1.0,2.0,117.0,119.0,1.68,2019,6,24234,162,15,2.0,2.0,2.0,2.0,0.0,0.0,23.0,1.9999999999999998
2019-07-31,Middlesex,MA,Passenger,1.0,1.0,2.0,115.0,117.0,1.71,2019,7,24235,162,16,2.0,2.0,2.0,2.0,0.0,0.0,25.0,1.9999999999999996
2019-08-31,Middlesex,MA,Passenger,1.0,1.0,2.0,114.0,116.0,1.72,2019,8,24236,162,17,2.0,2.0,2.0,2.0,0.0,0.0,27.0,2.000000000000001
2019-09-30,Middlesex,MA,Passenger,1.0,1.0,2.0,110.0,112.0,1.79,2019,9,24237,162,18,2.0,2.0,2.0,2.0,0.0,0.0,29.0,2.000000000000001
2019-10-31,Middlesex,MA,Passenger,1.0,1.0,2.0,109.0,111.0,1.8,2019,10,24238,162,19,2.0,2.0,2.0,2.0,0.0,0.0,31.0,2.0000000000000004
2019-11-30,Middlesex,MA,Passenger,1.0,1.0,2.0,108.0,110.0,1.82,2019,11,24239,162,20,2.0,2.0,2.0,2.0,0.0,0.0,33.0,2.0000000000000013
2019-12-31,Middlesex,MA,Passenger,1.0,1.0,2.0,109.0,111.0,1.8,2019,12,24240,162,21,2.0,2.0,2.0,2.0,0.0,0.0,35.0,2.000000000000001
2020-01-31,Middlesex,MA,Passenger,1.0,1.0,2.0,106.0,108.0,1.85,2020,1,24241,162,22,2.0,2.0,2.0,2.0,0.0,0.0,37.0,2.0000000000000004
2020-02-29,Middlesex,MA,Passenger,1.0,1.0,2.0,103.0,105.0,1.9,2020,2,24242,162,23,2.0,2.0,2.0,2.0,0.0,0.0,39.0,1.9999999999999991
2020-03-31,Middlesex,MA,Passenger,1.0,1.0,2.0,104.0,106.0,1.89,2020,3,24243,162,24,2.0,2.0,2.0,2.0,0.0,0.0,41.0,2.0000000000000027
2020-04-30,Middlesex,MA,Passenger,1.0,1.0,2.0,98.0,100.0,2.0,2020,4,24244,162,25,2.0,2.0,2.0,2.0,0.0,0.0,43.0,2.0000000000000027
2020-05-31,Middlesex,MA,Passenger,1.0,1.0,2.0,98.0,100.0,2.0,2020,5,24245,162,26,2.0,2.0,2.0,2.0,0.0,0.0,45.0,2.000000000000001
2020-06-30,Middlesex,MA,Passenger,1.0,1.0,2.0,96.0,98.0,2.04,2020,6,24246,162,27,2.0,2.0,2.0,2.0,0.0,0.0,47.0,2.0000000000000027
2020-07-31,Middlesex,MA,Passenger,1.0,1.0,2.0,96.0,98.0,2.04,2020,7,24247,162,28,2.0,2.0,2.0,2.0,0.0,0.0,49.0,2.000000000000001
2020-08-31,Middlesex,MA,Passenger,1.0,1.0,2.0,95.0,97.0,2.06,2020,8,24248,162,29,2.0,2.0,2.0,2.0,0.0,0.0,51.0,2.0000000000000018
2020-09-30,Middlesex,MA,Passenger,1.0,1.0,2.0,95.0,97.0,2.06,2020,9,24249,162,30,2.0,2.0,2.0,2.0,0.0,0.0,53.0,2.0000000000000027
2020-10-31,Middlesex,MA,Passenger,1.0,1.0,2.0,98.0,100.0,2.0,2020,10,24250,162,31,2.0,2.0,2.0,2.0,0.0,0.0,55.0,2.000000000000001
2020-11-30,Middlesex,MA,Passenger,1.0,1.0,2.0,95.0,97.0,2.06,2020,11,24251,162,32,2.0,2.0,2.0,2.0,0.0,0.0,57.0,2.000000000000001
2020-12-31,Middlesex,MA,Passenger,1.0,1.0,2.0,99.0,101.0,1.98,2020,12,24252,162,33,2.0,2.0,2.0,2.0,0.0,0.0,59.0,2.0000000000000018
2021-01-31,Middlesex,MA,Passenger,1.0,1.0,2.0,98.0,100.0,2.0,2021,1,24253,162,34,2.0,2.0,2.0,2.0,0.0,0.0,61.0,2.0000000000000018
2021-02-28,Middlesex,MA,Passenger,1.0,1.0,2.0,101.0,103.0,1.94,2021,2,24254,162,35,2.0,2.0,2.0,2.0,0.0,0.0,63.0,2.0000000000000018
2021-03-31,Middlesex,MA,Passenger,1.0,1.0,2.0,100.0,102.0,1.96,2021,3,24255,162,36,2.0,2.0,2.0,2.0,0.0,0.0,65.0,2.0
2021-04-30,Middlesex,MA,Passenger,1.0,1.0,2.0,99.0,101.0,1.98,2021,4,24256,162,37,2.0,2.0,2.0,2.0,0.0,0.0,67.0,2.000000000000004
2021-05-31,Middlesex,MA,Passenger,1.0,1.0,2.0,99.0,101.0,1.98,2021,5,24257,162,38,2.0,2.0,2.0,2.0,0.0,0.0,69.0,2.0
2021-06-30,Middlesex,MA,Passenger,1.0,1.0,2.0,99.0,101.0,1.98,2021,6,24258,162,39,2.0,2.0,2.0,2.0,0.0,0.0,71.0,2.0
2021-07-31,Middlesex,MA,Passenger,1.0,1.0,2.0,99.0,101.0,1.98,2021,7,24259,162,40,2.0,2.0,2.0,2.0,0.0,0.0,73.0,2.0000000000000018
2021-08-31,Middlesex,MA,Passenger,1.0,1.0,2.0,99.0,101.0,1.98,2021,8,24260,162,41,2.0,2.0,2.0,2.0,0.0,0.0,75.0,2.0000000000000058
2021-09-30,Middlesex,MA,Passenger,1.0,1.0,2.0,95.0,97.0,2.06,2021,9,24261,162,42,2.0,2.0,2.0,2.0,0.0,0.0,77.0,2.0000000000000058
2021-10-31,Middlesex,MA,Passenger,1.0,1.0,2.0,96.0,98.0,2.04,2021,10,24262,162,43,2.0,2.0,2.0,2.0,0.0,0.0,79.0,2.0
2021-11-30,Middlesex,MA,Passenger,1.0,1.0,2.0,95.0,97.0,2.06,2021,11,24263,162,44,2.0,2.0,2.0,2.0,0.0,0.0,81.0,2.0000000000000075
2021-12-31,Middlesex,MA,Passenger,0.0,1.0,1.0,96.0,97.0,1.03,2021,12,24264,162,45,2.0,2.0,2.0,2.0,-0.5,-0.5,82.0,1.8571428571428579
2022-01-31,Middlesex,MA,Passenger,0.0,1.0,1.0,95.0,96.0,1.04,2022,1,24265,162,46,1.0,2.0,2.0,1.6666666666666667,0.0,-0.5,83.0,1.628571428571432
2022-02-28,Middlesex,MA,Passenger,0.0,1.0,1.0,93.0,94.0,1.06,2022,2,24266,162,47,1.0,1.0,2.0,1.3333333333333333,0.0,-0.5,84.0,1.3714285714285785
2022-03-31,Middlesex,MA,Passenger,1.0,1.0,2.0,93.0,95.0,2.11,2022,3,24267,162,48,1.0,1.0,1.0,1.0,1.0,1.0,86.0,1.2857142857142891
2022-04-30,Middlesex,MA,Passenger,1.0,1.0,2.0,92.0,94.0,2.13,2022,4,24268,162,49,2.0,1.0,1.0,1.3333333333333333,0.0,1.0,88.0,1.3714285714285805
2022-04-30,Middlesex,NJ,Passenger,1.0,0.0,1.0,21.0,22.0,4.55,2022,4,24268,162,50,2.0,2.0,1.0,1.6666666666666667,-0.5,0.0,89.0,1.4857142857142878
2022-05-31,Middlesex,MA,Passenger,1.0,1.0,2.0,87.0,89.0,2.25,2022,5,24269,162,51,1.0,2.0,2.0,1.6666666666666667,1.0,0.0,91.0,1.6285714285714357
2022-05-31,Middlesex,NJ,Passenger,1.0,0.0,1.0,21.0,22.0,4.55,2022,5,24269,162,52,2.0,1.0,2.0,1.6666666666666667,-0.5,-0.5,92.0,1.6000000000000065
2022-06-30,Middlesex,MA,Passenger,2.0,1.0,3.0,86.0,89.0,3.37,2022,6,24270,162,53,1.0,2.0,1.0,1.3333333333333333,2.0,2.0,95.0,1.6857142857142922
2022-06-30,Middlesex,NJ,Passenger,1.0,0.0,1.0,21.0,22.0,4.55,2022,6,24270,162,54,3.0,1.0,2.0,2.0,-0.6666666666666667,-0.5,96.0,1.6857142857142922
2022-07-31,Middlesex,MA,Passenger,2.0,1.0,3.0,84.0,87.0,3.45,2022,7,24271,162,55,1.0,3.0,1.0,1.6666666666666667,2.0,2.0,99.0,1.9428571428571473
2022-07-31,Middlesex,NJ,Passenger,1.0,0.0,1.0,20.0,21.0,4.76,2022,7,24271,162,56,3.0,1.0,3.0,2.3333333333333335,-0.6666666666666667,-0.6666666666666667,100.0,1.9142857142857201
2022-08-31,Middlesex,NJ,Passenger,1.0,0.0,1.0,20.0,21.0,4.76,2022,8,24272,162,57,1.0,3.0,1.0,1.6666666666666667,0.0,0.0,101.0,1.8000000000000071
2022-08-31,Middlesex,MA,Passenger,2.0,1.0,3.0,80.0,83.0,3.61,2022,8,24272,162,58,1.0,1.0,3.0,1.6666666666666667,2.0,0.0,104.0,1.7428571428571507
2022-09-30,Middlesex,NJ,Passenger,1.0,0.0,1.0,20.0,21.0,4.76,2022,9,24273,162,59,3.0,1.0,1.0,1.6666666666666667,-0.6666666666666667,0.0,105.0,1.7428571428571544
2022-09-30,Middlesex,MA,Passenger,2.0,1.0,3.0,80.0,83.0,3.61,2022,9,24273,162,60,1.0,3.0,1.0,1.6666666666666667,2.0,2.0,108.0,1.8000000000000071
2022-10-31,Middlesex,MA,Passenger,2.0,1.0,3.0,76.0,79.0,3.8,2022,10,24274,162,61,3.0,1.0,3.0,2.3333333333333335,0.0,0.0,111.0,2.200000000000008
2022-10-31,Middlesex,NJ,Passenger,1.0,0.0,1.0,19.0,20.0,5.0,2022,10,24274,162,62,3.0,3.0,1.0,2.3333333333333335,-0.6666666666666667,0.0,112.0,2.2571428571428687
2022-11-30,Middlesex,NJ,Passenger,1.0,0.0,1.0,19.0,20.0,5.0,2022,11,24275,162,63,1.0,3.0,3.0,2.3333333333333335,0.0,-0.6666666666666667,113.0,1.9714285714285784
2022-11-30,Middlesex,MA,Passenger,2.0,1.0,3.0,75.0,78.0,3.85,2022,11,24275,162,64,1.0,1.0,3.0,1.6666666666666667,2.0,0.0,116.0,2.028571428571431
2022-12-31,Middlesex,MA,Passenger,2.0,1.0,3.0,74.0,77.0,3.9,2022,12,24276,162,65,3.0,1.0,1.0,1.6666666666666667,0.0,2.0,119.0,2.028571428571433
2022-12-31,Middlesex,NJ,Passenger,1.0,0.0,1.0,18.0,19.0,5.26,2022,12,24276,162,66,3.0,3.0,1.0,2.3333333333333335,-0.6666666666666667,0.0,120.0,1.9714285714285822
2023-01-31,Middlesex,NJ,Passenger,1.0,0.0,1.0,18.0,19.0,5.26,2023,1,24277,162,67,1.0,3.0,3.0,2.3333333333333335,0.0,-0.6666666666666667,121.0,1.9714285714285746
2023-01-31,Middlesex,MA,Passenger,2.0,1.0,3.0,75.0,78.0,3.85,2023,1,24277,162,68,1.0,1.0,3.0,1.6666666666666667,2.0,0.0,124.0,2.0285714285714445
2023-02-28,Middlesex,NJ,Passenger,1.0,0.0,1.0,19.0,20.0,5.0,2023,2,24278,162,69,3.0,1.0,1.0,1.6666666666666667,-0.6666666666666667,0.0,125.0,1.7428571428571487
2023-02-28,Middlesex,MA,Passenger,2.0,1.0,3.0,74.0,77.0,3.9,2023,2,24278,162,70,1.0,3.0,1.0,1.6666666666666667,2.0,2.0,128.0,1.8000000000000071
2023-03-31,Middlesex,MA,Passenger,2.0,1.0,3.0,73.0,76.0,3.95,2023,3,24279,162,71,3.0,1.0,3.0,2.3333333333333335,0.0,0.0,131.0,2.200000000000012
2023-03-31,Middlesex,NJ,Passenger,1.0,0.0,1.0,19.0,20.0,5.0,2023,3,24279,162,72,3.0,3.0,1.0,2.3333333333333335,-0.6666666666666667,0.0,132.0,2.257142857142863
2023-04-30,Middlesex,NJ,Passenger,1.0,0.0,1.0,18.0,19.0,5.26,2023,4,24280,162,73,1.0,3.0,3.0,2.3333333333333335,0.0,-0.6666666666666667,133.0,1.9714285714285709
2023-04-30,Middlesex,MA,Passenger,2.0,1.0,3.0,73.0,76.0,3.95,2023,4,24280,162,74,1.0,1.0,3.0,1.6666666666666667,2.0,0.0,136.0,2.028571428571441
2023-05-31,Middlesex,NJ,Passenger,1.0,0.0,1.0,17.0,18.0,5.56,2023,5,24281,162,75,3.0,1.0,1.0,1.6666666666666667,-0.6666666666666667,0.0,137.0,1.7428571428571524
2023-05-31,Middlesex,MA,Passenger,2.0,1.0,3.0,73.0,76.0,3.95,2023,5,24281,162,76,1.0,3.0,1.0,1.6666666666666667,2.0,2.0,140.0,1.8000000000000147
2023-06-30,Middlesex,MA,Passenger,2.0,1.0,3.0,73.0,76.0,3.95,2023,6,24282,162,77,3.0,1.0,3.0,2.3333333333333335,0.0,0.0,143.0,2.2000000000000197
2023-06-30,Middlesex,NJ,Passenger,1.0,0.0,1.0,17.0,18.0,5.56,2023,6,24282,162,78,3.0,3.0,1.0,2.3333333333333335,-0.6666666666666667,0.0,144.0,2.2571428571428704
2023-07-31,Middlesex,MA,Passenger,2.0,1.0,3.0,70.0,73.0,4.11,2023,7,24283,162,79,1.0,3.0,3.0,2.3333333333333335,2.0,0.0,147.0,2.257142857142863
2023-07-31,Middlesex,NJ,Passenger,1.0,0.0,1.0,17.0,18.0,5.56,2023,7,24283,162,80,3.0,1.0,3.0,2.3333333333333335,-0.6666666666666667,-0.6666666666666667,148.0,2.200000000000008
2023-08-31,Middlesex,MA,Passenger,2.0,1.0,3.0,70.0,73.0,4.11,2023,8,24284,162,81,1.0,3.0,1.0,1.6666666666666667,2.0,2.0,151.0,2.0857142857143027
2023-08-31,Middlesex,NJ,Passenger,1.0,0.0,1.0,18.0,19.0,5.26,2023,8,24284,162,82,3.0,1.0,3.0,2.3333333333333335,-0.6666666666666667,-0.6666666666666667,152.0,1.9142857142857161
2023-09-30,Middlesex,MA,Passenger,2.0,1.0,3.0,66.0,69.0,4.35,2023,9,24285,162,83,1.0,3.0,1.0,1.6666666666666667,2.0,2.0,155.0,2.0857142857142916
2023-09-30,Middlesex,NJ,Passenger,1.0,0.0,1.0,17.0,18.0,5.56,2023,9,24285,162,84,3.0,1.0,3.0,2.3333333333333335,-0.6666666666666667,-0.6666666666666667,156.0,1.914285714285724
2023-10-31,Middlesex,NJ,Passenger,1.0,0.0,1.0,17.0,18.0,5.56,2023,10,24286,162,85,1.0,3.0,1.0,1.6666666666666667,0.0,0.0,157.0,1.8000000000000071
2023-10-31,Middlesex,MA,Passenger,2.0,1.0,3.0,65.0,68.0,4.41,2023,10,24286,162,86,1.0,1.0,3.0,1.6666666666666667,2.0,0.0,160.0,1.7428571428571524
2023-11-30,Middlesex,NJ,Passenger,1.0,0.0,1.0,18.0,19.0,5.26,2023,11,24287,162,87,3.0,1.0,1.0,1.6666666666666667,-0.6666666666666667,0.0,161.0,1.7428571428571602
2023-11-30,Middlesex,MA,Passenger,2.0,1.0,3.0,63.0,66.0,4.55,2023,11,24287,162,88,1.0,3.0,1.0,1.6666666666666667,2.0,2.0,164.0,1.8000000000000147
2023-12-31,Middlesex,MA,Passenger,2.0,1.0,3.0,63.0,66.0,4.55,2023,12,24288,162,89,3.0,1.0,3.0,2.3333333333333335,0.0,0.0,167.0,2.2000000000000046
2023-12-31,Middlesex,NJ,Passenger,1.0,0.0,1.0,18.0,19.0,5.26,2023,12,24288,162,90,3.0,3.0,1.0,2.3333333333333335,-0.6666666666666667,0.0,168.0,2.257142857142859
2024-01-31,Middlesex,MA,Passenger,2.0,1.0,3.0,61.0,64.0,4.69,2024,1,24289,162,91,1.0,3.0,3.0,2.3333333333333335,2.0,0.0,171.0,2.2571428571428664
2024-01-31,Middlesex,NJ,Passenger,1.0,0.0,1.0,18.0,19.0,5.26,2024,1,24289,162,92,3.0,1.0,3.0,2.3333333333333335,-0.6666666666666667,-0.6666666666666667,172.0,2.200000000000012
2024-02-29,Middlesex,MA,Passenger,2.0,1.0,3.0,56.0,59.0,5.08,2024,2,24290,162,93,1.0,3.0,1.0,1.6666666666666667,2.0,2.0,175.0,2.0857142857142916
2024-02-29,Middlesex,NJ,Passenger,1.0,0.0,1.0,18.0,19.0,5.26,2024,2,24290,162,94,3.0,1.0,3.0,2.3333333333333335,-0.6666666666666667,-0.6666666666666667,176.0,1.9142857142857277
2021-06-30,Milwaukee,WI,Passenger,1.0,0.0,1.0,43.0,44.0,2.27,2021,6,24258,163,5,1.0,1.0,1.0,1.0,0.0,0.0,6.0,0.9999999999999998
2021-07-31,Milwaukee,WI,Passenger,1.0,0.0,1.0,43.0,44.0,2.27,2021,7,24259,163,6,1.0,1.0,1.0,1.0,0.0,0.0,7.0,0.9999999999999998
2021-08-31,Milwaukee,WI,Passenger,1.0,0.0,1.0,42.0,43.0,2.33,2021,8,24260,163,7,1.0,1.0,1.0,1.0,0.0,0.0,8.0,0.9999999999999999
2021-09-30,Milwaukee,WI,Passenger,1.0,0.0,1.0,42.0,43.0,2.33,2021,9,24261,163,8,1.0,1.0,1.0,1.0,0.0,0.0,9.0,1.0000000000000002
2021-10-31,Milwaukee,WI,Passenger,1.0,0.0,1.0,40.0,41.0,2.44,2021,10,24262,163,9,1.0,1.0,1.0,1.0,0.0,0.0,10.0,1.0000000000000002
2021-11-30,Milwaukee,WI,Passenger,1.0,0.0,1.0,40.0,41.0,2.44,2021,11,24263,163,10,1.0,1.0,1.0,1.0,0.0,0.0,11.0,1.0
2017-07-31,Missoula,MT,Passenger,1.0,0.0,1.0,72.0,73.0,1.37,2017,7,24211,164,5,1.0,1.0,1.0,1.0,0.0,0.0,6.0,0.9999999999999998
2017-08-31,Missoula,MT,Passenger,1.0,0.0,1.0,70.0,71.0,1.41,2017,8,24212,164,6,1.0,1.0,1.0,1.0,0.0,0.0,7.0,0.9999999999999998
2017-09-30,Missoula,MT,Passenger,1.0,0.0,1.0,70.0,71.0,1.41,2017,9,24213,164,7,1.0,1.0,1.0,1.0,0.0,0.0,8.0,0.9999999999999999
2017-10-31,Missoula,MT,Passenger,1.0,0.0,1.0,70.0,71.0,1.41,2017,10,24214,164,8,1.0,1.0,1.0,1.0,0.0,0.0,9.0,1.0000000000000002
2017-11-30,Missoula,MT,Passenger,1.0,0.0,1.0,69.0,70.0,1.43,2017,11,24215,164,9,1.0,1.0,1.0,1.0,0.0,0.0,10.0,1.0000000000000002
2017-12-31,Missoula,MT,Passenger,1.0,0.0,1.0,69.0,70.0,1.43,2017,12,24216,164,10,1.0,1.0,1.0,1.0,0.0,0.0,11.0,1.0
2018-01-31,Missoula,MT,Passenger,1.0,0.0,1.0,68.0,69.0,1.45,2018,1,24217,164,11,1.0,1.0,1.0,1.0,0.0,0.0,12.0,1.0000000000000002
2018-02-28,Missoula,MT,Passenger,1.0,0.0,1.0,68.0,69.0,1.45,2018,2,24218,164,12,1.0,1.0,1.0,1.0,0.0,0.0,13.0,1.0000000000000002
2020-11-30,Missoula,MT,Passenger,1.0,0.0,1.0,66.0,67.0,1.49,2020,11,24251,164,13,1.0,1.0,1.0,1.0,0.0,0.0,14.0,1.0000000000000009
2020-12-31,Missoula,MT,Passenger,1.0,0.0,1.0,67.0,68.0,1.47,2020,12,24252,164,14,1.0,1.0,1.0,1.0,0.0,0.0,15.0,1.0000000000000007
2021-01-31,Missoula,MT,Passenger,1.0,0.0,1.0,67.0,68.0,1.47,2021,1,24253,164,15,1.0,1.0,1.0,1.0,0.0,0.0,16.0,1.0000000000000009
2021-02-28,Missoula,MT,Passenger,1.0,0.0,1.0,68.0,69.0,1.45,2021,2,24254,164,16,1.0,1.0,1.0,1.0,0.0,0.0,17.0,1.0
2021-03-31,Missoula,MT,Passenger,1.0,0.0,1.0,67.0,68.0,1.47,2021,3,24255,164,17,1.0,1.0,1.0,1.0,0.0,0.0,18.0,1.0000000000000002
2021-04-30,Missoula,MT,Passenger,1.0,0.0,1.0,64.0,65.0,1.54,2021,4,24256,164,18,1.0,1.0,1.0,1.0,0.0,0.0,19.0,1.000000000000002
2021-05-31,Missoula,MT,Passenger,1.0,0.0,1.0,64.0,65.0,1.54,2021,5,24257,164,19,1.0,1.0,1.0,1.0,0.0,0.0,20.0,0.9999999999999998
2021-06-30,Missoula,MT,Passenger,1.0,0.0,1.0,64.0,65.0,1.54,2021,6,24258,164,20,1.0,1.0,1.0,1.0,0.0,0.0,21.0,1.000000000000001
2021-07-31,Missoula,MT,Passenger,1.0,0.0,1.0,58.0,59.0,1.69,2021,7,24259,164,21,1.0,1.0,1.0,1.0,0.0,0.0,22.0,1.0000000000000013
2021-08-31,Missoula,MT,Passenger,1.0,0.0,1.0,56.0,57.0,1.75,2021,8,24260,164,22,1.0,1.0,1.0,1.0,0.0,0.0,23.0,1.0000000000000013
2021-09-30,Missoula,MT,Passenger,1.0,0.0,1.0,56.0,57.0,1.75,2021,9,24261,164,23,1.0,1.0,1.0,1.0,0.0,0.0,24.0,1.0000000000000004
2021-10-31,Missoula,MT,Passenger,1.0,0.0,1.0,55.0,56.0,1.79,2021,10,24262,164,24,1.0,1.0,1.0,1.0,0.0,0.0,25.0,1.0000000000000013
2024-01-31,Mobile,AL,Passenger,1.0,0.0,1.0,22.0,23.0,4.35,2024,1,24289,165,5,1.0,1.0,1.0,1.0,0.0,0.0,6.0,0.9999999999999998
2024-02-29,Mobile,AL,Passenger,1.0,0.0,1.0,22.0,23.0,4.35,2024,2,24290,165,6,1.0,1.0,1.0,1.0,0.0,0.0,7.0,0.9999999999999998
2018-04-30,Monroe,IL,Passenger,1.0,0.0,1.0,4.0,5.0,6.9025,2018,4,24220,166,5,1.0,1.0,1.0,1.0,0.0,0.0,6.0,0.9999999999999998
2018-05-31,Monroe,IL,Passenger,1.0,0.0,1.0,4.0,5.0,6.9025,2018,5,24221,166,6,1.0,1.0,1.0,1.0,0.0,0.0,7.0,0.9999999999999998
2018-06-30,Monroe,IL,Passenger,1.0,0.0,1.0,4.0,5.0,6.9025,2018,6,24222,166,7,1.0,1.0,1.0,1.0,0.0,0.0,8.0,0.9999999999999999
2018-07-31,Monroe,IL,Passenger,1.0,0.0,1.0,4.0,5.0,6.9025,2018,7,24223,166,8,1.0,1.0,1.0,1.0,0.0,0.0,9.0,1.0000000000000002
2018-08-31,Monroe,IL,Passenger,1.0,0.0,1.0,4.0,5.0,6.9025,2018,8,24224,166,9,1.0,1.0,1.0,1.0,0.0,0.0,10.0,1.0000000000000002
2018-09-30,Monroe,IL,Passenger,1.0,0.0,1.0,4.0,5.0,6.9025,2018,9,24225,166,10,1.0,1.0,1.0,1.0,0.0,0.0,11.0,1.0
2018-10-31,Monroe,IL,Passenger,1.0,0.0,1.0,3.0,4.0,6.9025,2018,10,24226,166,11,1.0,1.0,1.0,1.0,0.0,0.0,12.0,1.0000000000000002
2018-11-30,Monroe,IL,Passenger,1.0,0.0,1.0,3.0,4.0,6.9025,2018,11,24227,166,12,1.0,1.0,1.0,1.0,0.0,0.0,13.0,1.0000000000000002
2018-12-31,Monroe,IL,Passenger,1.0,0.0,1.0,3.0,4.0,6.9025,2018,12,24228,166,13,1.0,1.0,1.0,1.0,0.0,0.0,14.0,1.0000000000000009
2019-01-31,Monroe,IL,Passenger,1.0,0.0,1.0,3.0,4.0,6.9025,2019,1,24229,166,14,1.0,1.0,1.0,1.0,0.0,0.0,15.0,1.0000000000000007
2019-02-28,Monroe,IL,Passenger,1.0,0.0,1.0,3.0,4.0,6.9025,2019,2,24230,166,15,1.0,1.0,1.0,1.0,0.0,0.0,16.0,1.0000000000000009
2019-03-31,Monroe,IL,Passenger,1.0,0.0,1.0,3.0,4.0,6.9025,2019,3,24231,166,16,1.0,1.0,1.0,1.0,0.0,0.0,17.0,1.0
2019-04-30,Monroe,IL,Passenger,1.0,0.0,1.0,3.0,4.0,6.9025,2019,4,24232,166,17,1.0,1.0,1.0,1.0,0.0,0.0,18.0,1.0000000000000002
2019-05-31,Monroe,IL,Passenger,1.0,0.0,1.0,4.0,5.0,6.9025,2019,5,24233,166,18,1.0,1.0,1.0,1.0,0.0,0.0,19.0,1.000000000000002
2019-06-30,Monroe,IL,Passenger,1.0,0.0,1.0,4.0,5.0,6.9025,2019,6,24234,166,19,1.0,1.0,1.0,1.0,0.0,0.0,20.0,0.9999999999999998
2019-07-31,Monroe,IL,Passenger,1.0,0.0,1.0,4.0,5.0,6.9025,2019,7,24235,166,20,1.0,1.0,1.0,1.0,0.0,0.0,21.0,1.000000000000001
2019-08-31,Monroe,IL,Passenger,1.0,0.0,1.0,4.0,5.0,6.9025,2019,8,24236,166,21,1.0,1.0,1.0,1.0,0.0,0.0,22.0,1.0000000000000013
2019-09-30,Monroe,IL,Passenger,1.0,0.0,1.0,4.0,5.0,6.9025,2019,9,24237,166,22,1.0,1.0,1.0,1.0,0.0,0.0,23.0,1.0000000000000013
2019-10-31,Monroe,IL,Passenger,1.0,0.0,1.0,4.0,5.0,6.9025,2019,10,24238,166,23,1.0,1.0,1.0,1.0,0.0,0.0,24.0,1.0000000000000004
2019-11-30,Monroe,IL,Passenger,1.0,0.0,1.0,3.0,4.0,6.9025,2019,11,24239,166,24,1.0,1.0,1.0,1.0,0.0,0.0,25.0,1.0000000000000013
2019-12-31,Monroe,IL,Passenger,1.0,0.0,1.0,3.0,4.0,6.9025,2019,12,24240,166,25,1.0,1.0,1.0,1.0,0.0,0.0,26.0,1.0000000000000013
2020-01-31,Monroe,IL,Passenger,1.0,0.0,1.0,3.0,4.0,6.9025,2020,1,24241,166,26,1.0,1.0,1.0,1.0,0.0,0.0,27.0,1.0000000000000013
2020-02-29,Monroe,IL,Passenger,1.0,0.0,1.0,3.0,4.0,6.9025,2020,2,24242,166,27,1.0,1.0,1.0,1.0,0.0,0.0,28.0,1.0000000000000013
2020-03-31,Monroe,IL,Passenger,1.0,0.0,1.0,3.0,4.0,6.9025,2020,3,24243,166,28,1.0,1.0,1.0,1.0,0.0,0.0,29.0,1.0000000000000024
2020-04-30,Monroe,IL,Passenger,1.0,0.0,1.0,3.0,4.0,6.9025,2020,4,24244,166,29,1.0,1.0,1.0,1.0,0.0,0.0,30.0,1.000000000000002
2020-05-31,Monroe,IL,Passenger,1.0,0.0,1.0,3.0,4.0,6.9025,2020,5,24245,166,30,1.0,1.0,1.0,1.0,0.0,0.0,31.0,1.0000000000000009
2020-06-30,Monroe,IL,Passenger,1.0,0.0,1.0,3.0,4.0,6.9025,2020,6,24246,166,31,1.0,1.0,1.0,1.0,0.0,0.0,32.0,1.000000000000002
2020-07-31,Monroe,IL,Passenger,1.0,0.0,1.0,3.0,4.0,6.9025,2020,7,24247,166,32,1.0,1.0,1.0,1.0,0.0,0.0,33.0,1.0000000000000038
2020-08-31,Monroe,IL,Passenger,1.0,0.0,1.0,3.0,4.0,6.9025,2020,8,24248,166,33,1.0,1.0,1.0,1.0,0.0,0.0,34.0,1.0000000000000004
2020-09-30,Monroe,IL,Passenger,1.0,0.0,1.0,2.0,3.0,6.9025,2020,9,24249,166,34,1.0,1.0,1.0,1.0,0.0,0.0,35.0,1.000000000000002
2020-10-31,Monroe,IL,Passenger,1.0,0.0,1.0,2.0,3.0,6.9025,2020,10,24250,166,35,1.0,1.0,1.0,1.0,0.0,0.0,36.0,1.0000000000000029
2020-11-30,Monroe,IL,Passenger,1.0,0.0,1.0,2.0,3.0,6.9025,2020,11,24251,166,36,1.0,1.0,1.0,1.0,0.0,0.0,37.0,1.0000000000000038
2020-12-31,Monroe,IL,Passenger,1.0,0.0,1.0,2.0,3.0,6.9025,2020,12,24252,166,37,1.0,1.0,1.0,1.0,0.0,0.0,38.0,1.0
2021-01-31,Monroe,IL,Passenger,1.0,0.0,1.0,2.0,3.0,6.9025,2021,1,24253,166,38,1.0,1.0,1.0,1.0,0.0,0.0,39.0,1.0000000000000009
2021-02-28,Monroe,IL,Passenger,1.0,0.0,1.0,2.0,3.0,6.9025,2021,2,24254,166,39,1.0,1.0,1.0,1.0,0.0,0.0,40.0,1.0000000000000009
2021-03-31,Monroe,IL,Passenger,1.0,0.0,1.0,2.0,3.0,6.9025,2021,3,24255,166,40,1.0,1.0,1.0,1.0,0.0,0.0,41.0,1.0000000000000038
2017-06-30,Monterey,CA,Passenger,0.0,1.0,1.0,208.0,209.0,0.48,2017,6,24210,167,5,1.0,1.0,1.0,1.0,0.0,0.0,6.0,0.9999999999999998
2017-07-31,Monterey,CA,Passenger,0.0,2.0,2.0,200.0,202.0,0.99,2017,7,24211,167,6,1.0,1.0,1.0,1.0,1.0,1.0,8.0,1.1428571428571426
2017-08-31,Monterey,CA,Passenger,0.0,2.0,2.0,196.0,198.0,1.01,2017,8,24212,167,7,2.0,1.0,1.0,1.3333333333333333,0.0,1.0,10.0,1.3714285714285712
2017-09-30,Monterey,CA,Passenger,0.0,2.0,2.0,196.0,198.0,1.01,2017,9,24213,167,8,2.0,2.0,1.0,1.6666666666666667,0.0,1.0,12.0,1.6285714285714283
2017-10-31,Monterey,CA,Passenger,0.0,2.0,2.0,194.0,196.0,1.02,2017,10,24214,167,9,2.0,2.0,2.0,2.0,0.0,0.0,14.0,1.8571428571428572
2017-11-30,Monterey,CA,Passenger,0.0,2.0,2.0,198.0,200.0,1.0,2017,11,24215,167,10,2.0,2.0,2.0,2.0,0.0,0.0,16.0,1.9999999999999998
2017-12-31,Monterey,CA,Passenger,0.0,2.0,2.0,192.0,194.0,1.03,2017,12,24216,167,11,2.0,2.0,2.0,2.0,0.0,0.0,18.0,2.0000000000000004
2018-01-31,Monterey,CA,Passenger,0.0,2.0,2.0,196.0,198.0,1.01,2018,1,24217,167,12,2.0,2.0,2.0,2.0,0.0,0.0,20.0,2.0000000000000004
2018-02-28,Monterey,CA,Passenger,0.0,2.0,2.0,195.0,197.0,1.02,2018,2,24218,167,13,2.0,2.0,2.0,2.0,0.0,0.0,22.0,2.0
2018-03-31,Monterey,CA,Passenger,0.0,2.0,2.0,190.0,192.0,1.04,2018,3,24219,167,14,2.0,2.0,2.0,2.0,0.0,0.0,24.0,2.0000000000000004
2018-04-30,Monterey,CA,Passenger,0.0,1.0,1.0,188.0,189.0,0.53,2018,4,24220,167,15,2.0,2.0,2.0,2.0,-0.5,-0.5,25.0,1.8571428571428579
2018-05-31,Monterey,CA,Passenger,0.0,1.0,1.0,187.0,188.0,0.53,2018,5,24221,167,16,1.0,2.0,2.0,1.6666666666666667,0.0,-0.5,26.0,1.628571428571429
2018-06-30,Monterey,CA,Passenger,0.0,1.0,1.0,185.0,186.0,0.54,2018,6,24222,167,17,1.0,1.0,2.0,1.3333333333333333,0.0,-0.5,27.0,1.3714285714285719
2018-07-31,Monterey,CA,Passenger,0.0,1.0,1.0,184.0,185.0,0.54,2018,7,24223,167,18,1.0,1.0,1.0,1.0,0.0,0.0,28.0,1.142857142857146
2018-08-31,Monterey,CA,Passenger,0.0,1.0,1.0,186.0,187.0,0.53,2018,8,24224,167,19,1.0,1.0,1.0,1.0,0.0,0.0,29.0,1.0000000000000024
2018-09-30,Monterey,CA,Passenger,0.0,1.0,1.0,189.0,190.0,0.53,2018,9,24225,167,20,1.0,1.0,1.0,1.0,0.0,0.0,30.0,1.000000000000002
2018-10-31,Monterey,CA,Passenger,0.0,1.0,1.0,191.0,192.0,0.52,2018,10,24226,167,21,1.0,1.0,1.0,1.0,0.0,0.0,31.0,1.0000000000000009
2018-11-30,Monterey,CA,Passenger,0.0,1.0,1.0,191.0,192.0,0.52,2018,11,24227,167,22,1.0,1.0,1.0,1.0,0.0,0.0,32.0,1.000000000000002
2019-02-28,Monterey,CA,Passenger,0.0,1.0,1.0,189.0,190.0,0.53,2019,2,24230,167,23,1.0,1.0,1.0,1.0,0.0,0.0,33.0,1.0000000000000038
2019-03-31,Monterey,CA,Passenger,0.0,1.0,1.0,193.0,194.0,0.52,2019,3,24231,167,24,1.0,1.0,1.0,1.0,0.0,0.0,34.0,1.0000000000000004
2019-04-30,Monterey,CA,Passenger,0.0,1.0,1.0,192.0,193.0,0.52,2019,4,24232,167,25,1.0,1.0,1.0,1.0,0.0,0.0,35.0,1.000000000000002
2019-05-31,Monterey,CA,Passenger,0.0,1.0,1.0,193.0,194.0,0.52,2019,5,24233,167,26,1.0,1.0,1.0,1.0,0.0,0.0,36.0,1.0000000000000029
2019-06-30,Monterey,CA,Passenger,0.0,1.0,1.0,191.0,192.0,0.52,2019,6,24234,167,27,1.0,1.0,1.0,1.0,0.0,0.0,37.0,1.0000000000000038
2019-07-31,Monterey,CA,Passenger,0.0,1.0,1.0,191.0,192.0,0.52,2019,7,24235,167,28,1.0,1.0,1.0,1.0,0.0,0.0,38.0,1.0
2019-08-31,Monterey,CA,Passenger,0.0,1.0,1.0,190.0,191.0,0.52,2019,8,24236,167,29,1.0,1.0,1.0,1.0,0.0,0.0,39.0,1.0000000000000009
2019-09-30,Monterey,CA,Passenger,0.0,1.0,1.0,187.0,188.0,0.53,2019,9,24237,167,30,1.0,1.0,1.0,1.0,0.0,0.0,40.0,1.0000000000000009
2019-10-31,Monterey,CA,Passenger,0.0,1.0,1.0,187.0,188.0,0.53,2019,10,24238,167,31,1.0,1.0,1.0,1.0,0.0,0.0,41.0,1.0000000000000038
2019-11-30,Monterey,CA,Passenger,0.0,1.0,1.0,183.0,184.0,0.54,2019,11,24239,167,32,1.0,1.0,1.0,1.0,0.0,0.0,42.0,1.0000000000000009
2019-12-31,Monterey,CA,Passenger,0.0,1.0,1.0,186.0,187.0,0.53,2019,12,24240,167,33,1.0,1.0,1.0,1.0,0.0,0.0,43.0,1.0000000000000029
2020-01-31,Monterey,CA,Passenger,0.0,1.0,1.0,185.0,186.0,0.54,2020,1,24241,167,34,1.0,1.0,1.0,1.0,0.0,0.0,44.0,1.0000000000000029
2020-02-29,Monterey,CA,Passenger,0.0,1.0,1.0,186.0,187.0,0.53,2020,2,24242,167,35,1.0,1.0,1.0,1.0,0.0,0.0,45.0,1.0000000000000009
2020-03-31,Monterey,CA,Passenger,0.0,1.0,1.0,183.0,184.0,0.54,2020,3,24243,167,36,1.0,1.0,1.0,1.0,0.0,0.0,46.0,1.0000000000000009
2020-04-30,Monterey,CA,Passenger,0.0,1.0,1.0,180.0,181.0,0.55,2020,4,24244,167,37,1.0,1.0,1.0,1.0,0.0,0.0,47.0,1.0000000000000029
2020-05-31,Monterey,CA,Passenger,0.0,1.0,1.0,175.0,176.0,0.57,2020,5,24245,167,38,1.0,1.0,1.0,1.0,0.0,0.0,48.0,1.0000000000000009
2020-06-30,Monterey,CA,Passenger,0.0,2.0,2.0,168.0,170.0,1.18,2020,6,24246,167,39,1.0,1.0,1.0,1.0,1.0,1.0,50.0,1.142857142857146
2020-07-31,Monterey,CA,Passenger,0.0,2.0,2.0,168.0,170.0,1.18,2020,7,24247,167,40,2.0,1.0,1.0,1.3333333333333333,0.0,1.0,52.0,1.371428571428573
2020-08-31,Monterey,CA,Passenger,0.0,2.0,2.0,166.0,168.0,1.19,2020,8,24248,167,41,2.0,2.0,1.0,1.6666666666666667,0.0,1.0,54.0,1.628571428571431
2020-09-30,Monterey,CA,Passenger,0.0,2.0,2.0,162.0,164.0,1.22,2020,9,24249,167,42,2.0,2.0,2.0,2.0,0.0,0.0,56.0,1.8571428571428588
2020-10-31,Monterey,CA,Passenger,0.0,2.0,2.0,161.0,163.0,1.23,2020,10,24250,167,43,2.0,2.0,2.0,2.0,0.0,0.0,58.0,2.000000000000005
2020-11-30,Monterey,CA,Passenger,0.0,2.0,2.0,160.0,162.0,1.23,2020,11,24251,167,44,2.0,2.0,2.0,2.0,0.0,0.0,60.0,2.000000000000004
2020-12-31,Monterey,CA,Passenger,0.0,2.0,2.0,162.0,164.0,1.22,2020,12,24252,167,45,2.0,2.0,2.0,2.0,0.0,0.0,62.0,2.0000000000000018
2021-01-31,Monterey,CA,Passenger,0.0,2.0,2.0,157.0,159.0,1.26,2021,1,24253,167,46,2.0,2.0,2.0,2.0,0.0,0.0,64.0,2.000000000000004
2021-02-28,Monterey,CA,Passenger,0.0,2.0,2.0,156.0,158.0,1.27,2021,2,24254,167,47,2.0,2.0,2.0,2.0,0.0,0.0,66.0,2.0000000000000075
2021-03-31,Monterey,CA,Passenger,0.0,2.0,2.0,155.0,157.0,1.27,2021,3,24255,167,48,2.0,2.0,2.0,2.0,0.0,0.0,68.0,2.000000000000001
2021-04-30,Monterey,CA,Passenger,0.0,2.0,2.0,156.0,158.0,1.27,2021,4,24256,167,49,2.0,2.0,2.0,2.0,0.0,0.0,70.0,2.000000000000004
2021-05-31,Monterey,CA,Passenger,0.0,2.0,2.0,157.0,159.0,1.26,2021,5,24257,167,50,2.0,2.0,2.0,2.0,0.0,0.0,72.0,2.0000000000000058
2021-06-30,Monterey,CA,Passenger,0.0,2.0,2.0,156.0,158.0,1.27,2021,6,24258,167,51,2.0,2.0,2.0,2.0,0.0,0.0,74.0,2.0000000000000075
2021-07-31,Monterey,CA,Passenger,0.0,3.0,3.0,152.0,155.0,1.94,2021,7,24259,167,52,2.0,2.0,2.0,2.0,0.5,0.5,77.0,2.14285714285715
2021-08-31,Monterey,CA,Passenger,0.0,3.0,3.0,154.0,157.0,1.91,2021,8,24260,167,53,3.0,2.0,2.0,2.3333333333333335,0.0,0.5,80.0,2.3714285714285817
2021-09-30,Monterey,CA,Passenger,0.0,3.0,3.0,153.0,156.0,1.92,2021,9,24261,167,54,3.0,3.0,2.0,2.6666666666666665,0.0,0.5,83.0,2.628571428571431
2021-10-31,Monterey,CA,Passenger,0.0,3.0,3.0,151.0,154.0,1.95,2021,10,24262,167,55,3.0,3.0,3.0,3.0,0.0,0.0,86.0,2.8571428571428608
2021-11-30,Monterey,CA,Passenger,0.0,3.0,3.0,149.0,152.0,1.97,2021,11,24263,167,56,3.0,3.0,3.0,3.0,0.0,0.0,89.0,3.000000000000005
2021-12-31,Monterey,CA,Passenger,0.0,3.0,3.0,147.0,150.0,2.0,2021,12,24264,167,57,3.0,3.0,3.0,3.0,0.0,0.0,92.0,2.999999999999999
2022-01-31,Monterey,CA,Passenger,0.0,3.0,3.0,146.0,149.0,2.01,2022,1,24265,167,58,3.0,3.0,3.0,3.0,0.0,0.0,95.0,3.0000000000000067
2022-02-28,Monterey,CA,Passenger,0.0,3.0,3.0,142.0,145.0,2.07,2022,2,24266,167,59,3.0,3.0,3.0,3.0,0.0,0.0,98.0,3.000000000000005
2022-03-31,Monterey,CA,Passenger,0.0,3.0,3.0,142.0,145.0,2.07,2022,3,24267,167,60,3.0,3.0,3.0,3.0,0.0,0.0,101.0,3.0000000000000067
2022-04-30,Monterey,CA,Passenger,0.0,3.0,3.0,141.0,144.0,2.08,2022,4,24268,167,61,3.0,3.0,3.0,3.0,0.0,0.0,104.0,3.0000000000000067
2022-05-31,Monterey,CA,Passenger,0.0,3.0,3.0,140.0,143.0,2.1,2022,5,24269,167,62,3.0,3.0,3.0,3.0,0.0,0.0,107.0,3.0000000000000027
2022-06-30,Monterey,CA,Passenger,0.0,3.0,3.0,142.0,145.0,2.07,2022,6,24270,167,63,3.0,3.0,3.0,3.0,0.0,0.0,110.0,3.000000000000005
2022-07-31,Monterey,CA,Passenger,0.0,3.0,3.0,140.0,143.0,2.1,2022,7,24271,167,64,3.0,3.0,3.0,3.0,0.0,0.0,113.0,3.000000000000014
2022-08-31,Monterey,CA,Passenger,0.0,3.0,3.0,141.0,144.0,2.08,2022,8,24272,167,65,3.0,3.0,3.0,3.0,0.0,0.0,116.0,3.0000000000000107
2022-09-30,Monterey,CA,Passenger,0.0,3.0,3.0,135.0,138.0,2.17,2022,9,24273,167,66,3.0,3.0,3.0,3.0,0.0,0.0,119.0,3.000000000000005
2022-10-31,Monterey,CA,Passenger,0.0,3.0,3.0,137.0,140.0,2.14,2022,10,24274,167,67,3.0,3.0,3.0,3.0,0.0,0.0,122.0,3.000000000000005
2022-11-30,Monterey,CA,Passenger,0.0,3.0,3.0,136.0,139.0,2.16,2022,11,24275,167,68,3.0,3.0,3.0,3.0,0.0,0.0,125.0,3.0000000000000164
2022-12-31,Monterey,CA,Passenger,0.0,4.0,4.0,137.0,141.0,2.84,2022,12,24276,167,69,3.0,3.0,3.0,3.0,0.33333333333333326,0.33333333333333326,129.0,3.142857142857147
2023-01-31,Monterey,CA,Passenger,0.0,4.0,4.0,134.0,138.0,2.9,2023,1,24277,167,70,4.0,3.0,3.0,3.3333333333333335,0.0,0.33333333333333326,133.0,3.3714285714285843
2023-02-28,Monterey,CA,Passenger,0.0,4.0,4.0,134.0,138.0,2.9,2023,2,24278,167,71,4.0,4.0,3.0,3.6666666666666665,0.0,0.33333333333333326,137.0,3.628571428571434
2023-03-31,Monterey,CA,Passenger,0.0,4.0,4.0,131.0,135.0,2.96,2023,3,24279,167,72,4.0,4.0,4.0,4.0,0.0,0.0,141.0,3.8571428571428634
2023-04-30,Monterey,CA,Passenger,0.0,4.0,4.0,129.0,133.0,3.01,2023,4,24280,167,73,4.0,4.0,4.0,4.0,0.0,0.0,145.0,4.000000000000008
2023-05-31,Monterey,CA,Passenger,0.0,3.0,3.0,125.0,128.0,2.34,2023,5,24281,167,74,4.0,4.0,4.0,4.0,-0.25,-0.25,148.0,3.8571428571428634
2023-06-30,Monterey,CA,Passenger,0.0,3.0,3.0,119.0,122.0,2.46,2023,6,24282,167,75,3.0,4.0,4.0,3.6666666666666665,0.0,-0.25,151.0,3.628571428571434
2023-07-31,Monterey,CA,Passenger,0.0,3.0,3.0,118.0,121.0,2.48,2023,7,24283,167,76,3.0,3.0,4.0,3.3333333333333335,0.0,-0.25,154.0,3.3714285714285808
2023-08-31,Monterey,CA,Passenger,0.0,3.0,3.0,116.0,119.0,2.52,2023,8,24284,167,77,3.0,3.0,3.0,3.0,0.0,0.0,157.0,3.142857142857147
2023-09-30,Monterey,CA,Passenger,0.0,3.0,3.0,114.0,117.0,2.56,2023,9,24285,167,78,3.0,3.0,3.0,3.0,0.0,0.0,160.0,2.999999999999999
2023-09-30,Monterey,CA,Truck,1.0,0.0,1.0,30.0,31.0,3.23,2023,9,24285,167,79,3.0,3.0,3.0,3.0,-0.6666666666666667,-0.6666666666666667,161.0,2.7142857142857184
2023-10-31,Monterey,CA,Truck,1.0,0.0,1.0,30.0,31.0,3.23,2023,10,24286,167,80,1.0,3.0,3.0,2.3333333333333335,0.0,-0.6666666666666667,162.0,2.2571428571428744
2023-10-31,Monterey,CA,Passenger,0.0,3.0,3.0,112.0,115.0,2.61,2023,10,24286,167,81,1.0,1.0,3.0,1.6666666666666667,2.0,0.0,165.0,2.028571428571441
2023-11-30,Monterey,CA,Passenger,0.0,4.0,4.0,113.0,117.0,3.42,2023,11,24287,167,82,3.0,1.0,1.0,1.6666666666666667,0.33333333333333326,3.0,169.0,2.1714285714285926
2023-11-30,Monterey,CA,Truck,1.0,0.0,1.0,29.0,30.0,3.33,2023,11,24287,167,83,4.0,3.0,1.0,2.6666666666666665,-0.75,0.0,170.0,2.200000000000008
2023-12-31,Monterey,CA,Truck,1.0,0.0,1.0,28.0,29.0,3.45,2023,12,24288,167,84,1.0,4.0,3.0,2.6666666666666665,0.0,-0.6666666666666667,171.0,2.2285714285714393
2023-12-31,Monterey,CA,Passenger,0.0,4.0,4.0,114.0,118.0,3.39,2023,12,24288,167,85,1.0,1.0,4.0,2.0,3.0,0.0,175.0,2.4000000000000146
2024-01-31,Monterey,CA,Truck,1.0,0.0,1.0,28.0,29.0,3.45,2024,1,24289,167,86,4.0,1.0,1.0,2.0,-0.75,0.0,176.0,2.1142857142857263
2024-01-31,Monterey,CA,Passenger,0.0,4.0,4.0,111.0,115.0,3.48,2024,1,24289,167,87,1.0,4.0,1.0,2.0,3.0,3.0,180.0,2.2000000000000157
2024-02-29,Monterey,CA,Passenger,0.0,4.0,4.0,107.0,111.0,3.6,2024,2,24290,167,88,4.0,1.0,4.0,3.0,0.0,0.0,184.0,2.8000000000000043
2024-02-29,Monterey,CA,Truck,1.0,0.0,1.0,29.0,30.0,3.33,2024,2,24290,167,89,4.0,4.0,1.0,3.0,-0.75,0.0,185.0,2.885714285714286
2017-03-31,Montgomery,TN,Passenger,1.0,0.0,1.0,288.0,289.0,0.35,2017,3,24207,168,5,1.0,1.0,1.0,1.0,0.0,0.0,6.0,0.9999999999999998
2017-03-31,Montgomery,MD,Passenger,1.0,0.0,1.0,308.0,309.0,0.32,2017,3,24207,168,6,1.0,1.0,1.0,1.0,0.0,0.0,7.0,0.9999999999999998
2017-04-30,Montgomery,TN,Passenger,1.0,0.0,1.0,294.0,295.0,0.34,2017,4,24208,168,7,1.0,1.0,1.0,1.0,0.0,0.0,8.0,0.9999999999999999
2017-04-30,Montgomery,MD,Passenger,1.0,0.0,1.0,310.0,311.0,0.32,2017,4,24208,168,8,1.0,1.0,1.0,1.0,0.0,0.0,9.0,1.0000000000000002
2017-04-30,Montgomery,PA,Passenger,1.0,0.0,1.0,41.0,42.0,2.38,2017,4,24208,168,9,1.0,1.0,1.0,1.0,0.0,0.0,10.0,1.0000000000000002
2017-05-31,Montgomery,PA,Passenger,1.0,0.0,1.0,39.0,40.0,2.5,2017,5,24209,168,10,1.0,1.0,1.0,1.0,0.0,0.0,11.0,1.0
2017-05-31,Montgomery,TN,Passenger,1.0,0.0,1.0,284.0,285.0,0.35,2017,5,24209,168,11,1.0,1.0,1.0,1.0,0.0,0.0,12.0,1.0000000000000002
2017-05-31,Montgomery,MD,Passenger,1.0,0.0,1.0,306.0,307.0,0.33,2017,5,24209,168,12,1.0,1.0,1.0,1.0,0.0,0.0,13.0,1.0000000000000002
2017-06-30,Montgomery,MD,Passenger,1.0,0.0,1.0,308.0,309.0,0.32,2017,6,24210,168,13,1.0,1.0,1.0,1.0,0.0,0.0,14.0,1.0000000000000009
2017-06-30,Montgomery,PA,Passenger,1.0,0.0,1.0,40.0,41.0,2.44,2017,6,24210,168,14,1.0,1.0,1.0,1.0,0.0,0.0,15.0,1.0000000000000007
2017-06-30,Montgomery,TN,Passenger,1.0,0.0,1.0,285.0,286.0,0.35,2017,6,24210,168,15,1.0,1.0,1.0,1.0,0.0,0.0,16.0,1.0000000000000009
2017-07-31,Montgomery,TN,Passenger,1.0,0.0,1.0,282.0,283.0,0.35,2017,7,24211,168,16,1.0,1.0,1.0,1.0,0.0,0.0,17.0,1.0
2017-07-31,Montgomery,PA,Passenger,1.0,0.0,1.0,39.0,40.0,2.5,2017,7,24211,168,17,1.0,1.0,1.0,1.0,0.0,0.0,18.0,1.0000000000000002
2017-07-31,Montgomery,MD,Passenger,1.0,0.0,1.0,308.0,309.0,0.32,2017,7,24211,168,18,1.0,1.0,1.0,1.0,0.0,0.0,19.0,1.000000000000002
2017-08-31,Montgomery,TN,Passenger,1.0,0.0,1.0,283.0,284.0,0.35,2017,8,24212,168,19,1.0,1.0,1.0,1.0,0.0,0.0,20.0,0.9999999999999998
2017-08-31,Montgomery,PA,Passenger,1.0,0.0,1.0,40.0,41.0,2.44,2017,8,24212,168,20,1.0,1.0,1.0,1.0,0.0,0.0,21.0,1.000000000000001
2017-08-31,Montgomery,TX,Passenger,1.0,0.0,1.0,61.0,62.0,1.61,2017,8,24212,168,21,1.0,1.0,1.0,1.0,0.0,0.0,22.0,1.0000000000000013
2017-08-31,Montgomery,MD,Passenger,1.0,0.0,1.0,309.0,310.0,0.32,2017,8,24212,168,22,1.0,1.0,1.0,1.0,0.0,0.0,23.0,1.0000000000000013
2017-09-30,Montgomery,TN,Passenger,1.0,0.0,1.0,279.0,280.0,0.36,2017,9,24213,168,23,1.0,1.0,1.0,1.0,0.0,0.0,24.0,1.0000000000000004
2017-09-30,Montgomery,PA,Passenger,1.0,0.0,1.0,37.0,38.0,2.63,2017,9,24213,168,24,1.0,1.0,1.0,1.0,0.0,0.0,25.0,1.0000000000000013
2017-09-30,Montgomery,TX,Passenger,1.0,0.0,1.0,62.0,63.0,1.59,2017,9,24213,168,25,1.0,1.0,1.0,1.0,0.0,0.0,26.0,1.0000000000000013
2017-09-30,Montgomery,MD,Passenger,1.0,0.0,1.0,308.0,309.0,0.32,2017,9,24213,168,26,1.0,1.0,1.0,1.0,0.0,0.0,27.0,1.0000000000000013
2017-10-31,Montgomery,PA,Passenger,1.0,0.0,1.0,38.0,39.0,2.56,2017,10,24214,168,27,1.0,1.0,1.0,1.0,0.0,0.0,28.0,1.0000000000000013
2017-10-31,Montgomery,MD,Passenger,1.0,0.0,1.0,306.0,307.0,0.33,2017,10,24214,168,28,1.0,1.0,1.0,1.0,0.0,0.0,29.0,1.0000000000000024
2017-10-31,Montgomery,TX,Passenger,1.0,0.0,1.0,62.0,63.0,1.59,2017,10,24214,168,29,1.0,1.0,1.0,1.0,0.0,0.0,30.0,1.000000000000002
2017-10-31,Montgomery,TN,Passenger,1.0,0.0,1.0,275.0,276.0,0.36,2017,10,24214,168,30,1.0,1.0,1.0,1.0,0.0,0.0,31.0,1.0000000000000009
2017-11-30,Montgomery,TN,Passenger,1.0,0.0,1.0,275.0,276.0,0.36,2017,11,24215,168,31,1.0,1.0,1.0,1.0,0.0,0.0,32.0,1.000000000000002
2017-11-30,Montgomery,MD,Passenger,1.0,0.0,1.0,304.0,305.0,0.33,2017,11,24215,168,32,1.0,1.0,1.0,1.0,0.0,0.0,33.0,1.0000000000000038
2017-11-30,Montgomery,TX,Passenger,1.0,0.0,1.0,63.0,64.0,1.56,2017,11,24215,168,33,1.0,1.0,1.0,1.0,0.0,0.0,34.0,1.0000000000000004
2017-11-30,Montgomery,PA,Passenger,1.0,0.0,1.0,39.0,40.0,2.5,2017,11,24215,168,34,1.0,1.0,1.0,1.0,0.0,0.0,35.0,1.000000000000002
2017-12-31,Montgomery,PA,Passenger,1.0,0.0,1.0,39.0,40.0,2.5,2017,12,24216,168,35,1.0,1.0,1.0,1.0,0.0,0.0,36.0,1.0000000000000029
2017-12-31,Montgomery,MD,Passenger,1.0,0.0,1.0,304.0,305.0,0.33,2017,12,24216,168,36,1.0,1.0,1.0,1.0,0.0,0.0,37.0,1.0000000000000038
2017-12-31,Montgomery,TN,Passenger,1.0,0.0,1.0,273.0,274.0,0.36,2017,12,24216,168,37,1.0,1.0,1.0,1.0,0.0,0.0,38.0,1.0
2017-12-31,Montgomery,TX,Passenger,1.0,0.0,1.0,63.0,64.0,1.56,2017,12,24216,168,38,1.0,1.0,1.0,1.0,0.0,0.0,39.0,1.0000000000000009
2018-01-31,Montgomery,TN,Passenger,1.0,0.0,1.0,275.0,276.0,0.36,2018,1,24217,168,39,1.0,1.0,1.0,1.0,0.0,0.0,40.0,1.0000000000000009
2018-01-31,Montgomery,MD,Passenger,1.0,0.0,1.0,302.0,303.0,0.33,2018,1,24217,168,40,1.0,1.0,1.0,1.0,0.0,0.0,41.0,1.0000000000000038
2018-01-31,Montgomery,TX,Passenger,1.0,0.0,1.0,62.0,63.0,1.59,2018,1,24217,168,41,1.0,1.0,1.0,1.0,0.0,0.0,42.0,1.0000000000000009
2018-01-31,Montgomery,PA,Passenger,1.0,0.0,1.0,34.0,35.0,2.86,2018,1,24217,168,42,1.0,1.0,1.0,1.0,0.0,0.0,43.0,1.0000000000000029
2018-02-28,Montgomery,PA,Passenger,1.0,0.0,1.0,35.0,36.0,2.78,2018,2,24218,168,43,1.0,1.0,1.0,1.0,0.0,0.0,44.0,1.0000000000000029
2018-02-28,Montgomery,MD,Passenger,1.0,0.0,1.0,301.0,302.0,0.33,2018,2,24218,168,44,1.0,1.0,1.0,1.0,0.0,0.0,45.0,1.0000000000000009
2018-02-28,Montgomery,TX,Passenger,1.0,0.0,1.0,63.0,64.0,1.56,2018,2,24218,168,45,1.0,1.0,1.0,1.0,0.0,0.0,46.0,1.0000000000000009
2018-02-28,Montgomery,TN,Passenger,1.0,0.0,1.0,269.0,270.0,0.37,2018,2,24218,168,46,1.0,1.0,1.0,1.0,0.0,0.0,47.0,1.0000000000000029
2018-03-31,Montgomery,TX,Passenger,1.0,0.0,1.0,64.0,65.0,1.54,2018,3,24219,168,47,1.0,1.0,1.0,1.0,0.0,0.0,48.0,1.0000000000000009
2018-03-31,Montgomery,TN,Passenger,1.0,0.0,1.0,272.0,273.0,0.37,2018,3,24219,168,48,1.0,1.0,1.0,1.0,0.0,0.0,49.0,1.000000000000002
2018-03-31,Montgomery,MD,Passenger,1.0,0.0,1.0,299.0,300.0,0.33,2018,3,24219,168,49,1.0,1.0,1.0,1.0,0.0,0.0,50.0,1.000000000000002
2018-03-31,Montgomery,PA,Passenger,1.0,0.0,1.0,35.0,36.0,2.78,2018,3,24219,168,50,1.0,1.0,1.0,1.0,0.0,0.0,51.0,1.000000000000002
2018-04-30,Montgomery,PA,Passenger,1.0,0.0,1.0,35.0,36.0,2.78,2018,4,24220,168,51,1.0,1.0,1.0,1.0,0.0,0.0,52.0,1.0000000000000009
2018-04-30,Montgomery,TX,Passenger,1.0,0.0,1.0,64.0,65.0,1.54,2018,4,24220,168,52,1.0,1.0,1.0,1.0,0.0,0.0,53.0,1.0000000000000029
2018-04-30,Montgomery,TN,Passenger,1.0,0.0,1.0,275.0,276.0,0.36,2018,4,24220,168,53,1.0,1.0,1.0,1.0,0.0,0.0,54.0,1.0000000000000049
2018-04-30,Montgomery,MD,Passenger,1.0,0.0,1.0,297.0,298.0,0.34,2018,4,24220,168,54,1.0,1.0,1.0,1.0,0.0,0.0,55.0,1.0000000000000038
2018-05-31,Montgomery,MD,Passenger,1.0,0.0,1.0,292.0,293.0,0.34,2018,5,24221,168,55,1.0,1.0,1.0,1.0,0.0,0.0,56.0,1.0
2018-05-31,Montgomery,PA,Passenger,2.0,0.0,2.0,36.0,38.0,5.26,2018,5,24221,168,56,1.0,1.0,1.0,1.0,1.0,1.0,58.0,1.142857142857148
2018-05-31,Montgomery,TX,Passenger,1.0,0.0,1.0,67.0,68.0,1.47,2018,5,24221,168,57,2.0,1.0,1.0,1.3333333333333333,-0.5,0.0,59.0,1.2285714285714306
2018-06-30,Montgomery,MD,Passenger,1.0,0.0,1.0,288.0,289.0,0.35,2018,6,24222,168,58,1.0,2.0,1.0,1.3333333333333333,0.0,0.0,60.0,1.257142857142858
2018-06-30,Montgomery,TX,Passenger,1.0,0.0,1.0,66.0,67.0,1.49,2018,6,24222,168,59,1.0,1.0,2.0,1.3333333333333333,0.0,-0.5,61.0,1.2285714285714318
2018-06-30,Montgomery,PA,Passenger,2.0,0.0,2.0,34.0,36.0,5.56,2018,6,24222,168,60,1.0,1.0,1.0,1.0,1.0,1.0,63.0,1.2857142857142871
2018-07-31,Montgomery,MD,Passenger,1.0,0.0,1.0,289.0,290.0,0.34,2018,7,24223,168,61,2.0,1.0,1.0,1.3333333333333333,-0.5,0.0,64.0,1.2285714285714346
2018-07-31,Montgomery,TX,Passenger,1.0,0.0,1.0,66.0,67.0,1.49,2018,7,24223,168,62,1.0,2.0,1.0,1.3333333333333333,0.0,0.0,65.0,1.2571428571428618
2018-07-31,Montgomery,PA,Passenger,2.0,0.0,2.0,34.0,36.0,5.56,2018,7,24223,168,63,1.0,1.0,2.0,1.3333333333333333,1.0,0.0,67.0,1.371428571428573
2018-08-31,Montgomery,MD,Passenger,1.0,0.0,1.0,287.0,288.0,0.35,2018,8,24224,168,64,2.0,1.0,1.0,1.3333333333333333,-0.5,0.0,68.0,1.3714285714285768
2018-08-31,Montgomery,PA,Passenger,2.0,0.0,2.0,36.0,38.0,5.26,2018,8,24224,168,65,1.0,2.0,1.0,1.3333333333333333,1.0,1.0,70.0,1.4000000000000021
2018-08-31,Montgomery,TX,Passenger,2.0,0.0,2.0,65.0,67.0,2.99,2018,8,24224,168,66,2.0,1.0,2.0,1.6666666666666667,0.0,0.0,72.0,1.6000000000000008
2018-09-30,Montgomery,TX,Passenger,2.0,0.0,2.0,65.0,67.0,2.99,2018,9,24225,168,67,2.0,2.0,1.0,1.6666666666666667,0.0,1.0,74.0,1.771428571428574
2018-09-30,Montgomery,PA,Passenger,2.0,0.0,2.0,36.0,38.0,5.26,2018,9,24225,168,68,2.0,2.0,2.0,2.0,0.0,0.0,76.0,1.8571428571428579
2018-09-30,Montgomery,MD,Passenger,1.0,0.0,1.0,287.0,288.0,0.35,2018,9,24225,168,69,2.0,2.0,2.0,2.0,-0.5,-0.5,77.0,1.8571428571428596
2018-10-31,Montgomery,PA,Passenger,2.0,0.0,2.0,36.0,38.0,5.26,2018,10,24226,168,70,1.0,2.0,2.0,1.6666666666666667,1.0,0.0,79.0,1.771428571428576
2018-10-31,Montgomery,MD,Passenger,1.0,0.0,1.0,283.0,284.0,0.35,2018,10,24226,168,71,2.0,1.0,2.0,1.6666666666666667,-0.5,-0.5,80.0,1.6000000000000045
2018-10-31,Montgomery,TX,Passenger,2.0,0.0,2.0,65.0,67.0,2.99,2018,10,24226,168,72,1.0,2.0,1.0,1.3333333333333333,1.0,1.0,82.0,1.542857142857148
2018-11-30,Montgomery,MD,Passenger,1.0,0.0,1.0,278.0,279.0,0.36,2018,11,24227,168,73,2.0,1.0,2.0,1.6666666666666667,-0.5,-0.5,83.0,1.4571428571428662
2018-11-30,Montgomery,PA,Passenger,2.0,0.0,2.0,35.0,37.0,5.41,2018,11,24227,168,74,1.0,2.0,1.0,1.3333333333333333,1.0,1.0,85.0,1.54285714285715
2018-11-30,Montgomery,TX,Passenger,2.0,0.0,2.0,66.0,68.0,2.94,2018,11,24227,168,75,2.0,1.0,2.0,1.6666666666666667,0.0,0.0,87.0,1.6000000000000045
2018-12-31,Montgomery,TX,Passenger,2.0,0.0,2.0,65.0,67.0,2.99,2018,12,24228,168,76,2.0,2.0,1.0,1.6666666666666667,0.0,1.0,89.0,1.771428571428576
2018-12-31,Montgomery,MD,Passenger,1.0,0.0,1.0,278.0,279.0,0.36,2018,12,24228,168,77,2.0,2.0,2.0,2.0,-0.5,-0.5,90.0,1.7142857142857213
2018-12-31,Montgomery,PA,Passenger,2.0,0.0,2.0,36.0,38.0,5.26,2018,12,24228,168,78,1.0,2.0,2.0,1.6666666666666667,1.0,0.0,92.0,1.7714285714285722
2018-12-31,Montgomery,AL,Passenger,0.0,1.0,1.0,46.0,47.0,2.13,2018,12,24228,168,79,2.0,1.0,2.0,1.6666666666666667,-0.5,-0.5,93.0,1.6000000000000045
2019-01-31,Montgomery,TX,Passenger,2.0,0.0,2.0,64.0,66.0,3.03,2019,1,24229,168,80,1.0,2.0,1.0,1.3333333333333333,1.0,1.0,95.0,1.5428571428571443
2019-01-31,Montgomery,AL,Passenger,0.0,1.0,1.0,45.0,46.0,2.17,2019,1,24229,168,81,2.0,1.0,2.0,1.6666666666666667,-0.5,-0.5,96.0,1.4571428571428644
2019-01-31,Montgomery,PA,Passenger,2.0,0.0,2.0,36.0,38.0,5.26,2019,1,24229,168,82,1.0,2.0,1.0,1.3333333333333333,1.0,1.0,98.0,1.542857142857152
2019-01-31,Montgomery,MD,Passenger,1.0,0.0,1.0,279.0,280.0,0.36,2019,1,24229,168,83,2.0,1.0,2.0,1.6666666666666667,-0.5,-0.5,99.0,1.4571428571428662
2019-02-28,Montgomery,AL,Passenger,0.0,1.0,1.0,44.0,45.0,2.22,2019,2,24230,168,84,1.0,2.0,1.0,1.3333333333333333,0.0,0.0,100.0,1.4000000000000137
2019-02-28,Montgomery,MD,Passenger,1.0,0.0,1.0,280.0,281.0,0.36,2019,2,24230,168,85,1.0,1.0,2.0,1.3333333333333333,0.0,-0.5,101.0,1.2285714285714326
2019-02-28,Montgomery,PA,Passenger,2.0,0.0,2.0,37.0,39.0,5.13,2019,2,24230,168,86,1.0,1.0,1.0,1.0,1.0,1.0,103.0,1.285714285714293
2019-02-28,Montgomery,TX,Passenger,2.0,0.0,2.0,65.0,67.0,2.99,2019,2,24230,168,87,2.0,1.0,1.0,1.3333333333333333,0.0,1.0,105.0,1.3714285714285863
2019-03-31,Montgomery,PA,Passenger,2.0,0.0,2.0,38.0,40.0,5.0,2019,3,24231,168,88,2.0,2.0,1.0,1.6666666666666667,0.0,1.0,107.0,1.6285714285714339
2019-03-31,Montgomery,MD,Passenger,1.0,0.0,1.0,279.0,280.0,0.36,2019,3,24231,168,89,2.0,2.0,2.0,2.0,-0.5,-0.5,108.0,1.7142857142857157
2019-03-31,Montgomery,AL,Passenger,0.0,1.0,1.0,43.0,44.0,2.27,2019,3,24231,168,90,1.0,2.0,2.0,1.6666666666666667,0.0,-0.5,109.0,1.6285714285714414
2019-03-31,Montgomery,TX,Passenger,2.0,0.0,2.0,66.0,68.0,2.94,2019,3,24231,168,91,1.0,1.0,2.0,1.3333333333333333,1.0,0.0,111.0,1.514285714285717
2019-04-30,Montgomery,TX,Passenger,2.0,0.0,2.0,64.0,66.0,3.03,2019,4,24232,168,92,2.0,1.0,1.0,1.3333333333333333,0.0,1.0,113.0,1.514285714285717
2019-04-30,Montgomery,PA,Passenger,2.0,0.0,2.0,39.0,41.0,4.88,2019,4,24232,168,93,2.0,2.0,1.0,1.6666666666666667,0.0,1.0,115.0,1.628571428571432
2019-04-30,Montgomery,AL,Passenger,0.0,1.0,1.0,44.0,45.0,2.22,2019,4,24232,168,94,2.0,2.0,2.0,2.0,-0.5,-0.5,116.0,1.7142857142857117
2019-04-30,Montgomery,MD,Passenger,1.0,0.0,1.0,277.0,278.0,0.36,2019,4,24232,168,95,1.0,2.0,2.0,1.6666666666666667,0.0,-0.5,117.0,1.6285714285714414
2019-05-31,Montgomery,PA,Passenger,2.0,0.0,2.0,39.0,41.0,4.88,2019,5,24233,168,96,1.0,1.0,2.0,1.3333333333333333,1.0,0.0,119.0,1.5142857142857227
2019-05-31,Montgomery,TX,Passenger,2.0,0.0,2.0,63.0,65.0,3.08,2019,5,24233,168,97,2.0,1.0,1.0,1.3333333333333333,0.0,1.0,121.0,1.5142857142857227
2019-05-31,Montgomery,MD,Passenger,1.0,0.0,1.0,282.0,283.0,0.35,2019,5,24233,168,98,2.0,2.0,1.0,1.6666666666666667,-0.5,0.0,122.0,1.4857142857142878
2019-05-31,Montgomery,AL,Passenger,0.0,1.0,1.0,42.0,43.0,2.33,2019,5,24233,168,99,1.0,2.0,2.0,1.6666666666666667,0.0,-0.5,123.0,1.485714285714303
2019-06-30,Montgomery,MD,Passenger,1.0,0.0,1.0,282.0,283.0,0.35,2019,6,24234,168,100,1.0,1.0,2.0,1.3333333333333333,0.0,-0.5,124.0,1.3714285714285785
2019-06-30,Montgomery,AL,Passenger,0.0,1.0,1.0,42.0,43.0,2.33,2019,6,24234,168,101,1.0,1.0,1.0,1.0,0.0,0.0,125.0,1.142857142857145
2019-06-30,Montgomery,PA,Passenger,2.0,0.0,2.0,39.0,41.0,4.88,2019,6,24234,168,102,1.0,1.0,1.0,1.0,1.0,1.0,127.0,1.1428571428571412
2019-06-30,Montgomery,TX,Passenger,2.0,0.0,2.0,65.0,67.0,2.99,2019,6,24234,168,103,2.0,1.0,1.0,1.3333333333333333,0.0,1.0,129.0,1.371428571428571
2019-07-31,Montgomery,MD,Passenger,1.0,0.0,1.0,283.0,284.0,0.35,2019,7,24235,168,104,2.0,2.0,1.0,1.6666666666666667,-0.5,0.0,130.0,1.4857142857142915
2019-07-31,Montgomery,TX,Passenger,1.0,0.0,1.0,64.0,65.0,1.54,2019,7,24235,168,105,1.0,2.0,2.0,1.6666666666666667,0.0,-0.5,131.0,1.4857142857142802
2019-07-31,Montgomery,AL,Passenger,0.0,1.0,1.0,42.0,43.0,2.33,2019,7,24235,168,106,1.0,1.0,2.0,1.3333333333333333,0.0,-0.5,132.0,1.3714285714285748
2019-07-31,Montgomery,PA,Passenger,2.0,0.0,2.0,39.0,41.0,4.88,2019,7,24235,168,107,1.0,1.0,1.0,1.0,1.0,1.0,134.0,1.2857142857142891
2019-08-31,Montgomery,AL,Passenger,0.0,1.0,1.0,40.0,41.0,2.44,2019,8,24236,168,108,2.0,1.0,1.0,1.3333333333333333,-0.5,0.0,135.0,1.2285714285714306
2019-08-31,Montgomery,PA,Passenger,2.0,0.0,2.0,39.0,41.0,4.88,2019,8,24236,168,109,1.0,2.0,1.0,1.3333333333333333,1.0,1.0,137.0,1.4000000000000175
2019-08-31,Montgomery,TX,Passenger,1.0,0.0,1.0,65.0,66.0,1.52,2019,8,24236,168,110,2.0,1.0,2.0,1.6666666666666667,-0.5,-0.5,138.0,1.4571428571428682
2019-09-30,Montgomery,AL,Passenger,0.0,1.0,1.0,41.0,42.0,2.38,2019,9,24237,168,111,1.0,2.0,1.0,1.3333333333333333,0.0,0.0,139.0,1.400000000000006
2019-09-30,Montgomery,TX,Passenger,1.0,0.0,1.0,63.0,64.0,1.56,2019,9,24237,168,112,1.0,1.0,2.0,1.3333333333333333,0.0,-0.5,140.0,1.2285714285714346
2019-09-30,Montgomery,PA,Passenger,2.0,0.0,2.0,38.0,40.0,5.0,2019,9,24237,168,113,1.0,1.0,1.0,1.0,1.0,1.0,142.0,1.2857142857143082
2019-10-31,Montgomery,PA,Passenger,2.0,0.0,2.0,38.0,40.0,5.0,2019,10,24238,168,114,2.0,1.0,1.0,1.3333333333333333,0.0,1.0,144.0,1.3714285714285785
2019-10-31,Montgomery,TX,Passenger,1.0,0.0,1.0,63.0,64.0,1.56,2019,10,24238,168,115,2.0,2.0,1.0,1.6666666666666667,-0.5,0.0,145.0,1.4857142857142955
2019-10-31,Montgomery,AL,Passenger,0.0,1.0,1.0,39.0,40.0,2.5,2019,10,24238,168,116,1.0,2.0,2.0,1.6666666666666667,0.0,-0.5,146.0,1.4857142857142993
2019-11-30,Montgomery,AL,Passenger,0.0,1.0,1.0,38.0,39.0,2.56,2019,11,24239,168,117,1.0,1.0,2.0,1.3333333333333333,0.0,-0.5,147.0,1.3714285714285863
2019-11-30,Montgomery,OH,Passenger,0.0,1.0,1.0,49.0,50.0,2.0,2019,11,24239,168,118,1.0,1.0,1.0,1.0,0.0,0.0,148.0,1.1428571428571488
2019-11-30,Montgomery,TX,Passenger,1.0,0.0,1.0,61.0,62.0,1.61,2019,11,24239,168,119,1.0,1.0,1.0,1.0,0.0,0.0,149.0,1.0000000000000162
2019-11-30,Montgomery,PA,Passenger,2.0,0.0,2.0,38.0,40.0,5.0,2019,11,24239,168,120,1.0,1.0,1.0,1.0,1.0,1.0,151.0,1.1428571428571528
2019-12-31,Montgomery,OH,Passenger,0.0,1.0,1.0,48.0,49.0,2.04,2019,12,24240,168,121,2.0,1.0,1.0,1.3333333333333333,-0.5,0.0,152.0,1.2285714285714384
2019-12-31,Montgomery,PA,Passenger,2.0,0.0,2.0,37.0,39.0,5.13,2019,12,24240,168,122,1.0,2.0,1.0,1.3333333333333333,1.0,1.0,154.0,1.4000000000000137
2019-12-31,Montgomery,AL,Passenger,0.0,1.0,1.0,38.0,39.0,2.56,2019,12,24240,168,123,2.0,1.0,2.0,1.6666666666666667,-0.5,-0.5,155.0,1.4571428571428682
2019-12-31,Montgomery,TX,Passenger,1.0,0.0,1.0,60.0,61.0,1.64,2019,12,24240,168,124,1.0,2.0,1.0,1.3333333333333333,0.0,0.0,156.0,1.400000000000006
2020-01-31,Montgomery,TX,Passenger,1.0,0.0,1.0,61.0,62.0,1.61,2020,1,24241,168,125,1.0,1.0,2.0,1.3333333333333333,0.0,-0.5,157.0,1.2285714285714384
2020-01-31,Montgomery,PA,Passenger,2.0,0.0,2.0,36.0,38.0,5.26,2020,1,24241,168,126,1.0,1.0,1.0,1.0,1.0,1.0,159.0,1.2857142857143007
2020-01-31,Montgomery,OH,Passenger,0.0,1.0,1.0,51.0,52.0,1.92,2020,1,24241,168,127,2.0,1.0,1.0,1.3333333333333333,-0.5,0.0,160.0,1.2285714285714384
2020-01-31,Montgomery,AL,Passenger,0.0,1.0,1.0,38.0,39.0,2.56,2020,1,24241,168,128,1.0,2.0,1.0,1.3333333333333333,0.0,0.0,161.0,1.2571428571428696
2020-02-29,Montgomery,AL,Passenger,0.0,1.0,1.0,38.0,39.0,2.56,2020,2,24242,168,129,1.0,1.0,2.0,1.3333333333333333,0.0,-0.5,162.0,1.2285714285714384
2020-02-29,Montgomery,OH,Passenger,0.0,1.0,1.0,49.0,50.0,2.0,2020,2,24242,168,130,1.0,1.0,1.0,1.0,0.0,0.0,163.0,1.1428571428571375
2020-02-29,Montgomery,PA,Passenger,2.0,0.0,2.0,37.0,39.0,5.13,2020,2,24242,168,131,1.0,1.0,1.0,1.0,1.0,1.0,165.0,1.1428571428571528
2020-02-29,Montgomery,TX,Passenger,1.0,0.0,1.0,57.0,58.0,1.72,2020,2,24242,168,132,2.0,1.0,1.0,1.3333333333333333,-0.5,0.0,166.0,1.2285714285714384
2020-03-31,Montgomery,OH,Passenger,0.0,1.0,1.0,47.0,48.0,2.08,2020,3,24243,168,133,1.0,2.0,1.0,1.3333333333333333,0.0,0.0,167.0,1.2571428571428696
2020-03-31,Montgomery,TX,Passenger,1.0,0.0,1.0,57.0,58.0,1.72,2020,3,24243,168,134,1.0,1.0,2.0,1.3333333333333333,0.0,-0.5,168.0,1.2285714285714422
2020-03-31,Montgomery,AL,Passenger,0.0,1.0,1.0,37.0,38.0,2.63,2020,3,24243,168,135,1.0,1.0,1.0,1.0,0.0,0.0,169.0,1.1428571428571566
2020-03-31,Montgomery,PA,Passenger,1.0,0.0,1.0,37.0,38.0,2.63,2020,3,24243,168,136,1.0,1.0,1.0,1.0,0.0,0.0,170.0,1.0000000000000049
2020-04-30,Montgomery,PA,Passenger,1.0,0.0,1.0,33.0,34.0,2.94,2020,4,24244,168,137,1.0,1.0,1.0,1.0,0.0,0.0,171.0,1.0000000000000087
2020-04-30,Montgomery,AL,Passenger,0.0,1.0,1.0,37.0,38.0,2.63,2020,4,24244,168,138,1.0,1.0,1.0,1.0,0.0,0.0,172.0,1.0000000000000087
2020-04-30,Montgomery,OH,Passenger,0.0,1.0,1.0,48.0,49.0,2.04,2020,4,24244,168,139,1.0,1.0,1.0,1.0,0.0,0.0,173.0,1.0000000000000087
2020-04-30,Montgomery,TX,Passenger,1.0,0.0,1.0,57.0,58.0,1.72,2020,4,24244,168,140,1.0,1.0,1.0,1.0,0.0,0.0,174.0,1.0000000000000124
2020-05-31,Montgomery,OH,Passenger,0.0,1.0,1.0,49.0,50.0,2.0,2020,5,24245,168,141,1.0,1.0,1.0,1.0,0.0,0.0,175.0,1.0000000000000124
2020-05-31,Montgomery,AL,Passenger,0.0,1.0,1.0,38.0,39.0,2.56,2020,5,24245,168,142,1.0,1.0,1.0,1.0,0.0,0.0,176.0,1.0000000000000124
2020-05-31,Montgomery,PA,Passenger,1.0,0.0,1.0,32.0,33.0,3.03,2020,5,24245,168,143,1.0,1.0,1.0,1.0,0.0,0.0,177.0,1.0000000000000049
2020-05-31,Montgomery,TX,Passenger,1.0,0.0,1.0,57.0,58.0,1.72,2020,5,24245,168,144,1.0,1.0,1.0,1.0,0.0,0.0,178.0,1.0000000000000124
2020-06-30,Montgomery,OH,Passenger,0.0,1.0,1.0,50.0,51.0,1.96,2020,6,24246,168,145,1.0,1.0,1.0,1.0,0.0,0.0,179.0,1.0000000000000202
2020-06-30,Montgomery,TX,Passenger,1.0,0.0,1.0,55.0,56.0,1.79,2020,6,24246,168,146,1.0,1.0,1.0,1.0,0.0,0.0,180.0,1.0000000000000087
2020-06-30,Montgomery,PA,Passenger,1.0,0.0,1.0,32.0,33.0,3.03,2020,6,24246,168,147,1.0,1.0,1.0,1.0,0.0,0.0,181.0,1.0000000000000124
2020-06-30,Montgomery,AL,Passenger,0.0,1.0,1.0,37.0,38.0,2.63,2020,6,24246,168,148,1.0,1.0,1.0,1.0,0.0,0.0,182.0,1.0000000000000124
2020-07-31,Montgomery,PA,Passenger,1.0,0.0,1.0,31.0,32.0,3.12,2020,7,24247,168,149,1.0,1.0,1.0,1.0,0.0,0.0,183.0,1.0000000000000162
2020-07-31,Montgomery,OH,Passenger,0.0,1.0,1.0,50.0,51.0,1.96,2020,7,24247,168,150,1.0,1.0,1.0,1.0,0.0,0.0,184.0,1.0000000000000124
2020-07-31,Montgomery,AL,Passenger,0.0,1.0,1.0,40.0,41.0,2.44,2020,7,24247,168,151,1.0,1.0,1.0,1.0,0.0,0.0,185.0,1.0000000000000087
2020-07-31,Montgomery,TX,Passenger,1.0,0.0,1.0,55.0,56.0,1.79,2020,7,24247,168,152,1.0,1.0,1.0,1.0,0.0,0.0,186.0,1.000000000000024
2020-08-31,Montgomery,TX,Passenger,1.0,0.0,1.0,54.0,55.0,1.82,2020,8,24248,168,153,1.0,1.0,1.0,1.0,0.0,0.0,187.0,1.0000000000000162
2020-08-31,Montgomery,PA,Passenger,1.0,0.0,1.0,29.0,30.0,3.33,2020,8,24248,168,154,1.0,1.0,1.0,1.0,0.0,0.0,188.0,1.0000000000000009
2020-08-31,Montgomery,AL,Passenger,0.0,1.0,1.0,39.0,40.0,2.5,2020,8,24248,168,155,1.0,1.0,1.0,1.0,0.0,0.0,189.0,1.0000000000000124
2020-08-31,Montgomery,OH,Passenger,0.0,1.0,1.0,49.0,50.0,2.0,2020,8,24248,168,156,1.0,1.0,1.0,1.0,0.0,0.0,190.0,1.0000000000000087
2020-09-30,Montgomery,AL,Passenger,0.0,1.0,1.0,40.0,41.0,2.44,2020,9,24249,168,157,1.0,1.0,1.0,1.0,0.0,0.0,191.0,1.0000000000000009
2020-09-30,Montgomery,PA,Passenger,1.0,0.0,1.0,29.0,30.0,3.33,2020,9,24249,168,158,1.0,1.0,1.0,1.0,0.0,0.0,192.0,1.0000000000000049
2020-09-30,Montgomery,OH,Passenger,0.0,1.0,1.0,49.0,50.0,2.0,2020,9,24249,168,159,1.0,1.0,1.0,1.0,0.0,0.0,193.0,1.0000000000000049
2020-09-30,Montgomery,TX,Passenger,1.0,0.0,1.0,52.0,53.0,1.89,2020,9,24249,168,160,1.0,1.0,1.0,1.0,0.0,0.0,194.0,1.000000000000024
2020-10-31,Montgomery,PA,Passenger,1.0,0.0,1.0,27.0,28.0,3.57,2020,10,24250,168,161,1.0,1.0,1.0,1.0,0.0,0.0,195.0,1.000000000000024
2020-10-31,Montgomery,AL,Passenger,0.0,1.0,1.0,41.0,42.0,2.38,2020,10,24250,168,162,1.0,1.0,1.0,1.0,0.0,0.0,196.0,1.0000000000000124
2020-10-31,Montgomery,TX,Passenger,1.0,0.0,1.0,52.0,53.0,1.89,2020,10,24250,168,163,1.0,1.0,1.0,1.0,0.0,0.0,197.0,1.0000000000000124
2020-10-31,Montgomery,OH,Passenger,0.0,1.0,1.0,50.0,51.0,1.96,2020,10,24250,168,164,1.0,1.0,1.0,1.0,0.0,0.0,198.0,1.0000000000000009
2020-11-30,Montgomery,TX,Passenger,1.0,0.0,1.0,52.0,53.0,1.89,2020,11,24251,168,165,1.0,1.0,1.0,1.0,0.0,0.0,199.0,1.0000000000000124
2020-11-30,Montgomery,AL,Passenger,0.0,1.0,1.0,42.0,43.0,2.33,2020,11,24251,168,166,1.0,1.0,1.0,1.0,0.0,0.0,200.0,1.0000000000000124
2020-11-30,Montgomery,OH,Passenger,0.0,1.0,1.0,54.0,55.0,1.82,2020,11,24251,168,167,1.0,1.0,1.0,1.0,0.0,0.0,201.0,1.0000000000000124
2020-11-30,Montgomery,PA,Passenger,1.0,0.0,1.0,26.0,27.0,3.7,2020,11,24251,168,168,1.0,1.0,1.0,1.0,0.0,0.0,202.0,1.0000000000000124
2020-12-31,Montgomery,MD,Passenger,1.0,0.0,1.0,233.0,234.0,0.43,2020,12,24252,168,169,1.0,1.0,1.0,1.0,0.0,0.0,203.0,1.0000000000000087
2020-12-31,Montgomery,TX,Passenger,1.0,0.0,1.0,51.0,52.0,1.92,2020,12,24252,168,170,1.0,1.0,1.0,1.0,0.0,0.0,204.0,1.0000000000000162
2020-12-31,Montgomery,OH,Passenger,0.0,1.0,1.0,54.0,55.0,1.82,2020,12,24252,168,171,1.0,1.0,1.0,1.0,0.0,0.0,205.0,1.0000000000000049
2020-12-31,Montgomery,PA,Passenger,1.0,0.0,1.0,27.0,28.0,3.57,2020,12,24252,168,172,1.0,1.0,1.0,1.0,0.0,0.0,206.0,1.0000000000000124
2021-01-31,Montgomery,TX,Passenger,1.0,0.0,1.0,52.0,53.0,1.89,2021,1,24253,168,173,1.0,1.0,1.0,1.0,0.0,0.0,207.0,1.0000000000000355
2021-01-31,Montgomery,PA,Passenger,1.0,0.0,1.0,28.0,29.0,3.45,2021,1,24253,168,174,1.0,1.0,1.0,1.0,0.0,0.0,208.0,1.0000000000000162
2021-01-31,Montgomery,OH,Passenger,0.0,1.0,1.0,55.0,56.0,1.79,2021,1,24253,168,175,1.0,1.0,1.0,1.0,0.0,0.0,209.0,1.0000000000000087
2021-01-31,Montgomery,MD,Passenger,1.0,0.0,1.0,233.0,234.0,0.43,2021,1,24253,168,176,1.0,1.0,1.0,1.0,0.0,0.0,210.0,1.0000000000000124
2021-02-28,Montgomery,OH,Passenger,0.0,1.0,1.0,56.0,57.0,1.75,2021,2,24254,168,177,1.0,1.0,1.0,1.0,0.0,0.0,211.0,1.0000000000000049
2021-02-28,Montgomery,TX,Passenger,1.0,0.0,1.0,53.0,54.0,1.85,2021,2,24254,168,178,1.0,1.0,1.0,1.0,0.0,0.0,212.0,1.0000000000000087
2021-02-28,Montgomery,PA,Passenger,1.0,0.0,1.0,27.0,28.0,3.57,2021,2,24254,168,179,1.0,1.0,1.0,1.0,0.0,0.0,213.0,1.0000000000000202
2021-02-28,Montgomery,MD,Passenger,1.0,0.0,1.0,235.0,236.0,0.42,2021,2,24254,168,180,1.0,1.0,1.0,1.0,0.0,0.0,214.0,1.0000000000000124
2021-03-31,Montgomery,OH,Passenger,0.0,1.0,1.0,57.0,58.0,1.72,2021,3,24255,168,181,1.0,1.0,1.0,1.0,0.0,0.0,215.0,1.0000000000000315
2021-03-31,Montgomery,TX,Passenger,1.0,1.0,2.0,51.0,53.0,3.77,2021,3,24255,168,182,1.0,1.0,1.0,1.0,1.0,1.0,217.0,1.1428571428571566
2021-03-31,Montgomery,MD,Passenger,1.0,0.0,1.0,235.0,236.0,0.42,2021,3,24255,168,183,2.0,1.0,1.0,1.3333333333333333,-0.5,0.0,218.0,1.2285714285714422
2021-03-31,Montgomery,PA,Passenger,1.0,0.0,1.0,26.0,27.0,3.7,2021,3,24255,168,184,1.0,2.0,1.0,1.3333333333333333,0.0,0.0,219.0,1.257142857142877
2021-04-30,Montgomery,OH,Passenger,0.0,1.0,1.0,59.0,60.0,1.67,2021,4,24256,168,185,1.0,1.0,2.0,1.3333333333333333,0.0,-0.5,220.0,1.2285714285714384
2021-04-30,Montgomery,PA,Passenger,1.0,0.0,1.0,26.0,27.0,3.7,2021,4,24256,168,186,1.0,1.0,1.0,1.0,0.0,0.0,221.0,1.142857142857168
2021-04-30,Montgomery,MD,Passenger,1.0,0.0,1.0,235.0,236.0,0.42,2021,4,24256,168,187,1.0,1.0,1.0,1.0,0.0,0.0,222.0,1.0000000000000202
2021-04-30,Montgomery,TX,Passenger,1.0,1.0,2.0,51.0,53.0,3.77,2021,4,24256,168,188,1.0,1.0,1.0,1.0,1.0,1.0,224.0,1.1428571428571528
2021-05-31,Montgomery,MD,Passenger,2.0,1.0,3.0,233.0,236.0,1.27,2021,5,24257,168,189,2.0,1.0,1.0,1.3333333333333333,0.5,2.0,227.0,1.514285714285719
2021-05-31,Montgomery,PA,Passenger,1.0,0.0,1.0,26.0,27.0,3.7,2021,5,24257,168,190,3.0,2.0,1.0,2.0,-0.6666666666666667,0.0,228.0,1.7142857142857368
2021-05-31,Montgomery,OH,Passenger,0.0,1.0,1.0,59.0,60.0,1.67,2021,5,24257,168,191,1.0,3.0,2.0,2.0,0.0,-0.5,229.0,1.7428571428571602
2021-05-31,Montgomery,TX,Passenger,1.0,1.0,2.0,51.0,53.0,3.77,2021,5,24257,168,192,1.0,1.0,3.0,1.6666666666666667,1.0,-0.33333333333333337,231.0,1.7428571428571449
2021-05-31,Montgomery,TN,Passenger,1.0,0.0,1.0,239.0,240.0,0.42,2021,5,24257,168,193,2.0,1.0,1.0,1.3333333333333333,-0.5,0.0,232.0,1.5142857142857113
2021-06-30,Montgomery,MD,Passenger,3.0,1.0,4.0,224.0,228.0,1.75,2021,6,24258,168,194,1.0,2.0,1.0,1.3333333333333333,3.0,3.0,236.0,1.685714285714298
2021-06-30,Montgomery,PA,Passenger,1.0,0.0,1.0,26.0,27.0,3.7,2021,6,24258,168,195,4.0,1.0,2.0,2.3333333333333335,-0.75,-0.5,237.0,1.9142857142857546
2021-06-30,Montgomery,TN,Passenger,1.0,0.0,1.0,240.0,241.0,0.41,2021,6,24258,168,196,1.0,4.0,1.0,2.0,0.0,0.0,238.0,1.9142857142857315
2021-06-30,Montgomery,OH,Passenger,0.0,1.0,1.0,58.0,59.0,1.69,2021,6,24258,168,197,1.0,1.0,4.0,2.0,0.0,-0.75,239.0,1.6857142857143057
2021-06-30,Montgomery,TX,Passenger,1.0,1.0,2.0,47.0,49.0,4.08,2021,6,24258,168,198,1.0,1.0,1.0,1.0,1.0,1.0,241.0,1.5714285714285887
2021-07-31,Montgomery,TN,Passenger,1.0,0.0,1.0,240.0,241.0,0.41,2021,7,24259,168,199,2.0,1.0,1.0,1.3333333333333333,-0.5,0.0,242.0,1.2285714285714537
2021-07-31,Montgomery,OH,Passenger,0.0,1.0,1.0,57.0,58.0,1.72,2021,7,24259,168,200,1.0,2.0,1.0,1.3333333333333333,0.0,0.0,243.0,1.257142857142877
2021-07-31,Montgomery,TX,Passenger,1.0,1.0,2.0,46.0,48.0,4.17,2021,7,24259,168,201,1.0,1.0,2.0,1.3333333333333333,1.0,0.0,245.0,1.3714285714285863
2021-07-31,Montgomery,PA,Passenger,1.0,0.0,1.0,25.0,26.0,3.85,2021,7,24259,168,202,2.0,1.0,1.0,1.3333333333333333,-0.5,0.0,246.0,1.3714285714285863
2021-07-31,Montgomery,MD,Passenger,3.0,1.0,4.0,218.0,222.0,1.8,2021,7,24259,168,203,1.0,2.0,1.0,1.3333333333333333,3.0,3.0,250.0,1.6857142857143057
2021-08-31,Montgomery,MD,Passenger,3.0,1.0,4.0,216.0,220.0,1.82,2021,8,24260,168,204,4.0,1.0,2.0,2.3333333333333335,0.0,1.0,254.0,2.34285714285716
2021-08-31,Montgomery,TN,Passenger,1.0,0.0,1.0,237.0,238.0,0.42,2021,8,24260,168,205,4.0,4.0,1.0,3.0,-0.75,0.0,255.0,2.6000000000000094
2021-08-31,Montgomery,TX,Passenger,1.0,1.0,2.0,46.0,48.0,4.17,2021,8,24260,168,206,1.0,4.0,4.0,3.0,1.0,-0.5,257.0,2.6000000000000245
2021-08-31,Montgomery,OH,Passenger,0.0,1.0,1.0,58.0,59.0,1.69,2021,8,24260,168,207,2.0,1.0,4.0,2.3333333333333335,-0.5,-0.75,258.0,2.3428571428571754
2021-08-31,Montgomery,PA,Passenger,2.0,0.0,2.0,23.0,25.0,6.9025,2021,8,24260,168,208,1.0,2.0,1.0,1.3333333333333333,1.0,1.0,260.0,1.8285714285714612
2021-09-30,Montgomery,TN,Passenger,1.0,0.0,1.0,236.0,237.0,0.42,2021,9,24261,168,209,2.0,1.0,2.0,1.6666666666666667,-0.5,-0.5,261.0,1.4571428571428873
2021-09-30,Montgomery,OH,Passenger,0.0,1.0,1.0,59.0,60.0,1.67,2021,9,24261,168,210,1.0,2.0,1.0,1.3333333333333333,0.0,0.0,262.0,1.400000000000025
2021-09-30,Montgomery,MD,Passenger,3.0,2.0,5.0,216.0,221.0,2.26,2021,9,24261,168,211,1.0,1.0,2.0,1.3333333333333333,4.0,1.5,267.0,1.8000000000000071
2021-09-30,Montgomery,TX,Passenger,1.0,1.0,2.0,44.0,46.0,4.35,2021,9,24261,168,212,5.0,1.0,1.0,2.3333333333333335,-0.6,1.0,269.0,2.1999999999999966
2021-09-30,Montgomery,PA,Passenger,2.0,0.0,2.0,23.0,25.0,6.9025,2021,9,24261,168,213,2.0,5.0,1.0,2.6666666666666665,0.0,1.0,271.0,2.400000000000022
2021-10-31,Montgomery,PA,Passenger,2.0,0.0,2.0,24.0,26.0,6.9025,2021,10,24262,168,214,2.0,2.0,5.0,3.0,0.0,-0.6,273.0,2.5428571428571547
2021-10-31,Montgomery,TN,Passenger,1.0,0.0,1.0,228.0,229.0,0.44,2021,10,24262,168,215,2.0,2.0,2.0,2.0,-0.5,-0.5,274.0,2.2857142857143207
2021-10-31,Montgomery,TX,Passenger,1.0,1.0,2.0,45.0,47.0,4.26,2021,10,24262,168,216,1.0,2.0,2.0,1.6666666666666667,1.0,0.0,276.0,1.7714285714285913
2021-10-31,Montgomery,OH,Passenger,0.0,1.0,1.0,56.0,57.0,1.75,2021,10,24262,168,217,2.0,1.0,2.0,1.6666666666666667,-0.5,-0.5,277.0,1.599999999999997
2021-10-31,Montgomery,MD,Passenger,3.0,2.0,5.0,217.0,222.0,2.25,2021,10,24262,168,218,1.0,2.0,1.0,1.3333333333333333,4.0,4.0,282.0,1.9714285714285937
2021-11-30,Montgomery,PA,Passenger,2.0,0.0,2.0,22.0,24.0,6.9025,2021,11,24263,168,219,5.0,1.0,2.0,2.6666666666666665,-0.6,0.0,284.0,2.2857142857142976
2021-11-30,Montgomery,MD,Passenger,3.0,2.0,5.0,215.0,220.0,2.27,2021,11,24263,168,220,2.0,5.0,1.0,2.6666666666666665,1.5,4.0,289.0,2.9714285714285986
2021-11-30,Montgomery,TN,Passenger,1.0,0.0,1.0,225.0,226.0,0.44,2021,11,24263,168,221,5.0,2.0,5.0,4.0,-0.8,-0.8,290.0,3.0857142857143076
2021-11-30,Montgomery,TX,Passenger,1.0,1.0,2.0,44.0,46.0,4.35,2021,11,24263,168,222,1.0,5.0,2.0,2.6666666666666665,1.0,0.0,292.0,2.971428571428591
2021-12-31,Montgomery,PA,Passenger,2.0,0.0,2.0,24.0,26.0,6.9025,2021,12,24264,168,223,2.0,1.0,5.0,2.6666666666666665,0.0,-0.6,294.0,2.4285714285714533
2021-12-31,Montgomery,TN,Passenger,1.0,0.0,1.0,219.0,220.0,0.45,2021,12,24264,168,224,2.0,2.0,1.0,1.6666666666666667,-0.5,0.0,295.0,2.0571428571428947
2021-12-31,Montgomery,MD,Passenger,3.0,2.0,5.0,214.0,219.0,2.28,2021,12,24264,168,225,1.0,2.0,2.0,1.6666666666666667,4.0,1.5,300.0,2.057142857142864
2021-12-31,Montgomery,TX,Passenger,1.0,1.0,2.0,43.0,45.0,4.44,2021,12,24264,168,226,5.0,1.0,2.0,2.6666666666666665,-0.6,0.0,302.0,2.4285714285714533
2022-01-31,Montgomery,TX,Passenger,1.0,1.0,2.0,40.0,42.0,4.76,2022,1,24265,168,227,2.0,5.0,1.0,2.6666666666666665,0.0,1.0,304.0,2.5428571428571547
2022-01-31,Montgomery,MD,Passenger,3.0,2.0,5.0,206.0,211.0,2.37,2022,1,24265,168,228,2.0,2.0,5.0,3.0,1.5,0.0,309.0,2.9714285714285755
2022-01-31,Montgomery,TN,Passenger,1.0,0.0,1.0,216.0,217.0,0.46,2022,1,24265,168,229,5.0,2.0,2.0,3.0,-0.8,-0.5,310.0,2.9714285714285755
2022-01-31,Montgomery,PA,Passenger,2.0,0.0,2.0,25.0,27.0,6.9025,2022,1,24265,168,230,1.0,5.0,2.0,2.6666666666666665,1.0,0.0,312.0,2.5428571428571702
2022-02-28,Montgomery,MD,Passenger,3.0,2.0,5.0,204.0,209.0,2.39,2022,2,24266,168,231,2.0,1.0,5.0,2.6666666666666665,1.5,0.0,317.0,2.857142857142874
2022-02-28,Montgomery,TN,Passenger,1.0,0.0,1.0,217.0,218.0,0.46,2022,2,24266,168,232,5.0,2.0,1.0,2.6666666666666665,-0.8,0.0,318.0,2.7428571428571495
2022-02-28,Montgomery,PA,Passenger,2.0,0.0,2.0,25.0,27.0,6.9025,2022,2,24266,168,233,1.0,5.0,2.0,2.6666666666666665,1.0,0.0,320.0,2.400000000000045
2022-02-28,Montgomery,TX,Passenger,1.0,0.0,1.0,40.0,41.0,2.44,2022,2,24266,168,234,2.0,1.0,5.0,2.6666666666666665,-0.5,-0.8,321.0,2.285714285714313
2022-03-31,Montgomery,AL,Passenger,0.0,1.0,1.0,38.0,39.0,2.56,2022,3,24267,168,235,1.0,2.0,1.0,1.3333333333333333,0.0,0.0,322.0,1.8285714285714458
2022-03-31,Montgomery,TX,Passenger,1.0,0.0,1.0,41.0,42.0,2.38,2022,3,24267,168,236,1.0,1.0,2.0,1.3333333333333333,0.0,-0.5,323.0,1.2285714285714384
2022-03-31,Montgomery,TN,Passenger,1.0,0.0,1.0,214.0,215.0,0.47,2022,3,24267,168,237,1.0,1.0,1.0,1.0,0.0,0.0,324.0,1.142857142857168
2022-03-31,Montgomery,PA,Passenger,2.0,0.0,2.0,25.0,27.0,6.9025,2022,3,24267,168,238,1.0,1.0,1.0,1.0,1.0,1.0,326.0,1.1428571428571757
2022-03-31,Montgomery,MD,Passenger,3.0,2.0,5.0,203.0,208.0,2.4,2022,3,24267,168,239,2.0,1.0,1.0,1.3333333333333333,1.5,4.0,331.0,1.8000000000000225
2022-04-30,Montgomery,TX,Passenger,1.0,0.0,1.0,41.0,42.0,2.38,2022,4,24268,168,240,5.0,2.0,1.0,2.6666666666666665,-0.8,0.0,332.0,2.171428571428604
2022-04-30,Montgomery,MD,Passenger,4.0,2.0,6.0,204.0,210.0,2.86,2022,4,24268,168,241,1.0,5.0,2.0,2.6666666666666665,5.0,2.0,338.0,2.9714285714285986
2022-04-30,Montgomery,PA,Passenger,2.0,0.0,2.0,24.0,26.0,6.9025,2022,4,24268,168,242,6.0,1.0,5.0,4.0,-0.6666666666666667,-0.6,340.0,3.3428571428571723
2022-04-30,Montgomery,TN,Passenger,1.0,0.0,1.0,210.0,211.0,0.47,2022,4,24268,168,243,2.0,6.0,1.0,3.0,-0.5,0.0,341.0,3.085714285714323
2022-04-30,Montgomery,AL,Passenger,0.0,1.0,1.0,37.0,38.0,2.63,2022,4,24268,168,244,1.0,2.0,6.0,3.0,0.0,-0.8333333333333334,342.0,2.400000000000007
2022-05-31,Montgomery,TN,Passenger,1.0,0.0,1.0,205.0,206.0,0.49,2022,5,24269,168,245,1.0,1.0,2.0,1.3333333333333333,0.0,-0.5,343.0,1.9428571428571704
2022-05-31,Montgomery,AL,Passenger,0.0,1.0,1.0,37.0,38.0,2.63,2022,5,24269,168,246,1.0,1.0,1.0,1.0,0.0,0.0,344.0,1.1428571428571528
2022-05-31,Montgomery,MD,Passenger,4.0,2.0,6.0,209.0,215.0,2.79,2022,5,24269,168,247,1.0,1.0,1.0,1.0,5.0,5.0,350.0,1.7142857142857368
2022-05-31,Montgomery,TX,Passenger,1.0,0.0,1.0,39.0,40.0,2.5,2022,5,24269,168,248,6.0,1.0,1.0,2.6666666666666665,-0.8333333333333334,0.0,351.0,2.142857142857165
2022-05-31,Montgomery,PA,Passenger,2.0,0.0,2.0,23.0,25.0,6.9025,2022,5,24269,168,249,1.0,6.0,1.0,2.6666666666666665,1.0,1.0,353.0,2.4285714285714457
2022-06-30,Montgomery,PA,Passenger,2.0,0.0,2.0,24.0,26.0,6.9025,2022,6,24270,168,250,2.0,1.0,6.0,3.0,0.0,-0.6666666666666667,355.0,2.5142857142857236
2022-06-30,Montgomery,TX,Passenger,1.0,0.0,1.0,39.0,40.0,2.5,2022,6,24270,168,251,2.0,2.0,1.0,1.6666666666666667,-0.5,0.0,356.0,2.200000000000043
2022-06-30,Montgomery,TN,Passenger,1.0,0.0,1.0,205.0,206.0,0.49,2022,6,24270,168,252,1.0,2.0,2.0,1.6666666666666667,0.0,-0.5,357.0,1.4857142857142955
2022-06-30,Montgomery,MD,Passenger,4.0,2.0,6.0,208.0,214.0,2.8,2022,6,24270,168,253,1.0,1.0,2.0,1.3333333333333333,5.0,2.0,363.0,2.085714285714326
2022-06-30,Montgomery,AL,Passenger,0.0,1.0,1.0,38.0,39.0,2.56,2022,6,24270,168,254,6.0,1.0,1.0,2.6666666666666665,-0.8333333333333334,0.0,364.0,2.28571428571429
2022-07-31,Montgomery,MD,Passenger,4.0,2.0,6.0,204.0,210.0,2.86,2022,7,24271,168,255,1.0,6.0,1.0,2.6666666666666665,5.0,5.0,370.0,3.0000000000000373
2022-07-31,Montgomery,TN,Passenger,1.0,0.0,1.0,202.0,203.0,0.49,2022,7,24271,168,256,6.0,1.0,6.0,4.333333333333333,-0.8333333333333334,-0.8333333333333334,371.0,3.2857142857143025
2022-07-31,Montgomery,PA,Passenger,1.0,0.0,1.0,23.0,24.0,4.17,2022,7,24271,168,257,1.0,6.0,1.0,2.6666666666666665,0.0,0.0,372.0,3.000000000000022
2022-07-31,Montgomery,AL,Passenger,0.0,1.0,1.0,38.0,39.0,2.56,2022,7,24271,168,258,1.0,1.0,6.0,2.6666666666666665,0.0,-0.8333333333333334,373.0,2.1428571428571805
2022-08-31,Montgomery,TN,Passenger,1.0,0.0,1.0,199.0,200.0,0.5,2022,8,24272,168,259,1.0,1.0,1.0,1.0,0.0,0.0,374.0,1.7142857142857597
2022-08-31,Montgomery,MD,Passenger,4.0,2.0,6.0,198.0,204.0,2.94,2022,8,24272,168,260,1.0,1.0,1.0,1.0,5.0,5.0,380.0,1.7142857142857213
2022-08-31,Montgomery,PA,Passenger,1.0,0.0,1.0,23.0,24.0,4.17,2022,8,24272,168,261,6.0,1.0,1.0,2.6666666666666665,-0.8333333333333334,0.0,381.0,2.1428571428571956
2022-08-31,Montgomery,AL,Passenger,0.0,1.0,1.0,38.0,39.0,2.56,2022,8,24272,168,262,1.0,6.0,1.0,2.6666666666666665,0.0,0.0,382.0,2.2857142857143056
2022-09-30,Montgomery,PA,Passenger,1.0,0.0,1.0,24.0,25.0,4.0,2022,9,24273,168,263,1.0,1.0,6.0,2.6666666666666665,0.0,-0.8333333333333334,383.0,2.14285714285715
2022-09-30,Montgomery,AL,Passenger,0.0,1.0,1.0,38.0,39.0,2.56,2022,9,24273,168,264,1.0,1.0,1.0,1.0,0.0,0.0,384.0,1.7142857142857213
2022-09-30,Montgomery,MD,Passenger,4.0,2.0,6.0,196.0,202.0,2.97,2022,9,24273,168,265,1.0,1.0,1.0,1.0,5.0,5.0,390.0,1.7142857142857597
2022-09-30,Montgomery,TN,Passenger,1.0,0.0,1.0,194.0,195.0,0.51,2022,9,24273,168,266,6.0,1.0,1.0,2.6666666666666665,-0.8333333333333334,0.0,391.0,2.1428571428571574
2022-10-31,Montgomery,TN,Passenger,1.0,0.0,1.0,191.0,192.0,0.52,2022,10,24274,168,267,1.0,6.0,1.0,2.6666666666666665,0.0,0.0,392.0,2.285714285714313
2022-10-31,Montgomery,MD,Passenger,4.0,2.0,6.0,195.0,201.0,2.99,2022,10,24274,168,268,1.0,1.0,6.0,2.6666666666666665,5.0,0.0,398.0,2.8571428571428896
2022-10-31,Montgomery,AL,Passenger,0.0,1.0,1.0,36.0,37.0,2.7,2022,10,24274,168,269,6.0,1.0,1.0,2.6666666666666665,-0.8333333333333334,0.0,399.0,2.8571428571428665
2022-10-31,Montgomery,PA,Passenger,1.0,0.0,1.0,23.0,24.0,4.17,2022,10,24274,168,270,1.0,6.0,1.0,2.6666666666666665,0.0,0.0,400.0,2.2857142857143438
2022-11-30,Montgomery,AL,Passenger,0.0,1.0,1.0,36.0,37.0,2.7,2022,11,24275,168,271,1.0,1.0,6.0,2.6666666666666665,0.0,-0.8333333333333334,401.0,2.142857142857165
2022-11-30,Montgomery,MD,Passenger,4.0,2.0,6.0,194.0,200.0,3.0,2022,11,24275,168,272,1.0,1.0,1.0,1.0,5.0,5.0,407.0,2.428571428571461
2022-11-30,Montgomery,TN,Passenger,1.0,0.0,1.0,189.0,190.0,0.53,2022,11,24275,168,273,6.0,1.0,1.0,2.6666666666666665,-0.8333333333333334,0.0,408.0,2.1428571428571574
2022-11-30,Montgomery,PA,Passenger,1.0,0.0,1.0,22.0,23.0,4.35,2022,11,24275,168,274,1.0,6.0,1.0,2.6666666666666665,0.0,0.0,409.0,2.285714285714313
2022-12-31,Montgomery,PA,Passenger,1.0,0.0,1.0,21.0,22.0,4.55,2022,12,24276,168,275,1.0,1.0,6.0,2.6666666666666665,0.0,-0.8333333333333334,410.0,2.142857142857165
2022-12-31,Montgomery,MD,Passenger,4.0,3.0,7.0,191.0,198.0,3.54,2022,12,24276,168,276,1.0,1.0,1.0,1.0,6.0,6.0,417.0,2.571428571428594
2022-12-31,Montgomery,TN,Passenger,1.0,0.0,1.0,184.0,185.0,0.54,2022,12,24276,168,277,7.0,1.0,1.0,3.0,-0.8571428571428572,0.0,418.0,2.3714285714286216
2022-12-31,Montgomery,AL,Passenger,0.0,1.0,1.0,36.0,37.0,2.7,2022,12,24276,168,278,1.0,7.0,1.0,3.0,0.0,0.0,419.0,2.542857142857178
2023-01-31,Montgomery,AL,Passenger,0.0,1.0,1.0,36.0,37.0,2.7,2023,1,24277,168,279,1.0,1.0,7.0,3.0,0.0,-0.8571428571428572,420.0,2.371428571428591
2023-01-31,Montgomery,MD,Passenger,4.0,3.0,7.0,190.0,197.0,3.55,2023,1,24277,168,280,1.0,1.0,1.0,1.0,6.0,6.0,427.0,2.7142857142857264
2023-01-31,Montgomery,PA,Passenger,1.0,0.0,1.0,21.0,22.0,4.55,2023,1,24277,168,281,7.0,1.0,1.0,3.0,-0.8571428571428572,0.0,428.0,2.371428571428591
2023-01-31,Montgomery,TN,Passenger,1.0,0.0,1.0,181.0,182.0,0.55,2023,1,24277,168,282,1.0,7.0,1.0,3.0,0.0,0.0,429.0,2.5428571428571627
2023-02-28,Montgomery,AL,Passenger,0.0,1.0,1.0,36.0,37.0,2.7,2023,2,24278,168,283,1.0,1.0,7.0,3.0,0.0,-0.8571428571428572,430.0,2.3714285714286065
2023-02-28,Montgomery,MD,Passenger,4.0,3.0,7.0,192.0,199.0,3.52,2023,2,24278,168,284,1.0,1.0,1.0,1.0,6.0,6.0,437.0,2.7142857142857646
2023-02-28,Montgomery,TN,Passenger,1.0,0.0,1.0,180.0,181.0,0.55,2023,2,24278,168,285,7.0,1.0,1.0,3.0,-0.8571428571428572,0.0,438.0,2.3714285714285603
2023-02-28,Montgomery,PA,Passenger,1.0,0.0,1.0,20.0,21.0,4.76,2023,2,24278,168,286,1.0,7.0,1.0,3.0,0.0,0.0,439.0,2.542857142857147
2023-03-31,Montgomery,TN,Passenger,1.0,0.0,1.0,177.0,178.0,0.56,2023,3,24279,168,287,1.0,1.0,7.0,3.0,0.0,-0.8571428571428572,440.0,2.3714285714286216
2023-03-31,Montgomery,PA,Passenger,1.0,0.0,1.0,19.0,20.0,5.0,2023,3,24279,168,288,1.0,1.0,1.0,1.0,0.0,0.0,441.0,1.8571428571428923
2023-03-31,Montgomery,MD,Passenger,5.0,3.0,8.0,191.0,199.0,4.02,2023,3,24279,168,289,1.0,1.0,1.0,1.0,7.0,7.0,449.0,2.000000000000025
2023-04-30,Montgomery,PA,Passenger,1.0,0.0,1.0,18.0,19.0,5.26,2023,4,24280,168,290,8.0,1.0,1.0,3.3333333333333335,-0.875,0.0,450.0,2.6000000000000556
2023-04-30,Montgomery,MD,Passenger,6.0,3.0,9.0,189.0,198.0,4.55,2023,4,24280,168,291,1.0,8.0,1.0,3.3333333333333335,8.0,8.0,459.0,3.942857142857203
2023-04-30,Montgomery,TN,Passenger,1.0,0.0,1.0,175.0,176.0,0.57,2023,4,24280,168,292,9.0,1.0,8.0,6.0,-0.8888888888888888,-0.875,460.0,4.428571428571463
2023-05-31,Montgomery,MD,Passenger,6.0,2.0,8.0,188.0,196.0,4.08,2023,5,24281,168,293,1.0,9.0,1.0,3.6666666666666665,7.0,7.0,468.0,5.057142857142871
2023-05-31,Montgomery,TN,Passenger,1.0,0.0,1.0,168.0,169.0,0.59,2023,5,24281,168,294,8.0,1.0,9.0,6.0,-0.875,-0.8888888888888888,469.0,4.428571428571494
2023-06-30,Montgomery,MD,Passenger,6.0,2.0,8.0,181.0,189.0,4.23,2023,6,24282,168,295,1.0,8.0,1.0,3.3333333333333335,7.0,7.0,477.0,4.942857142857177
2023-06-30,Montgomery,TN,Passenger,1.0,0.0,1.0,160.0,161.0,0.62,2023,6,24282,168,296,8.0,1.0,8.0,5.666666666666667,-0.875,-0.875,478.0,4.200000000000045
2023-07-31,Montgomery,TN,Passenger,1.0,0.0,1.0,152.0,153.0,0.65,2023,7,24283,168,297,1.0,8.0,1.0,3.3333333333333335,0.0,0.0,479.0,3.80000000000004
2023-07-31,Montgomery,MD,Passenger,6.0,2.0,8.0,178.0,186.0,4.3,2023,7,24283,168,298,1.0,1.0,8.0,3.3333333333333335,7.0,0.0,487.0,3.6000000000000143
2023-08-31,Montgomery,TN,Passenger,1.0,0.0,1.0,148.0,149.0,0.67,2023,8,24284,168,299,8.0,1.0,1.0,3.3333333333333335,-0.875,0.0,488.0,3.5999999999999988
2023-08-31,Montgomery,MD,Passenger,6.0,3.0,9.0,173.0,182.0,4.95,2023,8,24284,168,300,1.0,8.0,1.0,3.3333333333333335,8.0,8.0,497.0,3.942857142857157
2023-09-30,Montgomery,TN,Passenger,1.0,0.0,1.0,146.0,147.0,0.68,2023,9,24285,168,301,9.0,1.0,8.0,6.0,-0.8888888888888888,-0.875,498.0,4.428571428571479
2023-09-30,Montgomery,MD,Passenger,6.0,3.0,9.0,172.0,181.0,4.97,2023,9,24285,168,302,1.0,9.0,1.0,3.6666666666666665,8.0,8.0,507.0,5.200000000000019
2023-10-31,Montgomery,TN,Passenger,1.0,0.0,1.0,140.0,141.0,0.71,2023,10,24286,168,303,9.0,1.0,9.0,6.333333333333333,-0.8888888888888888,-0.8888888888888888,508.0,4.657142857142927
2023-10-31,Montgomery,MD,Passenger,6.0,3.0,9.0,171.0,180.0,5.0,2023,10,24286,168,304,1.0,9.0,1.0,3.6666666666666665,8.0,8.0,517.0,5.342857142857136
2023-11-30,Montgomery,TN,Passenger,1.0,0.0,1.0,133.0,134.0,0.75,2023,11,24287,168,305,9.0,1.0,9.0,6.333333333333333,-0.8888888888888888,-0.8888888888888888,518.0,4.6571428571428655
2023-11-30,Montgomery,MD,Passenger,6.0,2.0,8.0,168.0,176.0,4.55,2023,11,24287,168,306,1.0,9.0,1.0,3.6666666666666665,7.0,7.0,526.0,5.200000000000049
2023-11-30,Montgomery,OH,Passenger,0.0,1.0,1.0,38.0,39.0,2.56,2023,11,24287,168,307,8.0,1.0,9.0,6.0,-0.875,-0.8888888888888888,527.0,4.428571428571463
2023-12-31,Montgomery,MD,Passenger,6.0,2.0,8.0,164.0,172.0,4.65,2023,12,24288,168,308,1.0,8.0,1.0,3.3333333333333335,7.0,7.0,535.0,4.942857142857177
2023-12-31,Montgomery,TN,Passenger,1.0,0.0,1.0,126.0,127.0,0.79,2023,12,24288,168,309,8.0,1.0,8.0,5.666666666666667,-0.875,-0.875,536.0,4.2000000000000295
2023-12-31,Montgomery,OH,Passenger,0.0,1.0,1.0,37.0,38.0,2.63,2023,12,24288,168,310,1.0,8.0,1.0,3.3333333333333335,0.0,0.0,537.0,3.80000000000004
2024-01-31,Montgomery,OH,Passenger,0.0,1.0,1.0,35.0,36.0,2.78,2024,1,24289,168,311,1.0,1.0,8.0,3.3333333333333335,0.0,-0.875,538.0,2.6000000000000245
2024-01-31,Montgomery,TN,Passenger,1.0,0.0,1.0,124.0,125.0,0.8,2024,1,24289,168,312,1.0,1.0,1.0,1.0,0.0,0.0,539.0,2.000000000000025
2024-01-31,Montgomery,MD,Passenger,6.0,2.0,8.0,162.0,170.0,4.71,2024,1,24289,168,313,1.0,1.0,1.0,1.0,7.0,7.0,547.0,2.000000000000025
2024-02-29,Montgomery,MD,Passenger,6.0,2.0,8.0,156.0,164.0,4.88,2024,2,24290,168,314,8.0,1.0,1.0,3.3333333333333335,0.0,7.0,555.0,3.6000000000000294
2024-02-29,Montgomery,OH,Passenger,0.0,1.0,1.0,35.0,36.0,2.78,2024,2,24290,168,315,8.0,8.0,1.0,5.666666666666667,-0.875,0.0,556.0,4.4000000000000545
2024-02-29,Montgomery,TN,Passenger,1.0,0.0,1.0,114.0,115.0,0.87,2024,2,24290,168,316,1.0,8.0,8.0,5.666666666666667,0.0,-0.875,557.0,4.400000000000039
2017-06-30,Moore,NC,Passenger,0.0,1.0,1.0,198.0,199.0,0.5,2017,6,24210,169,5,1.0,1.0,1.0,1.0,0.0,0.0,6.0,0.9999999999999998
2017-07-31,Moore,NC,Passenger,0.0,1.0,1.0,198.0,199.0,0.5,2017,7,24211,169,6,1.0,1.0,1.0,1.0,0.0,0.0,7.0,0.9999999999999998
2017-08-31,Moore,NC,Passenger,0.0,1.0,1.0,199.0,200.0,0.5,2017,8,24212,169,7,1.0,1.0,1.0,1.0,0.0,0.0,8.0,0.9999999999999999
2017-09-30,Moore,NC,Passenger,0.0,1.0,1.0,201.0,202.0,0.5,2017,9,24213,169,8,1.0,1.0,1.0,1.0,0.0,0.0,9.0,1.0000000000000002
2017-10-31,Moore,NC,Passenger,0.0,1.0,1.0,201.0,202.0,0.5,2017,10,24214,169,9,1.0,1.0,1.0,1.0,0.0,0.0,10.0,1.0000000000000002
2017-11-30,Moore,NC,Passenger,0.0,1.0,1.0,201.0,202.0,0.5,2017,11,24215,169,10,1.0,1.0,1.0,1.0,0.0,0.0,11.0,1.0
2017-12-31,Moore,NC,Passenger,0.0,1.0,1.0,198.0,199.0,0.5,2017,12,24216,169,11,1.0,1.0,1.0,1.0,0.0,0.0,12.0,1.0000000000000002
2018-01-31,Moore,NC,Passenger,0.0,1.0,1.0,198.0,199.0,0.5,2018,1,24217,169,12,1.0,1.0,1.0,1.0,0.0,0.0,13.0,1.0000000000000002
2018-02-28,Moore,NC,Passenger,0.0,1.0,1.0,198.0,199.0,0.5,2018,2,24218,169,13,1.0,1.0,1.0,1.0,0.0,0.0,14.0,1.0000000000000009
2018-03-31,Moore,NC,Passenger,0.0,1.0,1.0,198.0,199.0,0.5,2018,3,24219,169,14,1.0,1.0,1.0,1.0,0.0,0.0,15.0,1.0000000000000007
2018-04-30,Moore,NC,Passenger,0.0,1.0,1.0,194.0,195.0,0.51,2018,4,24220,169,15,1.0,1.0,1.0,1.0,0.0,0.0,16.0,1.0000000000000009
2018-05-31,Moore,NC,Passenger,0.0,1.0,1.0,195.0,196.0,0.51,2018,5,24221,169,16,1.0,1.0,1.0,1.0,0.0,0.0,17.0,1.0
2018-06-30,Moore,NC,Passenger,0.0,1.0,1.0,194.0,195.0,0.51,2018,6,24222,169,17,1.0,1.0,1.0,1.0,0.0,0.0,18.0,1.0000000000000002
2018-07-31,Moore,NC,Passenger,0.0,1.0,1.0,197.0,198.0,0.51,2018,7,24223,169,18,1.0,1.0,1.0,1.0,0.0,0.0,19.0,1.000000000000002
2018-08-31,Moore,NC,Passenger,0.0,1.0,1.0,199.0,200.0,0.5,2018,8,24224,169,19,1.0,1.0,1.0,1.0,0.0,0.0,20.0,0.9999999999999998
2018-09-30,Moore,NC,Passenger,0.0,1.0,1.0,197.0,198.0,0.51,2018,9,24225,169,20,1.0,1.0,1.0,1.0,0.0,0.0,21.0,1.000000000000001
2018-10-31,Moore,NC,Passenger,0.0,1.0,1.0,196.0,197.0,0.51,2018,10,24226,169,21,1.0,1.0,1.0,1.0,0.0,0.0,22.0,1.0000000000000013
2018-11-30,Moore,NC,Passenger,0.0,1.0,1.0,194.0,195.0,0.51,2018,11,24227,169,22,1.0,1.0,1.0,1.0,0.0,0.0,23.0,1.0000000000000013
2018-12-31,Moore,NC,Passenger,0.0,1.0,1.0,192.0,193.0,0.52,2018,12,24228,169,23,1.0,1.0,1.0,1.0,0.0,0.0,24.0,1.0000000000000004
2019-01-31,Moore,NC,Passenger,0.0,1.0,1.0,188.0,189.0,0.53,2019,1,24229,169,24,1.0,1.0,1.0,1.0,0.0,0.0,25.0,1.0000000000000013
2019-02-28,Moore,NC,Passenger,0.0,1.0,1.0,184.0,185.0,0.54,2019,2,24230,169,25,1.0,1.0,1.0,1.0,0.0,0.0,26.0,1.0000000000000013
2019-03-31,Moore,NC,Passenger,0.0,1.0,1.0,179.0,180.0,0.56,2019,3,24231,169,26,1.0,1.0,1.0,1.0,0.0,0.0,27.0,1.0000000000000013
2019-04-30,Moore,NC,Passenger,0.0,1.0,1.0,182.0,183.0,0.55,2019,4,24232,169,27,1.0,1.0,1.0,1.0,0.0,0.0,28.0,1.0000000000000013
2019-05-31,Moore,NC,Passenger,0.0,1.0,1.0,187.0,188.0,0.53,2019,5,24233,169,28,1.0,1.0,1.0,1.0,0.0,0.0,29.0,1.0000000000000024
2019-06-30,Moore,NC,Passenger,0.0,1.0,1.0,187.0,188.0,0.53,2019,6,24234,169,29,1.0,1.0,1.0,1.0,0.0,0.0,30.0,1.000000000000002
2019-07-31,Moore,NC,Passenger,0.0,1.0,1.0,186.0,187.0,0.53,2019,7,24235,169,30,1.0,1.0,1.0,1.0,0.0,0.0,31.0,1.0000000000000009
2019-08-31,Moore,NC,Passenger,0.0,1.0,1.0,185.0,186.0,0.54,2019,8,24236,169,31,1.0,1.0,1.0,1.0,0.0,0.0,32.0,1.000000000000002
2019-09-30,Moore,NC,Passenger,0.0,1.0,1.0,183.0,184.0,0.54,2019,9,24237,169,32,1.0,1.0,1.0,1.0,0.0,0.0,33.0,1.0000000000000038
2019-10-31,Moore,NC,Passenger,0.0,1.0,1.0,180.0,181.0,0.55,2019,10,24238,169,33,1.0,1.0,1.0,1.0,0.0,0.0,34.0,1.0000000000000004
2019-11-30,Moore,NC,Passenger,0.0,1.0,1.0,177.0,178.0,0.56,2019,11,24239,169,34,1.0,1.0,1.0,1.0,0.0,0.0,35.0,1.000000000000002
2019-12-31,Moore,NC,Passenger,0.0,1.0,1.0,168.0,169.0,0.59,2019,12,24240,169,35,1.0,1.0,1.0,1.0,0.0,0.0,36.0,1.0000000000000029
2020-01-31,Moore,NC,Passenger,0.0,1.0,1.0,168.0,169.0,0.59,2020,1,24241,169,36,1.0,1.0,1.0,1.0,0.0,0.0,37.0,1.0000000000000038
2020-02-29,Moore,NC,Passenger,0.0,1.0,1.0,167.0,168.0,0.6,2020,2,24242,169,37,1.0,1.0,1.0,1.0,0.0,0.0,38.0,1.0
2020-03-31,Moore,NC,Passenger,0.0,1.0,1.0,167.0,168.0,0.6,2020,3,24243,169,38,1.0,1.0,1.0,1.0,0.0,0.0,39.0,1.0000000000000009
2020-04-30,Moore,NC,Passenger,0.0,1.0,1.0,166.0,167.0,0.6,2020,4,24244,169,39,1.0,1.0,1.0,1.0,0.0,0.0,40.0,1.0000000000000009
2020-05-31,Moore,NC,Passenger,0.0,1.0,1.0,166.0,167.0,0.6,2020,5,24245,169,40,1.0,1.0,1.0,1.0,0.0,0.0,41.0,1.0000000000000038
2020-06-30,Moore,NC,Passenger,0.0,2.0,2.0,166.0,168.0,1.19,2020,6,24246,169,41,1.0,1.0,1.0,1.0,1.0,1.0,43.0,1.142857142857146
2020-07-31,Moore,NC,Passenger,0.0,2.0,2.0,161.0,163.0,1.23,2020,7,24247,169,42,2.0,1.0,1.0,1.3333333333333333,0.0,1.0,45.0,1.3714285714285748
2020-08-31,Moore,NC,Passenger,0.0,2.0,2.0,160.0,162.0,1.23,2020,8,24248,169,43,2.0,2.0,1.0,1.6666666666666667,0.0,1.0,47.0,1.628571428571432
2020-09-30,Moore,NC,Passenger,0.0,1.0,1.0,162.0,163.0,0.61,2020,9,24249,169,44,2.0,2.0,2.0,2.0,-0.5,-0.5,48.0,1.7142857142857175
2020-10-31,Moore,NC,Passenger,0.0,1.0,1.0,158.0,159.0,0.63,2020,10,24250,169,45,1.0,2.0,2.0,1.6666666666666667,0.0,-0.5,49.0,1.62857142857143
2020-11-30,Moore,NC,Passenger,0.0,1.0,1.0,157.0,158.0,0.63,2020,11,24251,169,46,1.0,1.0,2.0,1.3333333333333333,0.0,-0.5,50.0,1.3714285714285748
2020-12-31,Moore,NC,Passenger,0.0,1.0,1.0,152.0,153.0,0.65,2020,12,24252,169,47,1.0,1.0,1.0,1.0,0.0,0.0,51.0,1.142857142857146
2021-01-31,Moore,NC,Passenger,0.0,1.0,1.0,146.0,147.0,0.68,2021,1,24253,169,48,1.0,1.0,1.0,1.0,0.0,0.0,52.0,1.0000000000000009
2021-02-28,Moore,NC,Passenger,0.0,1.0,1.0,143.0,144.0,0.69,2021,2,24254,169,49,1.0,1.0,1.0,1.0,0.0,0.0,53.0,1.0000000000000029
2021-03-31,Moore,NC,Passenger,0.0,1.0,1.0,139.0,140.0,0.71,2021,3,24255,169,50,1.0,1.0,1.0,1.0,0.0,0.0,54.0,1.0000000000000049
2021-04-30,Moore,NC,Passenger,0.0,1.0,1.0,140.0,141.0,0.71,2021,4,24256,169,51,1.0,1.0,1.0,1.0,0.0,0.0,55.0,1.0000000000000038
2021-05-31,Moore,NC,Passenger,0.0,1.0,1.0,137.0,138.0,0.72,2021,5,24257,169,52,1.0,1.0,1.0,1.0,0.0,0.0,56.0,1.0
2021-06-30,Moore,NC,Passenger,0.0,1.0,1.0,134.0,135.0,0.74,2021,6,24258,169,53,1.0,1.0,1.0,1.0,0.0,0.0,57.0,1.000000000000002
2021-07-31,Moore,NC,Passenger,0.0,1.0,1.0,135.0,136.0,0.74,2021,7,24259,169,54,1.0,1.0,1.0,1.0,0.0,0.0,58.0,1.0000000000000038
2021-08-31,Moore,NC,Passenger,0.0,1.0,1.0,128.0,129.0,0.78,2021,8,24260,169,55,1.0,1.0,1.0,1.0,0.0,0.0,59.0,1.0000000000000038
2021-09-30,Moore,NC,Passenger,0.0,1.0,1.0,128.0,129.0,0.78,2021,9,24261,169,56,1.0,1.0,1.0,1.0,0.0,0.0,60.0,1.0000000000000038
2021-10-31,Moore,NC,Passenger,0.0,1.0,1.0,128.0,129.0,0.78,2021,10,24262,169,57,1.0,1.0,1.0,1.0,0.0,0.0,61.0,1.0000000000000049
2021-11-30,Moore,NC,Passenger,0.0,1.0,1.0,126.0,127.0,0.79,2021,11,24263,169,58,1.0,1.0,1.0,1.0,0.0,0.0,62.0,1.0000000000000067
2021-12-31,Moore,NC,Passenger,0.0,1.0,1.0,125.0,126.0,0.79,2021,12,24264,169,59,1.0,1.0,1.0,1.0,0.0,0.0,63.0,1.0000000000000009
2022-01-31,Moore,NC,Passenger,0.0,1.0,1.0,127.0,128.0,0.78,2022,1,24265,169,60,1.0,1.0,1.0,1.0,0.0,0.0,64.0,0.999999999999999
2022-02-28,Moore,NC,Passenger,0.0,1.0,1.0,127.0,128.0,0.78,2022,2,24266,169,61,1.0,1.0,1.0,1.0,0.0,0.0,65.0,1.0000000000000049
2022-03-31,Moore,NC,Passenger,0.0,1.0,1.0,125.0,126.0,0.79,2022,3,24267,169,62,1.0,1.0,1.0,1.0,0.0,0.0,66.0,1.0000000000000029
2022-04-30,Moore,NC,Passenger,0.0,1.0,1.0,121.0,122.0,0.82,2022,4,24268,169,63,1.0,1.0,1.0,1.0,0.0,0.0,67.0,1.0000000000000049
2022-05-31,Moore,NC,Passenger,0.0,1.0,1.0,118.0,119.0,0.84,2022,5,24269,169,64,1.0,1.0,1.0,1.0,0.0,0.0,68.0,1.0000000000000087
2022-06-30,Moore,NC,Passenger,0.0,1.0,1.0,118.0,119.0,0.84,2022,6,24270,169,65,1.0,1.0,1.0,1.0,0.0,0.0,69.0,1.0000000000000067
2022-07-31,Moore,NC,Passenger,0.0,1.0,1.0,115.0,116.0,0.86,2022,7,24271,169,66,1.0,1.0,1.0,1.0,0.0,0.0,70.0,1.0000000000000049
2022-08-31,Moore,NC,Passenger,0.0,1.0,1.0,112.0,113.0,0.88,2022,8,24272,169,67,1.0,1.0,1.0,1.0,0.0,0.0,71.0,1.0000000000000049
2022-09-30,Moore,NC,Passenger,0.0,1.0,1.0,111.0,112.0,0.89,2022,9,24273,169,68,1.0,1.0,1.0,1.0,0.0,0.0,72.0,1.0000000000000067
2022-10-31,Moore,NC,Passenger,0.0,1.0,1.0,112.0,113.0,0.88,2022,10,24274,169,69,1.0,1.0,1.0,1.0,0.0,0.0,73.0,1.0000000000000049
2022-11-30,Moore,NC,Passenger,0.0,1.0,1.0,111.0,112.0,0.89,2022,11,24275,169,70,1.0,1.0,1.0,1.0,0.0,0.0,74.0,1.0000000000000009
2022-12-31,Moore,NC,Passenger,0.0,1.0,1.0,109.0,110.0,0.91,2022,12,24276,169,71,1.0,1.0,1.0,1.0,0.0,0.0,75.0,1.0000000000000029
2023-01-31,Moore,NC,Passenger,0.0,1.0,1.0,108.0,109.0,0.92,2023,1,24277,169,72,1.0,1.0,1.0,1.0,0.0,0.0,76.0,1.0000000000000049
2023-02-28,Moore,NC,Passenger,0.0,1.0,1.0,107.0,108.0,0.93,2023,2,24278,169,73,1.0,1.0,1.0,1.0,0.0,0.0,77.0,1.0000000000000087
2023-03-31,Moore,NC,Passenger,0.0,1.0,1.0,107.0,108.0,0.93,2023,3,24279,169,74,1.0,1.0,1.0,1.0,0.0,0.0,78.0,1.0000000000000049
2023-04-30,Moore,NC,Passenger,0.0,1.0,1.0,108.0,109.0,0.92,2023,4,24280,169,75,1.0,1.0,1.0,1.0,0.0,0.0,79.0,1.0000000000000029
2023-05-31,Moore,NC,Passenger,0.0,1.0,1.0,107.0,108.0,0.93,2023,5,24281,169,76,1.0,1.0,1.0,1.0,0.0,0.0,80.0,1.0000000000000087
2023-06-30,Moore,NC,Passenger,0.0,1.0,1.0,106.0,107.0,0.93,2023,6,24282,169,77,1.0,1.0,1.0,1.0,0.0,0.0,81.0,1.0000000000000029
2023-07-31,Moore,NC,Passenger,0.0,1.0,1.0,107.0,108.0,0.93,2023,7,24283,169,78,1.0,1.0,1.0,1.0,0.0,0.0,82.0,1.0000000000000104
2023-08-31,Moore,NC,Passenger,0.0,1.0,1.0,105.0,106.0,0.94,2023,8,24284,169,79,1.0,1.0,1.0,1.0,0.0,0.0,83.0,1.0000000000000049
2023-09-30,Moore,NC,Passenger,0.0,1.0,1.0,103.0,104.0,0.96,2023,9,24285,169,80,1.0,1.0,1.0,1.0,0.0,0.0,84.0,1.0000000000000049
2023-10-31,Moore,NC,Passenger,0.0,1.0,1.0,101.0,102.0,0.98,2023,10,24286,169,81,1.0,1.0,1.0,1.0,0.0,0.0,85.0,1.0000000000000009
2023-11-30,Moore,NC,Passenger,0.0,1.0,1.0,100.0,101.0,0.99,2023,11,24287,169,82,1.0,1.0,1.0,1.0,0.0,0.0,86.0,1.0000000000000067
2023-12-31,Moore,NC,Passenger,0.0,1.0,1.0,97.0,98.0,1.02,2023,12,24288,169,83,1.0,1.0,1.0,1.0,0.0,0.0,87.0,1.0000000000000049
2024-01-31,Moore,NC,Passenger,0.0,1.0,1.0,95.0,96.0,1.04,2024,1,24289,169,84,1.0,1.0,1.0,1.0,0.0,0.0,88.0,1.0000000000000087
2024-02-29,Moore,NC,Passenger,0.0,1.0,1.0,95.0,96.0,1.04,2024,2,24290,169,85,1.0,1.0,1.0,1.0,0.0,0.0,89.0,1.0000000000000009
2017-06-30,Morris,NJ,Passenger,1.0,0.0,1.0,24.0,25.0,4.0,2017,6,24210,170,5,1.0,1.0,1.0,1.0,0.0,0.0,6.0,0.9999999999999998
2017-07-31,Morris,NJ,Passenger,1.0,0.0,1.0,25.0,26.0,3.85,2017,7,24211,170,6,1.0,1.0,1.0,1.0,0.0,0.0,7.0,0.9999999999999998
2017-08-31,Morris,NJ,Passenger,1.0,0.0,1.0,23.0,24.0,4.17,2017,8,24212,170,7,1.0,1.0,1.0,1.0,0.0,0.0,8.0,0.9999999999999999
2017-09-30,Morris,NJ,Passenger,1.0,0.0,1.0,22.0,23.0,4.35,2017,9,24213,170,8,1.0,1.0,1.0,1.0,0.0,0.0,9.0,1.0000000000000002
2017-10-31,Morris,NJ,Passenger,1.0,0.0,1.0,22.0,23.0,4.35,2017,10,24214,170,9,1.0,1.0,1.0,1.0,0.0,0.0,10.0,1.0000000000000002
2017-11-30,Morris,NJ,Passenger,1.0,0.0,1.0,22.0,23.0,4.35,2017,11,24215,170,10,1.0,1.0,1.0,1.0,0.0,0.0,11.0,1.0
2017-12-31,Morris,NJ,Passenger,1.0,0.0,1.0,21.0,22.0,4.55,2017,12,24216,170,11,1.0,1.0,1.0,1.0,0.0,0.0,12.0,1.0000000000000002
2018-01-31,Morris,NJ,Passenger,1.0,0.0,1.0,20.0,21.0,4.76,2018,1,24217,170,12,1.0,1.0,1.0,1.0,0.0,0.0,13.0,1.0000000000000002
2018-02-28,Morris,NJ,Passenger,1.0,0.0,1.0,19.0,20.0,5.0,2018,2,24218,170,13,1.0,1.0,1.0,1.0,0.0,0.0,14.0,1.0000000000000009
2018-03-31,Morris,NJ,Passenger,1.0,0.0,1.0,19.0,20.0,5.0,2018,3,24219,170,14,1.0,1.0,1.0,1.0,0.0,0.0,15.0,1.0000000000000007
2018-04-30,Morris,NJ,Passenger,1.0,0.0,1.0,18.0,19.0,5.26,2018,4,24220,170,15,1.0,1.0,1.0,1.0,0.0,0.0,16.0,1.0000000000000009
2018-05-31,Morris,NJ,Passenger,1.0,0.0,1.0,18.0,19.0,5.26,2018,5,24221,170,16,1.0,1.0,1.0,1.0,0.0,0.0,17.0,1.0
2018-06-30,Morris,NJ,Passenger,1.0,0.0,1.0,18.0,19.0,5.26,2018,6,24222,170,17,1.0,1.0,1.0,1.0,0.0,0.0,18.0,1.0000000000000002
2018-07-31,Morris,NJ,Passenger,1.0,0.0,1.0,16.0,17.0,5.88,2018,7,24223,170,18,1.0,1.0,1.0,1.0,0.0,0.0,19.0,1.000000000000002
2018-08-31,Morris,NJ,Passenger,1.0,0.0,1.0,16.0,17.0,5.88,2018,8,24224,170,19,1.0,1.0,1.0,1.0,0.0,0.0,20.0,0.9999999999999998
2018-09-30,Morris,NJ,Passenger,1.0,0.0,1.0,17.0,18.0,5.56,2018,9,24225,170,20,1.0,1.0,1.0,1.0,0.0,0.0,21.0,1.000000000000001
2018-10-31,Morris,NJ,Passenger,1.0,0.0,1.0,17.0,18.0,5.56,2018,10,24226,170,21,1.0,1.0,1.0,1.0,0.0,0.0,22.0,1.0000000000000013
2018-11-30,Morris,NJ,Passenger,1.0,0.0,1.0,18.0,19.0,5.26,2018,11,24227,170,22,1.0,1.0,1.0,1.0,0.0,0.0,23.0,1.0000000000000013
2020-07-31,Morris,NJ,Passenger,1.0,0.0,1.0,16.0,17.0,5.88,2020,7,24247,170,23,1.0,1.0,1.0,1.0,0.0,0.0,24.0,1.0000000000000004
2020-08-31,Morris,NJ,Passenger,1.0,0.0,1.0,17.0,18.0,5.56,2020,8,24248,170,24,1.0,1.0,1.0,1.0,0.0,0.0,25.0,1.0000000000000013
2020-09-30,Morris,NJ,Passenger,1.0,0.0,1.0,17.0,18.0,5.56,2020,9,24249,170,25,1.0,1.0,1.0,1.0,0.0,0.0,26.0,1.0000000000000013
2020-10-31,Morris,NJ,Passenger,1.0,0.0,1.0,17.0,18.0,5.56,2020,10,24250,170,26,1.0,1.0,1.0,1.0,0.0,0.0,27.0,1.0000000000000013
2020-11-30,Morris,NJ,Passenger,1.0,0.0,1.0,16.0,17.0,5.88,2020,11,24251,170,27,1.0,1.0,1.0,1.0,0.0,0.0,28.0,1.0000000000000013
2020-12-31,Morris,NJ,Passenger,1.0,0.0,1.0,15.0,16.0,6.25,2020,12,24252,170,28,1.0,1.0,1.0,1.0,0.0,0.0,29.0,1.0000000000000024
2021-01-31,Morris,NJ,Passenger,1.0,0.0,1.0,15.0,16.0,6.25,2021,1,24253,170,29,1.0,1.0,1.0,1.0,0.0,0.0,30.0,1.000000000000002
2021-02-28,Morris,NJ,Passenger,1.0,0.0,1.0,15.0,16.0,6.25,2021,2,24254,170,30,1.0,1.0,1.0,1.0,0.0,0.0,31.0,1.0000000000000009
2021-03-31,Morris,NJ,Passenger,1.0,0.0,1.0,15.0,16.0,6.25,2021,3,24255,170,31,1.0,1.0,1.0,1.0,0.0,0.0,32.0,1.000000000000002
2021-04-30,Morris,NJ,Passenger,1.0,0.0,1.0,15.0,16.0,6.25,2021,4,24256,170,32,1.0,1.0,1.0,1.0,0.0,0.0,33.0,1.0000000000000038
2021-05-31,Morris,NJ,Passenger,1.0,0.0,1.0,13.0,14.0,6.9025,2021,5,24257,170,33,1.0,1.0,1.0,1.0,0.0,0.0,34.0,1.0000000000000004
2021-06-30,Morris,NJ,Passenger,1.0,0.0,1.0,14.0,15.0,6.67,2021,6,24258,170,34,1.0,1.0,1.0,1.0,0.0,0.0,35.0,1.000000000000002
2017-07-31,Multnomah,OR,Passenger,1.0,3.0,4.0,953.0,957.0,0.42,2017,7,24211,171,6,4.0,4.0,3.0,3.6666666666666665,0.0,0.33333333333333326,24.0,3.628571428571428
2017-08-31,Multnomah,OR,Passenger,1.0,3.0,4.0,938.0,942.0,0.42,2017,8,24212,171,7,4.0,4.0,4.0,4.0,0.0,0.0,28.0,3.8571428571428568
2017-09-30,Multnomah,OR,Passenger,1.0,3.0,4.0,925.0,929.0,0.43,2017,9,24213,171,8,4.0,4.0,4.0,4.0,0.0,0.0,32.0,3.9999999999999996
2017-10-31,Multnomah,OR,Passenger,1.0,3.0,4.0,915.0,919.0,0.44,2017,10,24214,171,9,4.0,4.0,4.0,4.0,0.0,0.0,36.0,4.000000000000001
2017-11-30,Multnomah,OR,Passenger,3.0,3.0,6.0,906.0,912.0,0.66,2017,11,24215,171,10,4.0,4.0,4.0,4.0,0.5,0.5,42.0,4.2857142857142865
2017-12-31,Multnomah,OR,Passenger,3.0,3.0,6.0,884.0,890.0,0.67,2017,12,24216,171,11,6.0,4.0,4.0,4.666666666666667,0.0,0.5,48.0,4.742857142857144
2018-01-31,Multnomah,OR,Passenger,3.0,4.0,7.0,850.0,857.0,0.82,2018,1,24217,171,12,6.0,6.0,4.0,5.333333333333333,0.16666666666666674,0.75,55.0,5.4
2018-02-28,Multnomah,OR,Passenger,3.0,4.0,7.0,840.0,847.0,0.83,2018,2,24218,171,13,7.0,6.0,6.0,6.333333333333333,0.0,0.16666666666666674,62.0,6.085714285714285
2018-03-31,Multnomah,OR,Passenger,3.0,4.0,7.0,821.0,828.0,0.85,2018,3,24219,171,14,7.0,7.0,6.0,6.666666666666667,0.0,0.16666666666666674,69.0,6.628571428571431
2018-04-30,Multnomah,OR,Passenger,4.0,4.0,8.0,820.0,828.0,0.97,2018,4,24220,171,15,7.0,7.0,7.0,7.0,0.1428571428571428,0.1428571428571428,77.0,6.999999999999997
2018-05-31,Multnomah,OR,Passenger,3.0,4.0,7.0,812.0,819.0,0.85,2018,5,24221,171,16,8.0,7.0,7.0,7.333333333333333,-0.125,0.0,84.0,7.228571428571429
2018-06-30,Multnomah,OR,Passenger,3.0,4.0,7.0,806.0,813.0,0.86,2018,6,24222,171,17,7.0,8.0,7.0,7.333333333333333,0.0,0.0,91.0,7.257142857142858
2018-07-31,Multnomah,OR,Passenger,3.0,4.0,7.0,797.0,804.0,0.87,2018,7,24223,171,18,7.0,7.0,8.0,7.333333333333333,0.0,-0.125,98.0,7.2285714285714295
2018-08-31,Multnomah,OR,Passenger,3.0,5.0,8.0,785.0,793.0,1.01,2018,8,24224,171,19,7.0,7.0,7.0,7.0,0.1428571428571428,0.1428571428571428,106.0,7.285714285714293
2018-09-30,Multnomah,OR,Passenger,3.0,4.0,7.0,784.0,791.0,0.88,2018,9,24225,171,20,8.0,7.0,7.0,7.333333333333333,-0.125,0.0,113.0,7.228571428571435
2018-10-31,Multnomah,OR,Passenger,3.0,4.0,7.0,769.0,776.0,0.9,2018,10,24226,171,21,7.0,8.0,7.0,7.333333333333333,0.0,0.0,120.0,7.257142857142858
2018-11-30,Multnomah,OR,Passenger,3.0,5.0,8.0,766.0,774.0,1.03,2018,11,24227,171,22,7.0,7.0,8.0,7.333333333333333,0.1428571428571428,0.0,128.0,7.371428571428573
2018-12-31,Multnomah,OR,Passenger,3.0,5.0,8.0,776.0,784.0,1.02,2018,12,24228,171,23,8.0,7.0,7.0,7.333333333333333,0.0,0.1428571428571428,136.0,7.514285714285719
2019-01-31,Multnomah,OR,Passenger,3.0,5.0,8.0,780.0,788.0,1.02,2019,1,24229,171,24,8.0,8.0,7.0,7.666666666666667,0.0,0.1428571428571428,144.0,7.628571428571438
2019-02-28,Multnomah,OR,Passenger,4.0,5.0,9.0,773.0,782.0,1.15,2019,2,24230,171,25,8.0,8.0,8.0,8.0,0.125,0.125,153.0,8.000000000000005
2019-03-31,Multnomah,OR,Passenger,4.0,5.0,9.0,761.0,770.0,1.17,2019,3,24231,171,26,9.0,8.0,8.0,8.333333333333334,0.0,0.125,162.0,8.37142857142857
2019-04-30,Multnomah,OR,Passenger,4.0,5.0,9.0,764.0,773.0,1.16,2019,4,24232,171,27,9.0,9.0,8.0,8.666666666666666,0.0,0.125,171.0,8.628571428571432
2019-05-31,Multnomah,OR,Passenger,5.0,5.0,10.0,761.0,771.0,1.3,2019,5,24233,171,28,9.0,9.0,9.0,9.0,0.11111111111111116,0.11111111111111116,181.0,9.000000000000009
2019-06-30,Multnomah,OR,Passenger,5.0,5.0,10.0,752.0,762.0,1.31,2019,6,24234,171,29,10.0,9.0,9.0,9.333333333333334,0.0,0.11111111111111116,191.0,9.371428571428579
2019-07-31,Multnomah,OR,Passenger,5.0,6.0,11.0,758.0,769.0,1.43,2019,7,24235,171,30,10.0,10.0,9.0,9.666666666666666,0.10000000000000009,0.22222222222222232,202.0,9.771428571428576
2019-08-31,Multnomah,OR,Passenger,5.0,6.0,11.0,760.0,771.0,1.43,2019,8,24236,171,31,11.0,10.0,10.0,10.333333333333334,0.0,0.10000000000000009,213.0,10.228571428571435
2019-09-30,Multnomah,OR,Passenger,5.0,6.0,11.0,755.0,766.0,1.44,2019,9,24237,171,32,11.0,11.0,10.0,10.666666666666666,0.0,0.10000000000000009,224.0,10.628571428571433
2019-10-31,Multnomah,OR,Passenger,4.0,6.0,10.0,743.0,753.0,1.33,2019,10,24238,171,33,11.0,11.0,11.0,11.0,-0.09090909090909094,-0.09090909090909094,234.0,10.714285714285726
2019-11-30,Multnomah,OR,Passenger,4.0,6.0,10.0,744.0,754.0,1.33,2019,11,24239,171,34,10.0,11.0,11.0,10.666666666666666,0.0,-0.09090909090909094,244.0,10.628571428571448
2019-12-31,Multnomah,OR,Passenger,4.0,6.0,10.0,744.0,754.0,1.33,2019,12,24240,171,35,10.0,10.0,11.0,10.333333333333334,0.0,-0.09090909090909094,254.0,10.371428571428595
2020-01-31,Multnomah,OR,Passenger,4.0,7.0,11.0,749.0,760.0,1.45,2020,1,24241,171,36,10.0,10.0,10.0,10.0,0.10000000000000009,0.10000000000000009,265.0,10.285714285714302
2020-02-29,Multnomah,OR,Passenger,4.0,7.0,11.0,751.0,762.0,1.44,2020,2,24242,171,37,11.0,10.0,10.0,10.333333333333334,0.0,0.10000000000000009,276.0,10.371428571428595
2020-03-31,Multnomah,OR,Passenger,4.0,7.0,11.0,750.0,761.0,1.45,2020,3,24243,171,38,11.0,11.0,10.0,10.666666666666666,0.0,0.10000000000000009,287.0,10.628571428571444
2020-04-30,Multnomah,OR,Passenger,4.0,7.0,11.0,742.0,753.0,1.46,2020,4,24244,171,39,11.0,11.0,11.0,11.0,0.0,0.0,298.0,10.857142857142867
2020-05-31,Multnomah,OR,Passenger,4.0,7.0,11.0,736.0,747.0,1.47,2020,5,24245,171,40,11.0,11.0,11.0,11.0,0.0,0.0,309.0,11.000000000000021
2020-06-30,Multnomah,OR,Passenger,4.0,7.0,11.0,728.0,739.0,1.49,2020,6,24246,171,41,11.0,11.0,11.0,11.0,0.0,0.0,320.0,11.000000000000021
2020-07-31,Multnomah,OR,Passenger,4.0,7.0,11.0,726.0,737.0,1.49,2020,7,24247,171,42,11.0,11.0,11.0,11.0,0.0,0.0,331.0,11.000000000000007
2020-08-31,Multnomah,OR,Passenger,4.0,6.0,10.0,722.0,732.0,1.37,2020,8,24248,171,43,11.0,11.0,11.0,11.0,-0.09090909090909094,-0.09090909090909094,341.0,10.85714285714286
2020-09-30,Multnomah,OR,Passenger,4.0,6.0,10.0,717.0,727.0,1.38,2020,9,24249,171,44,10.0,11.0,11.0,10.666666666666666,0.0,-0.09090909090909094,351.0,10.628571428571464
2020-10-31,Multnomah,OR,Passenger,3.0,6.0,9.0,721.0,730.0,1.23,2020,10,24250,171,45,10.0,10.0,11.0,10.333333333333334,-0.09999999999999998,-0.18181818181818177,360.0,10.228571428571435
2020-11-30,Multnomah,OR,Passenger,3.0,6.0,9.0,714.0,723.0,1.24,2020,11,24251,171,46,9.0,10.0,10.0,9.666666666666666,0.0,-0.09999999999999998,369.0,9.771428571428599
2020-12-31,Multnomah,OR,Passenger,3.0,6.0,9.0,709.0,718.0,1.25,2020,12,24252,171,47,9.0,9.0,10.0,9.333333333333334,0.0,-0.09999999999999998,378.0,9.371428571428579
2021-01-31,Multnomah,OR,Passenger,3.0,5.0,8.0,695.0,703.0,1.14,2021,1,24253,171,48,9.0,9.0,9.0,9.0,-0.11111111111111116,-0.11111111111111116,386.0,9.00000000000002
2021-02-28,Multnomah,OR,Passenger,3.0,5.0,8.0,691.0,699.0,1.14,2021,2,24254,171,49,8.0,9.0,9.0,8.666666666666666,0.0,-0.11111111111111116,394.0,8.628571428571446
2021-03-31,Multnomah,OR,Passenger,3.0,5.0,8.0,687.0,695.0,1.15,2021,3,24255,171,50,8.0,8.0,9.0,8.333333333333334,0.0,-0.11111111111111116,402.0,8.37142857142859
2021-04-30,Multnomah,OR,Passenger,2.0,5.0,7.0,686.0,693.0,1.01,2021,4,24256,171,51,8.0,8.0,8.0,8.0,-0.125,-0.125,409.0,8.000000000000046
2021-05-31,Multnomah,OR,Passenger,2.0,5.0,7.0,677.0,684.0,1.02,2021,5,24257,171,52,7.0,8.0,8.0,7.666666666666667,0.0,-0.125,416.0,7.6285714285714645
2021-06-30,Multnomah,OR,Passenger,2.0,5.0,7.0,668.0,675.0,1.04,2021,6,24258,171,53,7.0,7.0,8.0,7.333333333333333,0.0,-0.125,423.0,7.371428571428592
2021-07-31,Multnomah,OR,Passenger,2.0,6.0,8.0,664.0,672.0,1.19,2021,7,24259,171,54,7.0,7.0,7.0,7.0,0.1428571428571428,0.1428571428571428,431.0,7.285714285714291
2021-08-31,Multnomah,OR,Passenger,2.0,7.0,9.0,659.0,668.0,1.35,2021,8,24260,171,55,8.0,7.0,7.0,7.333333333333333,0.125,0.2857142857142858,440.0,7.514285714285748
2021-09-30,Multnomah,OR,Passenger,2.0,6.0,8.0,653.0,661.0,1.21,2021,9,24261,171,56,9.0,8.0,7.0,8.0,-0.11111111111111116,0.1428571428571428,448.0,7.857142857142875
2021-10-31,Multnomah,OR,Passenger,2.0,6.0,8.0,653.0,661.0,1.21,2021,10,24262,171,57,8.0,9.0,8.0,8.333333333333334,0.0,0.0,456.0,8.114285714285709
2021-11-30,Multnomah,OR,Passenger,2.0,6.0,8.0,644.0,652.0,1.23,2021,11,24263,171,58,8.0,8.0,9.0,8.333333333333334,0.0,-0.11111111111111116,464.0,8.228571428571465
2021-12-31,Multnomah,OR,Passenger,2.0,5.0,7.0,634.0,641.0,1.09,2021,12,24264,171,59,8.0,8.0,8.0,8.0,-0.125,-0.125,471.0,8.000000000000016
2022-01-31,Multnomah,OR,Passenger,1.0,4.0,5.0,622.0,627.0,0.8,2022,1,24265,171,60,7.0,8.0,8.0,7.666666666666667,-0.2857142857142857,-0.375,476.0,7.342857142857161
2022-02-28,Multnomah,OR,Passenger,1.0,4.0,5.0,613.0,618.0,0.81,2022,2,24266,171,61,5.0,7.0,8.0,6.666666666666667,0.0,-0.375,481.0,6.628571428571467
2022-03-31,Multnomah,OR,Passenger,1.0,4.0,5.0,601.0,606.0,0.83,2022,3,24267,171,62,5.0,5.0,7.0,5.666666666666667,0.0,-0.2857142857142857,486.0,5.885714285714335
2022-04-30,Multnomah,OR,Passenger,0.0,4.0,4.0,582.0,586.0,0.68,2022,4,24268,171,63,5.0,5.0,5.0,5.0,-0.19999999999999996,-0.19999999999999996,490.0,5.142857142857157
2022-05-31,Multnomah,OR,Passenger,0.0,4.0,4.0,568.0,572.0,0.7,2022,5,24269,171,64,4.0,5.0,5.0,4.666666666666667,0.0,-0.19999999999999996,494.0,4.628571428571457
2022-06-30,Multnomah,OR,Passenger,0.0,3.0,3.0,559.0,562.0,0.53,2022,6,24270,171,65,4.0,4.0,5.0,4.333333333333333,-0.25,-0.4,497.0,4.228571428571468
2022-07-31,Multnomah,OR,Passenger,0.0,3.0,3.0,542.0,545.0,0.55,2022,7,24271,171,66,3.0,4.0,4.0,3.6666666666666665,0.0,-0.25,500.0,3.7714285714286007
2022-08-31,Multnomah,OR,Passenger,0.0,3.0,3.0,533.0,536.0,0.56,2022,8,24272,171,67,3.0,3.0,4.0,3.3333333333333335,0.0,-0.25,503.0,3.371428571428642
2022-09-30,Multnomah,OR,Passenger,1.0,3.0,4.0,524.0,528.0,0.76,2022,9,24273,171,68,3.0,3.0,3.0,3.0,0.33333333333333326,0.33333333333333326,507.0,3.2857142857143407
2022-10-31,Multnomah,OR,Passenger,1.0,3.0,4.0,514.0,518.0,0.77,2022,10,24274,171,69,4.0,3.0,3.0,3.3333333333333335,0.0,0.33333333333333326,511.0,3.3714285714286265
2022-11-30,Multnomah,OR,Passenger,1.0,2.0,3.0,496.0,499.0,0.6,2022,11,24275,171,70,4.0,4.0,3.0,3.6666666666666665,-0.25,0.0,514.0,3.4857142857143204
2022-12-31,Multnomah,OR,Passenger,1.0,2.0,3.0,490.0,493.0,0.61,2022,12,24276,171,71,3.0,4.0,4.0,3.6666666666666665,0.0,-0.25,517.0,3.485714285714305
2023-01-31,Multnomah,OR,Passenger,1.0,2.0,3.0,479.0,482.0,0.62,2023,1,24277,171,72,3.0,3.0,4.0,3.3333333333333335,0.0,-0.25,520.0,3.3714285714286114
2023-02-28,Multnomah,OR,Passenger,1.0,2.0,3.0,476.0,479.0,0.63,2023,2,24278,171,73,3.0,3.0,3.0,3.0,0.0,0.0,523.0,3.1428571428571317
2023-03-31,Multnomah,OR,Passenger,1.0,2.0,3.0,465.0,468.0,0.64,2023,3,24279,171,74,3.0,3.0,3.0,3.0,0.0,0.0,526.0,3.0000000000000298
2023-04-30,Multnomah,OR,Passenger,1.0,2.0,3.0,456.0,459.0,0.65,2023,4,24280,171,75,3.0,3.0,3.0,3.0,0.0,0.0,529.0,3.000000000000045
2023-05-31,Multnomah,OR,Passenger,1.0,2.0,3.0,455.0,458.0,0.66,2023,5,24281,171,76,3.0,3.0,3.0,3.0,0.0,0.0,532.0,3.000000000000014
2023-06-30,Multnomah,OR,Passenger,1.0,2.0,3.0,443.0,446.0,0.67,2023,6,24282,171,77,3.0,3.0,3.0,3.0,0.0,0.0,535.0,3.000000000000014
2023-07-31,Multnomah,OR,Passenger,1.0,2.0,3.0,427.0,430.0,0.7,2023,7,24283,171,78,3.0,3.0,3.0,3.0,0.0,0.0,538.0,3.0000000000000298
2023-08-31,Multnomah,OR,Passenger,1.0,1.0,2.0,407.0,409.0,0.49,2023,8,24284,171,79,3.0,3.0,3.0,3.0,-0.33333333333333337,-0.33333333333333337,540.0,2.857142857142897
2023-09-30,Multnomah,OR,Passenger,1.0,2.0,3.0,390.0,393.0,0.76,2023,9,24285,171,80,2.0,3.0,3.0,2.6666666666666665,0.5,0.0,543.0,2.771428571428627
2023-10-31,Multnomah,OR,Passenger,1.0,2.0,3.0,372.0,375.0,0.8,2023,10,24286,171,81,3.0,2.0,3.0,2.6666666666666665,0.0,0.0,546.0,2.742857142857219
2023-11-30,Multnomah,OR,Passenger,1.0,1.0,2.0,356.0,358.0,0.56,2023,11,24287,171,82,3.0,3.0,2.0,2.6666666666666665,-0.33333333333333337,0.0,548.0,2.6285714285714175
2023-12-31,Multnomah,OR,Passenger,1.0,1.0,2.0,345.0,347.0,0.58,2023,12,24288,171,83,2.0,3.0,3.0,2.6666666666666665,0.0,-0.33333333333333337,550.0,2.4857142857143004
2024-01-31,Multnomah,OR,Passenger,1.0,1.0,2.0,333.0,335.0,0.6,2024,1,24289,171,84,2.0,2.0,3.0,2.3333333333333335,0.0,-0.33333333333333337,552.0,2.3714285714286065
2024-02-29,Multnomah,OR,Passenger,1.0,1.0,2.0,322.0,324.0,0.62,2024,2,24290,171,85,2.0,2.0,2.0,2.0,0.0,0.0,554.0,2.1428571428572187
2022-06-30,Muscogee,GA,Passenger,0.0,1.0,1.0,123.0,124.0,0.81,2022,6,24270,172,5,1.0,1.0,1.0,1.0,0.0,0.0,6.0,0.9999999999999998
2022-07-31,Muscogee,GA,Passenger,0.0,1.0,1.0,123.0,124.0,0.81,2022,7,24271,172,6,1.0,1.0,1.0,1.0,0.0,0.0,7.0,0.9999999999999998
2022-08-31,Muscogee,GA,Passenger,0.0,1.0,1.0,120.0,121.0,0.83,2022,8,24272,172,7,1.0,1.0,1.0,1.0,0.0,0.0,8.0,0.9999999999999999
2022-09-30,Muscogee,GA,Passenger,0.0,1.0,1.0,119.0,120.0,0.83,2022,9,24273,172,8,1.0,1.0,1.0,1.0,0.0,0.0,9.0,1.0000000000000002
2022-10-31,Muscogee,GA,Passenger,0.0,1.0,1.0,119.0,120.0,0.83,2022,10,24274,172,9,1.0,1.0,1.0,1.0,0.0,0.0,10.0,1.0000000000000002
2022-11-30,Muscogee,GA,Passenger,0.0,1.0,1.0,116.0,117.0,0.85,2022,11,24275,172,10,1.0,1.0,1.0,1.0,0.0,0.0,11.0,1.0
2022-12-31,Muscogee,GA,Passenger,0.0,1.0,1.0,114.0,115.0,0.87,2022,12,24276,172,11,1.0,1.0,1.0,1.0,0.0,0.0,12.0,1.0000000000000002
2023-01-31,Muscogee,GA,Passenger,0.0,1.0,1.0,109.0,110.0,0.91,2023,1,24277,172,12,1.0,1.0,1.0,1.0,0.0,0.0,13.0,1.0000000000000002
2023-02-28,Muscogee,GA,Passenger,0.0,1.0,1.0,105.0,106.0,0.94,2023,2,24278,172,13,1.0,1.0,1.0,1.0,0.0,0.0,14.0,1.0000000000000009
2023-03-31,Muscogee,GA,Passenger,0.0,1.0,1.0,105.0,106.0,0.94,2023,3,24279,172,14,1.0,1.0,1.0,1.0,0.0,0.0,15.0,1.0000000000000007
2023-04-30,Muscogee,GA,Passenger,0.0,1.0,1.0,101.0,102.0,0.98,2023,4,24280,172,15,1.0,1.0,1.0,1.0,0.0,0.0,16.0,1.0000000000000009
2023-05-31,Muscogee,GA,Passenger,0.0,1.0,1.0,100.0,101.0,0.99,2023,5,24281,172,16,1.0,1.0,1.0,1.0,0.0,0.0,17.0,1.0
2023-06-30,Muscogee,GA,Passenger,0.0,1.0,1.0,101.0,102.0,0.98,2023,6,24282,172,17,1.0,1.0,1.0,1.0,0.0,0.0,18.0,1.0000000000000002
2023-07-31,Muscogee,GA,Passenger,0.0,1.0,1.0,96.0,97.0,1.03,2023,7,24283,172,18,1.0,1.0,1.0,1.0,0.0,0.0,19.0,1.000000000000002
2023-08-31,Muscogee,GA,Passenger,0.0,1.0,1.0,94.0,95.0,1.05,2023,8,24284,172,19,1.0,1.0,1.0,1.0,0.0,0.0,20.0,0.9999999999999998
2023-09-30,Muscogee,GA,Passenger,0.0,1.0,1.0,93.0,94.0,1.06,2023,9,24285,172,20,1.0,1.0,1.0,1.0,0.0,0.0,21.0,1.000000000000001
2023-10-31,Muscogee,GA,Passenger,0.0,1.0,1.0,88.0,89.0,1.12,2023,10,24286,172,21,1.0,1.0,1.0,1.0,0.0,0.0,22.0,1.0000000000000013
2023-11-30,Muscogee,GA,Passenger,0.0,1.0,1.0,87.0,88.0,1.14,2023,11,24287,172,22,1.0,1.0,1.0,1.0,0.0,0.0,23.0,1.0000000000000013
2023-12-31,Muscogee,GA,Passenger,0.0,1.0,1.0,81.0,82.0,1.22,2023,12,24288,172,23,1.0,1.0,1.0,1.0,0.0,0.0,24.0,1.0000000000000004
2024-01-31,Muscogee,GA,Passenger,0.0,1.0,1.0,81.0,82.0,1.22,2024,1,24289,172,24,1.0,1.0,1.0,1.0,0.0,0.0,25.0,1.0000000000000013
2024-02-29,Muscogee,GA,Passenger,0.0,1.0,1.0,76.0,77.0,1.3,2024,2,24290,172,25,1.0,1.0,1.0,1.0,0.0,0.0,26.0,1.0000000000000013
2017-06-30,Nantucket,MA,Passenger,1.0,0.0,1.0,3.0,4.0,6.9025,2017,6,24210,173,5,1.0,1.0,1.0,1.0,0.0,0.0,6.0,0.9999999999999998
2017-07-31,Nantucket,MA,Passenger,1.0,0.0,1.0,3.0,4.0,6.9025,2017,7,24211,173,6,1.0,1.0,1.0,1.0,0.0,0.0,7.0,0.9999999999999998
2017-08-31,Nantucket,MA,Passenger,1.0,0.0,1.0,3.0,4.0,6.9025,2017,8,24212,173,7,1.0,1.0,1.0,1.0,0.0,0.0,8.0,0.9999999999999999
2017-09-30,Nantucket,MA,Passenger,1.0,0.0,1.0,3.0,4.0,6.9025,2017,9,24213,173,8,1.0,1.0,1.0,1.0,0.0,0.0,9.0,1.0000000000000002
2017-10-31,Nantucket,MA,Passenger,1.0,0.0,1.0,3.0,4.0,6.9025,2017,10,24214,173,9,1.0,1.0,1.0,1.0,0.0,0.0,10.0,1.0000000000000002
2017-11-30,Nantucket,MA,Passenger,1.0,0.0,1.0,3.0,4.0,6.9025,2017,11,24215,173,10,1.0,1.0,1.0,1.0,0.0,0.0,11.0,1.0
2017-12-31,Nantucket,MA,Passenger,1.0,0.0,1.0,3.0,4.0,6.9025,2017,12,24216,173,11,1.0,1.0,1.0,1.0,0.0,0.0,12.0,1.0000000000000002
2018-01-31,Nantucket,MA,Passenger,1.0,0.0,1.0,3.0,4.0,6.9025,2018,1,24217,173,12,1.0,1.0,1.0,1.0,0.0,0.0,13.0,1.0000000000000002
2018-02-28,Nantucket,MA,Passenger,1.0,0.0,1.0,4.0,5.0,6.9025,2018,2,24218,173,13,1.0,1.0,1.0,1.0,0.0,0.0,14.0,1.0000000000000009
2018-03-31,Nantucket,MA,Passenger,1.0,0.0,1.0,4.0,5.0,6.9025,2018,3,24219,173,14,1.0,1.0,1.0,1.0,0.0,0.0,15.0,1.0000000000000007
2018-04-30,Nantucket,MA,Passenger,1.0,0.0,1.0,4.0,5.0,6.9025,2018,4,24220,173,15,1.0,1.0,1.0,1.0,0.0,0.0,16.0,1.0000000000000009
2018-05-31,Nantucket,MA,Passenger,1.0,0.0,1.0,4.0,5.0,6.9025,2018,5,24221,173,16,1.0,1.0,1.0,1.0,0.0,0.0,17.0,1.0
2018-06-30,Nantucket,MA,Passenger,1.0,0.0,1.0,4.0,5.0,6.9025,2018,6,24222,173,17,1.0,1.0,1.0,1.0,0.0,0.0,18.0,1.0000000000000002
2018-07-31,Nantucket,MA,Passenger,1.0,0.0,1.0,4.0,5.0,6.9025,2018,7,24223,173,18,1.0,1.0,1.0,1.0,0.0,0.0,19.0,1.000000000000002
2018-08-31,Nantucket,MA,Passenger,1.0,0.0,1.0,4.0,5.0,6.9025,2018,8,24224,173,19,1.0,1.0,1.0,1.0,0.0,0.0,20.0,0.9999999999999998
2018-09-30,Nantucket,MA,Passenger,1.0,0.0,1.0,4.0,5.0,6.9025,2018,9,24225,173,20,1.0,1.0,1.0,1.0,0.0,0.0,21.0,1.000000000000001
2018-10-31,Nantucket,MA,Passenger,1.0,0.0,1.0,4.0,5.0,6.9025,2018,10,24226,173,21,1.0,1.0,1.0,1.0,0.0,0.0,22.0,1.0000000000000013
2018-11-30,Nantucket,MA,Passenger,1.0,0.0,1.0,4.0,5.0,6.9025,2018,11,24227,173,22,1.0,1.0,1.0,1.0,0.0,0.0,23.0,1.0000000000000013
2018-12-31,Nantucket,MA,Passenger,1.0,0.0,1.0,4.0,5.0,6.9025,2018,12,24228,173,23,1.0,1.0,1.0,1.0,0.0,0.0,24.0,1.0000000000000004
2019-01-31,Nantucket,MA,Passenger,1.0,0.0,1.0,4.0,5.0,6.9025,2019,1,24229,173,24,1.0,1.0,1.0,1.0,0.0,0.0,25.0,1.0000000000000013
2019-02-28,Nantucket,MA,Passenger,1.0,0.0,1.0,4.0,5.0,6.9025,2019,2,24230,173,25,1.0,1.0,1.0,1.0,0.0,0.0,26.0,1.0000000000000013
2019-03-31,Nantucket,MA,Passenger,1.0,0.0,1.0,4.0,5.0,6.9025,2019,3,24231,173,26,1.0,1.0,1.0,1.0,0.0,0.0,27.0,1.0000000000000013
2019-04-30,Nantucket,MA,Passenger,1.0,0.0,1.0,3.0,4.0,6.9025,2019,4,24232,173,27,1.0,1.0,1.0,1.0,0.0,0.0,28.0,1.0000000000000013
2019-05-31,Nantucket,MA,Passenger,1.0,0.0,1.0,2.0,3.0,6.9025,2019,5,24233,173,28,1.0,1.0,1.0,1.0,0.0,0.0,29.0,1.0000000000000024
2019-06-30,Nantucket,MA,Passenger,1.0,0.0,1.0,2.0,3.0,6.9025,2019,6,24234,173,29,1.0,1.0,1.0,1.0,0.0,0.0,30.0,1.000000000000002
2019-07-31,Nantucket,MA,Passenger,1.0,0.0,1.0,2.0,3.0,6.9025,2019,7,24235,173,30,1.0,1.0,1.0,1.0,0.0,0.0,31.0,1.0000000000000009
2019-08-31,Nantucket,MA,Passenger,1.0,0.0,1.0,2.0,3.0,6.9025,2019,8,24236,173,31,1.0,1.0,1.0,1.0,0.0,0.0,32.0,1.000000000000002
2023-02-28,Napa,CA,Passenger,0.0,1.0,1.0,12.0,13.0,6.9025,2023,2,24278,174,5,1.0,1.0,1.0,1.0,0.0,0.0,6.0,0.9999999999999998
2023-03-31,Napa,CA,Passenger,0.0,1.0,1.0,13.0,14.0,6.9025,2023,3,24279,174,6,1.0,1.0,1.0,1.0,0.0,0.0,7.0,0.9999999999999998
2023-04-30,Napa,CA,Passenger,0.0,1.0,1.0,13.0,14.0,6.9025,2023,4,24280,174,7,1.0,1.0,1.0,1.0,0.0,0.0,8.0,0.9999999999999999
2023-05-31,Napa,CA,Passenger,0.0,1.0,1.0,13.0,14.0,6.9025,2023,5,24281,174,8,1.0,1.0,1.0,1.0,0.0,0.0,9.0,1.0000000000000002
2023-06-30,Napa,CA,Passenger,0.0,1.0,1.0,11.0,12.0,6.9025,2023,6,24282,174,9,1.0,1.0,1.0,1.0,0.0,0.0,10.0,1.0000000000000002
2023-07-31,Napa,CA,Passenger,0.0,1.0,1.0,11.0,12.0,6.9025,2023,7,24283,174,10,1.0,1.0,1.0,1.0,0.0,0.0,11.0,1.0
2023-08-31,Napa,CA,Passenger,0.0,1.0,1.0,11.0,12.0,6.9025,2023,8,24284,174,11,1.0,1.0,1.0,1.0,0.0,0.0,12.0,1.0000000000000002
2017-07-31,Nassau,NY,Passenger,1.0,1.0,2.0,39.0,41.0,4.88,2017,7,24211,175,5,1.0,1.0,1.0,1.0,1.0,1.0,7.0,1.1428571428571426
2017-08-31,Nassau,NY,Passenger,1.0,1.0,2.0,40.0,42.0,4.76,2017,8,24212,175,6,2.0,1.0,1.0,1.3333333333333333,0.0,1.0,9.0,1.3714285714285712
2017-09-30,Nassau,NY,Passenger,1.0,1.0,2.0,41.0,43.0,4.65,2017,9,24213,175,7,2.0,2.0,1.0,1.6666666666666667,0.0,1.0,11.0,1.6285714285714283
2017-10-31,Nassau,NY,Passenger,1.0,1.0,2.0,40.0,42.0,4.76,2017,10,24214,175,8,2.0,2.0,2.0,2.0,0.0,0.0,13.0,1.8571428571428572
2017-11-30,Nassau,NY,Passenger,1.0,1.0,2.0,40.0,42.0,4.76,2017,11,24215,175,9,2.0,2.0,2.0,2.0,0.0,0.0,15.0,1.9999999999999998
2017-12-31,Nassau,NY,Passenger,1.0,1.0,2.0,40.0,42.0,4.76,2017,12,24216,175,10,2.0,2.0,2.0,2.0,0.0,0.0,17.0,2.0
2018-01-31,Nassau,NY,Passenger,1.0,0.0,1.0,39.0,40.0,2.5,2018,1,24217,175,11,2.0,2.0,2.0,2.0,-0.5,-0.5,18.0,1.8571428571428568
2018-02-28,Nassau,NY,Passenger,1.0,0.0,1.0,39.0,40.0,2.5,2018,2,24218,175,12,1.0,2.0,2.0,1.6666666666666667,0.0,-0.5,19.0,1.6285714285714283
2018-03-31,Nassau,NY,Passenger,1.0,0.0,1.0,37.0,38.0,2.63,2018,3,24219,175,13,1.0,1.0,2.0,1.3333333333333333,0.0,-0.5,20.0,1.371428571428573
2018-04-30,Nassau,NY,Passenger,1.0,0.0,1.0,39.0,40.0,2.5,2018,4,24220,175,14,1.0,1.0,1.0,1.0,0.0,0.0,21.0,1.1428571428571432
2018-05-31,Nassau,NY,Passenger,1.0,0.0,1.0,38.0,39.0,2.56,2018,5,24221,175,15,1.0,1.0,1.0,1.0,0.0,0.0,22.0,1.0000000000000013
2018-06-30,Nassau,NY,Passenger,2.0,0.0,2.0,39.0,41.0,4.88,2018,6,24222,175,16,1.0,1.0,1.0,1.0,1.0,1.0,24.0,1.1428571428571446
2018-07-31,Nassau,NY,Passenger,2.0,0.0,2.0,39.0,41.0,4.88,2018,7,24223,175,17,2.0,1.0,1.0,1.3333333333333333,0.0,1.0,26.0,1.3714285714285723
2018-08-31,Nassau,NY,Passenger,2.0,0.0,2.0,38.0,40.0,5.0,2018,8,24224,175,18,2.0,2.0,1.0,1.6666666666666667,0.0,1.0,28.0,1.628571428571431
2018-09-30,Nassau,NY,Passenger,2.0,0.0,2.0,39.0,41.0,4.88,2018,9,24225,175,19,2.0,2.0,2.0,2.0,0.0,0.0,30.0,1.8571428571428583
2018-10-31,Nassau,NY,Passenger,3.0,0.0,3.0,38.0,41.0,6.9025,2018,10,24226,175,20,2.0,2.0,2.0,2.0,0.5,0.5,33.0,2.1428571428571446
2018-11-30,Nassau,NY,Passenger,3.0,0.0,3.0,38.0,41.0,6.9025,2018,11,24227,175,21,3.0,2.0,2.0,2.3333333333333335,0.0,0.5,36.0,2.3714285714285728
2018-12-31,Nassau,NY,Passenger,3.0,0.0,3.0,37.0,40.0,6.9025,2018,12,24228,175,22,3.0,3.0,2.0,2.6666666666666665,0.0,0.5,39.0,2.62857142857143
2019-01-31,Nassau,NY,Passenger,3.0,0.0,3.0,38.0,41.0,6.9025,2019,1,24229,175,23,3.0,3.0,3.0,3.0,0.0,0.0,42.0,2.8571428571428608
2019-02-28,Nassau,NY,Passenger,3.0,0.0,3.0,39.0,42.0,6.9025,2019,2,24230,175,24,3.0,3.0,3.0,3.0,0.0,0.0,45.0,3.0
2019-03-31,Nassau,NY,Passenger,3.0,0.0,3.0,42.0,45.0,6.67,2019,3,24231,175,25,3.0,3.0,3.0,3.0,0.0,0.0,48.0,3.0
2019-04-30,Nassau,NY,Passenger,3.0,0.0,3.0,43.0,46.0,6.52,2019,4,24232,175,26,3.0,3.0,3.0,3.0,0.0,0.0,51.0,3.0000000000000018
2019-05-31,Nassau,NY,Passenger,3.0,0.0,3.0,41.0,44.0,6.82,2019,5,24233,175,27,3.0,3.0,3.0,3.0,0.0,0.0,54.0,3.000000000000004
2019-06-30,Nassau,NY,Passenger,4.0,0.0,4.0,42.0,46.0,6.9025,2019,6,24234,175,28,3.0,3.0,3.0,3.0,0.33333333333333326,0.33333333333333326,58.0,3.142857142857145
2019-07-31,Nassau,NY,Passenger,4.0,0.0,4.0,42.0,46.0,6.9025,2019,7,24235,175,29,4.0,3.0,3.0,3.3333333333333335,0.0,0.33333333333333326,62.0,3.371428571428572
2019-08-31,Nassau,NY,Passenger,4.0,0.0,4.0,42.0,46.0,6.9025,2019,8,24236,175,30,4.0,4.0,3.0,3.6666666666666665,0.0,0.33333333333333326,66.0,3.6285714285714317
2019-09-30,Nassau,NY,Passenger,4.0,0.0,4.0,41.0,45.0,6.9025,2019,9,24237,175,31,4.0,4.0,4.0,4.0,0.0,0.0,70.0,3.8571428571428608
2019-10-31,Nassau,NY,Passenger,4.0,0.0,4.0,42.0,46.0,6.9025,2019,10,24238,175,32,4.0,4.0,4.0,4.0,0.0,0.0,74.0,4.000000000000001
2019-11-30,Nassau,NY,Passenger,4.0,0.0,4.0,43.0,47.0,6.9025,2019,11,24239,175,33,4.0,4.0,4.0,4.0,0.0,0.0,78.0,3.9999999999999982
2019-12-31,Nassau,NY,Passenger,4.0,0.0,4.0,43.0,47.0,6.9025,2019,12,24240,175,34,4.0,4.0,4.0,4.0,0.0,0.0,82.0,4.000000000000005
2020-01-31,Nassau,NY,Passenger,4.0,0.0,4.0,44.0,48.0,6.9025,2020,1,24241,175,35,4.0,4.0,4.0,4.0,0.0,0.0,86.0,4.000000000000005
2020-02-29,Nassau,NY,Passenger,4.0,0.0,4.0,43.0,47.0,6.9025,2020,2,24242,175,36,4.0,4.0,4.0,4.0,0.0,0.0,90.0,4.000000000000002
2020-03-31,Nassau,NY,Passenger,4.0,0.0,4.0,40.0,44.0,6.9025,2020,3,24243,175,37,4.0,4.0,4.0,4.0,0.0,0.0,94.0,4.000000000000005
2020-04-30,Nassau,NY,Passenger,4.0,0.0,4.0,38.0,42.0,6.9025,2020,4,24244,175,38,4.0,4.0,4.0,4.0,0.0,0.0,98.0,4.000000000000002
2020-05-31,Nassau,NY,Passenger,4.0,0.0,4.0,38.0,42.0,6.9025,2020,5,24245,175,39,4.0,4.0,4.0,4.0,0.0,0.0,102.0,4.0000000000000036
2020-06-30,Nassau,FL,Passenger,1.0,0.0,1.0,36.0,37.0,2.7,2020,6,24246,175,40,4.0,4.0,4.0,4.0,-0.75,-0.75,103.0,3.5714285714285756
2020-06-30,Nassau,NY,Passenger,4.0,0.0,4.0,34.0,38.0,6.9025,2020,6,24246,175,41,1.0,4.0,4.0,3.0,3.0,0.0,107.0,3.3142857142857203
2020-07-31,Nassau,FL,Passenger,1.0,0.0,1.0,35.0,36.0,2.78,2020,7,24247,175,42,4.0,1.0,4.0,3.0,-0.75,-0.75,108.0,2.7999999999999967
2020-07-31,Nassau,NY,Passenger,4.0,0.0,4.0,34.0,38.0,6.9025,2020,7,24247,175,43,1.0,4.0,1.0,2.0,3.0,3.0,112.0,2.628571428571431
2020-08-31,Nassau,NY,Passenger,4.0,0.0,4.0,34.0,38.0,6.9025,2020,8,24248,175,44,4.0,1.0,4.0,3.0,0.0,0.0,116.0,2.8000000000000136
2020-08-31,Nassau,FL,Passenger,1.0,0.0,1.0,36.0,37.0,2.7,2020,8,24248,175,45,4.0,4.0,1.0,3.0,-0.75,0.0,117.0,2.8857142857142937
2020-09-30,Nassau,NY,Passenger,4.0,0.0,4.0,33.0,37.0,6.9025,2020,9,24249,175,46,1.0,4.0,4.0,3.0,3.0,0.0,121.0,2.8857142857142994
2020-09-30,Nassau,FL,Passenger,1.0,0.0,1.0,36.0,37.0,2.7,2020,9,24249,175,47,4.0,1.0,4.0,3.0,-0.75,-0.75,122.0,2.800000000000006
2020-10-31,Nassau,NY,Passenger,4.0,0.0,4.0,32.0,36.0,6.9025,2020,10,24250,175,48,1.0,4.0,1.0,2.0,3.0,3.0,126.0,2.6285714285714366
2020-10-31,Nassau,FL,Passenger,1.0,0.0,1.0,36.0,37.0,2.7,2020,10,24250,175,49,4.0,1.0,4.0,3.0,-0.75,-0.75,127.0,2.3714285714285834
2020-11-30,Nassau,NY,Passenger,4.0,0.0,4.0,32.0,36.0,6.9025,2020,11,24251,175,50,1.0,4.0,1.0,2.0,3.0,3.0,131.0,2.6285714285714366
2020-11-30,Nassau,FL,Passenger,1.0,0.0,1.0,36.0,37.0,2.7,2020,11,24251,175,51,4.0,1.0,4.0,3.0,-0.75,-0.75,132.0,2.3714285714285834
2020-12-31,Nassau,FL,Passenger,1.0,0.0,1.0,35.0,36.0,2.78,2020,12,24252,175,52,1.0,4.0,1.0,2.0,0.0,0.0,133.0,2.200000000000008
2020-12-31,Nassau,NY,Passenger,4.0,0.0,4.0,32.0,36.0,6.9025,2020,12,24252,175,53,1.0,1.0,4.0,2.0,3.0,0.0,137.0,2.1142857142857263
2021-01-31,Nassau,FL,Passenger,1.0,0.0,1.0,35.0,36.0,2.78,2021,1,24253,175,54,4.0,1.0,1.0,2.0,-0.75,0.0,138.0,2.1142857142857188
2021-01-31,Nassau,NY,Passenger,4.0,0.0,4.0,32.0,36.0,6.9025,2021,1,24253,175,55,1.0,4.0,1.0,2.0,3.0,3.0,142.0,2.2000000000000046
2021-02-28,Nassau,FL,Passenger,1.0,0.0,1.0,34.0,35.0,2.86,2021,2,24254,175,56,4.0,1.0,4.0,3.0,-0.75,-0.75,143.0,2.371428571428591
2021-02-28,Nassau,NY,Passenger,4.0,0.0,4.0,32.0,36.0,6.9025,2021,2,24254,175,57,1.0,4.0,1.0,2.0,3.0,3.0,147.0,2.6285714285714405
2021-03-31,Nassau,FL,Passenger,1.0,0.0,1.0,33.0,34.0,2.94,2021,3,24255,175,58,4.0,1.0,4.0,3.0,-0.75,-0.75,148.0,2.371428571428576
2021-03-31,Nassau,NY,Passenger,4.0,0.0,4.0,32.0,36.0,6.9025,2021,3,24255,175,59,1.0,4.0,1.0,2.0,3.0,3.0,152.0,2.6285714285714445
2021-04-30,Nassau,NY,Passenger,4.0,0.0,4.0,31.0,35.0,6.9025,2021,4,24256,175,60,4.0,1.0,4.0,3.0,0.0,0.0,156.0,2.8000000000000083
2021-04-30,Nassau,FL,Passenger,1.0,0.0,1.0,33.0,34.0,2.94,2021,4,24256,175,61,4.0,4.0,1.0,3.0,-0.75,0.0,157.0,2.8857142857142977
2021-05-31,Nassau,FL,Passenger,1.0,0.0,1.0,31.0,32.0,3.12,2021,5,24257,175,62,1.0,4.0,4.0,3.0,0.0,-0.75,158.0,2.4571428571428653
2021-05-31,Nassau,NY,Passenger,3.0,0.0,3.0,30.0,33.0,6.9025,2021,5,24257,175,63,1.0,1.0,4.0,2.0,2.0,-0.25,161.0,2.4000000000000106
2021-06-30,Nassau,NY,Passenger,2.0,0.0,2.0,32.0,34.0,5.88,2021,6,24258,175,64,3.0,1.0,1.0,1.6666666666666667,-0.33333333333333337,1.0,163.0,2.0285714285714485
2021-07-31,Nassau,NY,Passenger,3.0,0.0,3.0,32.0,35.0,6.9025,2021,7,24259,175,65,2.0,3.0,1.0,2.0,0.5,2.0,166.0,2.028571428571441
2021-08-31,Nassau,NY,Passenger,3.0,0.0,3.0,32.0,35.0,6.9025,2021,8,24260,175,66,3.0,2.0,3.0,2.6666666666666665,0.0,0.0,169.0,2.4571428571428613
2021-09-30,Nassau,NY,Passenger,3.0,0.0,3.0,31.0,34.0,6.9025,2021,9,24261,175,67,3.0,3.0,2.0,2.6666666666666665,0.0,0.5,172.0,2.7714285714285807
2021-10-31,Nassau,NY,Passenger,3.0,0.0,3.0,31.0,34.0,6.9025,2021,10,24262,175,68,3.0,3.0,3.0,3.0,0.0,0.0,175.0,2.8571428571428665
2021-11-30,Nassau,NY,Passenger,3.0,0.0,3.0,30.0,33.0,6.9025,2021,11,24263,175,69,3.0,3.0,3.0,3.0,0.0,0.0,178.0,3.000000000000022
2021-12-31,Nassau,NY,Passenger,3.0,0.0,3.0,32.0,35.0,6.9025,2021,12,24264,175,70,3.0,3.0,3.0,3.0,0.0,0.0,181.0,3.000000000000014
2022-01-31,Nassau,NY,Passenger,3.0,0.0,3.0,32.0,35.0,6.9025,2022,1,24265,175,71,3.0,3.0,3.0,3.0,0.0,0.0,184.0,3.000000000000018
2022-02-28,Nassau,NY,Passenger,3.0,0.0,3.0,32.0,35.0,6.9025,2022,2,24266,175,72,3.0,3.0,3.0,3.0,0.0,0.0,187.0,3.000000000000018
2022-03-31,Nassau,NY,Passenger,3.0,0.0,3.0,32.0,35.0,6.9025,2022,3,24267,175,73,3.0,3.0,3.0,3.0,0.0,0.0,190.0,3.0000000000000067
2022-04-30,Nassau,NY,Passenger,3.0,0.0,3.0,34.0,37.0,6.9025,2022,4,24268,175,74,3.0,3.0,3.0,3.0,0.0,0.0,193.0,3.0000000000000067
2022-05-31,Nassau,NY,Passenger,3.0,0.0,3.0,33.0,36.0,6.9025,2022,5,24269,175,75,3.0,3.0,3.0,3.0,0.0,0.0,196.0,3.0000000000000107
2022-06-30,Nassau,NY,Passenger,3.0,0.0,3.0,30.0,33.0,6.9025,2022,6,24270,175,76,3.0,3.0,3.0,3.0,0.0,0.0,199.0,3.000000000000018
2022-07-31,Nassau,NY,Passenger,3.0,0.0,3.0,30.0,33.0,6.9025,2022,7,24271,175,77,3.0,3.0,3.0,3.0,0.0,0.0,202.0,3.0000000000000338
2022-08-31,Nassau,NY,Passenger,3.0,0.0,3.0,30.0,33.0,6.9025,2022,8,24272,175,78,3.0,3.0,3.0,3.0,0.0,0.0,205.0,3.0000000000000067
2022-09-30,Nassau,NY,Passenger,2.0,0.0,2.0,28.0,30.0,6.67,2022,9,24273,175,79,3.0,3.0,3.0,3.0,-0.33333333333333337,-0.33333333333333337,207.0,2.857142857142855
2022-10-31,Nassau,NY,Passenger,2.0,0.0,2.0,27.0,29.0,6.9,2022,10,24274,175,80,2.0,3.0,3.0,2.6666666666666665,0.0,-0.33333333333333337,209.0,2.6285714285714445
2022-11-30,Nassau,NY,Passenger,2.0,0.0,2.0,26.0,28.0,6.9025,2022,11,24275,175,81,2.0,2.0,3.0,2.3333333333333335,0.0,-0.33333333333333337,211.0,2.371428571428591
2022-12-31,Nassau,NY,Passenger,2.0,0.0,2.0,26.0,28.0,6.9025,2022,12,24276,175,82,2.0,2.0,2.0,2.0,0.0,0.0,213.0,2.142857142857165
2023-01-31,Nassau,NY,Passenger,2.0,0.0,2.0,27.0,29.0,6.9,2023,1,24277,175,83,2.0,2.0,2.0,2.0,0.0,0.0,215.0,2.0000000000000133
2023-02-28,Nassau,NY,Passenger,2.0,0.0,2.0,27.0,29.0,6.9,2023,2,24278,175,84,2.0,2.0,2.0,2.0,0.0,0.0,217.0,2.0000000000000098
2023-03-31,Nassau,NY,Passenger,2.0,0.0,2.0,27.0,29.0,6.9,2023,3,24279,175,85,2.0,2.0,2.0,2.0,0.0,0.0,219.0,2.0000000000000133
2023-04-30,Nassau,NY,Passenger,2.0,0.0,2.0,27.0,29.0,6.9,2023,4,24280,175,86,2.0,2.0,2.0,2.0,0.0,0.0,221.0,2.000000000000029
2023-05-31,Nassau,NY,Passenger,2.0,0.0,2.0,27.0,29.0,6.9,2023,5,24281,175,87,2.0,2.0,2.0,2.0,0.0,0.0,223.0,2.0000000000000018
2017-06-30,New Haven,CT,Passenger,0.0,1.0,1.0,57.0,58.0,1.72,2017,6,24210,176,5,1.0,1.0,1.0,1.0,0.0,0.0,6.0,0.9999999999999998
2017-07-31,New Haven,CT,Passenger,0.0,1.0,1.0,57.0,58.0,1.72,2017,7,24211,176,6,1.0,1.0,1.0,1.0,0.0,0.0,7.0,0.9999999999999998
2017-08-31,New Haven,CT,Passenger,0.0,1.0,1.0,57.0,58.0,1.72,2017,8,24212,176,7,1.0,1.0,1.0,1.0,0.0,0.0,8.0,0.9999999999999999
2017-09-30,New Haven,CT,Passenger,0.0,1.0,1.0,55.0,56.0,1.79,2017,9,24213,176,8,1.0,1.0,1.0,1.0,0.0,0.0,9.0,1.0000000000000002
2017-10-31,New Haven,CT,Passenger,0.0,1.0,1.0,53.0,54.0,1.85,2017,10,24214,176,9,1.0,1.0,1.0,1.0,0.0,0.0,10.0,1.0000000000000002
2017-11-30,New Haven,CT,Passenger,0.0,1.0,1.0,54.0,55.0,1.82,2017,11,24215,176,10,1.0,1.0,1.0,1.0,0.0,0.0,11.0,1.0
2017-12-31,New Haven,CT,Passenger,0.0,1.0,1.0,55.0,56.0,1.79,2017,12,24216,176,11,1.0,1.0,1.0,1.0,0.0,0.0,12.0,1.0000000000000002
2018-01-31,New Haven,CT,Passenger,0.0,1.0,1.0,54.0,55.0,1.82,2018,1,24217,176,12,1.0,1.0,1.0,1.0,0.0,0.0,13.0,1.0000000000000002
2018-02-28,New Haven,CT,Passenger,0.0,1.0,1.0,53.0,54.0,1.85,2018,2,24218,176,13,1.0,1.0,1.0,1.0,0.0,0.0,14.0,1.0000000000000009
2018-03-31,New Haven,CT,Passenger,0.0,1.0,1.0,52.0,53.0,1.89,2018,3,24219,176,14,1.0,1.0,1.0,1.0,0.0,0.0,15.0,1.0000000000000007
2018-04-30,New Haven,CT,Passenger,0.0,1.0,1.0,51.0,52.0,1.92,2018,4,24220,176,15,1.0,1.0,1.0,1.0,0.0,0.0,16.0,1.0000000000000009
2018-05-31,New Haven,CT,Passenger,0.0,1.0,1.0,51.0,52.0,1.92,2018,5,24221,176,16,1.0,1.0,1.0,1.0,0.0,0.0,17.0,1.0
2018-06-30,New Haven,CT,Passenger,0.0,1.0,1.0,50.0,51.0,1.96,2018,6,24222,176,17,1.0,1.0,1.0,1.0,0.0,0.0,18.0,1.0000000000000002
2018-07-31,New Haven,CT,Passenger,0.0,1.0,1.0,49.0,50.0,2.0,2018,7,24223,176,18,1.0,1.0,1.0,1.0,0.0,0.0,19.0,1.000000000000002
2018-08-31,New Haven,CT,Passenger,0.0,1.0,1.0,49.0,50.0,2.0,2018,8,24224,176,19,1.0,1.0,1.0,1.0,0.0,0.0,20.0,0.9999999999999998
2018-09-30,New Haven,CT,Passenger,0.0,1.0,1.0,48.0,49.0,2.04,2018,9,24225,176,20,1.0,1.0,1.0,1.0,0.0,0.0,21.0,1.000000000000001
2018-10-31,New Haven,CT,Passenger,0.0,1.0,1.0,46.0,47.0,2.13,2018,10,24226,176,21,1.0,1.0,1.0,1.0,0.0,0.0,22.0,1.0000000000000013
2018-11-30,New Haven,CT,Passenger,0.0,1.0,1.0,48.0,49.0,2.04,2018,11,24227,176,22,1.0,1.0,1.0,1.0,0.0,0.0,23.0,1.0000000000000013
2018-12-31,New Haven,CT,Passenger,0.0,1.0,1.0,49.0,50.0,2.0,2018,12,24228,176,23,1.0,1.0,1.0,1.0,0.0,0.0,24.0,1.0000000000000004
2019-01-31,New Haven,CT,Passenger,0.0,1.0,1.0,49.0,50.0,2.0,2019,1,24229,176,24,1.0,1.0,1.0,1.0,0.0,0.0,25.0,1.0000000000000013
2019-02-28,New Haven,CT,Passenger,0.0,1.0,1.0,49.0,50.0,2.0,2019,2,24230,176,25,1.0,1.0,1.0,1.0,0.0,0.0,26.0,1.0000000000000013
2019-03-31,New Haven,CT,Passenger,0.0,2.0,2.0,50.0,52.0,3.85,2019,3,24231,176,26,1.0,1.0,1.0,1.0,1.0,1.0,28.0,1.1428571428571446
2019-04-30,New Haven,CT,Passenger,0.0,2.0,2.0,50.0,52.0,3.85,2019,4,24232,176,27,2.0,1.0,1.0,1.3333333333333333,0.0,1.0,30.0,1.3714285714285723
2019-05-31,New Haven,CT,Passenger,0.0,2.0,2.0,48.0,50.0,4.0,2019,5,24233,176,28,2.0,2.0,1.0,1.6666666666666667,0.0,1.0,32.0,1.6285714285714314
2019-06-30,New Haven,CT,Passenger,0.0,2.0,2.0,48.0,50.0,4.0,2019,6,24234,176,29,2.0,2.0,2.0,2.0,0.0,0.0,34.0,1.8571428571428588
2019-07-31,New Haven,CT,Passenger,0.0,2.0,2.0,47.0,49.0,4.08,2019,7,24235,176,30,2.0,2.0,2.0,2.0,0.0,0.0,36.0,2.0000000000000004
2019-08-31,New Haven,CT,Passenger,0.0,2.0,2.0,48.0,50.0,4.0,2019,8,24236,176,31,2.0,2.0,2.0,2.0,0.0,0.0,38.0,2.000000000000004
2019-09-30,New Haven,CT,Passenger,0.0,2.0,2.0,47.0,49.0,4.08,2019,9,24237,176,32,2.0,2.0,2.0,2.0,0.0,0.0,40.0,1.9999999999999996
2019-10-31,New Haven,CT,Passenger,0.0,2.0,2.0,48.0,50.0,4.0,2019,10,24238,176,33,2.0,2.0,2.0,2.0,0.0,0.0,42.0,2.000000000000002
2019-11-30,New Haven,CT,Passenger,0.0,2.0,2.0,47.0,49.0,4.08,2019,11,24239,176,34,2.0,2.0,2.0,2.0,0.0,0.0,44.0,2.0000000000000027
2019-12-31,New Haven,CT,Passenger,0.0,2.0,2.0,46.0,48.0,4.17,2019,12,24240,176,35,2.0,2.0,2.0,2.0,0.0,0.0,46.0,2.0000000000000027
2020-01-31,New Haven,CT,Passenger,0.0,2.0,2.0,45.0,47.0,4.26,2020,1,24241,176,36,2.0,2.0,2.0,2.0,0.0,0.0,48.0,2.000000000000001
2020-02-29,New Haven,CT,Passenger,0.0,2.0,2.0,43.0,45.0,4.44,2020,2,24242,176,37,2.0,2.0,2.0,2.0,0.0,0.0,50.0,2.0000000000000027
2020-03-31,New Haven,CT,Passenger,0.0,2.0,2.0,41.0,43.0,4.65,2020,3,24243,176,38,2.0,2.0,2.0,2.0,0.0,0.0,52.0,2.0000000000000027
2020-04-30,New Haven,CT,Passenger,0.0,2.0,2.0,41.0,43.0,4.65,2020,4,24244,176,39,2.0,2.0,2.0,2.0,0.0,0.0,54.0,2.0000000000000027
2020-05-31,New Haven,CT,Passenger,0.0,2.0,2.0,39.0,41.0,4.88,2020,5,24245,176,40,2.0,2.0,2.0,2.0,0.0,0.0,56.0,2.0000000000000027
2020-06-30,New Haven,CT,Passenger,0.0,2.0,2.0,38.0,40.0,5.0,2020,6,24246,176,41,2.0,2.0,2.0,2.0,0.0,0.0,58.0,2.000000000000005
2020-07-31,New Haven,CT,Passenger,0.0,2.0,2.0,36.0,38.0,5.26,2020,7,24247,176,42,2.0,2.0,2.0,2.0,0.0,0.0,60.0,2.000000000000004
2020-08-31,New Haven,CT,Passenger,0.0,2.0,2.0,36.0,38.0,5.26,2020,8,24248,176,43,2.0,2.0,2.0,2.0,0.0,0.0,62.0,2.0000000000000018
2020-09-30,New Haven,CT,Passenger,0.0,2.0,2.0,35.0,37.0,5.41,2020,9,24249,176,44,2.0,2.0,2.0,2.0,0.0,0.0,64.0,2.000000000000004
2020-10-31,New Haven,CT,Passenger,0.0,2.0,2.0,34.0,36.0,5.56,2020,10,24250,176,45,2.0,2.0,2.0,2.0,0.0,0.0,66.0,2.0000000000000075
2020-11-30,New Haven,CT,Passenger,0.0,2.0,2.0,36.0,38.0,5.26,2020,11,24251,176,46,2.0,2.0,2.0,2.0,0.0,0.0,68.0,2.000000000000001
2020-12-31,New Haven,CT,Passenger,0.0,2.0,2.0,37.0,39.0,5.13,2020,12,24252,176,47,2.0,2.0,2.0,2.0,0.0,0.0,70.0,2.000000000000004
2021-01-31,New Haven,CT,Passenger,0.0,2.0,2.0,39.0,41.0,4.88,2021,1,24253,176,48,2.0,2.0,2.0,2.0,0.0,0.0,72.0,2.0000000000000058
2021-02-28,New Haven,CT,Passenger,0.0,2.0,2.0,37.0,39.0,5.13,2021,2,24254,176,49,2.0,2.0,2.0,2.0,0.0,0.0,74.0,2.0000000000000075
2021-03-31,New Haven,CT,Passenger,0.0,2.0,2.0,36.0,38.0,5.26,2021,3,24255,176,50,2.0,2.0,2.0,2.0,0.0,0.0,76.0,2.0
2021-04-30,New Haven,CT,Passenger,0.0,2.0,2.0,36.0,38.0,5.26,2021,4,24256,176,51,2.0,2.0,2.0,2.0,0.0,0.0,78.0,2.0000000000000018
2021-05-31,New Haven,CT,Passenger,0.0,2.0,2.0,35.0,37.0,5.41,2021,5,24257,176,52,2.0,2.0,2.0,2.0,0.0,0.0,80.0,2.0000000000000018
2021-06-30,New Haven,CT,Passenger,0.0,2.0,2.0,34.0,36.0,5.56,2021,6,24258,176,53,2.0,2.0,2.0,2.0,0.0,0.0,82.0,2.0000000000000075
2021-07-31,New Haven,CT,Passenger,0.0,2.0,2.0,34.0,36.0,5.56,2021,7,24259,176,54,2.0,2.0,2.0,2.0,0.0,0.0,84.0,2.0000000000000018
2021-08-31,New Haven,CT,Passenger,0.0,2.0,2.0,34.0,36.0,5.56,2021,8,24260,176,55,2.0,2.0,2.0,2.0,0.0,0.0,86.0,2.0000000000000058
2021-09-30,New Haven,CT,Passenger,0.0,2.0,2.0,34.0,36.0,5.56,2021,9,24261,176,56,2.0,2.0,2.0,2.0,0.0,0.0,88.0,2.0000000000000058
2021-10-31,New Haven,CT,Passenger,0.0,2.0,2.0,34.0,36.0,5.56,2021,10,24262,176,57,2.0,2.0,2.0,2.0,0.0,0.0,90.0,2.0000000000000018
2021-11-30,New Haven,CT,Passenger,0.0,2.0,2.0,33.0,35.0,5.71,2021,11,24263,176,58,2.0,2.0,2.0,2.0,0.0,0.0,92.0,2.0000000000000018
2021-12-31,New Haven,CT,Passenger,0.0,2.0,2.0,34.0,36.0,5.56,2021,12,24264,176,59,2.0,2.0,2.0,2.0,0.0,0.0,94.0,2.0000000000000058
2022-01-31,New Haven,CT,Passenger,0.0,2.0,2.0,37.0,39.0,5.13,2022,1,24265,176,60,2.0,2.0,2.0,2.0,0.0,0.0,96.0,2.0000000000000018
2022-02-28,New Haven,CT,Passenger,0.0,2.0,2.0,36.0,38.0,5.26,2022,2,24266,176,61,2.0,2.0,2.0,2.0,0.0,0.0,98.0,2.000000000000004
2022-03-31,New Haven,CT,Passenger,0.0,2.0,2.0,35.0,37.0,5.41,2022,3,24267,176,62,2.0,2.0,2.0,2.0,0.0,0.0,100.0,2.000000000000004
2022-04-30,New Haven,CT,Passenger,0.0,2.0,2.0,35.0,37.0,5.41,2022,4,24268,176,63,2.0,2.0,2.0,2.0,0.0,0.0,102.0,2.000000000000004
2022-05-31,New Haven,CT,Passenger,0.0,2.0,2.0,34.0,36.0,5.56,2022,5,24269,176,64,2.0,2.0,2.0,2.0,0.0,0.0,104.0,2.0000000000000018
2022-06-30,New Haven,CT,Passenger,0.0,2.0,2.0,34.0,36.0,5.56,2022,6,24270,176,65,2.0,2.0,2.0,2.0,0.0,0.0,106.0,2.0000000000000058
2022-07-31,New Haven,CT,Passenger,0.0,2.0,2.0,33.0,35.0,5.71,2022,7,24271,176,66,2.0,2.0,2.0,2.0,0.0,0.0,108.0,2.0000000000000098
2022-08-31,New Haven,CT,Passenger,0.0,2.0,2.0,32.0,34.0,5.88,2022,8,24272,176,67,2.0,2.0,2.0,2.0,0.0,0.0,110.0,2.0000000000000075
2022-09-30,New Haven,CT,Passenger,0.0,2.0,2.0,31.0,33.0,6.06,2022,9,24273,176,68,2.0,2.0,2.0,2.0,0.0,0.0,112.0,2.0
2022-10-31,New Haven,CT,Passenger,0.0,2.0,2.0,32.0,34.0,5.88,2022,10,24274,176,69,2.0,2.0,2.0,2.0,0.0,0.0,114.0,2.000000000000004
2022-11-30,New Haven,CT,Passenger,0.0,2.0,2.0,31.0,33.0,6.06,2022,11,24275,176,70,2.0,2.0,2.0,2.0,0.0,0.0,116.0,2.0000000000000075
2022-12-31,New Haven,CT,Passenger,0.0,2.0,2.0,29.0,31.0,6.45,2022,12,24276,176,71,2.0,2.0,2.0,2.0,0.0,0.0,118.0,2.0000000000000075
2023-01-31,New Haven,CT,Passenger,0.0,2.0,2.0,29.0,31.0,6.45,2023,1,24277,176,72,2.0,2.0,2.0,2.0,0.0,0.0,120.0,2.0000000000000075
2023-02-28,New Haven,CT,Passenger,0.0,2.0,2.0,29.0,31.0,6.45,2023,2,24278,176,73,2.0,2.0,2.0,2.0,0.0,0.0,122.0,2.0000000000000098
2023-03-31,New Haven,CT,Passenger,0.0,2.0,2.0,29.0,31.0,6.45,2023,3,24279,176,74,2.0,2.0,2.0,2.0,0.0,0.0,124.0,2.0000000000000133
2023-04-30,New Haven,CT,Passenger,0.0,2.0,2.0,28.0,30.0,6.67,2023,4,24280,176,75,2.0,2.0,2.0,2.0,0.0,0.0,126.0,2.0000000000000018
2023-05-31,New Haven,CT,Passenger,0.0,2.0,2.0,27.0,29.0,6.9,2023,5,24281,176,76,2.0,2.0,2.0,2.0,0.0,0.0,128.0,1.999999999999998
2023-06-30,New Haven,CT,Passenger,0.0,2.0,2.0,26.0,28.0,6.9025,2023,6,24282,176,77,2.0,2.0,2.0,2.0,0.0,0.0,130.0,2.0000000000000098
2023-07-31,New Haven,CT,Passenger,0.0,2.0,2.0,25.0,27.0,6.9025,2023,7,24283,176,78,2.0,2.0,2.0,2.0,0.0,0.0,132.0,2.0000000000000058
2023-08-31,New Haven,CT,Passenger,0.0,2.0,2.0,25.0,27.0,6.9025,2023,8,24284,176,79,2.0,2.0,2.0,2.0,0.0,0.0,134.0,2.0000000000000098
2023-09-30,New Haven,CT,Passenger,0.0,2.0,2.0,25.0,27.0,6.9025,2023,9,24285,176,80,2.0,2.0,2.0,2.0,0.0,0.0,136.0,2.0000000000000173
2023-10-31,New Haven,CT,Passenger,0.0,2.0,2.0,25.0,27.0,6.9025,2023,10,24286,176,81,2.0,2.0,2.0,2.0,0.0,0.0,138.0,2.0000000000000133
2023-11-30,New Haven,CT,Passenger,0.0,2.0,2.0,25.0,27.0,6.9025,2023,11,24287,176,82,2.0,2.0,2.0,2.0,0.0,0.0,140.0,2.0000000000000098
2023-12-31,New Haven,CT,Passenger,0.0,2.0,2.0,21.0,23.0,6.9025,2023,12,24288,176,83,2.0,2.0,2.0,2.0,0.0,0.0,142.0,2.0000000000000098
2024-01-31,New Haven,CT,Passenger,0.0,2.0,2.0,20.0,22.0,6.9025,2024,1,24289,176,84,2.0,2.0,2.0,2.0,0.0,0.0,144.0,2.0000000000000133
2024-02-29,New Haven,CT,Passenger,0.0,2.0,2.0,20.0,22.0,6.9025,2024,2,24290,176,85,2.0,2.0,2.0,2.0,0.0,0.0,146.0,2.0000000000000098
2017-06-30,New London,CT,Passenger,1.0,0.0,1.0,250.0,251.0,0.4,2017,6,24210,177,5,1.0,1.0,1.0,1.0,0.0,0.0,8.0,1.1428571428571426
2017-07-31,New London,CT,Passenger,1.0,0.0,1.0,250.0,251.0,0.4,2017,7,24211,177,6,1.0,1.0,1.0,1.0,0.0,0.0,9.0,1.0000000000000002
2017-08-31,New London,CT,Passenger,1.0,0.0,1.0,252.0,253.0,0.4,2017,8,24212,177,7,1.0,1.0,1.0,1.0,0.0,0.0,10.0,1.0000000000000002
2017-09-30,New London,CT,Passenger,1.0,0.0,1.0,246.0,247.0,0.4,2017,9,24213,177,8,1.0,1.0,1.0,1.0,0.0,0.0,11.0,1.0
2017-10-31,New London,CT,Passenger,1.0,0.0,1.0,245.0,246.0,0.41,2017,10,24214,177,9,1.0,1.0,1.0,1.0,0.0,0.0,12.0,1.0000000000000002
2017-11-30,New London,CT,Passenger,1.0,0.0,1.0,246.0,247.0,0.4,2017,11,24215,177,10,1.0,1.0,1.0,1.0,0.0,0.0,13.0,1.0000000000000002
2017-12-31,New London,CT,Passenger,1.0,0.0,1.0,244.0,245.0,0.41,2017,12,24216,177,11,1.0,1.0,1.0,1.0,0.0,0.0,14.0,1.0000000000000009
2018-01-31,New London,CT,Passenger,1.0,0.0,1.0,249.0,250.0,0.4,2018,1,24217,177,12,1.0,1.0,1.0,1.0,0.0,0.0,15.0,1.0000000000000007
2018-02-28,New London,CT,Passenger,1.0,0.0,1.0,250.0,251.0,0.4,2018,2,24218,177,13,1.0,1.0,1.0,1.0,0.0,0.0,16.0,1.0000000000000009
2018-03-31,New London,CT,Passenger,1.0,0.0,1.0,247.0,248.0,0.4,2018,3,24219,177,14,1.0,1.0,1.0,1.0,0.0,0.0,17.0,1.0
2018-12-31,New London,CT,Passenger,0.0,1.0,1.0,249.0,250.0,0.4,2018,12,24228,177,15,1.0,1.0,1.0,1.0,0.0,0.0,18.0,1.0000000000000002
2019-01-31,New London,CT,Passenger,0.0,1.0,1.0,245.0,246.0,0.41,2019,1,24229,177,16,1.0,1.0,1.0,1.0,0.0,0.0,19.0,1.000000000000002
2019-02-28,New London,CT,Passenger,0.0,1.0,1.0,243.0,244.0,0.41,2019,2,24230,177,17,1.0,1.0,1.0,1.0,0.0,0.0,20.0,0.9999999999999998
2019-03-31,New London,CT,Passenger,0.0,1.0,1.0,247.0,248.0,0.4,2019,3,24231,177,18,1.0,1.0,1.0,1.0,0.0,0.0,21.0,1.000000000000001
2019-04-30,New London,CT,Passenger,0.0,1.0,1.0,247.0,248.0,0.4,2019,4,24232,177,19,1.0,1.0,1.0,1.0,0.0,0.0,22.0,1.0000000000000013
2019-05-31,New London,CT,Passenger,0.0,1.0,1.0,244.0,245.0,0.41,2019,5,24233,177,20,1.0,1.0,1.0,1.0,0.0,0.0,23.0,1.0000000000000013
2019-06-30,New London,CT,Passenger,0.0,1.0,1.0,237.0,238.0,0.42,2019,6,24234,177,21,1.0,1.0,1.0,1.0,0.0,0.0,24.0,1.0000000000000004
2019-07-31,New London,CT,Passenger,0.0,1.0,1.0,240.0,241.0,0.41,2019,7,24235,177,22,1.0,1.0,1.0,1.0,0.0,0.0,25.0,1.0000000000000013
2019-08-31,New London,CT,Passenger,0.0,1.0,1.0,239.0,240.0,0.42,2019,8,24236,177,23,1.0,1.0,1.0,1.0,0.0,0.0,26.0,1.0000000000000013
2019-09-30,New London,CT,Passenger,0.0,1.0,1.0,240.0,241.0,0.41,2019,9,24237,177,24,1.0,1.0,1.0,1.0,0.0,0.0,27.0,1.0000000000000013
2019-10-31,New London,CT,Passenger,0.0,1.0,1.0,242.0,243.0,0.41,2019,10,24238,177,25,1.0,1.0,1.0,1.0,0.0,0.0,28.0,1.0000000000000013
2019-11-30,New London,CT,Passenger,0.0,1.0,1.0,242.0,243.0,0.41,2019,11,24239,177,26,1.0,1.0,1.0,1.0,0.0,0.0,29.0,1.0000000000000024
2019-12-31,New London,CT,Passenger,0.0,1.0,1.0,242.0,243.0,0.41,2019,12,24240,177,27,1.0,1.0,1.0,1.0,0.0,0.0,30.0,1.000000000000002
2020-01-31,New London,CT,Passenger,0.0,1.0,1.0,246.0,247.0,0.4,2020,1,24241,177,28,1.0,1.0,1.0,1.0,0.0,0.0,31.0,1.0000000000000009
2020-02-29,New London,CT,Passenger,0.0,1.0,1.0,247.0,248.0,0.4,2020,2,24242,177,29,1.0,1.0,1.0,1.0,0.0,0.0,32.0,1.000000000000002
2020-03-31,New London,CT,Passenger,1.0,1.0,2.0,242.0,244.0,0.82,2020,3,24243,177,30,1.0,1.0,1.0,1.0,1.0,1.0,34.0,1.1428571428571446
2020-04-30,New London,CT,Passenger,1.0,1.0,2.0,240.0,242.0,0.83,2020,4,24244,177,31,2.0,1.0,1.0,1.3333333333333333,0.0,1.0,36.0,1.3714285714285714
2020-05-31,New London,CT,Passenger,1.0,1.0,2.0,241.0,243.0,0.82,2020,5,24245,177,32,2.0,2.0,1.0,1.6666666666666667,0.0,1.0,38.0,1.62857142857143
2020-06-30,New London,CT,Passenger,1.0,1.0,2.0,242.0,244.0,0.82,2020,6,24246,177,33,2.0,2.0,2.0,2.0,0.0,0.0,40.0,1.8571428571428559
2020-07-31,New London,CT,Passenger,1.0,1.0,2.0,237.0,239.0,0.84,2020,7,24247,177,34,2.0,2.0,2.0,2.0,0.0,0.0,42.0,2.000000000000002
2020-08-31,New London,CT,Passenger,1.0,1.0,2.0,236.0,238.0,0.84,2020,8,24248,177,35,2.0,2.0,2.0,2.0,0.0,0.0,44.0,2.0000000000000027
2020-09-30,New London,CT,Passenger,1.0,1.0,2.0,237.0,239.0,0.84,2020,9,24249,177,36,2.0,2.0,2.0,2.0,0.0,0.0,46.0,2.0000000000000027
2020-10-31,New London,CT,Passenger,1.0,1.0,2.0,238.0,240.0,0.83,2020,10,24250,177,37,2.0,2.0,2.0,2.0,0.0,0.0,48.0,2.000000000000001
2020-11-30,New London,CT,Passenger,1.0,1.0,2.0,238.0,240.0,0.83,2020,11,24251,177,38,2.0,2.0,2.0,2.0,0.0,0.0,50.0,2.0000000000000027
2020-12-31,New London,CT,Passenger,1.0,1.0,2.0,233.0,235.0,0.85,2020,12,24252,177,39,2.0,2.0,2.0,2.0,0.0,0.0,52.0,2.0000000000000027
2021-01-31,New London,CT,Passenger,1.0,1.0,2.0,230.0,232.0,0.86,2021,1,24253,177,40,2.0,2.0,2.0,2.0,0.0,0.0,54.0,2.0000000000000027
2021-02-28,New London,CT,Passenger,1.0,1.0,2.0,227.0,229.0,0.87,2021,2,24254,177,41,2.0,2.0,2.0,2.0,0.0,0.0,56.0,2.0000000000000027
2021-03-31,New London,CT,Passenger,1.0,1.0,2.0,226.0,228.0,0.88,2021,3,24255,177,42,2.0,2.0,2.0,2.0,0.0,0.0,58.0,2.000000000000005
2021-04-30,New London,CT,Passenger,1.0,1.0,2.0,226.0,228.0,0.88,2021,4,24256,177,43,2.0,2.0,2.0,2.0,0.0,0.0,60.0,2.000000000000004
2021-05-31,New London,CT,Passenger,1.0,1.0,2.0,226.0,228.0,0.88,2021,5,24257,177,44,2.0,2.0,2.0,2.0,0.0,0.0,62.0,2.0000000000000018
2021-06-30,New London,CT,Passenger,1.0,1.0,2.0,223.0,225.0,0.89,2021,6,24258,177,45,2.0,2.0,2.0,2.0,0.0,0.0,64.0,2.000000000000004
2021-07-31,New London,CT,Passenger,1.0,1.0,2.0,219.0,221.0,0.9,2021,7,24259,177,46,2.0,2.0,2.0,2.0,0.0,0.0,66.0,2.0000000000000075
2021-08-31,New London,CT,Passenger,1.0,2.0,3.0,217.0,220.0,1.36,2021,8,24260,177,47,2.0,2.0,2.0,2.0,0.5,0.5,69.0,2.142857142857146
2021-09-30,New London,CT,Passenger,1.0,3.0,4.0,213.0,217.0,1.84,2021,9,24261,177,48,3.0,2.0,2.0,2.3333333333333335,0.33333333333333326,1.0,73.0,2.514285714285715
2021-10-31,New London,CT,Passenger,1.0,3.0,4.0,215.0,219.0,1.83,2021,10,24262,177,49,4.0,3.0,2.0,3.0,0.0,1.0,77.0,3.000000000000001
2021-11-30,New London,CT,Passenger,1.0,3.0,4.0,217.0,221.0,1.81,2021,11,24263,177,50,4.0,4.0,3.0,3.6666666666666665,0.0,0.33333333333333326,81.0,3.4857142857142898
2021-12-31,New London,CT,Passenger,1.0,3.0,4.0,215.0,219.0,1.83,2021,12,24264,177,51,4.0,4.0,4.0,4.0,0.0,0.0,85.0,3.8571428571428577
2022-01-31,New London,CT,Passenger,1.0,3.0,4.0,213.0,217.0,1.84,2022,1,24265,177,52,4.0,4.0,4.0,4.0,0.0,0.0,89.0,4.0
2022-02-28,New London,CT,Passenger,1.0,3.0,4.0,208.0,212.0,1.89,2022,2,24266,177,53,4.0,4.0,4.0,4.0,0.0,0.0,93.0,4.000000000000005
2022-03-31,New London,CT,Passenger,2.0,3.0,5.0,205.0,210.0,2.38,2022,3,24267,177,54,4.0,4.0,4.0,4.0,0.25,0.25,98.0,4.142857142857152
2022-04-30,New London,CT,Passenger,3.0,3.0,6.0,202.0,208.0,2.88,2022,4,24268,177,55,5.0,4.0,4.0,4.333333333333333,0.19999999999999996,0.5,104.0,4.514285714285722
2022-05-31,New London,CT,Passenger,3.0,3.0,6.0,197.0,203.0,2.96,2022,5,24269,177,56,6.0,5.0,4.0,5.0,0.0,0.5,110.0,5.000000000000004
2022-06-30,New London,CT,Passenger,3.0,3.0,6.0,188.0,194.0,3.09,2022,6,24270,177,57,6.0,6.0,5.0,5.666666666666667,0.0,0.19999999999999996,116.0,5.4857142857142955
2022-07-31,New London,CT,Passenger,3.0,3.0,6.0,191.0,197.0,3.05,2022,7,24271,177,58,6.0,6.0,6.0,6.0,0.0,0.0,122.0,5.857142857142862
2022-08-31,New London,CT,Passenger,3.0,3.0,6.0,190.0,196.0,3.06,2022,8,24272,177,59,6.0,6.0,6.0,6.0,0.0,0.0,128.0,6.0000000000000115
2022-09-30,New London,CT,Passenger,3.0,2.0,5.0,190.0,195.0,2.56,2022,9,24273,177,60,6.0,6.0,6.0,6.0,-0.16666666666666663,-0.16666666666666663,133.0,5.857142857142866
2022-10-31,New London,CT,Passenger,3.0,2.0,5.0,189.0,194.0,2.58,2022,10,24274,177,61,5.0,6.0,6.0,5.666666666666667,0.0,-0.16666666666666663,138.0,5.628571428571433
2022-11-30,New London,CT,Passenger,3.0,2.0,5.0,186.0,191.0,2.62,2022,11,24275,177,62,5.0,5.0,6.0,5.333333333333333,0.0,-0.16666666666666663,143.0,5.371428571428586
2022-12-31,New London,CT,Passenger,3.0,2.0,5.0,184.0,189.0,2.65,2022,12,24276,177,63,5.0,5.0,5.0,5.0,0.0,0.0,148.0,5.14285714285716
2023-01-31,New London,CT,Passenger,3.0,2.0,5.0,184.0,189.0,2.65,2023,1,24277,177,64,5.0,5.0,5.0,5.0,0.0,0.0,153.0,5.000000000000001
2023-02-28,New London,CT,Passenger,3.0,2.0,5.0,179.0,184.0,2.72,2023,2,24278,177,65,5.0,5.0,5.0,5.0,0.0,0.0,158.0,5.000000000000012
2023-03-31,New London,CT,Passenger,2.0,2.0,4.0,176.0,180.0,2.22,2023,3,24279,177,66,5.0,5.0,5.0,5.0,-0.19999999999999996,-0.19999999999999996,162.0,4.857142857142857
2023-04-30,New London,CT,Passenger,2.0,2.0,4.0,174.0,178.0,2.25,2023,4,24280,177,67,4.0,5.0,5.0,4.666666666666667,0.0,-0.19999999999999996,166.0,4.628571428571431
2023-05-31,New London,CT,Passenger,2.0,2.0,4.0,172.0,176.0,2.27,2023,5,24281,177,68,4.0,4.0,5.0,4.333333333333333,0.0,-0.19999999999999996,170.0,4.37142857142857
2023-06-30,New London,CT,Passenger,2.0,2.0,4.0,170.0,174.0,2.3,2023,6,24282,177,69,4.0,4.0,4.0,4.0,0.0,0.0,174.0,4.142857142857164
2023-07-31,New London,CT,Passenger,2.0,2.0,4.0,169.0,173.0,2.31,2023,7,24283,177,70,4.0,4.0,4.0,4.0,0.0,0.0,178.0,4.0000000000000115
2023-08-31,New London,CT,Passenger,2.0,2.0,4.0,166.0,170.0,2.35,2023,8,24284,177,71,4.0,4.0,4.0,4.0,0.0,0.0,182.0,4.0000000000000195
2023-09-30,New London,CT,Passenger,2.0,2.0,4.0,160.0,164.0,2.44,2023,9,24285,177,72,4.0,4.0,4.0,4.0,0.0,0.0,186.0,4.0000000000000115
2023-10-31,New London,CT,Passenger,2.0,2.0,4.0,154.0,158.0,2.53,2023,10,24286,177,73,4.0,4.0,4.0,4.0,0.0,0.0,190.0,4.0000000000000115
2023-11-30,New London,CT,Passenger,2.0,2.0,4.0,152.0,156.0,2.56,2023,11,24287,177,74,4.0,4.0,4.0,4.0,0.0,0.0,194.0,4.0000000000000115
2023-12-31,New London,CT,Passenger,2.0,2.0,4.0,148.0,152.0,2.63,2023,12,24288,177,75,4.0,4.0,4.0,4.0,0.0,0.0,198.0,4.000000000000023
2024-01-31,New London,CT,Passenger,2.0,2.0,4.0,144.0,148.0,2.7,2024,1,24289,177,76,4.0,4.0,4.0,4.0,0.0,0.0,202.0,4.000000000000023
2024-02-29,New London,CT,Passenger,2.0,2.0,4.0,142.0,146.0,2.74,2024,2,24290,177,77,4.0,4.0,4.0,4.0,0.0,0.0,206.0,4.000000000000008
2020-12-31,New York,NY,Passenger,1.0,0.0,1.0,57.0,58.0,1.72,2020,12,24252,178,5,1.0,1.0,1.0,1.0,0.0,0.0,6.0,0.9999999999999998
2021-01-31,New York,NY,Passenger,1.0,0.0,1.0,55.0,56.0,1.79,2021,1,24253,178,6,1.0,1.0,1.0,1.0,0.0,0.0,7.0,0.9999999999999998
2021-02-28,New York,NY,Passenger,1.0,0.0,1.0,54.0,55.0,1.82,2021,2,24254,178,7,1.0,1.0,1.0,1.0,0.0,0.0,8.0,0.9999999999999999
2021-03-31,New York,NY,Passenger,1.0,0.0,1.0,52.0,53.0,1.89,2021,3,24255,178,8,1.0,1.0,1.0,1.0,0.0,0.0,9.0,1.0000000000000002
2021-04-30,New York,NY,Passenger,1.0,0.0,1.0,51.0,52.0,1.92,2021,4,24256,178,9,1.0,1.0,1.0,1.0,0.0,0.0,10.0,1.0000000000000002
2021-05-31,New York,NY,Passenger,1.0,0.0,1.0,51.0,52.0,1.92,2021,5,24257,178,10,1.0,1.0,1.0,1.0,0.0,0.0,11.0,1.0
2021-06-30,New York,NY,Passenger,1.0,0.0,1.0,48.0,49.0,2.04,2021,6,24258,178,11,1.0,1.0,1.0,1.0,0.0,0.0,12.0,1.0000000000000002
2021-07-31,New York,NY,Passenger,1.0,0.0,1.0,46.0,47.0,2.13,2021,7,24259,178,12,1.0,1.0,1.0,1.0,0.0,0.0,13.0,1.0000000000000002
2021-08-31,New York,NY,Passenger,1.0,0.0,1.0,43.0,44.0,2.27,2021,8,24260,178,13,1.0,1.0,1.0,1.0,0.0,0.0,14.0,1.0000000000000009
2021-09-30,New York,NY,Passenger,1.0,0.0,1.0,43.0,44.0,2.27,2021,9,24261,178,14,1.0,1.0,1.0,1.0,0.0,0.0,15.0,1.0000000000000007
2021-10-31,New York,NY,Passenger,1.0,0.0,1.0,42.0,43.0,2.33,2021,10,24262,178,15,1.0,1.0,1.0,1.0,0.0,0.0,16.0,1.0000000000000009
2021-11-30,New York,NY,Passenger,1.0,0.0,1.0,42.0,43.0,2.33,2021,11,24263,178,16,1.0,1.0,1.0,1.0,0.0,0.0,17.0,1.0
2021-12-31,New York,NY,Passenger,1.0,0.0,1.0,41.0,42.0,2.38,2021,12,24264,178,17,1.0,1.0,1.0,1.0,0.0,0.0,18.0,1.0000000000000002
2022-01-31,New York,NY,Passenger,1.0,0.0,1.0,41.0,42.0,2.38,2022,1,24265,178,18,1.0,1.0,1.0,1.0,0.0,0.0,19.0,1.000000000000002
2022-02-28,New York,NY,Passenger,1.0,0.0,1.0,39.0,40.0,2.5,2022,2,24266,178,19,1.0,1.0,1.0,1.0,0.0,0.0,20.0,0.9999999999999998
2022-03-31,New York,NY,Passenger,1.0,0.0,1.0,41.0,42.0,2.38,2022,3,24267,178,20,1.0,1.0,1.0,1.0,0.0,0.0,21.0,1.000000000000001
2022-04-30,New York,NY,Passenger,1.0,0.0,1.0,42.0,43.0,2.33,2022,4,24268,178,21,1.0,1.0,1.0,1.0,0.0,0.0,22.0,1.0000000000000013
2022-05-31,New York,NY,Passenger,1.0,0.0,1.0,40.0,41.0,2.44,2022,5,24269,178,22,1.0,1.0,1.0,1.0,0.0,0.0,23.0,1.0000000000000013
2020-06-30,Newport,RI,Passenger,0.0,1.0,1.0,83.0,84.0,1.19,2020,6,24246,179,5,1.0,1.0,1.0,1.0,0.0,0.0,6.0,0.9999999999999998
2020-07-31,Newport,RI,Passenger,0.0,1.0,1.0,82.0,83.0,1.2,2020,7,24247,179,6,1.0,1.0,1.0,1.0,0.0,0.0,7.0,0.9999999999999998
2020-08-31,Newport,RI,Passenger,0.0,1.0,1.0,82.0,83.0,1.2,2020,8,24248,179,7,1.0,1.0,1.0,1.0,0.0,0.0,8.0,0.9999999999999999
2020-09-30,Newport,RI,Passenger,0.0,1.0,1.0,83.0,84.0,1.19,2020,9,24249,179,8,1.0,1.0,1.0,1.0,0.0,0.0,9.0,1.0000000000000002
2020-10-31,Newport,RI,Passenger,0.0,1.0,1.0,83.0,84.0,1.19,2020,10,24250,179,9,1.0,1.0,1.0,1.0,0.0,0.0,10.0,1.0000000000000002
2020-11-30,Newport,RI,Passenger,0.0,1.0,1.0,84.0,85.0,1.18,2020,11,24251,179,10,1.0,1.0,1.0,1.0,0.0,0.0,11.0,1.0
2020-12-31,Newport,RI,Passenger,0.0,1.0,1.0,83.0,84.0,1.19,2020,12,24252,179,11,1.0,1.0,1.0,1.0,0.0,0.0,12.0,1.0000000000000002
2021-01-31,Newport,RI,Passenger,0.0,1.0,1.0,82.0,83.0,1.2,2021,1,24253,179,12,1.0,1.0,1.0,1.0,0.0,0.0,13.0,1.0000000000000002
2021-02-28,Newport,RI,Passenger,0.0,1.0,1.0,80.0,81.0,1.23,2021,2,24254,179,13,1.0,1.0,1.0,1.0,0.0,0.0,14.0,1.0000000000000009
2021-03-31,Newport,RI,Passenger,0.0,1.0,1.0,78.0,79.0,1.27,2021,3,24255,179,14,1.0,1.0,1.0,1.0,0.0,0.0,15.0,1.0000000000000007
2021-04-30,Newport,RI,Passenger,0.0,1.0,1.0,78.0,79.0,1.27,2021,4,24256,179,15,1.0,1.0,1.0,1.0,0.0,0.0,16.0,1.0000000000000009
2021-05-31,Newport,RI,Passenger,0.0,1.0,1.0,77.0,78.0,1.28,2021,5,24257,179,16,1.0,1.0,1.0,1.0,0.0,0.0,17.0,1.0
2021-06-30,Newport,RI,Passenger,0.0,1.0,1.0,78.0,79.0,1.27,2021,6,24258,179,17,1.0,1.0,1.0,1.0,0.0,0.0,18.0,1.0000000000000002
2021-07-31,Newport,RI,Passenger,0.0,1.0,1.0,77.0,78.0,1.28,2021,7,24259,179,18,1.0,1.0,1.0,1.0,0.0,0.0,19.0,1.000000000000002
2021-08-31,Newport,RI,Passenger,0.0,1.0,1.0,75.0,76.0,1.32,2021,8,24260,179,19,1.0,1.0,1.0,1.0,0.0,0.0,20.0,0.9999999999999998
2021-09-30,Newport,RI,Passenger,0.0,1.0,1.0,74.0,75.0,1.33,2021,9,24261,179,20,1.0,1.0,1.0,1.0,0.0,0.0,21.0,1.000000000000001
2021-10-31,Newport,RI,Passenger,0.0,1.0,1.0,72.0,73.0,1.37,2021,10,24262,179,21,1.0,1.0,1.0,1.0,0.0,0.0,22.0,1.0000000000000013
2021-11-30,Newport,RI,Passenger,0.0,1.0,1.0,71.0,72.0,1.39,2021,11,24263,179,22,1.0,1.0,1.0,1.0,0.0,0.0,23.0,1.0000000000000013
2021-12-31,Newport,RI,Passenger,0.0,1.0,1.0,72.0,73.0,1.37,2021,12,24264,179,23,1.0,1.0,1.0,1.0,0.0,0.0,24.0,1.0000000000000004
2022-01-31,Newport,RI,Passenger,0.0,1.0,1.0,74.0,75.0,1.33,2022,1,24265,179,24,1.0,1.0,1.0,1.0,0.0,0.0,25.0,1.0000000000000013
2022-02-28,Newport,RI,Passenger,0.0,1.0,1.0,74.0,75.0,1.33,2022,2,24266,179,25,1.0,1.0,1.0,1.0,0.0,0.0,26.0,1.0000000000000013
2022-03-31,Newport,RI,Passenger,0.0,1.0,1.0,74.0,75.0,1.33,2022,3,24267,179,26,1.0,1.0,1.0,1.0,0.0,0.0,27.0,1.0000000000000013
2022-04-30,Newport,RI,Passenger,0.0,1.0,1.0,73.0,74.0,1.35,2022,4,24268,179,27,1.0,1.0,1.0,1.0,0.0,0.0,28.0,1.0000000000000013
2022-05-31,Newport,RI,Passenger,0.0,1.0,1.0,74.0,75.0,1.33,2022,5,24269,179,28,1.0,1.0,1.0,1.0,0.0,0.0,29.0,1.0000000000000024
2022-06-30,Newport,RI,Passenger,0.0,1.0,1.0,70.0,71.0,1.41,2022,6,24270,179,29,1.0,1.0,1.0,1.0,0.0,0.0,30.0,1.000000000000002
2022-07-31,Newport,RI,Passenger,0.0,1.0,1.0,66.0,67.0,1.49,2022,7,24271,179,30,1.0,1.0,1.0,1.0,0.0,0.0,31.0,1.0000000000000009
2022-08-31,Newport,RI,Passenger,0.0,1.0,1.0,65.0,66.0,1.52,2022,8,24272,179,31,1.0,1.0,1.0,1.0,0.0,0.0,32.0,1.000000000000002
2022-09-30,Newport,RI,Passenger,0.0,1.0,1.0,63.0,64.0,1.56,2022,9,24273,179,32,1.0,1.0,1.0,1.0,0.0,0.0,33.0,1.0000000000000038
2022-10-31,Newport,RI,Passenger,0.0,1.0,1.0,62.0,63.0,1.59,2022,10,24274,179,33,1.0,1.0,1.0,1.0,0.0,0.0,34.0,1.0000000000000004
2022-11-30,Newport,RI,Passenger,0.0,1.0,1.0,62.0,63.0,1.59,2022,11,24275,179,34,1.0,1.0,1.0,1.0,0.0,0.0,35.0,1.000000000000002
2022-12-31,Newport,RI,Passenger,0.0,1.0,1.0,60.0,61.0,1.64,2022,12,24276,179,35,1.0,1.0,1.0,1.0,0.0,0.0,36.0,1.0000000000000029
2023-01-31,Newport,RI,Passenger,0.0,1.0,1.0,60.0,61.0,1.64,2023,1,24277,179,36,1.0,1.0,1.0,1.0,0.0,0.0,37.0,1.0000000000000038
2023-02-28,Newport,RI,Passenger,0.0,1.0,1.0,59.0,60.0,1.67,2023,2,24278,179,37,1.0,1.0,1.0,1.0,0.0,0.0,38.0,1.0
2023-03-31,Newport,RI,Passenger,0.0,1.0,1.0,56.0,57.0,1.75,2023,3,24279,179,38,1.0,1.0,1.0,1.0,0.0,0.0,39.0,1.0000000000000009
2023-04-30,Newport,RI,Passenger,0.0,1.0,1.0,54.0,55.0,1.82,2023,4,24280,179,39,1.0,1.0,1.0,1.0,0.0,0.0,40.0,1.0000000000000009
2023-05-31,Newport,RI,Passenger,0.0,1.0,1.0,55.0,56.0,1.79,2023,5,24281,179,40,1.0,1.0,1.0,1.0,0.0,0.0,41.0,1.0000000000000038
2023-06-30,Newport,RI,Passenger,0.0,1.0,1.0,55.0,56.0,1.79,2023,6,24282,179,41,1.0,1.0,1.0,1.0,0.0,0.0,42.0,1.0000000000000009
2023-07-31,Newport,RI,Passenger,0.0,1.0,1.0,54.0,55.0,1.82,2023,7,24283,179,42,1.0,1.0,1.0,1.0,0.0,0.0,43.0,1.0000000000000029
2023-08-31,Newport,RI,Passenger,0.0,1.0,1.0,54.0,55.0,1.82,2023,8,24284,179,43,1.0,1.0,1.0,1.0,0.0,0.0,44.0,1.0000000000000029
2023-09-30,Newport,RI,Passenger,0.0,1.0,1.0,53.0,54.0,1.85,2023,9,24285,179,44,1.0,1.0,1.0,1.0,0.0,0.0,45.0,1.0000000000000009
2023-10-31,Newport,RI,Passenger,0.0,1.0,1.0,52.0,53.0,1.89,2023,10,24286,179,45,1.0,1.0,1.0,1.0,0.0,0.0,46.0,1.0000000000000009
2023-11-30,Newport,RI,Passenger,0.0,1.0,1.0,50.0,51.0,1.96,2023,11,24287,179,46,1.0,1.0,1.0,1.0,0.0,0.0,47.0,1.0000000000000029
2023-12-31,Newport,RI,Passenger,0.0,1.0,1.0,49.0,50.0,2.0,2023,12,24288,179,47,1.0,1.0,1.0,1.0,0.0,0.0,48.0,1.0000000000000009
2024-01-31,Newport,RI,Passenger,0.0,1.0,1.0,46.0,47.0,2.13,2024,1,24289,179,48,1.0,1.0,1.0,1.0,0.0,0.0,49.0,1.000000000000002
2024-02-29,Newport,RI,Passenger,0.0,1.0,1.0,43.0,44.0,2.27,2024,2,24290,179,49,1.0,1.0,1.0,1.0,0.0,0.0,50.0,1.000000000000002
2023-04-30,Newport News,VA,Passenger,1.0,0.0,1.0,107.0,108.0,0.93,2023,4,24280,180,5,1.0,1.0,1.0,1.0,0.0,0.0,6.0,0.9999999999999998
2023-05-31,Newport News,VA,Passenger,1.0,0.0,1.0,106.0,107.0,0.93,2023,5,24281,180,6,1.0,1.0,1.0,1.0,0.0,0.0,7.0,0.9999999999999998
2023-06-30,Newport News,VA,Passenger,1.0,0.0,1.0,104.0,105.0,0.95,2023,6,24282,180,7,1.0,1.0,1.0,1.0,0.0,0.0,8.0,0.9999999999999999
2023-07-31,Newport News,VA,Passenger,1.0,0.0,1.0,101.0,102.0,0.98,2023,7,24283,180,8,1.0,1.0,1.0,1.0,0.0,0.0,9.0,1.0000000000000002
2023-08-31,Newport News,VA,Passenger,1.0,0.0,1.0,99.0,100.0,1.0,2023,8,24284,180,9,1.0,1.0,1.0,1.0,0.0,0.0,10.0,1.0000000000000002
2023-09-30,Newport News,VA,Passenger,1.0,0.0,1.0,95.0,96.0,1.04,2023,9,24285,180,10,1.0,1.0,1.0,1.0,0.0,0.0,11.0,1.0
2023-10-31,Newport News,VA,Passenger,1.0,0.0,1.0,95.0,96.0,1.04,2023,10,24286,180,11,1.0,1.0,1.0,1.0,0.0,0.0,12.0,1.0000000000000002
2023-11-30,Newport News,VA,Passenger,1.0,0.0,1.0,95.0,96.0,1.04,2023,11,24287,180,12,1.0,1.0,1.0,1.0,0.0,0.0,13.0,1.0000000000000002
2023-12-31,Newport News,VA,Passenger,1.0,0.0,1.0,92.0,93.0,1.08,2023,12,24288,180,13,1.0,1.0,1.0,1.0,0.0,0.0,14.0,1.0000000000000009
2024-01-31,Newport News,VA,Passenger,1.0,0.0,1.0,88.0,89.0,1.12,2024,1,24289,180,14,1.0,1.0,1.0,1.0,0.0,0.0,15.0,1.0000000000000007
2024-02-29,Newport News,VA,Passenger,1.0,0.0,1.0,86.0,87.0,1.15,2024,2,24290,180,15,1.0,1.0,1.0,1.0,0.0,0.0,16.0,1.0000000000000009
2017-03-31,Norfolk,VA,Passenger,1.0,1.0,2.0,305.0,307.0,0.65,2017,3,24207,181,5,1.0,1.0,2.0,1.3333333333333333,1.0,0.0,9.0,1.371428571428571
2017-04-30,Norfolk,MA,Passenger,1.0,0.0,1.0,39.0,40.0,2.5,2017,4,24208,181,6,2.0,1.0,1.0,1.3333333333333333,-0.5,0.0,10.0,1.3714285714285712
2017-04-30,Norfolk,VA,Passenger,1.0,1.0,2.0,302.0,304.0,0.66,2017,4,24208,181,7,1.0,2.0,1.0,1.3333333333333333,1.0,1.0,12.0,1.4
2017-05-31,Norfolk,VA,Passenger,1.0,1.0,2.0,309.0,311.0,0.64,2017,5,24209,181,8,2.0,1.0,2.0,1.6666666666666667,0.0,0.0,14.0,1.5999999999999999
2017-05-31,Norfolk,MA,Passenger,1.0,0.0,1.0,40.0,41.0,2.44,2017,5,24209,181,9,2.0,2.0,1.0,1.6666666666666667,-0.5,0.0,15.0,1.6285714285714286
2017-06-30,Norfolk,MA,Passenger,1.0,0.0,1.0,40.0,41.0,2.44,2017,6,24210,181,10,1.0,2.0,2.0,1.6666666666666667,0.0,-0.5,16.0,1.4857142857142855
2017-06-30,Norfolk,VA,Passenger,1.0,1.0,2.0,317.0,319.0,0.63,2017,6,24210,181,11,1.0,1.0,2.0,1.3333333333333333,1.0,0.0,18.0,1.5142857142857151
2017-07-31,Norfolk,VA,Passenger,1.0,1.0,2.0,314.0,316.0,0.63,2017,7,24211,181,12,2.0,1.0,1.0,1.3333333333333333,0.0,1.0,20.0,1.5142857142857147
2017-07-31,Norfolk,MA,Passenger,1.0,0.0,1.0,38.0,39.0,2.56,2017,7,24211,181,13,2.0,2.0,1.0,1.6666666666666667,-0.5,0.0,21.0,1.4857142857142853
2017-08-31,Norfolk,VA,Passenger,1.0,1.0,2.0,314.0,316.0,0.63,2017,8,24212,181,14,1.0,2.0,2.0,1.6666666666666667,1.0,0.0,23.0,1.6285714285714301
2017-08-31,Norfolk,MA,Passenger,1.0,0.0,1.0,39.0,40.0,2.5,2017,8,24212,181,15,2.0,1.0,2.0,1.6666666666666667,-0.5,-0.5,24.0,1.6000000000000005
2017-09-30,Norfolk,VA,Passenger,1.0,1.0,2.0,316.0,318.0,0.63,2017,9,24213,181,16,1.0,2.0,1.0,1.3333333333333333,1.0,1.0,26.0,1.542857142857143
2017-09-30,Norfolk,MA,Passenger,1.0,0.0,1.0,39.0,40.0,2.5,2017,9,24213,181,17,2.0,1.0,2.0,1.6666666666666667,-0.5,-0.5,27.0,1.4571428571428586
2017-10-31,Norfolk,VA,Passenger,1.0,1.0,2.0,311.0,313.0,0.64,2017,10,24214,181,18,1.0,2.0,1.0,1.3333333333333333,1.0,1.0,29.0,1.5428571428571434
2017-10-31,Norfolk,MA,Passenger,1.0,0.0,1.0,38.0,39.0,2.56,2017,10,24214,181,19,2.0,1.0,2.0,1.6666666666666667,-0.5,-0.5,30.0,1.457142857142857
2017-11-30,Norfolk,VA,Passenger,1.0,1.0,2.0,311.0,313.0,0.64,2017,11,24215,181,20,1.0,2.0,1.0,1.3333333333333333,1.0,1.0,32.0,1.5428571428571438
2017-11-30,Norfolk,MA,Passenger,1.0,0.0,1.0,39.0,40.0,2.5,2017,11,24215,181,21,2.0,1.0,2.0,1.6666666666666667,-0.5,-0.5,33.0,1.4571428571428586
2017-12-31,Norfolk,MA,Passenger,1.0,0.0,1.0,39.0,40.0,2.5,2017,12,24216,181,22,1.0,2.0,1.0,1.3333333333333333,0.0,0.0,34.0,1.4000000000000021
2017-12-31,Norfolk,VA,Passenger,1.0,1.0,2.0,315.0,317.0,0.63,2017,12,24216,181,23,1.0,1.0,2.0,1.3333333333333333,1.0,0.0,36.0,1.3714285714285723
2018-01-31,Norfolk,VA,Passenger,1.0,1.0,2.0,323.0,325.0,0.62,2018,1,24217,181,24,2.0,1.0,1.0,1.3333333333333333,0.0,1.0,38.0,1.5142857142857147
2018-01-31,Norfolk,MA,Passenger,1.0,0.0,1.0,37.0,38.0,2.63,2018,1,24217,181,25,2.0,2.0,1.0,1.6666666666666667,-0.5,0.0,39.0,1.4857142857142898
2018-02-28,Norfolk,MA,Passenger,1.0,0.0,1.0,40.0,41.0,2.44,2018,2,24218,181,26,1.0,2.0,2.0,1.6666666666666667,0.0,-0.5,40.0,1.485714285714286
2018-02-28,Norfolk,VA,Passenger,1.0,1.0,2.0,326.0,328.0,0.61,2018,2,24218,181,27,1.0,1.0,2.0,1.3333333333333333,1.0,0.0,42.0,1.514285714285716
2018-03-31,Norfolk,MA,Passenger,1.0,0.0,1.0,38.0,39.0,2.56,2018,3,24219,181,28,2.0,1.0,1.0,1.3333333333333333,-0.5,0.0,43.0,1.3714285714285759
2018-03-31,Norfolk,VA,Passenger,1.0,2.0,3.0,331.0,334.0,0.9,2018,3,24219,181,29,1.0,2.0,1.0,1.3333333333333333,2.0,2.0,46.0,1.5428571428571463
2018-04-30,Norfolk,MA,Passenger,1.0,0.0,1.0,37.0,38.0,2.63,2018,4,24220,181,30,3.0,1.0,2.0,2.0,-0.6666666666666667,-0.5,47.0,1.6857142857142884
2018-04-30,Norfolk,VA,Passenger,1.0,2.0,3.0,331.0,334.0,0.9,2018,4,24220,181,31,1.0,3.0,1.0,1.6666666666666667,2.0,2.0,50.0,1.9428571428571444
2018-05-31,Norfolk,MA,Passenger,1.0,0.0,1.0,38.0,39.0,2.56,2018,5,24221,181,32,3.0,1.0,3.0,2.3333333333333335,-0.6666666666666667,-0.6666666666666667,51.0,1.9142857142857173
2018-05-31,Norfolk,VA,Passenger,1.0,2.0,3.0,333.0,336.0,0.89,2018,5,24221,181,33,1.0,3.0,1.0,1.6666666666666667,2.0,2.0,54.0,2.0857142857142894
2018-06-30,Norfolk,VA,Passenger,2.0,2.0,4.0,335.0,339.0,1.18,2018,6,24222,181,34,3.0,1.0,3.0,2.3333333333333335,0.33333333333333326,0.33333333333333326,58.0,2.3428571428571465
2018-06-30,Norfolk,MA,Passenger,1.0,0.0,1.0,39.0,40.0,2.5,2018,6,24222,181,35,4.0,3.0,1.0,2.6666666666666665,-0.75,0.0,59.0,2.485714285714289
2018-07-31,Norfolk,MA,Passenger,1.0,0.0,1.0,38.0,39.0,2.56,2018,7,24223,181,36,1.0,4.0,3.0,2.6666666666666665,0.0,-0.6666666666666667,60.0,2.228571428571431
2018-07-31,Norfolk,VA,Passenger,2.0,2.0,4.0,334.0,338.0,1.18,2018,7,24223,181,37,1.0,1.0,4.0,2.0,3.0,0.0,64.0,2.400000000000004
2018-08-31,Norfolk,MA,Passenger,1.0,0.0,1.0,36.0,37.0,2.7,2018,8,24224,181,38,4.0,1.0,1.0,2.0,-0.75,0.0,65.0,2.1142857142857205
2018-08-31,Norfolk,VA,Passenger,2.0,2.0,4.0,340.0,344.0,1.16,2018,8,24224,181,39,1.0,4.0,1.0,2.0,3.0,3.0,69.0,2.2000000000000046
2018-09-30,Norfolk,VA,Passenger,2.0,2.0,4.0,337.0,341.0,1.17,2018,9,24225,181,40,4.0,1.0,4.0,3.0,0.0,0.0,73.0,2.800000000000007
2018-09-30,Norfolk,MA,Passenger,1.0,0.0,1.0,37.0,38.0,2.63,2018,9,24225,181,41,4.0,4.0,1.0,3.0,-0.75,0.0,74.0,2.88571428571429
2018-10-31,Norfolk,MA,Passenger,1.0,0.0,1.0,37.0,38.0,2.63,2018,10,24226,181,42,1.0,4.0,4.0,3.0,0.0,-0.75,75.0,2.4571428571428613
2018-10-31,Norfolk,VA,Passenger,2.0,2.0,4.0,339.0,343.0,1.17,2018,10,24226,181,43,1.0,1.0,4.0,2.0,3.0,0.0,79.0,2.542857142857151
2018-11-30,Norfolk,MA,Passenger,1.0,0.0,1.0,36.0,37.0,2.7,2018,11,24227,181,44,4.0,1.0,1.0,2.0,-0.75,0.0,80.0,2.1142857142857188
2018-11-30,Norfolk,VA,Passenger,2.0,2.0,4.0,346.0,350.0,1.14,2018,11,24227,181,45,1.0,4.0,1.0,2.0,3.0,3.0,84.0,2.200000000000008
2018-12-31,Norfolk,MA,Passenger,1.0,0.0,1.0,36.0,37.0,2.7,2018,12,24228,181,46,4.0,1.0,4.0,3.0,-0.75,-0.75,85.0,2.371428571428576
2018-12-31,Norfolk,VA,Passenger,2.0,2.0,4.0,345.0,349.0,1.15,2018,12,24228,181,47,1.0,4.0,1.0,2.0,3.0,3.0,89.0,2.6285714285714348
2019-01-31,Norfolk,MA,Passenger,1.0,0.0,1.0,36.0,37.0,2.7,2019,1,24229,181,48,4.0,1.0,4.0,3.0,-0.75,-0.75,90.0,2.3714285714285777
2019-01-31,Norfolk,VA,Passenger,2.0,2.0,4.0,344.0,348.0,1.15,2019,1,24229,181,49,1.0,4.0,1.0,2.0,3.0,3.0,94.0,2.6285714285714272
2019-02-28,Norfolk,VA,Passenger,2.0,2.0,4.0,349.0,353.0,1.13,2019,2,24230,181,50,4.0,1.0,4.0,3.0,0.0,0.0,98.0,2.80000000000001
2019-02-28,Norfolk,MA,Passenger,1.0,0.0,1.0,36.0,37.0,2.7,2019,2,24230,181,51,4.0,4.0,1.0,3.0,-0.75,0.0,99.0,2.88571428571429
2019-03-31,Norfolk,VA,Passenger,2.0,2.0,4.0,353.0,357.0,1.12,2019,3,24231,181,52,1.0,4.0,4.0,3.0,3.0,0.0,103.0,2.88571428571429
2019-03-31,Norfolk,MA,Passenger,1.0,0.0,1.0,37.0,38.0,2.63,2019,3,24231,181,53,4.0,1.0,4.0,3.0,-0.75,-0.75,104.0,2.8000000000000083
2019-04-30,Norfolk,MA,Passenger,1.0,0.0,1.0,38.0,39.0,2.56,2019,4,24232,181,54,1.0,4.0,1.0,2.0,0.0,0.0,105.0,2.2000000000000046
2019-04-30,Norfolk,VA,Passenger,2.0,2.0,4.0,355.0,359.0,1.11,2019,4,24232,181,55,1.0,1.0,4.0,2.0,3.0,0.0,109.0,2.1142857142857263
2019-05-31,Norfolk,MA,Passenger,1.0,0.0,1.0,36.0,37.0,2.7,2019,5,24233,181,56,4.0,1.0,1.0,2.0,-0.75,0.0,110.0,2.1142857142857245
2019-05-31,Norfolk,VA,Passenger,2.0,2.0,4.0,349.0,353.0,1.13,2019,5,24233,181,57,1.0,4.0,1.0,2.0,3.0,3.0,114.0,2.200000000000008
2019-06-30,Norfolk,MA,Passenger,1.0,0.0,1.0,38.0,39.0,2.56,2019,6,24234,181,58,4.0,1.0,4.0,3.0,-0.75,-0.75,115.0,2.371428571428572
2019-06-30,Norfolk,VA,Passenger,2.0,1.0,3.0,351.0,354.0,0.85,2019,6,24234,181,59,1.0,4.0,1.0,2.0,2.0,2.0,118.0,2.4857142857142907
2019-07-31,Norfolk,VA,Passenger,2.0,2.0,4.0,353.0,357.0,1.12,2019,7,24235,181,60,3.0,1.0,4.0,2.6666666666666665,0.33333333333333326,0.0,122.0,2.5714285714285783
2019-07-31,Norfolk,MA,Passenger,1.0,0.0,1.0,39.0,40.0,2.5,2019,7,24235,181,61,4.0,3.0,1.0,2.6666666666666665,-0.75,0.0,123.0,2.6285714285714348
2019-08-31,Norfolk,VA,Passenger,2.0,2.0,4.0,348.0,352.0,1.14,2019,8,24236,181,62,1.0,4.0,3.0,2.6666666666666665,3.0,0.33333333333333326,127.0,2.657142857142864
2019-08-31,Norfolk,MA,Passenger,1.0,0.0,1.0,39.0,40.0,2.5,2019,8,24236,181,63,4.0,1.0,4.0,3.0,-0.75,-0.75,128.0,2.6571428571428717
2019-09-30,Norfolk,VA,Passenger,2.0,2.0,4.0,345.0,349.0,1.15,2019,9,24237,181,64,1.0,4.0,1.0,2.0,3.0,3.0,132.0,2.628571428571429
2019-09-30,Norfolk,MA,Passenger,1.0,0.0,1.0,37.0,38.0,2.63,2019,9,24237,181,65,4.0,1.0,4.0,3.0,-0.75,-0.75,133.0,2.371428571428572
2019-10-31,Norfolk,MA,Passenger,1.0,0.0,1.0,37.0,38.0,2.63,2019,10,24238,181,66,1.0,4.0,1.0,2.0,0.0,0.0,134.0,2.2000000000000046
2019-10-31,Norfolk,VA,Passenger,2.0,2.0,4.0,346.0,350.0,1.14,2019,10,24238,181,67,1.0,1.0,4.0,2.0,3.0,0.0,138.0,2.1142857142857303
2019-11-30,Norfolk,MA,Passenger,1.0,0.0,1.0,37.0,38.0,2.63,2019,11,24239,181,68,4.0,1.0,1.0,2.0,-0.75,0.0,139.0,2.1142857142857263
2019-11-30,Norfolk,VA,Passenger,1.0,2.0,3.0,347.0,350.0,0.86,2019,11,24239,181,69,1.0,4.0,1.0,2.0,2.0,2.0,142.0,2.057142857142868
2019-12-31,Norfolk,MA,Passenger,1.0,0.0,1.0,37.0,38.0,2.63,2019,12,24240,181,70,3.0,1.0,4.0,2.6666666666666665,-0.6666666666666667,-0.75,143.0,2.14285714285715
2019-12-31,Norfolk,VA,Passenger,1.0,2.0,3.0,349.0,352.0,0.85,2019,12,24240,181,71,1.0,3.0,1.0,1.6666666666666667,2.0,2.0,146.0,2.2285714285714318
2020-01-31,Norfolk,VA,Passenger,2.0,2.0,4.0,352.0,356.0,1.12,2020,1,24241,181,72,3.0,1.0,3.0,2.3333333333333335,0.33333333333333326,0.33333333333333326,150.0,2.3428571428571447
2020-02-29,Norfolk,VA,Passenger,2.0,2.0,4.0,350.0,354.0,1.13,2020,2,24242,181,73,4.0,3.0,1.0,2.6666666666666665,0.0,3.0,154.0,2.914285714285725
2020-03-31,Norfolk,VA,Passenger,2.0,2.0,4.0,348.0,352.0,1.14,2020,3,24243,181,74,4.0,4.0,3.0,3.6666666666666665,0.0,0.33333333333333326,158.0,3.3428571428571607
2020-04-30,Norfolk,VA,Passenger,2.0,2.0,4.0,345.0,349.0,1.15,2020,4,24244,181,75,4.0,4.0,4.0,4.0,0.0,0.0,162.0,3.857142857142875
2020-05-31,Norfolk,VA,Passenger,2.0,2.0,4.0,343.0,347.0,1.15,2020,5,24245,181,76,4.0,4.0,4.0,4.0,0.0,0.0,166.0,4.000000000000015
2020-06-30,Norfolk,VA,Passenger,2.0,2.0,4.0,343.0,347.0,1.15,2020,6,24246,181,77,4.0,4.0,4.0,4.0,0.0,0.0,170.0,4.0000000000000195
2020-07-31,Norfolk,VA,Passenger,2.0,2.0,4.0,344.0,348.0,1.15,2020,7,24247,181,78,4.0,4.0,4.0,4.0,0.0,0.0,174.0,4.000000000000015
2020-08-31,Norfolk,VA,Passenger,2.0,2.0,4.0,341.0,345.0,1.16,2020,8,24248,181,79,4.0,4.0,4.0,4.0,0.0,0.0,178.0,4.0000000000000115
2020-09-30,Norfolk,VA,Passenger,2.0,2.0,4.0,345.0,349.0,1.15,2020,9,24249,181,80,4.0,4.0,4.0,4.0,0.0,0.0,182.0,4.0000000000000195
2020-10-31,Norfolk,VA,Passenger,2.0,3.0,5.0,344.0,349.0,1.43,2020,10,24250,181,81,4.0,4.0,4.0,4.0,0.25,0.25,187.0,4.142857142857159
2020-11-30,Norfolk,VA,Passenger,2.0,3.0,5.0,340.0,345.0,1.45,2020,11,24251,181,82,5.0,4.0,4.0,4.333333333333333,0.0,0.25,192.0,4.371428571428578
2020-12-31,Norfolk,VA,Passenger,2.0,3.0,5.0,337.0,342.0,1.46,2020,12,24252,181,83,5.0,5.0,4.0,4.666666666666667,0.0,0.25,197.0,4.628571428571427
2021-01-31,Norfolk,VA,Passenger,2.0,3.0,5.0,334.0,339.0,1.47,2021,1,24253,181,84,5.0,5.0,5.0,5.0,0.0,0.0,202.0,4.85714285714286
2021-02-28,Norfolk,VA,Passenger,2.0,3.0,5.0,329.0,334.0,1.5,2021,2,24254,181,85,5.0,5.0,5.0,5.0,0.0,0.0,207.0,5.000000000000001
2021-03-31,Norfolk,VA,Passenger,2.0,3.0,5.0,327.0,332.0,1.51,2021,3,24255,181,86,5.0,5.0,5.0,5.0,0.0,0.0,212.0,5.00000000000002
2021-04-30,Norfolk,VA,Passenger,2.0,3.0,5.0,325.0,330.0,1.52,2021,4,24256,181,87,5.0,5.0,5.0,5.0,0.0,0.0,217.0,5.000000000000024
2021-05-31,Norfolk,VA,Passenger,2.0,3.0,5.0,326.0,331.0,1.51,2021,5,24257,181,88,5.0,5.0,5.0,5.0,0.0,0.0,222.0,5.000000000000012
2021-06-30,Norfolk,VA,Passenger,2.0,3.0,5.0,319.0,324.0,1.54,2021,6,24258,181,89,5.0,5.0,5.0,5.0,0.0,0.0,227.0,5.000000000000012
2021-07-31,Norfolk,VA,Passenger,3.0,3.0,6.0,316.0,322.0,1.86,2021,7,24259,181,90,5.0,5.0,5.0,5.0,0.19999999999999996,0.19999999999999996,233.0,5.142857142857157
2021-08-31,Norfolk,VA,Passenger,3.0,3.0,6.0,313.0,319.0,1.88,2021,8,24260,181,91,6.0,5.0,5.0,5.333333333333333,0.0,0.19999999999999996,239.0,5.371428571428586
2021-09-30,Norfolk,VA,Passenger,3.0,3.0,6.0,312.0,318.0,1.89,2021,9,24261,181,92,6.0,6.0,5.0,5.666666666666667,0.0,0.19999999999999996,245.0,5.62857142857142
2021-10-31,Norfolk,VA,Passenger,3.0,3.0,6.0,317.0,323.0,1.86,2021,10,24262,181,93,6.0,6.0,6.0,6.0,0.0,0.0,251.0,5.857142857142873
2021-11-30,Norfolk,VA,Passenger,3.0,3.0,6.0,313.0,319.0,1.88,2021,11,24263,181,94,6.0,6.0,6.0,6.0,0.0,0.0,257.0,6.00000000000001
2021-12-31,Norfolk,VA,Passenger,3.0,3.0,6.0,312.0,318.0,1.89,2021,12,24264,181,95,6.0,6.0,6.0,6.0,0.0,0.0,263.0,6.000000000000021
2022-01-31,Norfolk,VA,Passenger,3.0,3.0,6.0,309.0,315.0,1.9,2022,1,24265,181,96,6.0,6.0,6.0,6.0,0.0,0.0,269.0,6.000000000000005
2022-02-28,Norfolk,VA,Passenger,3.0,3.0,6.0,307.0,313.0,1.92,2022,2,24266,181,97,6.0,6.0,6.0,6.0,0.0,0.0,275.0,5.999999999999998
2022-03-31,Norfolk,VA,Passenger,3.0,3.0,6.0,305.0,311.0,1.93,2022,3,24267,181,98,6.0,6.0,6.0,6.0,0.0,0.0,281.0,6.000000000000005
2022-04-30,Norfolk,VA,Passenger,3.0,3.0,6.0,301.0,307.0,1.95,2022,4,24268,181,99,6.0,6.0,6.0,6.0,0.0,0.0,287.0,6.000000000000028
2022-05-31,Norfolk,VA,Passenger,3.0,3.0,6.0,295.0,301.0,1.99,2022,5,24269,181,100,6.0,6.0,6.0,6.0,0.0,0.0,293.0,6.000000000000013
2022-06-30,Norfolk,VA,Passenger,2.0,3.0,5.0,292.0,297.0,1.68,2022,6,24270,181,101,6.0,6.0,6.0,6.0,-0.16666666666666663,-0.16666666666666663,298.0,5.857142857142889
2022-07-31,Norfolk,VA,Passenger,2.0,3.0,5.0,286.0,291.0,1.72,2022,7,24271,181,102,5.0,6.0,6.0,5.666666666666667,0.0,-0.16666666666666663,303.0,5.62857142857144
2022-08-31,Norfolk,VA,Passenger,2.0,3.0,5.0,283.0,288.0,1.74,2022,8,24272,181,103,5.0,5.0,6.0,5.333333333333333,0.0,-0.16666666666666663,308.0,5.3714285714285745
2022-09-30,Norfolk,VA,Passenger,3.0,3.0,6.0,285.0,291.0,2.06,2022,9,24273,181,104,5.0,5.0,5.0,5.0,0.19999999999999996,0.19999999999999996,314.0,5.285714285714304
2022-10-31,Norfolk,VA,Passenger,3.0,3.0,6.0,285.0,291.0,2.06,2022,10,24274,181,105,6.0,5.0,5.0,5.333333333333333,0.0,0.19999999999999996,320.0,5.371428571428606
2022-11-30,Norfolk,VA,Passenger,3.0,3.0,6.0,287.0,293.0,2.05,2022,11,24275,181,106,6.0,6.0,5.0,5.666666666666667,0.0,0.19999999999999996,326.0,5.62857142857144
2022-12-31,Norfolk,VA,Passenger,3.0,3.0,6.0,288.0,294.0,2.04,2022,12,24276,181,107,6.0,6.0,6.0,6.0,0.0,0.0,332.0,5.857142857142889
2023-01-31,Norfolk,VA,Passenger,3.0,3.0,6.0,285.0,291.0,2.06,2023,1,24277,181,108,6.0,6.0,6.0,6.0,0.0,0.0,338.0,6.000000000000005
2023-02-28,Norfolk,VA,Passenger,3.0,3.0,6.0,285.0,291.0,2.06,2023,2,24278,181,109,6.0,6.0,6.0,6.0,0.0,0.0,344.0,6.000000000000005
2023-03-31,Norfolk,VA,Passenger,3.0,2.0,5.0,280.0,285.0,1.75,2023,3,24279,181,110,6.0,6.0,6.0,6.0,-0.16666666666666663,-0.16666666666666663,349.0,5.857142857142866
2023-04-30,Norfolk,VA,Passenger,3.0,2.0,5.0,277.0,282.0,1.77,2023,4,24280,181,111,5.0,6.0,6.0,5.666666666666667,0.0,-0.16666666666666663,354.0,5.628571428571455
2023-05-31,Norfolk,VA,Passenger,3.0,2.0,5.0,275.0,280.0,1.79,2023,5,24281,181,112,5.0,5.0,6.0,5.333333333333333,0.0,-0.16666666666666663,359.0,5.3714285714285825
2023-06-30,Norfolk,VA,Passenger,2.0,2.0,4.0,271.0,275.0,1.45,2023,6,24282,181,113,5.0,5.0,5.0,5.0,-0.19999999999999996,-0.19999999999999996,363.0,5.000000000000016
2023-07-31,Norfolk,VA,Passenger,2.0,2.0,4.0,270.0,274.0,1.46,2023,7,24283,181,114,4.0,5.0,5.0,4.666666666666667,0.0,-0.19999999999999996,367.0,4.628571428571434
2023-08-31,Norfolk,VA,Passenger,1.0,2.0,3.0,264.0,267.0,1.12,2023,8,24284,181,115,4.0,4.0,5.0,4.333333333333333,-0.25,-0.4,370.0,4.228571428571453
2023-09-30,Norfolk,VA,Passenger,1.0,2.0,3.0,257.0,260.0,1.15,2023,9,24285,181,116,3.0,4.0,4.0,3.6666666666666665,0.0,-0.25,373.0,3.771428571428578
2023-10-31,Norfolk,VA,Passenger,1.0,1.0,2.0,249.0,251.0,0.8,2023,10,24286,181,117,3.0,3.0,4.0,3.3333333333333335,-0.33333333333333337,-0.5,375.0,3.228571428571448
2023-11-30,Norfolk,VA,Passenger,1.0,1.0,2.0,243.0,245.0,0.82,2023,11,24287,181,118,2.0,3.0,3.0,2.6666666666666665,0.0,-0.33333333333333337,377.0,2.7714285714286038
2023-12-31,Norfolk,VA,Passenger,0.0,1.0,1.0,239.0,240.0,0.42,2023,12,24288,181,119,2.0,2.0,3.0,2.3333333333333335,-0.5,-0.6666666666666667,378.0,2.2285714285714664
2024-01-31,Norfolk,VA,Passenger,0.0,1.0,1.0,231.0,232.0,0.43,2024,1,24289,181,120,1.0,2.0,2.0,1.6666666666666667,0.0,-0.5,379.0,1.7714285714285682
2024-02-29,Norfolk,VA,Passenger,0.0,1.0,1.0,224.0,225.0,0.44,2024,2,24290,181,121,1.0,1.0,2.0,1.3333333333333333,0.0,-0.5,380.0,1.3714285714285785
2017-06-30,Northampton,PA,Passenger,1.0,0.0,1.0,147.0,148.0,0.68,2017,6,24210,182,5,1.0,2.0,2.0,1.6666666666666667,0.0,-0.5,10.0,1.6285714285714283
2017-08-31,Northampton,PA,Passenger,0.0,1.0,1.0,97.0,98.0,1.02,2017,8,24212,182,6,1.0,1.0,2.0,1.3333333333333333,0.0,-0.5,11.0,1.3714285714285712
2017-09-30,Northampton,PA,Passenger,0.0,1.0,1.0,83.0,84.0,1.19,2017,9,24213,182,7,1.0,1.0,1.0,1.0,0.0,0.0,12.0,1.1428571428571421
2017-10-31,Northampton,PA,Passenger,0.0,1.0,1.0,69.0,70.0,1.43,2017,10,24214,182,8,1.0,1.0,1.0,1.0,0.0,0.0,13.0,1.0000000000000002
2017-11-30,Northampton,PA,Passenger,0.0,1.0,1.0,66.0,67.0,1.49,2017,11,24215,182,9,1.0,1.0,1.0,1.0,0.0,0.0,14.0,1.0000000000000009
2017-12-31,Northampton,PA,Passenger,0.0,1.0,1.0,67.0,68.0,1.47,2017,12,24216,182,10,1.0,1.0,1.0,1.0,0.0,0.0,15.0,1.0000000000000007
2018-01-31,Northampton,PA,Passenger,0.0,1.0,1.0,65.0,66.0,1.52,2018,1,24217,182,11,1.0,1.0,1.0,1.0,0.0,0.0,16.0,1.0000000000000009
2018-02-28,Northampton,PA,Passenger,0.0,1.0,1.0,61.0,62.0,1.61,2018,2,24218,182,12,1.0,1.0,1.0,1.0,0.0,0.0,17.0,1.0
2018-03-31,Northampton,PA,Passenger,0.0,1.0,1.0,63.0,64.0,1.56,2018,3,24219,182,13,1.0,1.0,1.0,1.0,0.0,0.0,18.0,1.0000000000000002
2018-04-30,Northampton,PA,Passenger,0.0,1.0,1.0,64.0,65.0,1.54,2018,4,24220,182,14,1.0,1.0,1.0,1.0,0.0,0.0,19.0,1.000000000000002
2018-05-31,Northampton,PA,Passenger,0.0,1.0,1.0,64.0,65.0,1.54,2018,5,24221,182,15,1.0,1.0,1.0,1.0,0.0,0.0,20.0,0.9999999999999998
2018-06-30,Northampton,PA,Passenger,0.0,1.0,1.0,66.0,67.0,1.49,2018,6,24222,182,16,1.0,1.0,1.0,1.0,0.0,0.0,21.0,1.000000000000001
2017-07-31,Nueces,TX,Passenger,0.0,1.0,1.0,96.0,97.0,1.03,2017,7,24211,183,5,1.0,1.0,1.0,1.0,0.0,0.0,6.0,0.9999999999999998
2017-08-31,Nueces,TX,Passenger,0.0,1.0,1.0,94.0,95.0,1.05,2017,8,24212,183,6,1.0,1.0,1.0,1.0,0.0,0.0,7.0,0.9999999999999998
2017-09-30,Nueces,TX,Passenger,0.0,1.0,1.0,93.0,94.0,1.06,2017,9,24213,183,7,1.0,1.0,1.0,1.0,0.0,0.0,8.0,0.9999999999999999
2017-10-31,Nueces,TX,Passenger,0.0,1.0,1.0,93.0,94.0,1.06,2017,10,24214,183,8,1.0,1.0,1.0,1.0,0.0,0.0,9.0,1.0000000000000002
2017-11-30,Nueces,TX,Passenger,1.0,1.0,2.0,92.0,94.0,2.13,2017,11,24215,183,9,1.0,1.0,1.0,1.0,1.0,1.0,11.0,1.1428571428571432
2017-12-31,Nueces,TX,Passenger,1.0,1.0,2.0,92.0,94.0,2.13,2017,12,24216,183,10,2.0,1.0,1.0,1.3333333333333333,0.0,1.0,13.0,1.3714285714285714
2018-01-31,Nueces,TX,Passenger,1.0,1.0,2.0,94.0,96.0,2.08,2018,1,24217,183,11,2.0,2.0,1.0,1.6666666666666667,0.0,1.0,15.0,1.6285714285714286
2018-02-28,Nueces,TX,Passenger,1.0,1.0,2.0,95.0,97.0,2.06,2018,2,24218,183,12,2.0,2.0,2.0,2.0,0.0,0.0,17.0,1.8571428571428565
2018-03-31,Nueces,TX,Passenger,1.0,1.0,2.0,93.0,95.0,2.11,2018,3,24219,183,13,2.0,2.0,2.0,2.0,0.0,0.0,19.0,2.0000000000000004
2018-04-30,Nueces,TX,Passenger,1.0,1.0,2.0,95.0,97.0,2.06,2018,4,24220,183,14,2.0,2.0,2.0,2.0,0.0,0.0,21.0,2.0000000000000004
2018-05-31,Nueces,TX,Passenger,1.0,1.0,2.0,91.0,93.0,2.15,2018,5,24221,183,15,2.0,2.0,2.0,2.0,0.0,0.0,23.0,1.9999999999999998
2018-06-30,Nueces,TX,Passenger,1.0,1.0,2.0,88.0,90.0,2.22,2018,6,24222,183,16,2.0,2.0,2.0,2.0,0.0,0.0,25.0,1.9999999999999996
2018-07-31,Nueces,TX,Passenger,1.0,1.0,2.0,88.0,90.0,2.22,2018,7,24223,183,17,2.0,2.0,2.0,2.0,0.0,0.0,27.0,2.000000000000001
2018-08-31,Nueces,TX,Passenger,1.0,1.0,2.0,87.0,89.0,2.25,2018,8,24224,183,18,2.0,2.0,2.0,2.0,0.0,0.0,29.0,2.000000000000001
2018-09-30,Nueces,TX,Passenger,1.0,1.0,2.0,87.0,89.0,2.25,2018,9,24225,183,19,2.0,2.0,2.0,2.0,0.0,0.0,31.0,2.0000000000000004
2018-10-31,Nueces,TX,Passenger,1.0,1.0,2.0,90.0,92.0,2.17,2018,10,24226,183,20,2.0,2.0,2.0,2.0,0.0,0.0,33.0,2.0000000000000013
2018-11-30,Nueces,TX,Passenger,1.0,1.0,2.0,93.0,95.0,2.11,2018,11,24227,183,21,2.0,2.0,2.0,2.0,0.0,0.0,35.0,2.000000000000001
2018-12-31,Nueces,TX,Passenger,1.0,1.0,2.0,93.0,95.0,2.11,2018,12,24228,183,22,2.0,2.0,2.0,2.0,0.0,0.0,37.0,2.0000000000000004
2019-01-31,Nueces,TX,Passenger,1.0,1.0,2.0,90.0,92.0,2.17,2019,1,24229,183,23,2.0,2.0,2.0,2.0,0.0,0.0,39.0,1.9999999999999991
2019-02-28,Nueces,TX,Passenger,1.0,1.0,2.0,90.0,92.0,2.17,2019,2,24230,183,24,2.0,2.0,2.0,2.0,0.0,0.0,41.0,2.0000000000000027
2019-03-31,Nueces,TX,Passenger,1.0,1.0,2.0,92.0,94.0,2.13,2019,3,24231,183,25,2.0,2.0,2.0,2.0,0.0,0.0,43.0,2.0000000000000027
2019-04-30,Nueces,TX,Passenger,1.0,1.0,2.0,94.0,96.0,2.08,2019,4,24232,183,26,2.0,2.0,2.0,2.0,0.0,0.0,45.0,2.000000000000001
2019-05-31,Nueces,TX,Passenger,1.0,1.0,2.0,95.0,97.0,2.06,2019,5,24233,183,27,2.0,2.0,2.0,2.0,0.0,0.0,47.0,2.0000000000000027
2019-06-30,Nueces,TX,Passenger,1.0,1.0,2.0,96.0,98.0,2.04,2019,6,24234,183,28,2.0,2.0,2.0,2.0,0.0,0.0,49.0,2.000000000000001
2019-07-31,Nueces,TX,Passenger,1.0,1.0,2.0,90.0,92.0,2.17,2019,7,24235,183,29,2.0,2.0,2.0,2.0,0.0,0.0,51.0,2.0000000000000018
2019-08-31,Nueces,TX,Passenger,1.0,1.0,2.0,89.0,91.0,2.2,2019,8,24236,183,30,2.0,2.0,2.0,2.0,0.0,0.0,53.0,2.0000000000000027
2019-09-30,Nueces,TX,Passenger,1.0,1.0,2.0,89.0,91.0,2.2,2019,9,24237,183,31,2.0,2.0,2.0,2.0,0.0,0.0,55.0,2.000000000000001
2019-10-31,Nueces,TX,Passenger,1.0,1.0,2.0,89.0,91.0,2.2,2019,10,24238,183,32,2.0,2.0,2.0,2.0,0.0,0.0,57.0,2.000000000000001
2019-11-30,Nueces,TX,Passenger,1.0,1.0,2.0,85.0,87.0,2.3,2019,11,24239,183,33,2.0,2.0,2.0,2.0,0.0,0.0,59.0,2.0000000000000018
2019-12-31,Nueces,TX,Passenger,1.0,1.0,2.0,83.0,85.0,2.35,2019,12,24240,183,34,2.0,2.0,2.0,2.0,0.0,0.0,61.0,2.0000000000000018
2020-01-31,Nueces,TX,Passenger,1.0,0.0,1.0,82.0,83.0,1.2,2020,1,24241,183,35,2.0,2.0,2.0,2.0,-0.5,-0.5,62.0,1.8571428571428625
2020-02-29,Nueces,TX,Passenger,1.0,0.0,1.0,81.0,82.0,1.22,2020,2,24242,183,36,1.0,2.0,2.0,1.6666666666666667,0.0,-0.5,63.0,1.62857142857143
2020-03-31,Nueces,TX,Passenger,1.0,0.0,1.0,81.0,82.0,1.22,2020,3,24243,183,37,1.0,1.0,2.0,1.3333333333333333,0.0,-0.5,64.0,1.3714285714285748
2020-04-30,Nueces,TX,Passenger,1.0,0.0,1.0,80.0,81.0,1.23,2020,4,24244,183,38,1.0,1.0,1.0,1.0,0.0,0.0,65.0,1.142857142857147
2020-05-31,Nueces,TX,Passenger,1.0,0.0,1.0,79.0,80.0,1.25,2020,5,24245,183,39,1.0,1.0,1.0,1.0,0.0,0.0,66.0,1.0000000000000029
2020-06-30,Nueces,TX,Passenger,1.0,0.0,1.0,80.0,81.0,1.23,2020,6,24246,183,40,1.0,1.0,1.0,1.0,0.0,0.0,67.0,1.0000000000000049
2020-07-31,Nueces,TX,Passenger,1.0,0.0,1.0,83.0,84.0,1.19,2020,7,24247,183,41,1.0,1.0,1.0,1.0,0.0,0.0,68.0,1.0000000000000087
2020-08-31,Nueces,TX,Passenger,1.0,0.0,1.0,83.0,84.0,1.19,2020,8,24248,183,42,1.0,1.0,1.0,1.0,0.0,0.0,69.0,1.0000000000000067
2020-09-30,Nueces,TX,Passenger,1.0,0.0,1.0,86.0,87.0,1.15,2020,9,24249,183,43,1.0,1.0,1.0,1.0,0.0,0.0,70.0,1.0000000000000049
2020-10-31,Nueces,TX,Passenger,1.0,0.0,1.0,85.0,86.0,1.16,2020,10,24250,183,44,1.0,1.0,1.0,1.0,0.0,0.0,71.0,1.0000000000000049
2020-11-30,Nueces,TX,Passenger,1.0,0.0,1.0,83.0,84.0,1.19,2020,11,24251,183,45,1.0,1.0,1.0,1.0,0.0,0.0,72.0,1.0000000000000067
2020-12-31,Nueces,TX,Passenger,1.0,0.0,1.0,82.0,83.0,1.2,2020,12,24252,183,46,1.0,1.0,1.0,1.0,0.0,0.0,73.0,1.0000000000000049
2021-01-31,Nueces,TX,Passenger,1.0,0.0,1.0,81.0,82.0,1.22,2021,1,24253,183,47,1.0,1.0,1.0,1.0,0.0,0.0,74.0,1.0000000000000009
2021-02-28,Nueces,TX,Passenger,1.0,0.0,1.0,80.0,81.0,1.23,2021,2,24254,183,48,1.0,1.0,1.0,1.0,0.0,0.0,75.0,1.0000000000000029
2021-03-31,Nueces,TX,Passenger,1.0,0.0,1.0,80.0,81.0,1.23,2021,3,24255,183,49,1.0,1.0,1.0,1.0,0.0,0.0,76.0,1.0000000000000049
2021-04-30,Nueces,TX,Passenger,1.0,0.0,1.0,79.0,80.0,1.25,2021,4,24256,183,50,1.0,1.0,1.0,1.0,0.0,0.0,77.0,1.0000000000000087
2021-05-31,Nueces,TX,Passenger,1.0,0.0,1.0,78.0,79.0,1.27,2021,5,24257,183,51,1.0,1.0,1.0,1.0,0.0,0.0,78.0,1.0000000000000049
2021-06-30,Nueces,TX,Passenger,1.0,0.0,1.0,74.0,75.0,1.33,2021,6,24258,183,52,1.0,1.0,1.0,1.0,0.0,0.0,79.0,1.0000000000000029
2021-07-31,Nueces,TX,Passenger,1.0,0.0,1.0,70.0,71.0,1.41,2021,7,24259,183,53,1.0,1.0,1.0,1.0,0.0,0.0,80.0,1.0000000000000087
2021-08-31,Nueces,TX,Passenger,1.0,0.0,1.0,68.0,69.0,1.45,2021,8,24260,183,54,1.0,1.0,1.0,1.0,0.0,0.0,81.0,1.0000000000000029
2021-09-30,Nueces,TX,Passenger,1.0,0.0,1.0,66.0,67.0,1.49,2021,9,24261,183,55,1.0,1.0,1.0,1.0,0.0,0.0,82.0,1.0000000000000104
2021-10-31,Nueces,TX,Passenger,1.0,0.0,1.0,65.0,66.0,1.52,2021,10,24262,183,56,1.0,1.0,1.0,1.0,0.0,0.0,83.0,1.0000000000000049
2021-11-30,Nueces,TX,Passenger,1.0,0.0,1.0,65.0,66.0,1.52,2021,11,24263,183,57,1.0,1.0,1.0,1.0,0.0,0.0,84.0,1.0000000000000049
2021-12-31,Nueces,TX,Passenger,1.0,1.0,2.0,65.0,67.0,2.99,2021,12,24264,183,58,1.0,1.0,1.0,1.0,1.0,1.0,86.0,1.1428571428571432
2022-01-31,Nueces,TX,Passenger,1.0,1.0,2.0,62.0,64.0,3.12,2022,1,24265,183,59,2.0,1.0,1.0,1.3333333333333333,0.0,1.0,88.0,1.3714285714285805
2022-02-28,Nueces,TX,Passenger,1.0,1.0,2.0,60.0,62.0,3.23,2022,2,24266,183,60,2.0,2.0,1.0,1.6666666666666667,0.0,1.0,90.0,1.628571428571432
2022-03-31,Nueces,TX,Passenger,1.0,1.0,2.0,60.0,62.0,3.23,2022,3,24267,183,61,2.0,2.0,2.0,2.0,0.0,0.0,92.0,1.8571428571428654
2022-04-30,Nueces,TX,Passenger,1.0,1.0,2.0,60.0,62.0,3.23,2022,4,24268,183,62,2.0,2.0,2.0,2.0,0.0,0.0,94.0,2.0000000000000058
2022-05-31,Nueces,TX,Passenger,1.0,1.0,2.0,57.0,59.0,3.39,2022,5,24269,183,63,2.0,2.0,2.0,2.0,0.0,0.0,96.0,2.0000000000000018
2022-06-30,Nueces,TX,Passenger,1.0,1.0,2.0,55.0,57.0,3.51,2022,6,24270,183,64,2.0,2.0,2.0,2.0,0.0,0.0,98.0,2.000000000000004
2022-07-31,Nueces,TX,Passenger,1.0,1.0,2.0,55.0,57.0,3.51,2022,7,24271,183,65,2.0,2.0,2.0,2.0,0.0,0.0,100.0,2.000000000000004
2022-08-31,Nueces,TX,Passenger,1.0,1.0,2.0,53.0,55.0,3.64,2022,8,24272,183,66,2.0,2.0,2.0,2.0,0.0,0.0,102.0,2.000000000000004
2022-09-30,Nueces,TX,Passenger,1.0,1.0,2.0,52.0,54.0,3.7,2022,9,24273,183,67,2.0,2.0,2.0,2.0,0.0,0.0,104.0,2.0000000000000018
2022-10-31,Nueces,TX,Passenger,0.0,1.0,1.0,52.0,53.0,1.89,2022,10,24274,183,68,2.0,2.0,2.0,2.0,-0.5,-0.5,105.0,1.8571428571428636
2022-11-30,Nueces,TX,Passenger,0.0,1.0,1.0,53.0,54.0,1.85,2022,11,24275,183,69,1.0,2.0,2.0,1.6666666666666667,0.0,-0.5,106.0,1.6285714285714377
2022-12-31,Nueces,TX,Passenger,0.0,1.0,1.0,52.0,53.0,1.89,2022,12,24276,183,70,1.0,1.0,2.0,1.3333333333333333,0.0,-0.5,107.0,1.3714285714285785
2023-01-31,Nueces,TX,Passenger,0.0,1.0,1.0,52.0,53.0,1.89,2023,1,24277,183,71,1.0,1.0,1.0,1.0,0.0,0.0,108.0,1.1428571428571392
2023-02-28,Nueces,TX,Passenger,0.0,1.0,1.0,52.0,53.0,1.89,2023,2,24278,183,72,1.0,1.0,1.0,1.0,0.0,0.0,109.0,1.0000000000000067
2023-03-31,Nueces,TX,Passenger,0.0,1.0,1.0,51.0,52.0,1.92,2023,3,24279,183,73,1.0,1.0,1.0,1.0,0.0,0.0,110.0,1.0000000000000067
2023-04-30,Nueces,TX,Passenger,0.0,1.0,1.0,51.0,52.0,1.92,2023,4,24280,183,74,1.0,1.0,1.0,1.0,0.0,0.0,111.0,0.999999999999999
2023-05-31,Nueces,TX,Passenger,0.0,1.0,1.0,51.0,52.0,1.92,2023,5,24281,183,75,1.0,1.0,1.0,1.0,0.0,0.0,112.0,1.0000000000000087
2023-06-30,Nueces,TX,Passenger,1.0,1.0,2.0,50.0,52.0,3.85,2023,6,24282,183,76,1.0,1.0,1.0,1.0,1.0,1.0,114.0,1.142857142857147
2023-07-31,Nueces,TX,Passenger,1.0,1.0,2.0,50.0,52.0,3.85,2023,7,24283,183,77,2.0,1.0,1.0,1.3333333333333333,0.0,1.0,116.0,1.3714285714285785
2023-08-31,Nueces,TX,Passenger,1.0,1.0,2.0,49.0,51.0,3.92,2023,8,24284,183,78,2.0,2.0,1.0,1.6666666666666667,0.0,1.0,118.0,1.6285714285714357
2023-09-30,Nueces,TX,Passenger,1.0,1.0,2.0,46.0,48.0,4.17,2023,9,24285,183,79,2.0,2.0,2.0,2.0,0.0,0.0,120.0,1.8571428571428616
2023-10-31,Nueces,TX,Passenger,1.0,1.0,2.0,45.0,47.0,4.26,2023,10,24286,183,80,2.0,2.0,2.0,2.0,0.0,0.0,122.0,2.0000000000000098
2023-11-30,Nueces,TX,Passenger,1.0,1.0,2.0,43.0,45.0,4.44,2023,11,24287,183,81,2.0,2.0,2.0,2.0,0.0,0.0,124.0,2.0000000000000133
2023-12-31,Nueces,TX,Passenger,1.0,1.0,2.0,42.0,44.0,4.55,2023,12,24288,183,82,2.0,2.0,2.0,2.0,0.0,0.0,126.0,2.0000000000000018
2024-01-31,Nueces,TX,Passenger,1.0,1.0,2.0,42.0,44.0,4.55,2024,1,24289,183,83,2.0,2.0,2.0,2.0,0.0,0.0,128.0,1.999999999999998
2024-02-29,Nueces,TX,Passenger,2.0,1.0,3.0,39.0,42.0,6.9025,2024,2,24290,183,84,2.0,2.0,2.0,2.0,0.5,0.5,131.0,2.1428571428571574
2017-06-30,Okaloosa,FL,Passenger,1.0,0.0,1.0,185.0,186.0,0.54,2017,6,24210,184,5,1.0,1.0,1.0,1.0,0.0,0.0,6.0,0.9999999999999998
2017-07-31,Okaloosa,FL,Passenger,1.0,0.0,1.0,185.0,186.0,0.54,2017,7,24211,184,6,1.0,1.0,1.0,1.0,0.0,0.0,7.0,0.9999999999999998
2017-08-31,Okaloosa,FL,Passenger,1.0,0.0,1.0,186.0,187.0,0.53,2017,8,24212,184,7,1.0,1.0,1.0,1.0,0.0,0.0,8.0,0.9999999999999999
2017-09-30,Okaloosa,FL,Passenger,1.0,0.0,1.0,188.0,189.0,0.53,2017,9,24213,184,8,1.0,1.0,1.0,1.0,0.0,0.0,9.0,1.0000000000000002
2017-10-31,Okaloosa,FL,Passenger,1.0,0.0,1.0,188.0,189.0,0.53,2017,10,24214,184,9,1.0,1.0,1.0,1.0,0.0,0.0,10.0,1.0000000000000002
2017-11-30,Okaloosa,FL,Passenger,1.0,0.0,1.0,188.0,189.0,0.53,2017,11,24215,184,10,1.0,1.0,1.0,1.0,0.0,0.0,11.0,1.0
2017-12-31,Okaloosa,FL,Passenger,1.0,0.0,1.0,186.0,187.0,0.53,2017,12,24216,184,11,1.0,1.0,1.0,1.0,0.0,0.0,12.0,1.0000000000000002
2018-01-31,Okaloosa,FL,Passenger,1.0,0.0,1.0,181.0,182.0,0.55,2018,1,24217,184,12,1.0,1.0,1.0,1.0,0.0,0.0,13.0,1.0000000000000002
2018-02-28,Okaloosa,FL,Passenger,1.0,0.0,1.0,181.0,182.0,0.55,2018,2,24218,184,13,1.0,1.0,1.0,1.0,0.0,0.0,14.0,1.0000000000000009
2018-03-31,Okaloosa,FL,Passenger,1.0,0.0,1.0,179.0,180.0,0.56,2018,3,24219,184,14,1.0,1.0,1.0,1.0,0.0,0.0,15.0,1.0000000000000007
2018-04-30,Okaloosa,FL,Passenger,1.0,0.0,1.0,176.0,177.0,0.56,2018,4,24220,184,15,1.0,1.0,1.0,1.0,0.0,0.0,16.0,1.0000000000000009
2018-05-31,Okaloosa,FL,Passenger,1.0,0.0,1.0,176.0,177.0,0.56,2018,5,24221,184,16,1.0,1.0,1.0,1.0,0.0,0.0,17.0,1.0
2018-06-30,Okaloosa,FL,Passenger,1.0,0.0,1.0,176.0,177.0,0.56,2018,6,24222,184,17,1.0,1.0,1.0,1.0,0.0,0.0,18.0,1.0000000000000002
2020-06-30,Okaloosa,FL,Passenger,0.0,1.0,1.0,145.0,146.0,0.68,2020,6,24246,184,18,1.0,1.0,1.0,1.0,0.0,0.0,19.0,1.000000000000002
2020-07-31,Okaloosa,FL,Passenger,0.0,1.0,1.0,146.0,147.0,0.68,2020,7,24247,184,19,1.0,1.0,1.0,1.0,0.0,0.0,20.0,0.9999999999999998
2020-08-31,Okaloosa,FL,Passenger,0.0,1.0,1.0,147.0,148.0,0.68,2020,8,24248,184,20,1.0,1.0,1.0,1.0,0.0,0.0,21.0,1.000000000000001
2020-09-30,Okaloosa,FL,Passenger,0.0,1.0,1.0,148.0,149.0,0.67,2020,9,24249,184,21,1.0,1.0,1.0,1.0,0.0,0.0,22.0,1.0000000000000013
2020-10-31,Okaloosa,FL,Passenger,0.0,1.0,1.0,145.0,146.0,0.68,2020,10,24250,184,22,1.0,1.0,1.0,1.0,0.0,0.0,23.0,1.0000000000000013
2020-11-30,Okaloosa,FL,Passenger,0.0,1.0,1.0,143.0,144.0,0.69,2020,11,24251,184,23,1.0,1.0,1.0,1.0,0.0,0.0,24.0,1.0000000000000004
2020-12-31,Okaloosa,FL,Passenger,0.0,1.0,1.0,141.0,142.0,0.7,2020,12,24252,184,24,1.0,1.0,1.0,1.0,0.0,0.0,25.0,1.0000000000000013
2021-01-31,Okaloosa,FL,Passenger,0.0,1.0,1.0,143.0,144.0,0.69,2021,1,24253,184,25,1.0,1.0,1.0,1.0,0.0,0.0,26.0,1.0000000000000013
2021-02-28,Okaloosa,FL,Passenger,0.0,1.0,1.0,140.0,141.0,0.71,2021,2,24254,184,26,1.0,1.0,1.0,1.0,0.0,0.0,27.0,1.0000000000000013
2021-03-31,Okaloosa,FL,Passenger,0.0,1.0,1.0,137.0,138.0,0.72,2021,3,24255,184,27,1.0,1.0,1.0,1.0,0.0,0.0,28.0,1.0000000000000013
2021-04-30,Okaloosa,FL,Passenger,0.0,1.0,1.0,133.0,134.0,0.75,2021,4,24256,184,28,1.0,1.0,1.0,1.0,0.0,0.0,29.0,1.0000000000000024
2021-05-31,Okaloosa,FL,Passenger,0.0,1.0,1.0,127.0,128.0,0.78,2021,5,24257,184,29,1.0,1.0,1.0,1.0,0.0,0.0,30.0,1.000000000000002
2021-06-30,Okaloosa,FL,Passenger,0.0,1.0,1.0,123.0,124.0,0.81,2021,6,24258,184,30,1.0,1.0,1.0,1.0,0.0,0.0,31.0,1.0000000000000009
2021-07-31,Okaloosa,FL,Passenger,0.0,1.0,1.0,122.0,123.0,0.81,2021,7,24259,184,31,1.0,1.0,1.0,1.0,0.0,0.0,32.0,1.000000000000002
2021-08-31,Okaloosa,FL,Passenger,0.0,1.0,1.0,121.0,122.0,0.82,2021,8,24260,184,32,1.0,1.0,1.0,1.0,0.0,0.0,33.0,1.0000000000000038
2021-09-30,Okaloosa,FL,Passenger,0.0,1.0,1.0,119.0,120.0,0.83,2021,9,24261,184,33,1.0,1.0,1.0,1.0,0.0,0.0,34.0,1.0000000000000004
2021-10-31,Okaloosa,FL,Passenger,0.0,1.0,1.0,120.0,121.0,0.83,2021,10,24262,184,34,1.0,1.0,1.0,1.0,0.0,0.0,35.0,1.000000000000002
2021-11-30,Okaloosa,FL,Passenger,0.0,1.0,1.0,117.0,118.0,0.85,2021,11,24263,184,35,1.0,1.0,1.0,1.0,0.0,0.0,36.0,1.0000000000000029
2021-12-31,Okaloosa,FL,Passenger,0.0,1.0,1.0,116.0,117.0,0.85,2021,12,24264,184,36,1.0,1.0,1.0,1.0,0.0,0.0,37.0,1.0000000000000038
2022-01-31,Okaloosa,FL,Passenger,0.0,1.0,1.0,113.0,114.0,0.88,2022,1,24265,184,37,1.0,1.0,1.0,1.0,0.0,0.0,38.0,1.0
2022-02-28,Okaloosa,FL,Passenger,0.0,1.0,1.0,111.0,112.0,0.89,2022,2,24266,184,38,1.0,1.0,1.0,1.0,0.0,0.0,39.0,1.0000000000000009
2022-03-31,Okaloosa,FL,Passenger,0.0,1.0,1.0,109.0,110.0,0.91,2022,3,24267,184,39,1.0,1.0,1.0,1.0,0.0,0.0,40.0,1.0000000000000009
2022-04-30,Okaloosa,FL,Passenger,0.0,1.0,1.0,106.0,107.0,0.93,2022,4,24268,184,40,1.0,1.0,1.0,1.0,0.0,0.0,41.0,1.0000000000000038
2022-05-31,Okaloosa,FL,Passenger,0.0,1.0,1.0,103.0,104.0,0.96,2022,5,24269,184,41,1.0,1.0,1.0,1.0,0.0,0.0,42.0,1.0000000000000009
2022-06-30,Okaloosa,FL,Passenger,0.0,1.0,1.0,105.0,106.0,0.94,2022,6,24270,184,42,1.0,1.0,1.0,1.0,0.0,0.0,43.0,1.0000000000000029
2022-07-31,Okaloosa,FL,Passenger,0.0,1.0,1.0,103.0,104.0,0.96,2022,7,24271,184,43,1.0,1.0,1.0,1.0,0.0,0.0,44.0,1.0000000000000029
2022-08-31,Okaloosa,FL,Passenger,0.0,1.0,1.0,100.0,101.0,0.99,2022,8,24272,184,44,1.0,1.0,1.0,1.0,0.0,0.0,45.0,1.0000000000000009
2022-09-30,Okaloosa,FL,Passenger,0.0,1.0,1.0,99.0,100.0,1.0,2022,9,24273,184,45,1.0,1.0,1.0,1.0,0.0,0.0,46.0,1.0000000000000009
2022-10-31,Okaloosa,FL,Passenger,0.0,1.0,1.0,99.0,100.0,1.0,2022,10,24274,184,46,1.0,1.0,1.0,1.0,0.0,0.0,47.0,1.0000000000000029
2022-11-30,Okaloosa,FL,Passenger,0.0,1.0,1.0,99.0,100.0,1.0,2022,11,24275,184,47,1.0,1.0,1.0,1.0,0.0,0.0,48.0,1.0000000000000009
2022-12-31,Okaloosa,FL,Passenger,0.0,1.0,1.0,97.0,98.0,1.02,2022,12,24276,184,48,1.0,1.0,1.0,1.0,0.0,0.0,49.0,1.000000000000002
2023-01-31,Okaloosa,FL,Passenger,0.0,1.0,1.0,97.0,98.0,1.02,2023,1,24277,184,49,1.0,1.0,1.0,1.0,0.0,0.0,50.0,1.000000000000002
2023-02-28,Okaloosa,FL,Passenger,0.0,1.0,1.0,97.0,98.0,1.02,2023,2,24278,184,50,1.0,1.0,1.0,1.0,0.0,0.0,51.0,1.000000000000002
2023-03-31,Okaloosa,FL,Passenger,0.0,1.0,1.0,98.0,99.0,1.01,2023,3,24279,184,51,1.0,1.0,1.0,1.0,0.0,0.0,52.0,1.0000000000000009
2023-04-30,Okaloosa,FL,Passenger,0.0,1.0,1.0,96.0,97.0,1.03,2023,4,24280,184,52,1.0,1.0,1.0,1.0,0.0,0.0,53.0,1.0000000000000029
2019-07-31,Oklahoma,OK,Passenger,0.0,1.0,1.0,130.0,131.0,0.76,2019,7,24235,186,5,1.0,1.0,1.0,1.0,0.0,0.0,6.0,0.9999999999999998
2019-08-31,Oklahoma,OK,Passenger,0.0,1.0,1.0,130.0,131.0,0.76,2019,8,24236,186,6,1.0,1.0,1.0,1.0,0.0,0.0,7.0,0.9999999999999998
2019-09-30,Oklahoma,OK,Passenger,0.0,1.0,1.0,132.0,133.0,0.75,2019,9,24237,186,7,1.0,1.0,1.0,1.0,0.0,0.0,8.0,0.9999999999999999
2019-10-31,Oklahoma,OK,Passenger,0.0,1.0,1.0,135.0,136.0,0.74,2019,10,24238,186,8,1.0,1.0,1.0,1.0,0.0,0.0,9.0,1.0000000000000002
2019-11-30,Oklahoma,OK,Passenger,0.0,1.0,1.0,131.0,132.0,0.76,2019,11,24239,186,9,1.0,1.0,1.0,1.0,0.0,0.0,10.0,1.0000000000000002
2019-12-31,Oklahoma,OK,Passenger,0.0,1.0,1.0,133.0,134.0,0.75,2019,12,24240,186,10,1.0,1.0,1.0,1.0,0.0,0.0,11.0,1.0
2020-01-31,Oklahoma,OK,Passenger,0.0,1.0,1.0,131.0,132.0,0.76,2020,1,24241,186,11,1.0,1.0,1.0,1.0,0.0,0.0,12.0,1.0000000000000002
2020-02-29,Oklahoma,OK,Passenger,0.0,1.0,1.0,131.0,132.0,0.76,2020,2,24242,186,12,1.0,1.0,1.0,1.0,0.0,0.0,13.0,1.0000000000000002
2020-03-31,Oklahoma,OK,Passenger,0.0,1.0,1.0,133.0,134.0,0.75,2020,3,24243,186,13,1.0,1.0,1.0,1.0,0.0,0.0,14.0,1.0000000000000009
2020-04-30,Oklahoma,OK,Passenger,0.0,1.0,1.0,131.0,132.0,0.76,2020,4,24244,186,14,1.0,1.0,1.0,1.0,0.0,0.0,15.0,1.0000000000000007
2019-02-28,Oldham,KY,Passenger,0.0,1.0,1.0,5.0,6.0,6.9025,2019,2,24230,187,5,1.0,1.0,1.0,1.0,0.0,0.0,6.0,0.9999999999999998
2019-03-31,Oldham,KY,Passenger,0.0,1.0,1.0,5.0,6.0,6.9025,2019,3,24231,187,6,1.0,1.0,1.0,1.0,0.0,0.0,7.0,0.9999999999999998
2019-04-30,Oldham,KY,Passenger,0.0,1.0,1.0,5.0,6.0,6.9025,2019,4,24232,187,7,1.0,1.0,1.0,1.0,0.0,0.0,8.0,0.9999999999999999
2019-05-31,Oldham,KY,Passenger,0.0,1.0,1.0,5.0,6.0,6.9025,2019,5,24233,187,8,1.0,1.0,1.0,1.0,0.0,0.0,9.0,1.0000000000000002
2019-06-30,Oldham,KY,Passenger,0.0,1.0,1.0,5.0,6.0,6.9025,2019,6,24234,187,9,1.0,1.0,1.0,1.0,0.0,0.0,10.0,1.0000000000000002
2019-07-31,Oldham,KY,Passenger,0.0,1.0,1.0,5.0,6.0,6.9025,2019,7,24235,187,10,1.0,1.0,1.0,1.0,0.0,0.0,11.0,1.0
2019-08-31,Oldham,KY,Passenger,0.0,1.0,1.0,5.0,6.0,6.9025,2019,8,24236,187,11,1.0,1.0,1.0,1.0,0.0,0.0,12.0,1.0000000000000002
2019-09-30,Oldham,KY,Passenger,0.0,1.0,1.0,5.0,6.0,6.9025,2019,9,24237,187,12,1.0,1.0,1.0,1.0,0.0,0.0,13.0,1.0000000000000002
2019-10-31,Oldham,KY,Passenger,0.0,1.0,1.0,5.0,6.0,6.9025,2019,10,24238,187,13,1.0,1.0,1.0,1.0,0.0,0.0,14.0,1.0000000000000009
2019-11-30,Oldham,KY,Passenger,0.0,1.0,1.0,5.0,6.0,6.9025,2019,11,24239,187,14,1.0,1.0,1.0,1.0,0.0,0.0,15.0,1.0000000000000007
2019-12-31,Oldham,KY,Passenger,0.0,1.0,1.0,4.0,5.0,6.9025,2019,12,24240,187,15,1.0,1.0,1.0,1.0,0.0,0.0,16.0,1.0000000000000009
2020-01-31,Oldham,KY,Passenger,0.0,1.0,1.0,4.0,5.0,6.9025,2020,1,24241,187,16,1.0,1.0,1.0,1.0,0.0,0.0,17.0,1.0
2020-02-29,Oldham,KY,Passenger,0.0,1.0,1.0,4.0,5.0,6.9025,2020,2,24242,187,17,1.0,1.0,1.0,1.0,0.0,0.0,18.0,1.0000000000000002
2020-03-31,Oldham,KY,Passenger,0.0,1.0,1.0,4.0,5.0,6.9025,2020,3,24243,187,18,1.0,1.0,1.0,1.0,0.0,0.0,19.0,1.000000000000002
2020-04-30,Oldham,KY,Passenger,0.0,1.0,1.0,4.0,5.0,6.9025,2020,4,24244,187,19,1.0,1.0,1.0,1.0,0.0,0.0,20.0,0.9999999999999998
2020-05-31,Oldham,KY,Passenger,0.0,1.0,1.0,4.0,5.0,6.9025,2020,5,24245,187,20,1.0,1.0,1.0,1.0,0.0,0.0,21.0,1.000000000000001
2020-06-30,Oldham,KY,Passenger,0.0,1.0,1.0,4.0,5.0,6.9025,2020,6,24246,187,21,1.0,1.0,1.0,1.0,0.0,0.0,22.0,1.0000000000000013
2020-07-31,Oldham,KY,Passenger,0.0,1.0,1.0,4.0,5.0,6.9025,2020,7,24247,187,22,1.0,1.0,1.0,1.0,0.0,0.0,23.0,1.0000000000000013
2020-08-31,Oldham,KY,Passenger,0.0,1.0,1.0,4.0,5.0,6.9025,2020,8,24248,187,23,1.0,1.0,1.0,1.0,0.0,0.0,24.0,1.0000000000000004
2020-09-30,Oldham,KY,Passenger,0.0,1.0,1.0,4.0,5.0,6.9025,2020,9,24249,187,24,1.0,1.0,1.0,1.0,0.0,0.0,25.0,1.0000000000000013
2020-10-31,Oldham,KY,Passenger,0.0,1.0,1.0,4.0,5.0,6.9025,2020,10,24250,187,25,1.0,1.0,1.0,1.0,0.0,0.0,26.0,1.0000000000000013
2020-11-30,Oldham,KY,Passenger,0.0,1.0,1.0,4.0,5.0,6.9025,2020,11,24251,187,26,1.0,1.0,1.0,1.0,0.0,0.0,27.0,1.0000000000000013
2020-12-31,Oldham,KY,Passenger,0.0,1.0,1.0,4.0,5.0,6.9025,2020,12,24252,187,27,1.0,1.0,1.0,1.0,0.0,0.0,28.0,1.0000000000000013
2021-01-31,Oldham,KY,Passenger,0.0,1.0,1.0,4.0,5.0,6.9025,2021,1,24253,187,28,1.0,1.0,1.0,1.0,0.0,0.0,29.0,1.0000000000000024
2021-02-28,Oldham,KY,Passenger,0.0,1.0,1.0,4.0,5.0,6.9025,2021,2,24254,187,29,1.0,1.0,1.0,1.0,0.0,0.0,30.0,1.000000000000002
2021-03-31,Oldham,KY,Passenger,0.0,1.0,1.0,4.0,5.0,6.9025,2021,3,24255,187,30,1.0,1.0,1.0,1.0,0.0,0.0,31.0,1.0000000000000009
2021-04-30,Oldham,KY,Passenger,0.0,1.0,1.0,4.0,5.0,6.9025,2021,4,24256,187,31,1.0,1.0,1.0,1.0,0.0,0.0,32.0,1.000000000000002
2021-05-31,Oldham,KY,Passenger,0.0,1.0,1.0,4.0,5.0,6.9025,2021,5,24257,187,32,1.0,1.0,1.0,1.0,0.0,0.0,33.0,1.0000000000000038
2021-06-30,Oldham,KY,Passenger,0.0,1.0,1.0,4.0,5.0,6.9025,2021,6,24258,187,33,1.0,1.0,1.0,1.0,0.0,0.0,34.0,1.0000000000000004
2021-07-31,Oldham,KY,Passenger,0.0,1.0,1.0,4.0,5.0,6.9025,2021,7,24259,187,34,1.0,1.0,1.0,1.0,0.0,0.0,35.0,1.000000000000002
2021-08-31,Oldham,KY,Passenger,0.0,1.0,1.0,4.0,5.0,6.9025,2021,8,24260,187,35,1.0,1.0,1.0,1.0,0.0,0.0,36.0,1.0000000000000029
2021-09-30,Oldham,KY,Passenger,0.0,1.0,1.0,4.0,5.0,6.9025,2021,9,24261,187,36,1.0,1.0,1.0,1.0,0.0,0.0,37.0,1.0000000000000038
2021-10-31,Oldham,KY,Passenger,0.0,1.0,1.0,4.0,5.0,6.9025,2021,10,24262,187,37,1.0,1.0,1.0,1.0,0.0,0.0,38.0,1.0
2021-11-30,Oldham,KY,Passenger,0.0,1.0,1.0,4.0,5.0,6.9025,2021,11,24263,187,38,1.0,1.0,1.0,1.0,0.0,0.0,39.0,1.0000000000000009
2021-12-31,Oldham,KY,Passenger,0.0,1.0,1.0,4.0,5.0,6.9025,2021,12,24264,187,39,1.0,1.0,1.0,1.0,0.0,0.0,40.0,1.0000000000000009
2022-01-31,Oldham,KY,Passenger,0.0,1.0,1.0,4.0,5.0,6.9025,2022,1,24265,187,40,1.0,1.0,1.0,1.0,0.0,0.0,41.0,1.0000000000000038
2022-02-28,Oldham,KY,Passenger,0.0,1.0,1.0,4.0,5.0,6.9025,2022,2,24266,187,41,1.0,1.0,1.0,1.0,0.0,0.0,42.0,1.0000000000000009
2022-03-31,Oldham,KY,Passenger,0.0,1.0,1.0,4.0,5.0,6.9025,2022,3,24267,187,42,1.0,1.0,1.0,1.0,0.0,0.0,43.0,1.0000000000000029
2022-04-30,Oldham,KY,Passenger,0.0,1.0,1.0,4.0,5.0,6.9025,2022,4,24268,187,43,1.0,1.0,1.0,1.0,0.0,0.0,44.0,1.0000000000000029
2022-05-31,Oldham,KY,Passenger,0.0,1.0,1.0,4.0,5.0,6.9025,2022,5,24269,187,44,1.0,1.0,1.0,1.0,0.0,0.0,45.0,1.0000000000000009
2022-06-30,Oldham,KY,Passenger,0.0,1.0,1.0,4.0,5.0,6.9025,2022,6,24270,187,45,1.0,1.0,1.0,1.0,0.0,0.0,46.0,1.0000000000000009
2022-07-31,Oldham,KY,Passenger,0.0,1.0,1.0,4.0,5.0,6.9025,2022,7,24271,187,46,1.0,1.0,1.0,1.0,0.0,0.0,47.0,1.0000000000000029
2022-08-31,Oldham,KY,Passenger,0.0,1.0,1.0,4.0,5.0,6.9025,2022,8,24272,187,47,1.0,1.0,1.0,1.0,0.0,0.0,48.0,1.0000000000000009
2022-09-30,Oldham,KY,Passenger,0.0,1.0,1.0,4.0,5.0,6.9025,2022,9,24273,187,48,1.0,1.0,1.0,1.0,0.0,0.0,49.0,1.000000000000002
2022-10-31,Oldham,KY,Passenger,0.0,1.0,1.0,4.0,5.0,6.9025,2022,10,24274,187,49,1.0,1.0,1.0,1.0,0.0,0.0,50.0,1.000000000000002
2022-11-30,Oldham,KY,Passenger,0.0,1.0,1.0,4.0,5.0,6.9025,2022,11,24275,187,50,1.0,1.0,1.0,1.0,0.0,0.0,51.0,1.000000000000002
2022-12-31,Oldham,KY,Passenger,0.0,1.0,1.0,4.0,5.0,6.9025,2022,12,24276,187,51,1.0,1.0,1.0,1.0,0.0,0.0,52.0,1.0000000000000009
2023-01-31,Oldham,KY,Passenger,0.0,1.0,1.0,4.0,5.0,6.9025,2023,1,24277,187,52,1.0,1.0,1.0,1.0,0.0,0.0,53.0,1.0000000000000029
2023-02-28,Oldham,KY,Passenger,0.0,1.0,1.0,4.0,5.0,6.9025,2023,2,24278,187,53,1.0,1.0,1.0,1.0,0.0,0.0,54.0,1.0000000000000049
2023-03-31,Oldham,KY,Passenger,0.0,1.0,1.0,4.0,5.0,6.9025,2023,3,24279,187,54,1.0,1.0,1.0,1.0,0.0,0.0,55.0,1.0000000000000038
2023-04-30,Oldham,KY,Passenger,0.0,1.0,1.0,4.0,5.0,6.9025,2023,4,24280,187,55,1.0,1.0,1.0,1.0,0.0,0.0,56.0,1.0
2023-05-31,Oldham,KY,Passenger,0.0,1.0,1.0,3.0,4.0,6.9025,2023,5,24281,187,56,1.0,1.0,1.0,1.0,0.0,0.0,57.0,1.000000000000002
2023-06-30,Oldham,KY,Passenger,0.0,1.0,1.0,3.0,4.0,6.9025,2023,6,24282,187,57,1.0,1.0,1.0,1.0,0.0,0.0,58.0,1.0000000000000038
2023-07-31,Oldham,KY,Passenger,0.0,1.0,1.0,3.0,4.0,6.9025,2023,7,24283,187,58,1.0,1.0,1.0,1.0,0.0,0.0,59.0,1.0000000000000038
2023-08-31,Oldham,KY,Passenger,0.0,1.0,1.0,3.0,4.0,6.9025,2023,8,24284,187,59,1.0,1.0,1.0,1.0,0.0,0.0,60.0,1.0000000000000038
2023-09-30,Oldham,KY,Passenger,0.0,1.0,1.0,3.0,4.0,6.9025,2023,9,24285,187,60,1.0,1.0,1.0,1.0,0.0,0.0,61.0,1.0000000000000049
2023-10-31,Oldham,KY,Passenger,0.0,1.0,1.0,3.0,4.0,6.9025,2023,10,24286,187,61,1.0,1.0,1.0,1.0,0.0,0.0,62.0,1.0000000000000067
2023-11-30,Oldham,KY,Passenger,0.0,1.0,1.0,2.0,3.0,6.9025,2023,11,24287,187,62,1.0,1.0,1.0,1.0,0.0,0.0,63.0,1.0000000000000009
2023-12-31,Oldham,KY,Passenger,0.0,1.0,1.0,2.0,3.0,6.9025,2023,12,24288,187,63,1.0,1.0,1.0,1.0,0.0,0.0,64.0,0.999999999999999
2024-01-31,Oldham,KY,Passenger,0.0,1.0,1.0,2.0,3.0,6.9025,2024,1,24289,187,64,1.0,1.0,1.0,1.0,0.0,0.0,65.0,1.0000000000000049
2024-02-29,Oldham,KY,Passenger,0.0,1.0,1.0,2.0,3.0,6.9025,2024,2,24290,187,65,1.0,1.0,1.0,1.0,0.0,0.0,66.0,1.0000000000000029
2021-12-31,Onslow,NC,Passenger,0.0,1.0,1.0,174.0,175.0,0.57,2021,12,24264,188,5,1.0,1.0,1.0,1.0,0.0,0.0,6.0,0.9999999999999998
2022-01-31,Onslow,NC,Passenger,0.0,1.0,1.0,175.0,176.0,0.57,2022,1,24265,188,6,1.0,1.0,1.0,1.0,0.0,0.0,7.0,0.9999999999999998
2022-02-28,Onslow,NC,Passenger,0.0,1.0,1.0,173.0,174.0,0.57,2022,2,24266,188,7,1.0,1.0,1.0,1.0,0.0,0.0,8.0,0.9999999999999999
2022-03-31,Onslow,NC,Passenger,0.0,1.0,1.0,172.0,173.0,0.58,2022,3,24267,188,8,1.0,1.0,1.0,1.0,0.0,0.0,9.0,1.0000000000000002
2022-04-30,Onslow,NC,Passenger,0.0,1.0,1.0,167.0,168.0,0.6,2022,4,24268,188,9,1.0,1.0,1.0,1.0,0.0,0.0,10.0,1.0000000000000002
2022-05-31,Onslow,NC,Passenger,0.0,1.0,1.0,166.0,167.0,0.6,2022,5,24269,188,10,1.0,1.0,1.0,1.0,0.0,0.0,11.0,1.0
2022-06-30,Onslow,NC,Passenger,0.0,1.0,1.0,168.0,169.0,0.59,2022,6,24270,188,11,1.0,1.0,1.0,1.0,0.0,0.0,12.0,1.0000000000000002
2022-07-31,Onslow,NC,Passenger,0.0,1.0,1.0,168.0,169.0,0.59,2022,7,24271,188,12,1.0,1.0,1.0,1.0,0.0,0.0,13.0,1.0000000000000002
2022-08-31,Onslow,NC,Passenger,0.0,1.0,1.0,168.0,169.0,0.59,2022,8,24272,188,13,1.0,1.0,1.0,1.0,0.0,0.0,14.0,1.0000000000000009
2022-09-30,Onslow,NC,Passenger,0.0,1.0,1.0,169.0,170.0,0.59,2022,9,24273,188,14,1.0,1.0,1.0,1.0,0.0,0.0,15.0,1.0000000000000007
2022-10-31,Onslow,NC,Passenger,0.0,1.0,1.0,166.0,167.0,0.6,2022,10,24274,188,15,1.0,1.0,1.0,1.0,0.0,0.0,16.0,1.0000000000000009
2022-11-30,Onslow,NC,Passenger,0.0,1.0,1.0,164.0,165.0,0.61,2022,11,24275,188,16,1.0,1.0,1.0,1.0,0.0,0.0,17.0,1.0
2022-12-31,Onslow,NC,Passenger,0.0,1.0,1.0,160.0,161.0,0.62,2022,12,24276,188,17,1.0,1.0,1.0,1.0,0.0,0.0,18.0,1.0000000000000002
2023-01-31,Onslow,NC,Passenger,0.0,1.0,1.0,154.0,155.0,0.65,2023,1,24277,188,18,1.0,1.0,1.0,1.0,0.0,0.0,19.0,1.000000000000002
2023-02-28,Onslow,NC,Passenger,0.0,1.0,1.0,153.0,154.0,0.65,2023,2,24278,188,19,1.0,1.0,1.0,1.0,0.0,0.0,20.0,0.9999999999999998
2023-03-31,Onslow,NC,Passenger,0.0,1.0,1.0,152.0,153.0,0.65,2023,3,24279,188,20,1.0,1.0,1.0,1.0,0.0,0.0,21.0,1.000000000000001
2023-04-30,Onslow,NC,Passenger,0.0,1.0,1.0,150.0,151.0,0.66,2023,4,24280,188,21,1.0,1.0,1.0,1.0,0.0,0.0,22.0,1.0000000000000013
2023-05-31,Onslow,NC,Passenger,0.0,1.0,1.0,147.0,148.0,0.68,2023,5,24281,188,22,1.0,1.0,1.0,1.0,0.0,0.0,23.0,1.0000000000000013
2023-06-30,Onslow,NC,Passenger,0.0,1.0,1.0,145.0,146.0,0.68,2023,6,24282,188,23,1.0,1.0,1.0,1.0,0.0,0.0,24.0,1.0000000000000004
2023-07-31,Onslow,NC,Passenger,0.0,1.0,1.0,141.0,142.0,0.7,2023,7,24283,188,24,1.0,1.0,1.0,1.0,0.0,0.0,25.0,1.0000000000000013
2023-08-31,Onslow,NC,Passenger,0.0,1.0,1.0,135.0,136.0,0.74,2023,8,24284,188,25,1.0,1.0,1.0,1.0,0.0,0.0,26.0,1.0000000000000013
2023-09-30,Onslow,NC,Passenger,0.0,1.0,1.0,133.0,134.0,0.75,2023,9,24285,188,26,1.0,1.0,1.0,1.0,0.0,0.0,27.0,1.0000000000000013
2023-10-31,Onslow,NC,Passenger,0.0,1.0,1.0,129.0,130.0,0.77,2023,10,24286,188,27,1.0,1.0,1.0,1.0,0.0,0.0,28.0,1.0000000000000013
2023-11-30,Onslow,NC,Passenger,0.0,1.0,1.0,125.0,126.0,0.79,2023,11,24287,188,28,1.0,1.0,1.0,1.0,0.0,0.0,29.0,1.0000000000000024
2023-12-31,Onslow,NC,Passenger,0.0,1.0,1.0,121.0,122.0,0.82,2023,12,24288,188,29,1.0,1.0,1.0,1.0,0.0,0.0,30.0,1.000000000000002
2024-01-31,Onslow,NC,Passenger,0.0,1.0,1.0,117.0,118.0,0.85,2024,1,24289,188,30,1.0,1.0,1.0,1.0,0.0,0.0,31.0,1.0000000000000009
2024-02-29,Onslow,NC,Passenger,0.0,1.0,1.0,115.0,116.0,0.86,2024,2,24290,188,31,1.0,1.0,1.0,1.0,0.0,0.0,32.0,1.000000000000002
2017-03-31,Orange,CA,Passenger,2.0,1.0,3.0,670.0,673.0,0.45,2017,3,24207,189,5,2.0,3.0,2.0,2.3333333333333335,0.5,0.5,14.0,2.5428571428571423
2017-04-30,Orange,FL,Passenger,1.0,1.0,2.0,148.0,150.0,1.33,2017,4,24208,189,6,3.0,2.0,3.0,2.6666666666666665,-0.33333333333333337,-0.33333333333333337,16.0,2.457142857142857
2017-04-30,Orange,CA,Passenger,2.0,1.0,3.0,657.0,660.0,0.45,2017,4,24208,189,7,2.0,3.0,2.0,2.3333333333333335,0.5,0.5,19.0,2.5428571428571423
2017-05-31,Orange,CA,Passenger,3.0,1.0,4.0,655.0,659.0,0.61,2017,5,24209,189,8,3.0,2.0,3.0,2.6666666666666665,0.33333333333333326,0.33333333333333326,23.0,2.742857142857143
2017-05-31,Orange,FL,Passenger,1.0,1.0,2.0,143.0,145.0,1.38,2017,5,24209,189,9,4.0,3.0,2.0,3.0,-0.5,0.0,25.0,2.8571428571428568
2017-06-30,Orange,CA,Passenger,3.0,1.0,4.0,638.0,642.0,0.62,2017,6,24210,189,10,2.0,4.0,3.0,3.0,1.0,0.33333333333333326,29.0,3.02857142857143
2017-06-30,Orange,FL,Passenger,1.0,1.0,2.0,133.0,135.0,1.48,2017,6,24210,189,11,4.0,2.0,4.0,3.3333333333333335,-0.5,-0.5,31.0,3.0571428571428574
2017-07-31,Orange,FL,Passenger,1.0,1.0,2.0,130.0,132.0,1.52,2017,7,24211,189,12,2.0,4.0,2.0,2.6666666666666665,0.0,0.0,33.0,2.8000000000000003
2017-07-31,Orange,CA,Passenger,3.0,1.0,4.0,639.0,643.0,0.62,2017,7,24211,189,13,2.0,2.0,4.0,2.6666666666666665,1.0,0.0,37.0,2.742857142857143
2017-08-31,Orange,CA,Passenger,3.0,1.0,4.0,623.0,627.0,0.64,2017,8,24212,189,14,4.0,2.0,2.0,2.6666666666666665,0.0,1.0,41.0,3.02857142857143
2017-08-31,Orange,FL,Passenger,1.0,1.0,2.0,144.0,146.0,1.37,2017,8,24212,189,15,4.0,4.0,2.0,3.3333333333333335,-0.5,0.0,43.0,2.9714285714285724
2017-09-30,Orange,FL,Passenger,1.0,1.0,2.0,144.0,146.0,1.37,2017,9,24213,189,16,2.0,4.0,4.0,3.3333333333333335,0.0,-0.5,45.0,2.97142857142857
2017-09-30,Orange,CA,Passenger,3.0,1.0,4.0,619.0,623.0,0.64,2017,9,24213,189,17,2.0,2.0,4.0,2.6666666666666665,1.0,0.0,49.0,3.028571428571429
2017-10-31,Orange,FL,Passenger,1.0,1.0,2.0,145.0,147.0,1.36,2017,10,24214,189,18,4.0,2.0,2.0,2.6666666666666665,-0.5,0.0,51.0,2.7428571428571438
2017-10-31,Orange,CA,Passenger,3.0,1.0,4.0,616.0,620.0,0.65,2017,10,24214,189,19,2.0,4.0,2.0,2.6666666666666665,1.0,1.0,55.0,2.800000000000001
2017-11-30,Orange,CA,Passenger,3.0,1.0,4.0,601.0,605.0,0.66,2017,11,24215,189,20,4.0,2.0,4.0,3.3333333333333335,0.0,0.0,59.0,3.2000000000000015
2017-11-30,Orange,FL,Passenger,1.0,1.0,2.0,144.0,146.0,1.37,2017,11,24215,189,21,4.0,4.0,2.0,3.3333333333333335,-0.5,0.0,61.0,3.257142857142861
2017-12-31,Orange,FL,Passenger,1.0,1.0,2.0,139.0,141.0,1.42,2017,12,24216,189,22,2.0,4.0,4.0,3.3333333333333335,0.0,-0.5,63.0,2.9714285714285755
2017-12-31,Orange,CA,Passenger,3.0,1.0,4.0,594.0,598.0,0.67,2017,12,24216,189,23,2.0,2.0,4.0,2.6666666666666665,1.0,0.0,67.0,3.0285714285714294
2018-01-31,Orange,FL,Passenger,2.0,1.0,3.0,166.0,169.0,1.78,2018,1,24217,189,24,4.0,2.0,2.0,2.6666666666666665,-0.25,0.5,70.0,2.8857142857142937
2018-01-31,Orange,CA,Passenger,3.0,1.0,4.0,585.0,589.0,0.68,2018,1,24217,189,25,3.0,4.0,2.0,3.0,0.33333333333333326,1.0,74.0,3.028571428571435
2018-02-28,Orange,CA,Passenger,3.0,1.0,4.0,592.0,596.0,0.67,2018,2,24218,189,26,4.0,3.0,4.0,3.6666666666666665,0.0,0.0,78.0,3.4571428571428613
2018-02-28,Orange,FL,Passenger,2.0,1.0,3.0,169.0,172.0,1.74,2018,2,24218,189,27,4.0,4.0,3.0,3.6666666666666665,-0.25,0.0,81.0,3.6285714285714348
2018-03-31,Orange,CA,Passenger,3.0,1.0,4.0,590.0,594.0,0.67,2018,3,24219,189,28,3.0,4.0,4.0,3.6666666666666665,0.33333333333333326,0.0,85.0,3.62857142857143
2018-03-31,Orange,FL,Passenger,2.0,1.0,3.0,170.0,173.0,1.73,2018,3,24219,189,29,4.0,3.0,4.0,3.6666666666666665,-0.25,-0.25,88.0,3.6000000000000045
2018-04-30,Orange,CA,Passenger,3.0,1.0,4.0,588.0,592.0,0.68,2018,4,24220,189,30,3.0,4.0,3.0,3.3333333333333335,0.33333333333333326,0.33333333333333326,92.0,3.54285714285715
2018-04-30,Orange,FL,Passenger,2.0,1.0,3.0,170.0,173.0,1.73,2018,4,24220,189,31,4.0,3.0,4.0,3.6666666666666665,-0.25,-0.25,95.0,3.4571428571428644
2018-05-31,Orange,CA,Passenger,4.0,1.0,5.0,582.0,587.0,0.85,2018,5,24221,189,32,3.0,4.0,3.0,3.3333333333333335,0.6666666666666667,0.6666666666666667,100.0,3.685714285714294
2018-05-31,Orange,FL,Passenger,2.0,1.0,3.0,172.0,175.0,1.71,2018,5,24221,189,33,5.0,3.0,4.0,4.0,-0.4,-0.25,103.0,3.685714285714292
2018-06-30,Orange,CA,Passenger,4.0,1.0,5.0,576.0,581.0,0.86,2018,6,24222,189,34,3.0,5.0,3.0,3.6666666666666665,0.6666666666666667,0.6666666666666667,108.0,3.9428571428571493
2018-06-30,Orange,FL,Passenger,2.0,1.0,3.0,175.0,178.0,1.69,2018,6,24222,189,35,5.0,3.0,5.0,4.333333333333333,-0.4,-0.4,111.0,3.91428571428572
2018-07-31,Orange,FL,Passenger,2.0,1.0,3.0,174.0,177.0,1.69,2018,7,24223,189,36,3.0,5.0,3.0,3.6666666666666665,0.0,0.0,114.0,3.800000000000007
2018-07-31,Orange,CA,Passenger,4.0,1.0,5.0,573.0,578.0,0.87,2018,7,24223,189,37,3.0,3.0,5.0,3.6666666666666665,0.6666666666666667,0.0,119.0,3.7428571428571447
2018-08-31,Orange,CA,Passenger,4.0,1.0,5.0,573.0,578.0,0.87,2018,8,24224,189,38,5.0,3.0,3.0,3.6666666666666665,0.0,0.6666666666666667,124.0,4.028571428571451
2018-08-31,Orange,FL,Passenger,2.0,1.0,3.0,169.0,172.0,1.74,2018,8,24224,189,39,5.0,5.0,3.0,4.333333333333333,-0.4,0.0,127.0,3.971428571428569
2018-09-30,Orange,FL,Passenger,2.0,1.0,3.0,167.0,170.0,1.76,2018,9,24225,189,40,3.0,5.0,5.0,4.333333333333333,0.0,-0.4,130.0,3.9714285714285804
2018-09-30,Orange,CA,Passenger,4.0,1.0,5.0,570.0,575.0,0.87,2018,9,24225,189,41,3.0,3.0,5.0,3.6666666666666665,0.6666666666666667,0.0,135.0,4.028571428571428
2018-10-31,Orange,FL,Passenger,2.0,1.0,3.0,166.0,169.0,1.78,2018,10,24226,189,42,5.0,3.0,3.0,3.6666666666666665,-0.4,0.0,138.0,3.742857142857143
2018-10-31,Orange,CA,Passenger,5.0,1.0,6.0,567.0,573.0,1.05,2018,10,24226,189,43,3.0,5.0,3.0,3.6666666666666665,1.0,1.0,144.0,3.942857142857157
2018-11-30,Orange,FL,Passenger,2.0,1.0,3.0,165.0,168.0,1.79,2018,11,24227,189,44,6.0,3.0,5.0,4.666666666666667,-0.5,-0.4,147.0,4.142857142857144
2018-11-30,Orange,CA,Passenger,5.0,2.0,7.0,564.0,571.0,1.23,2018,11,24227,189,45,3.0,6.0,3.0,4.0,1.3333333333333335,1.3333333333333335,154.0,4.628571428571427
2018-12-31,Orange,CA,Passenger,6.0,2.0,8.0,559.0,567.0,1.41,2018,12,24228,189,46,7.0,3.0,6.0,5.333333333333333,0.1428571428571428,0.33333333333333326,162.0,5.314285714285728
2018-12-31,Orange,FL,Passenger,2.0,0.0,2.0,168.0,170.0,1.18,2018,12,24228,189,47,8.0,7.0,3.0,6.0,-0.75,-0.33333333333333337,164.0,5.457142857142872
2019-01-31,Orange,CA,Passenger,5.0,2.0,7.0,558.0,565.0,1.24,2019,1,24229,189,48,2.0,8.0,7.0,5.666666666666667,2.5,0.0,171.0,5.542857142857143
2019-02-28,Orange,CA,Passenger,5.0,2.0,7.0,553.0,560.0,1.25,2019,2,24230,189,49,7.0,2.0,8.0,5.666666666666667,0.0,-0.125,178.0,5.942857142857151
2019-03-31,Orange,CA,Passenger,5.0,1.0,6.0,553.0,559.0,1.07,2019,3,24231,189,50,7.0,7.0,2.0,5.333333333333333,-0.1428571428571429,2.0,184.0,5.857142857142869
2019-04-30,Orange,CA,Passenger,6.0,1.0,7.0,550.0,557.0,1.26,2019,4,24232,189,51,6.0,7.0,7.0,6.666666666666667,0.16666666666666674,0.0,191.0,6.057142857142872
2019-05-31,Orange,CA,Passenger,6.0,1.0,7.0,548.0,555.0,1.26,2019,5,24233,189,52,7.0,6.0,7.0,6.666666666666667,0.0,0.0,198.0,6.742857142857157
2019-06-30,Orange,CA,Passenger,6.0,1.0,7.0,550.0,557.0,1.26,2019,6,24234,189,53,7.0,7.0,6.0,6.666666666666667,0.0,0.16666666666666674,205.0,6.771428571428585
2019-07-31,Orange,CA,Passenger,6.0,1.0,7.0,544.0,551.0,1.27,2019,7,24235,189,54,7.0,7.0,7.0,7.0,0.0,0.0,212.0,6.85714285714287
2019-08-31,Orange,CA,Passenger,6.0,3.0,9.0,548.0,557.0,1.62,2019,8,24236,189,55,7.0,7.0,7.0,7.0,0.2857142857142858,0.2857142857142858,221.0,7.285714285714306
2019-09-30,Orange,CA,Passenger,7.0,3.0,10.0,537.0,547.0,1.83,2019,9,24237,189,56,9.0,7.0,7.0,7.666666666666667,0.11111111111111116,0.4285714285714286,231.0,7.885714285714302
2019-10-31,Orange,CA,Passenger,7.0,3.0,10.0,534.0,544.0,1.84,2019,10,24238,189,57,10.0,9.0,7.0,8.666666666666666,0.0,0.4285714285714286,241.0,8.628571428571455
2019-11-30,Orange,CA,Passenger,7.0,2.0,9.0,529.0,538.0,1.67,2019,11,24239,189,58,10.0,10.0,9.0,9.666666666666666,-0.09999999999999998,0.0,250.0,9.200000000000003
2019-12-31,Orange,CA,Passenger,7.0,2.0,9.0,530.0,539.0,1.67,2019,12,24240,189,59,9.0,10.0,10.0,9.666666666666666,0.0,-0.09999999999999998,259.0,9.485714285714307
2020-01-31,Orange,CA,Passenger,7.0,2.0,9.0,530.0,539.0,1.67,2020,1,24241,189,60,9.0,9.0,10.0,9.333333333333334,0.0,-0.09999999999999998,268.0,9.371428571428599
2020-02-29,Orange,CA,Passenger,7.0,2.0,9.0,526.0,535.0,1.68,2020,2,24242,189,61,9.0,9.0,9.0,9.0,0.0,0.0,277.0,9.142857142857157
2020-03-31,Orange,CA,Passenger,7.0,2.0,9.0,524.0,533.0,1.69,2020,3,24243,189,62,9.0,9.0,9.0,9.0,0.0,0.0,286.0,8.999999999999996
2020-04-30,Orange,CA,Passenger,7.0,2.0,9.0,517.0,526.0,1.71,2020,4,24244,189,63,9.0,9.0,9.0,9.0,0.0,0.0,295.0,8.999999999999996
2020-05-31,Orange,CA,Passenger,7.0,2.0,9.0,514.0,523.0,1.72,2020,5,24245,189,64,9.0,9.0,9.0,9.0,0.0,0.0,304.0,9.000000000000005
2020-06-30,Orange,CA,Passenger,7.0,2.0,9.0,515.0,524.0,1.72,2020,6,24246,189,65,9.0,9.0,9.0,9.0,0.0,0.0,313.0,9.00000000000002
2020-07-31,Orange,CA,Passenger,7.0,2.0,9.0,506.0,515.0,1.75,2020,7,24247,189,66,9.0,9.0,9.0,9.0,0.0,0.0,322.0,9.000000000000005
2020-08-31,Orange,CA,Passenger,6.0,2.0,8.0,498.0,506.0,1.58,2020,8,24248,189,67,9.0,9.0,9.0,9.0,-0.11111111111111116,-0.11111111111111116,330.0,8.85714285714288
2020-09-30,Orange,CA,Passenger,5.0,3.0,8.0,488.0,496.0,1.61,2020,9,24249,189,68,8.0,9.0,9.0,8.666666666666666,0.0,-0.11111111111111116,338.0,8.628571428571455
2020-09-30,Orange,NC,Passenger,0.0,1.0,1.0,12.0,13.0,6.9025,2020,9,24249,189,69,8.0,8.0,9.0,8.333333333333334,-0.875,-0.8888888888888888,339.0,7.371428571428592
2020-10-31,Orange,NC,Passenger,0.0,1.0,1.0,12.0,13.0,6.9025,2020,10,24250,189,70,1.0,8.0,8.0,5.666666666666667,0.0,-0.875,340.0,5.5428571428571765
2020-10-31,Orange,CA,Passenger,5.0,3.0,8.0,485.0,493.0,1.62,2020,10,24250,189,71,1.0,1.0,8.0,3.3333333333333335,7.0,0.0,348.0,4.600000000000019
2020-11-30,Orange,FL,Passenger,1.0,0.0,1.0,122.0,123.0,0.81,2020,11,24251,189,72,8.0,1.0,1.0,3.3333333333333335,-0.875,0.0,349.0,3.6000000000000374
2020-11-30,Orange,CA,Passenger,4.0,3.0,7.0,476.0,483.0,1.45,2020,11,24251,189,73,1.0,8.0,1.0,3.3333333333333335,6.0,6.0,356.0,3.657142857142884
2020-11-30,Orange,NC,Passenger,0.0,1.0,1.0,13.0,14.0,6.9025,2020,11,24251,189,74,7.0,1.0,8.0,5.333333333333333,-0.8571428571428572,-0.875,357.0,3.9714285714285804
2020-12-31,Orange,NC,Passenger,0.0,1.0,1.0,13.0,14.0,6.9025,2020,12,24252,189,75,1.0,7.0,1.0,3.0,0.0,0.0,358.0,3.5428571428571596
2020-12-31,Orange,FL,Passenger,1.0,0.0,1.0,121.0,122.0,0.82,2020,12,24252,189,76,1.0,1.0,7.0,3.0,0.0,-0.8571428571428572,359.0,2.3714285714286065
2020-12-31,Orange,CA,Passenger,4.0,3.0,7.0,472.0,479.0,1.46,2020,12,24252,189,77,1.0,1.0,1.0,1.0,6.0,6.0,366.0,2.714285714285757
2021-01-31,Orange,NC,Passenger,0.0,1.0,1.0,12.0,13.0,6.9025,2021,1,24253,189,78,7.0,1.0,1.0,3.0,-0.8571428571428572,0.0,367.0,2.3714285714285834
2021-01-31,Orange,FL,Passenger,1.0,0.0,1.0,119.0,120.0,0.83,2021,1,24253,189,79,1.0,7.0,1.0,3.0,0.0,0.0,368.0,2.5428571428571547
2021-01-31,Orange,CA,Passenger,4.0,3.0,7.0,468.0,475.0,1.47,2021,1,24253,189,80,1.0,1.0,7.0,3.0,6.0,0.0,375.0,3.2285714285714557
2021-02-28,Orange,NC,Passenger,0.0,1.0,1.0,12.0,13.0,6.9025,2021,2,24254,189,81,7.0,1.0,1.0,3.0,-0.8571428571428572,0.0,376.0,3.2285714285714557
2021-02-28,Orange,FL,Passenger,1.0,0.0,1.0,118.0,119.0,0.84,2021,2,24254,189,82,1.0,7.0,1.0,3.0,0.0,0.0,377.0,2.5428571428571627
2021-02-28,Orange,CA,Passenger,4.0,3.0,7.0,464.0,471.0,1.49,2021,2,24254,189,83,1.0,1.0,7.0,3.0,6.0,0.0,384.0,3.2285714285714557
2021-03-31,Orange,FL,Passenger,1.0,0.0,1.0,119.0,120.0,0.83,2021,3,24255,189,84,7.0,1.0,1.0,3.0,-0.8571428571428572,0.0,385.0,3.2285714285714326
2021-03-31,Orange,NC,Passenger,0.0,1.0,1.0,12.0,13.0,6.9025,2021,3,24255,189,85,1.0,7.0,1.0,3.0,0.0,0.0,386.0,2.542857142857147
2021-03-31,Orange,CA,Passenger,4.0,3.0,7.0,468.0,475.0,1.47,2021,3,24255,189,86,1.0,1.0,7.0,3.0,6.0,0.0,393.0,3.2285714285714326
2021-04-30,Orange,CA,Passenger,4.0,3.0,7.0,462.0,469.0,1.49,2021,4,24256,189,87,7.0,1.0,1.0,3.0,0.0,6.0,400.0,4.085714285714274
2021-04-30,Orange,FL,Passenger,1.0,0.0,1.0,119.0,120.0,0.83,2021,4,24256,189,88,7.0,7.0,1.0,5.0,-0.8571428571428572,0.0,401.0,3.9142857142857337
2021-04-30,Orange,NC,Passenger,0.0,1.0,1.0,12.0,13.0,6.9025,2021,4,24256,189,89,1.0,7.0,7.0,5.0,0.0,-0.8571428571428572,402.0,3.9142857142857257
2021-05-31,Orange,FL,Passenger,1.0,0.0,1.0,115.0,116.0,0.86,2021,5,24257,189,90,1.0,1.0,7.0,3.0,0.0,-0.8571428571428572,403.0,3.2285714285714557
2021-05-31,Orange,NC,Passenger,0.0,1.0,1.0,13.0,14.0,6.9025,2021,5,24257,189,91,1.0,1.0,1.0,1.0,0.0,0.0,404.0,1.8571428571428923
2021-05-31,Orange,CA,Passenger,4.0,3.0,7.0,454.0,461.0,1.52,2021,5,24257,189,92,1.0,1.0,1.0,1.0,6.0,6.0,411.0,1.8571428571429
2021-06-30,Orange,FL,Passenger,1.0,0.0,1.0,119.0,120.0,0.83,2021,6,24258,189,93,7.0,1.0,1.0,3.0,-0.8571428571428572,0.0,412.0,2.371428571428591
2021-06-30,Orange,CA,Passenger,4.0,3.0,7.0,446.0,453.0,1.55,2021,6,24258,189,94,1.0,7.0,1.0,3.0,6.0,6.0,419.0,3.400000000000027
2021-06-30,Orange,NC,Passenger,0.0,1.0,1.0,13.0,14.0,6.9025,2021,6,24258,189,95,7.0,1.0,7.0,5.0,-0.8571428571428572,-0.8571428571428572,420.0,3.7428571428571775
2021-07-31,Orange,CA,Passenger,5.0,3.0,8.0,437.0,445.0,1.8,2021,7,24259,189,96,1.0,7.0,1.0,3.0,7.0,7.0,428.0,4.400000000000039
2021-07-31,Orange,NC,Passenger,0.0,1.0,1.0,13.0,14.0,6.9025,2021,7,24259,189,97,8.0,1.0,7.0,5.333333333333333,-0.875,-0.8571428571428572,429.0,3.971428571428611
2021-07-31,Orange,FL,Passenger,2.0,0.0,2.0,115.0,117.0,1.71,2021,7,24259,189,98,1.0,8.0,1.0,3.3333333333333335,1.0,1.0,431.0,3.8000000000000167
2021-08-31,Orange,FL,Passenger,2.0,0.0,2.0,117.0,119.0,1.68,2021,8,24260,189,99,2.0,1.0,8.0,3.6666666666666665,0.0,-0.75,433.0,2.971428571428606
2021-08-31,Orange,CA,Passenger,5.0,2.0,7.0,434.0,441.0,1.59,2021,8,24260,189,100,2.0,2.0,1.0,1.6666666666666667,2.5,6.0,440.0,3.3428571428571723
2021-08-31,Orange,NC,Passenger,0.0,1.0,1.0,13.0,14.0,6.9025,2021,8,24260,189,101,7.0,2.0,2.0,3.6666666666666665,-0.8571428571428572,-0.5,441.0,2.8571428571428896
2021-09-30,Orange,CA,Passenger,5.0,2.0,7.0,431.0,438.0,1.6,2021,9,24261,189,102,1.0,7.0,2.0,3.3333333333333335,6.0,2.5,448.0,3.7714285714285625
2021-09-30,Orange,FL,Passenger,2.0,0.0,2.0,116.0,118.0,1.69,2021,9,24261,189,103,7.0,1.0,7.0,5.0,-0.7142857142857143,-0.7142857142857143,450.0,4.028571428571473
2021-09-30,Orange,NC,Passenger,0.0,1.0,1.0,13.0,14.0,6.9025,2021,9,24261,189,104,2.0,7.0,1.0,3.3333333333333335,-0.5,0.0,451.0,3.6285714285714223
2021-10-31,Orange,CA,Passenger,5.0,2.0,7.0,425.0,432.0,1.62,2021,10,24262,189,105,1.0,2.0,7.0,3.3333333333333335,6.0,0.0,458.0,3.4857142857143204
2021-10-31,Orange,FL,Passenger,2.0,0.0,2.0,115.0,117.0,1.71,2021,10,24262,189,106,7.0,1.0,2.0,3.3333333333333335,-0.7142857142857143,0.0,460.0,3.60000000000006
2021-10-31,Orange,NC,Passenger,0.0,1.0,1.0,12.0,13.0,6.9025,2021,10,24262,189,107,2.0,7.0,1.0,3.3333333333333335,-0.5,0.0,461.0,2.914285714285729
2021-11-30,Orange,CA,Passenger,5.0,2.0,7.0,422.0,429.0,1.63,2021,11,24263,189,108,1.0,2.0,7.0,3.3333333333333335,6.0,0.0,468.0,3.485714285714305
2021-11-30,Orange,FL,Passenger,2.0,0.0,2.0,112.0,114.0,1.75,2021,11,24263,189,109,7.0,1.0,2.0,3.3333333333333335,-0.7142857142857143,0.0,470.0,3.60000000000006
2021-11-30,Orange,NC,Passenger,0.0,1.0,1.0,12.0,13.0,6.9025,2021,11,24263,189,110,2.0,7.0,1.0,3.3333333333333335,-0.5,0.0,471.0,2.9142857142857745
2021-12-31,Orange,NC,Passenger,0.0,1.0,1.0,12.0,13.0,6.9025,2021,12,24264,189,111,1.0,2.0,7.0,3.3333333333333335,0.0,-0.8571428571428572,472.0,2.628571428571448
2021-12-31,Orange,CA,Passenger,5.0,2.0,7.0,415.0,422.0,1.66,2021,12,24264,189,112,1.0,1.0,2.0,1.3333333333333333,6.0,2.5,479.0,2.9428571428571675
2021-12-31,Orange,FL,Passenger,2.0,0.0,2.0,111.0,113.0,1.77,2021,12,24264,189,113,7.0,1.0,1.0,3.0,-0.7142857142857143,1.0,481.0,2.6571428571428717
2022-01-31,Orange,FL,Passenger,2.0,0.0,2.0,107.0,109.0,1.83,2022,1,24265,189,114,2.0,7.0,1.0,3.3333333333333335,0.0,1.0,483.0,2.914285714285744
2022-01-31,Orange,CA,Passenger,5.0,3.0,8.0,422.0,430.0,1.86,2022,1,24265,189,115,2.0,2.0,7.0,3.6666666666666665,3.0,0.1428571428571428,491.0,3.857142857142948
2022-01-31,Orange,NC,Passenger,0.0,1.0,1.0,12.0,13.0,6.9025,2022,1,24265,189,116,8.0,2.0,2.0,4.0,-0.875,-0.5,492.0,3.9428571428571724
2022-02-28,Orange,FL,Passenger,2.0,0.0,2.0,104.0,106.0,1.89,2022,2,24266,189,117,1.0,8.0,2.0,3.6666666666666665,1.0,0.0,494.0,3.314285714285703
2022-02-28,Orange,CA,Passenger,4.0,3.0,7.0,411.0,418.0,1.67,2022,2,24266,189,118,2.0,1.0,8.0,3.6666666666666665,2.5,-0.125,501.0,3.8285714285714323
2022-02-28,Orange,NC,Passenger,0.0,1.0,1.0,12.0,13.0,6.9025,2022,2,24266,189,119,7.0,2.0,1.0,3.3333333333333335,-0.8571428571428572,0.0,502.0,3.628571428571468
2022-03-31,Orange,FL,Passenger,2.0,0.0,2.0,103.0,105.0,1.9,2022,3,24267,189,120,1.0,7.0,2.0,3.3333333333333335,1.0,0.0,504.0,2.914285714285729
2022-03-31,Orange,NC,Passenger,0.0,1.0,1.0,12.0,13.0,6.9025,2022,3,24267,189,121,2.0,1.0,7.0,3.3333333333333335,-0.5,-0.8571428571428572,505.0,2.7428571428571726
2022-03-31,Orange,CA,Passenger,4.0,3.0,7.0,406.0,413.0,1.69,2022,3,24267,189,122,1.0,2.0,1.0,1.3333333333333333,6.0,6.0,512.0,2.9714285714286217
2022-04-30,Orange,NC,Passenger,0.0,1.0,1.0,10.0,11.0,6.9025,2022,4,24268,189,123,7.0,1.0,2.0,3.3333333333333335,-0.8571428571428572,-0.5,513.0,2.6000000000000556
2022-04-30,Orange,CA,Passenger,5.0,3.0,8.0,402.0,410.0,1.95,2022,4,24268,189,124,1.0,7.0,1.0,3.0,7.0,7.0,521.0,3.6857142857143304
2022-04-30,Orange,FL,Passenger,2.0,0.0,2.0,104.0,106.0,1.89,2022,4,24268,189,125,8.0,1.0,7.0,5.333333333333333,-0.75,-0.7142857142857143,523.0,4.114285714285743
2022-05-31,Orange,CA,Passenger,6.0,3.0,9.0,398.0,407.0,2.21,2022,5,24269,189,126,2.0,8.0,1.0,3.6666666666666665,3.5,8.0,532.0,5.028571428571447
2022-05-31,Orange,NC,Passenger,0.0,1.0,1.0,10.0,11.0,6.9025,2022,5,24269,189,127,9.0,2.0,8.0,6.333333333333333,-0.8888888888888888,-0.875,533.0,4.68571428571432
2022-05-31,Orange,FL,Passenger,2.0,0.0,2.0,100.0,102.0,1.96,2022,5,24269,189,128,1.0,9.0,2.0,4.0,1.0,0.0,535.0,4.428571428571479
2022-06-30,Orange,FL,Passenger,2.0,0.0,2.0,97.0,99.0,2.02,2022,6,24270,189,129,2.0,1.0,9.0,4.0,0.0,-0.7777777777777778,537.0,3.342857142857203
2022-06-30,Orange,NC,Passenger,0.0,1.0,1.0,9.0,10.0,6.9025,2022,6,24270,189,130,2.0,2.0,1.0,1.6666666666666667,-0.5,0.0,538.0,2.6285714285714787
2022-06-30,Orange,CA,Passenger,6.0,3.0,9.0,387.0,396.0,2.27,2022,6,24270,189,131,1.0,2.0,2.0,1.6666666666666667,8.0,3.5,547.0,2.6285714285714943
2022-07-31,Orange,NC,Passenger,0.0,1.0,1.0,9.0,10.0,6.9025,2022,7,24271,189,132,9.0,1.0,2.0,4.0,-0.8888888888888888,-0.5,548.0,3.2000000000000246
2022-07-31,Orange,FL,Passenger,2.0,0.0,2.0,90.0,92.0,2.17,2022,7,24271,189,133,1.0,9.0,1.0,3.6666666666666665,1.0,1.0,550.0,3.342857142857203
2022-07-31,Orange,CA,Passenger,7.0,3.0,10.0,376.0,386.0,2.59,2022,7,24271,189,134,2.0,1.0,9.0,4.0,4.0,0.11111111111111116,560.0,4.342857142857147
2022-08-31,Orange,FL,Passenger,2.0,0.0,2.0,89.0,91.0,2.2,2022,8,24272,189,135,10.0,2.0,1.0,4.333333333333333,-0.8,1.0,562.0,4.600000000000019
2022-08-31,Orange,NC,Passenger,0.0,1.0,1.0,8.0,9.0,6.9025,2022,8,24272,189,136,2.0,10.0,2.0,4.666666666666667,-0.5,-0.5,563.0,3.7714285714286007
2022-08-31,Orange,CA,Passenger,7.0,3.0,10.0,373.0,383.0,2.61,2022,8,24272,189,137,1.0,2.0,10.0,4.333333333333333,9.0,0.0,573.0,4.742857142857213
2022-09-30,Orange,CA,Passenger,6.0,3.0,9.0,368.0,377.0,2.39,2022,9,24273,189,138,10.0,1.0,2.0,4.333333333333333,-0.09999999999999998,3.5,582.0,5.714285714285733
2022-09-30,Orange,FL,Passenger,1.0,0.0,1.0,87.0,88.0,1.14,2022,9,24273,189,139,9.0,10.0,1.0,6.666666666666667,-0.8888888888888888,0.0,583.0,5.285714285714335
2022-09-30,Orange,NC,Passenger,0.0,1.0,1.0,7.0,8.0,6.9025,2022,9,24273,189,140,1.0,9.0,10.0,6.666666666666667,0.0,-0.9,584.0,5.1142857142857485
2022-10-31,Orange,NC,Passenger,0.0,1.0,1.0,7.0,8.0,6.9025,2022,10,24274,189,141,1.0,1.0,9.0,3.6666666666666665,0.0,-0.8888888888888888,585.0,4.114285714285774
2022-10-31,Orange,FL,Passenger,1.0,0.0,1.0,82.0,83.0,1.2,2022,10,24274,189,142,1.0,1.0,1.0,1.0,0.0,0.0,586.0,2.142857142857173
2022-10-31,Orange,CA,Passenger,6.0,3.0,9.0,365.0,374.0,2.41,2022,10,24274,189,143,1.0,1.0,1.0,1.0,8.0,8.0,595.0,2.142857142857188
2022-11-30,Orange,NC,Passenger,0.0,1.0,1.0,6.0,7.0,6.9025,2022,11,24275,189,144,9.0,1.0,1.0,3.6666666666666665,-0.8888888888888888,0.0,596.0,2.8285714285714736
2022-11-30,Orange,CA,Passenger,8.0,3.0,11.0,365.0,376.0,2.93,2022,11,24275,189,145,1.0,9.0,1.0,3.6666666666666665,10.0,10.0,607.0,4.485714285714341
2022-11-30,Orange,FL,Passenger,1.0,0.0,1.0,80.0,81.0,1.23,2022,11,24275,189,146,11.0,1.0,9.0,7.0,-0.9090909090909091,-0.8888888888888888,608.0,5.1142857142857485
2022-12-31,Orange,NC,Passenger,0.0,1.0,1.0,6.0,7.0,6.9025,2022,12,24276,189,147,1.0,11.0,1.0,4.333333333333333,0.0,0.0,609.0,4.714285714285728
2022-12-31,Orange,FL,Passenger,1.0,0.0,1.0,77.0,78.0,1.28,2022,12,24276,189,148,1.0,1.0,11.0,4.333333333333333,0.0,-0.9090909090909091,610.0,3.2857142857143407
2022-12-31,Orange,CA,Passenger,10.0,3.0,13.0,365.0,378.0,3.44,2022,12,24276,189,149,1.0,1.0,1.0,1.0,12.0,12.0,623.0,4.142857142857167
2023-01-31,Orange,CA,Passenger,10.0,3.0,13.0,355.0,368.0,3.53,2023,1,24277,189,150,13.0,1.0,1.0,5.0,0.0,12.0,636.0,5.457142857142876
2023-01-31,Orange,FL,Passenger,1.0,0.0,1.0,73.0,74.0,1.35,2023,1,24277,189,151,13.0,13.0,1.0,9.0,-0.9230769230769231,0.0,637.0,6.828571428571432
2023-01-31,Orange,NC,Passenger,0.0,1.0,1.0,6.0,7.0,6.9025,2023,1,24277,189,152,1.0,13.0,13.0,9.0,0.0,-0.9230769230769231,638.0,6.828571428571477
2023-02-28,Orange,NC,Passenger,0.0,1.0,1.0,6.0,7.0,6.9025,2023,2,24278,189,153,1.0,1.0,13.0,5.0,0.0,-0.9230769230769231,639.0,5.457142857142906
2023-02-28,Orange,FL,Passenger,1.0,0.0,1.0,70.0,71.0,1.41,2023,2,24278,189,154,1.0,1.0,1.0,1.0,0.0,0.0,640.0,2.714285714285734
2023-02-28,Orange,CA,Passenger,10.0,3.0,13.0,352.0,365.0,3.56,2023,2,24278,189,155,1.0,1.0,1.0,1.0,12.0,12.0,653.0,2.7142857142857646
2023-03-31,Orange,NC,Passenger,0.0,1.0,1.0,6.0,7.0,6.9025,2023,3,24279,189,156,13.0,1.0,1.0,5.0,-0.9230769230769231,0.0,654.0,3.742857142857162
2023-03-31,Orange,CA,Passenger,10.0,3.0,13.0,341.0,354.0,3.67,2023,3,24279,189,157,1.0,13.0,1.0,5.0,12.0,12.0,667.0,5.80000000000005
2023-03-31,Orange,FL,Passenger,1.0,0.0,1.0,68.0,69.0,1.45,2023,3,24279,189,158,13.0,1.0,13.0,9.0,-0.9230769230769231,-0.9230769230769231,668.0,6.4857142857143195
2023-04-30,Orange,FL,Passenger,1.0,0.0,1.0,67.0,68.0,1.47,2023,4,24280,189,159,1.0,13.0,1.0,5.0,0.0,0.0,669.0,5.8000000000000185
2023-04-30,Orange,NC,Passenger,0.0,1.0,1.0,6.0,7.0,6.9025,2023,4,24280,189,160,1.0,1.0,13.0,5.0,0.0,-0.9230769230769231,670.0,3.7428571428571926
2023-04-30,Orange,CA,Passenger,10.0,3.0,13.0,334.0,347.0,3.75,2023,4,24280,189,161,1.0,1.0,1.0,1.0,12.0,12.0,683.0,4.428571428571479
2023-05-31,Orange,FL,Passenger,1.0,0.0,1.0,67.0,68.0,1.47,2023,5,24281,189,162,13.0,1.0,1.0,5.0,-0.9230769230769231,0.0,684.0,3.742857142857208
2023-05-31,Orange,CA,Passenger,8.0,3.0,11.0,328.0,339.0,3.24,2023,5,24281,189,163,1.0,13.0,1.0,5.0,10.0,10.0,695.0,5.514285714285753
2023-05-31,Orange,NC,Passenger,0.0,1.0,1.0,5.0,6.0,6.9025,2023,5,24281,189,164,11.0,1.0,13.0,8.333333333333334,-0.9090909090909091,-0.9230769230769231,696.0,6.0285714285714365
2023-06-30,Orange,FL,Passenger,1.0,0.0,1.0,61.0,62.0,1.61,2023,6,24282,189,165,1.0,11.0,1.0,4.333333333333333,0.0,0.0,697.0,5.28571428571432
2023-06-30,Orange,CA,Passenger,8.0,3.0,11.0,319.0,330.0,3.33,2023,6,24282,189,166,1.0,1.0,11.0,4.333333333333333,10.0,0.0,708.0,4.714285714285789
2023-06-30,Orange,NC,Passenger,0.0,1.0,1.0,5.0,6.0,6.9025,2023,6,24282,189,167,11.0,1.0,1.0,4.333333333333333,-0.9090909090909091,0.0,709.0,4.714285714285774
2023-07-31,Orange,CA,Passenger,8.0,3.0,11.0,316.0,327.0,3.36,2023,7,24283,189,168,1.0,11.0,1.0,4.333333333333333,10.0,10.0,720.0,5.000000000000054
2023-07-31,Orange,FL,Passenger,1.0,0.0,1.0,58.0,59.0,1.69,2023,7,24283,189,169,11.0,1.0,11.0,7.666666666666667,-0.9090909090909091,-0.9090909090909091,721.0,5.571428571428616
2023-07-31,Orange,NC,Passenger,0.0,1.0,1.0,5.0,6.0,6.9025,2023,7,24283,189,170,1.0,11.0,1.0,4.333333333333333,0.0,0.0,722.0,5.00000000000007
2023-08-31,Orange,NC,Passenger,0.0,1.0,1.0,5.0,6.0,6.9025,2023,8,24284,189,171,1.0,1.0,11.0,4.333333333333333,0.0,-0.9090909090909091,723.0,3.2857142857143407
2023-08-31,Orange,FL,Passenger,1.0,0.0,1.0,54.0,55.0,1.82,2023,8,24284,189,172,1.0,1.0,1.0,1.0,0.0,0.0,724.0,2.428571428571484
2023-08-31,Orange,CA,Passenger,8.0,3.0,11.0,304.0,315.0,3.49,2023,8,24284,189,173,1.0,1.0,1.0,1.0,10.0,10.0,735.0,2.428571428571484
2023-08-31,Orange,CA,Truck,1.0,0.0,1.0,62.0,63.0,1.59,2023,8,24284,189,174,11.0,1.0,1.0,4.333333333333333,-0.9090909090909091,0.0,736.0,3.2857142857143407
2023-09-30,Orange,CA,Passenger,7.0,3.0,10.0,298.0,308.0,3.25,2023,9,24285,189,175,1.0,11.0,1.0,4.333333333333333,9.0,9.0,746.0,4.857142857142922
2023-09-30,Orange,NC,Passenger,0.0,1.0,1.0,4.0,5.0,6.9025,2023,9,24285,189,176,10.0,1.0,11.0,7.333333333333333,-0.9,-0.9090909090909091,747.0,5.342857142857228
2023-09-30,Orange,CA,Truck,1.0,0.0,1.0,62.0,63.0,1.59,2023,9,24285,189,177,1.0,10.0,1.0,4.0,0.0,0.0,748.0,4.742857142857213
2023-09-30,Orange,FL,Passenger,1.0,0.0,1.0,54.0,55.0,1.82,2023,9,24285,189,178,1.0,1.0,10.0,4.0,0.0,-0.9,749.0,3.057142857142907
2023-10-31,Orange,CA,Passenger,7.0,3.0,10.0,285.0,295.0,3.39,2023,10,24286,189,179,1.0,1.0,1.0,1.0,9.0,9.0,759.0,3.5714285714286214
2023-10-31,Orange,CA,Truck,1.0,0.0,1.0,61.0,62.0,1.61,2023,10,24286,189,180,10.0,1.0,1.0,4.0,-0.9,0.0,760.0,3.0571428571429227
2023-10-31,Orange,FL,Passenger,1.0,0.0,1.0,50.0,51.0,1.96,2023,10,24286,189,181,1.0,10.0,1.0,4.0,0.0,0.0,761.0,3.314285714285749
2023-10-31,Orange,NC,Passenger,0.0,1.0,1.0,4.0,5.0,6.9025,2023,10,24286,189,182,1.0,1.0,10.0,4.0,0.0,-0.9,762.0,3.0571428571429227
2023-11-30,Orange,CA,Truck,1.0,0.0,1.0,62.0,63.0,1.59,2023,11,24287,189,183,1.0,1.0,1.0,1.0,0.0,0.0,763.0,2.285714285714367
2023-11-30,Orange,CA,Passenger,8.0,3.0,11.0,276.0,287.0,3.83,2023,11,24287,189,184,1.0,1.0,1.0,1.0,10.0,10.0,774.0,2.428571428571438
2023-11-30,Orange,NC,Passenger,0.0,1.0,1.0,4.0,5.0,6.9025,2023,11,24287,189,185,11.0,1.0,1.0,4.333333333333333,-0.9090909090909091,0.0,775.0,3.2857142857143407
2023-11-30,Orange,FL,Passenger,1.0,0.0,1.0,49.0,50.0,2.0,2023,11,24287,189,186,1.0,11.0,1.0,4.333333333333333,0.0,0.0,776.0,3.571428571428637
2023-12-31,Orange,FL,Passenger,1.0,0.0,1.0,46.0,47.0,2.13,2023,12,24288,189,187,1.0,1.0,11.0,4.333333333333333,0.0,-0.9090909090909091,777.0,3.285714285714387
2023-12-31,Orange,CA,Passenger,7.0,2.0,9.0,265.0,274.0,3.28,2023,12,24288,189,188,1.0,1.0,1.0,1.0,8.0,8.0,786.0,3.571428571428652
2023-12-31,Orange,CA,Truck,1.0,0.0,1.0,60.0,61.0,1.64,2023,12,24288,189,189,9.0,1.0,1.0,3.6666666666666665,-0.8888888888888888,0.0,787.0,2.8285714285714585
2023-12-31,Orange,NC,Passenger,0.0,1.0,1.0,4.0,5.0,6.9025,2023,12,24288,189,190,1.0,9.0,1.0,3.6666666666666665,0.0,0.0,788.0,3.0571428571429227
2024-01-31,Orange,FL,Passenger,1.0,0.0,1.0,45.0,46.0,2.17,2024,1,24289,189,191,1.0,1.0,9.0,3.6666666666666665,0.0,-0.8888888888888888,789.0,2.8285714285714736
2024-01-31,Orange,CA,Truck,1.0,0.0,1.0,59.0,60.0,1.67,2024,1,24289,189,192,1.0,1.0,1.0,1.0,0.0,0.0,790.0,2.142857142857188
2024-01-31,Orange,NC,Passenger,0.0,1.0,1.0,4.0,5.0,6.9025,2024,1,24289,189,193,1.0,1.0,1.0,1.0,0.0,0.0,791.0,1.0000000000000508
2024-01-31,Orange,CA,Passenger,7.0,2.0,9.0,247.0,256.0,3.52,2024,1,24289,189,194,1.0,1.0,1.0,1.0,8.0,8.0,800.0,2.142857142857188
2024-02-29,Orange,NC,Passenger,0.0,1.0,1.0,3.0,4.0,6.9025,2024,2,24290,189,195,9.0,1.0,1.0,3.6666666666666665,-0.8888888888888888,0.0,801.0,2.8285714285714736
2024-02-29,Orange,FL,Passenger,1.0,0.0,1.0,39.0,40.0,2.5,2024,2,24290,189,196,1.0,9.0,1.0,3.6666666666666665,0.0,0.0,802.0,3.057142857142892
2024-02-29,Orange,CA,Passenger,7.0,2.0,9.0,233.0,242.0,3.72,2024,2,24290,189,197,1.0,1.0,9.0,3.6666666666666665,8.0,0.0,811.0,3.971428571428611
2024-02-29,Orange,CA,Truck,1.0,0.0,1.0,56.0,57.0,1.75,2024,2,24290,189,198,9.0,1.0,1.0,3.6666666666666665,-0.8888888888888888,0.0,812.0,3.9714285714286417
2017-06-30,Orleans,LA,Passenger,0.0,1.0,1.0,46.0,47.0,2.13,2017,6,24210,190,5,1.0,1.0,1.0,1.0,0.0,0.0,6.0,0.9999999999999998
2017-07-31,Orleans,LA,Passenger,0.0,1.0,1.0,47.0,48.0,2.08,2017,7,24211,190,6,1.0,1.0,1.0,1.0,0.0,0.0,7.0,0.9999999999999998
2017-08-31,Orleans,LA,Passenger,0.0,1.0,1.0,44.0,45.0,2.22,2017,8,24212,190,7,1.0,1.0,1.0,1.0,0.0,0.0,8.0,0.9999999999999999
2017-09-30,Orleans,LA,Passenger,0.0,1.0,1.0,45.0,46.0,2.17,2017,9,24213,190,8,1.0,1.0,1.0,1.0,0.0,0.0,9.0,1.0000000000000002
2017-10-31,Orleans,LA,Passenger,0.0,1.0,1.0,46.0,47.0,2.13,2017,10,24214,190,9,1.0,1.0,1.0,1.0,0.0,0.0,10.0,1.0000000000000002
2017-11-30,Orleans,LA,Passenger,0.0,1.0,1.0,46.0,47.0,2.13,2017,11,24215,190,10,1.0,1.0,1.0,1.0,0.0,0.0,11.0,1.0
2017-12-31,Orleans,LA,Passenger,0.0,1.0,1.0,47.0,48.0,2.08,2017,12,24216,190,11,1.0,1.0,1.0,1.0,0.0,0.0,12.0,1.0000000000000002
2018-01-31,Orleans,LA,Passenger,0.0,1.0,1.0,46.0,47.0,2.13,2018,1,24217,190,12,1.0,1.0,1.0,1.0,0.0,0.0,13.0,1.0000000000000002
2018-02-28,Orleans,LA,Passenger,0.0,1.0,1.0,47.0,48.0,2.08,2018,2,24218,190,13,1.0,1.0,1.0,1.0,0.0,0.0,14.0,1.0000000000000009
2018-03-31,Orleans,LA,Passenger,0.0,1.0,1.0,46.0,47.0,2.13,2018,3,24219,190,14,1.0,1.0,1.0,1.0,0.0,0.0,15.0,1.0000000000000007
2018-04-30,Orleans,LA,Passenger,0.0,1.0,1.0,48.0,49.0,2.04,2018,4,24220,190,15,1.0,1.0,1.0,1.0,0.0,0.0,16.0,1.0000000000000009
2018-05-31,Orleans,LA,Passenger,0.0,1.0,1.0,47.0,48.0,2.08,2018,5,24221,190,16,1.0,1.0,1.0,1.0,0.0,0.0,17.0,1.0
2018-06-30,Orleans,LA,Passenger,0.0,1.0,1.0,48.0,49.0,2.04,2018,6,24222,190,17,1.0,1.0,1.0,1.0,0.0,0.0,18.0,1.0000000000000002
2018-07-31,Orleans,LA,Passenger,0.0,1.0,1.0,48.0,49.0,2.04,2018,7,24223,190,18,1.0,1.0,1.0,1.0,0.0,0.0,19.0,1.000000000000002
2019-12-31,Osceola,FL,Passenger,1.0,0.0,1.0,43.0,44.0,2.27,2019,12,24240,191,5,1.0,1.0,1.0,1.0,0.0,0.0,6.0,0.9999999999999998
2020-01-31,Osceola,FL,Passenger,1.0,0.0,1.0,42.0,43.0,2.33,2020,1,24241,191,6,1.0,1.0,1.0,1.0,0.0,0.0,7.0,0.9999999999999998
2020-02-29,Osceola,FL,Passenger,1.0,0.0,1.0,42.0,43.0,2.33,2020,2,24242,191,7,1.0,1.0,1.0,1.0,0.0,0.0,8.0,0.9999999999999999
2020-03-31,Osceola,FL,Passenger,1.0,0.0,1.0,42.0,43.0,2.33,2020,3,24243,191,8,1.0,1.0,1.0,1.0,0.0,0.0,9.0,1.0000000000000002
2020-04-30,Osceola,FL,Passenger,1.0,0.0,1.0,42.0,43.0,2.33,2020,4,24244,191,9,1.0,1.0,1.0,1.0,0.0,0.0,10.0,1.0000000000000002
2020-05-31,Osceola,FL,Passenger,1.0,0.0,1.0,40.0,41.0,2.44,2020,5,24245,191,10,1.0,1.0,1.0,1.0,0.0,0.0,11.0,1.0
2020-06-30,Osceola,FL,Passenger,1.0,0.0,1.0,39.0,40.0,2.5,2020,6,24246,191,11,1.0,1.0,1.0,1.0,0.0,0.0,12.0,1.0000000000000002
2023-10-31,Otero,NM,Passenger,0.0,1.0,1.0,22.0,23.0,4.35,2023,10,24286,192,5,1.0,1.0,1.0,1.0,0.0,0.0,6.0,0.9999999999999998
2023-11-30,Otero,NM,Passenger,0.0,1.0,1.0,21.0,22.0,4.55,2023,11,24287,192,6,1.0,1.0,1.0,1.0,0.0,0.0,7.0,0.9999999999999998
2023-12-31,Otero,NM,Passenger,0.0,1.0,1.0,21.0,22.0,4.55,2023,12,24288,192,7,1.0,1.0,1.0,1.0,0.0,0.0,8.0,0.9999999999999999
2024-01-31,Otero,NM,Passenger,0.0,1.0,1.0,21.0,22.0,4.55,2024,1,24289,192,8,1.0,1.0,1.0,1.0,0.0,0.0,9.0,1.0000000000000002
2024-02-29,Otero,NM,Passenger,0.0,1.0,1.0,21.0,22.0,4.55,2024,2,24290,192,9,1.0,1.0,1.0,1.0,0.0,0.0,10.0,1.0000000000000002
2019-07-31,Owyhee,ID,Passenger,1.0,0.0,1.0,5.0,6.0,6.9025,2019,7,24235,193,5,1.0,1.0,1.0,1.0,0.0,0.0,6.0,0.9999999999999998
2019-08-31,Owyhee,ID,Passenger,1.0,0.0,1.0,4.0,5.0,6.9025,2019,8,24236,193,6,1.0,1.0,1.0,1.0,0.0,0.0,7.0,0.9999999999999998
2019-09-30,Owyhee,ID,Passenger,1.0,0.0,1.0,4.0,5.0,6.9025,2019,9,24237,193,7,1.0,1.0,1.0,1.0,0.0,0.0,8.0,0.9999999999999999
2019-10-31,Owyhee,ID,Passenger,1.0,0.0,1.0,3.0,4.0,6.9025,2019,10,24238,193,8,1.0,1.0,1.0,1.0,0.0,0.0,9.0,1.0000000000000002
2019-11-30,Owyhee,ID,Passenger,1.0,0.0,1.0,3.0,4.0,6.9025,2019,11,24239,193,9,1.0,1.0,1.0,1.0,0.0,0.0,10.0,1.0000000000000002
2019-12-31,Owyhee,ID,Passenger,1.0,0.0,1.0,3.0,4.0,6.9025,2019,12,24240,193,10,1.0,1.0,1.0,1.0,0.0,0.0,11.0,1.0
2020-01-31,Owyhee,ID,Passenger,1.0,0.0,1.0,3.0,4.0,6.9025,2020,1,24241,193,11,1.0,1.0,1.0,1.0,0.0,0.0,12.0,1.0000000000000002
2020-02-29,Owyhee,ID,Passenger,1.0,0.0,1.0,3.0,4.0,6.9025,2020,2,24242,193,12,1.0,1.0,1.0,1.0,0.0,0.0,13.0,1.0000000000000002
2020-03-31,Owyhee,ID,Passenger,1.0,0.0,1.0,3.0,4.0,6.9025,2020,3,24243,193,13,1.0,1.0,1.0,1.0,0.0,0.0,14.0,1.0000000000000009
2020-04-30,Owyhee,ID,Passenger,1.0,0.0,1.0,3.0,4.0,6.9025,2020,4,24244,193,14,1.0,1.0,1.0,1.0,0.0,0.0,15.0,1.0000000000000007
2020-05-31,Owyhee,ID,Passenger,1.0,0.0,1.0,3.0,4.0,6.9025,2020,5,24245,193,15,1.0,1.0,1.0,1.0,0.0,0.0,16.0,1.0000000000000009
2020-06-30,Owyhee,ID,Passenger,1.0,0.0,1.0,3.0,4.0,6.9025,2020,6,24246,193,16,1.0,1.0,1.0,1.0,0.0,0.0,17.0,1.0
2020-07-31,Owyhee,ID,Passenger,1.0,0.0,1.0,3.0,4.0,6.9025,2020,7,24247,193,17,1.0,1.0,1.0,1.0,0.0,0.0,18.0,1.0000000000000002
2020-08-31,Owyhee,ID,Passenger,1.0,0.0,1.0,3.0,4.0,6.9025,2020,8,24248,193,18,1.0,1.0,1.0,1.0,0.0,0.0,19.0,1.000000000000002
2020-09-30,Owyhee,ID,Passenger,1.0,0.0,1.0,3.0,4.0,6.9025,2020,9,24249,193,19,1.0,1.0,1.0,1.0,0.0,0.0,20.0,0.9999999999999998
2020-10-31,Owyhee,ID,Passenger,1.0,0.0,1.0,3.0,4.0,6.9025,2020,10,24250,193,20,1.0,1.0,1.0,1.0,0.0,0.0,21.0,1.000000000000001
2020-11-30,Owyhee,ID,Passenger,1.0,0.0,1.0,3.0,4.0,6.9025,2020,11,24251,193,21,1.0,1.0,1.0,1.0,0.0,0.0,22.0,1.0000000000000013
2020-12-31,Owyhee,ID,Passenger,1.0,0.0,1.0,3.0,4.0,6.9025,2020,12,24252,193,22,1.0,1.0,1.0,1.0,0.0,0.0,23.0,1.0000000000000013
2021-01-31,Owyhee,ID,Passenger,1.0,0.0,1.0,3.0,4.0,6.9025,2021,1,24253,193,23,1.0,1.0,1.0,1.0,0.0,0.0,24.0,1.0000000000000004
2021-02-28,Owyhee,ID,Passenger,1.0,0.0,1.0,3.0,4.0,6.9025,2021,2,24254,193,24,1.0,1.0,1.0,1.0,0.0,0.0,25.0,1.0000000000000013
2021-03-31,Owyhee,ID,Passenger,1.0,0.0,1.0,3.0,4.0,6.9025,2021,3,24255,193,25,1.0,1.0,1.0,1.0,0.0,0.0,26.0,1.0000000000000013
2021-04-30,Owyhee,ID,Passenger,1.0,0.0,1.0,3.0,4.0,6.9025,2021,4,24256,193,26,1.0,1.0,1.0,1.0,0.0,0.0,27.0,1.0000000000000013
2021-05-31,Owyhee,ID,Passenger,1.0,0.0,1.0,3.0,4.0,6.9025,2021,5,24257,193,27,1.0,1.0,1.0,1.0,0.0,0.0,28.0,1.0000000000000013
2021-06-30,Owyhee,ID,Passenger,1.0,0.0,1.0,3.0,4.0,6.9025,2021,6,24258,193,28,1.0,1.0,1.0,1.0,0.0,0.0,29.0,1.0000000000000024
2021-07-31,Owyhee,ID,Passenger,1.0,0.0,1.0,2.0,3.0,6.9025,2021,7,24259,193,29,1.0,1.0,1.0,1.0,0.0,0.0,30.0,1.000000000000002
2021-08-31,Owyhee,ID,Passenger,1.0,0.0,1.0,2.0,3.0,6.9025,2021,8,24260,193,30,1.0,1.0,1.0,1.0,0.0,0.0,31.0,1.0000000000000009
2021-09-30,Owyhee,ID,Passenger,1.0,0.0,1.0,2.0,3.0,6.9025,2021,9,24261,193,31,1.0,1.0,1.0,1.0,0.0,0.0,32.0,1.000000000000002
2021-10-31,Owyhee,ID,Passenger,1.0,0.0,1.0,2.0,3.0,6.9025,2021,10,24262,193,32,1.0,1.0,1.0,1.0,0.0,0.0,33.0,1.0000000000000038
2021-11-30,Owyhee,ID,Passenger,1.0,0.0,1.0,2.0,3.0,6.9025,2021,11,24263,193,33,1.0,1.0,1.0,1.0,0.0,0.0,34.0,1.0000000000000004
2021-12-31,Owyhee,ID,Passenger,1.0,0.0,1.0,2.0,3.0,6.9025,2021,12,24264,193,34,1.0,1.0,1.0,1.0,0.0,0.0,35.0,1.000000000000002
2022-01-31,Owyhee,ID,Passenger,1.0,0.0,1.0,2.0,3.0,6.9025,2022,1,24265,193,35,1.0,1.0,1.0,1.0,0.0,0.0,36.0,1.0000000000000029
2022-02-28,Owyhee,ID,Passenger,1.0,0.0,1.0,2.0,3.0,6.9025,2022,2,24266,193,36,1.0,1.0,1.0,1.0,0.0,0.0,37.0,1.0000000000000038
2022-03-31,Owyhee,ID,Passenger,1.0,0.0,1.0,2.0,3.0,6.9025,2022,3,24267,193,37,1.0,1.0,1.0,1.0,0.0,0.0,38.0,1.0
2022-04-30,Owyhee,ID,Passenger,1.0,0.0,1.0,2.0,3.0,6.9025,2022,4,24268,193,38,1.0,1.0,1.0,1.0,0.0,0.0,39.0,1.0000000000000009
2022-05-31,Owyhee,ID,Passenger,1.0,0.0,1.0,2.0,3.0,6.9025,2022,5,24269,193,39,1.0,1.0,1.0,1.0,0.0,0.0,40.0,1.0000000000000009
2022-06-30,Owyhee,ID,Passenger,1.0,0.0,1.0,2.0,3.0,6.9025,2022,6,24270,193,40,1.0,1.0,1.0,1.0,0.0,0.0,41.0,1.0000000000000038
2022-07-31,Owyhee,ID,Passenger,1.0,0.0,1.0,2.0,3.0,6.9025,2022,7,24271,193,41,1.0,1.0,1.0,1.0,0.0,0.0,42.0,1.0000000000000009
2022-08-31,Owyhee,ID,Passenger,1.0,0.0,1.0,2.0,3.0,6.9025,2022,8,24272,193,42,1.0,1.0,1.0,1.0,0.0,0.0,43.0,1.0000000000000029
2022-09-30,Owyhee,ID,Passenger,1.0,0.0,1.0,3.0,4.0,6.9025,2022,9,24273,193,43,1.0,1.0,1.0,1.0,0.0,0.0,44.0,1.0000000000000029
2022-10-31,Owyhee,ID,Passenger,1.0,0.0,1.0,3.0,4.0,6.9025,2022,10,24274,193,44,1.0,1.0,1.0,1.0,0.0,0.0,45.0,1.0000000000000009
2022-11-30,Owyhee,ID,Passenger,1.0,0.0,1.0,3.0,4.0,6.9025,2022,11,24275,193,45,1.0,1.0,1.0,1.0,0.0,0.0,46.0,1.0000000000000009
2022-12-31,Owyhee,ID,Passenger,1.0,0.0,1.0,3.0,4.0,6.9025,2022,12,24276,193,46,1.0,1.0,1.0,1.0,0.0,0.0,47.0,1.0000000000000029
2017-06-30,Palm Beach,FL,Passenger,0.0,2.0,2.0,97.0,99.0,2.02,2017,6,24210,195,5,2.0,2.0,1.0,1.6666666666666667,0.0,1.0,9.0,1.6285714285714281
2017-07-31,Palm Beach,FL,Passenger,0.0,2.0,2.0,95.0,97.0,2.06,2017,7,24211,195,6,2.0,2.0,2.0,2.0,0.0,0.0,11.0,1.8571428571428565
2017-08-31,Palm Beach,FL,Passenger,0.0,2.0,2.0,97.0,99.0,2.02,2017,8,24212,195,7,2.0,2.0,2.0,2.0,0.0,0.0,13.0,2.0
2017-09-30,Palm Beach,FL,Passenger,0.0,2.0,2.0,95.0,97.0,2.06,2017,9,24213,195,8,2.0,2.0,2.0,2.0,0.0,0.0,15.0,1.9999999999999998
2017-10-31,Palm Beach,FL,Passenger,0.0,2.0,2.0,94.0,96.0,2.08,2017,10,24214,195,9,2.0,2.0,2.0,2.0,0.0,0.0,17.0,2.0
2017-11-30,Palm Beach,FL,Passenger,0.0,2.0,2.0,91.0,93.0,2.15,2017,11,24215,195,10,2.0,2.0,2.0,2.0,0.0,0.0,19.0,2.0000000000000004
2017-12-31,Palm Beach,FL,Passenger,0.0,2.0,2.0,89.0,91.0,2.2,2017,12,24216,195,11,2.0,2.0,2.0,2.0,0.0,0.0,21.0,2.0000000000000004
2018-01-31,Palm Beach,FL,Passenger,0.0,2.0,2.0,86.0,88.0,2.27,2018,1,24217,195,12,2.0,2.0,2.0,2.0,0.0,0.0,23.0,1.9999999999999998
2018-02-28,Palm Beach,FL,Passenger,0.0,2.0,2.0,85.0,87.0,2.3,2018,2,24218,195,13,2.0,2.0,2.0,2.0,0.0,0.0,25.0,1.9999999999999996
2018-03-31,Palm Beach,FL,Passenger,0.0,2.0,2.0,84.0,86.0,2.33,2018,3,24219,195,14,2.0,2.0,2.0,2.0,0.0,0.0,27.0,2.000000000000001
2018-04-30,Palm Beach,FL,Passenger,0.0,2.0,2.0,86.0,88.0,2.27,2018,4,24220,195,15,2.0,2.0,2.0,2.0,0.0,0.0,29.0,2.000000000000001
2018-05-31,Palm Beach,FL,Passenger,0.0,2.0,2.0,82.0,84.0,2.38,2018,5,24221,195,16,2.0,2.0,2.0,2.0,0.0,0.0,31.0,2.0000000000000004
2018-06-30,Palm Beach,FL,Passenger,0.0,2.0,2.0,82.0,84.0,2.38,2018,6,24222,195,17,2.0,2.0,2.0,2.0,0.0,0.0,33.0,2.0000000000000013
2018-07-31,Palm Beach,FL,Passenger,0.0,2.0,2.0,84.0,86.0,2.33,2018,7,24223,195,18,2.0,2.0,2.0,2.0,0.0,0.0,35.0,2.000000000000001
2018-08-31,Palm Beach,FL,Passenger,0.0,2.0,2.0,85.0,87.0,2.3,2018,8,24224,195,19,2.0,2.0,2.0,2.0,0.0,0.0,37.0,2.0000000000000004
2018-09-30,Palm Beach,FL,Passenger,0.0,2.0,2.0,87.0,89.0,2.25,2018,9,24225,195,20,2.0,2.0,2.0,2.0,0.0,0.0,39.0,1.9999999999999991
2018-10-31,Palm Beach,FL,Passenger,0.0,2.0,2.0,89.0,91.0,2.2,2018,10,24226,195,21,2.0,2.0,2.0,2.0,0.0,0.0,41.0,2.0000000000000027
2018-11-30,Palm Beach,FL,Passenger,0.0,2.0,2.0,91.0,93.0,2.15,2018,11,24227,195,22,2.0,2.0,2.0,2.0,0.0,0.0,43.0,2.0000000000000027
2018-12-31,Palm Beach,FL,Passenger,0.0,2.0,2.0,92.0,94.0,2.13,2018,12,24228,195,23,2.0,2.0,2.0,2.0,0.0,0.0,45.0,2.000000000000001
2019-01-31,Palm Beach,FL,Passenger,0.0,2.0,2.0,89.0,91.0,2.2,2019,1,24229,195,24,2.0,2.0,2.0,2.0,0.0,0.0,47.0,2.0000000000000027
2019-02-28,Palm Beach,FL,Passenger,0.0,2.0,2.0,90.0,92.0,2.17,2019,2,24230,195,25,2.0,2.0,2.0,2.0,0.0,0.0,49.0,2.000000000000001
2019-03-31,Palm Beach,FL,Passenger,0.0,2.0,2.0,91.0,93.0,2.15,2019,3,24231,195,26,2.0,2.0,2.0,2.0,0.0,0.0,51.0,2.0000000000000018
2019-04-30,Palm Beach,FL,Passenger,0.0,2.0,2.0,90.0,92.0,2.17,2019,4,24232,195,27,2.0,2.0,2.0,2.0,0.0,0.0,53.0,2.0000000000000027
2019-05-31,Palm Beach,FL,Passenger,0.0,2.0,2.0,87.0,89.0,2.25,2019,5,24233,195,28,2.0,2.0,2.0,2.0,0.0,0.0,55.0,2.000000000000001
2019-06-30,Palm Beach,FL,Passenger,0.0,2.0,2.0,83.0,85.0,2.35,2019,6,24234,195,29,2.0,2.0,2.0,2.0,0.0,0.0,57.0,2.000000000000001
2019-07-31,Palm Beach,FL,Passenger,0.0,2.0,2.0,83.0,85.0,2.35,2019,7,24235,195,30,2.0,2.0,2.0,2.0,0.0,0.0,59.0,2.0000000000000018
2019-08-31,Palm Beach,FL,Passenger,0.0,2.0,2.0,84.0,86.0,2.33,2019,8,24236,195,31,2.0,2.0,2.0,2.0,0.0,0.0,61.0,2.0000000000000018
2019-09-30,Palm Beach,FL,Passenger,0.0,2.0,2.0,82.0,84.0,2.38,2019,9,24237,195,32,2.0,2.0,2.0,2.0,0.0,0.0,63.0,2.0000000000000018
2019-10-31,Palm Beach,FL,Passenger,0.0,2.0,2.0,82.0,84.0,2.38,2019,10,24238,195,33,2.0,2.0,2.0,2.0,0.0,0.0,65.0,2.0
2019-11-30,Palm Beach,FL,Passenger,0.0,2.0,2.0,82.0,84.0,2.38,2019,11,24239,195,34,2.0,2.0,2.0,2.0,0.0,0.0,67.0,2.000000000000004
2019-12-31,Palm Beach,FL,Passenger,0.0,2.0,2.0,82.0,84.0,2.38,2019,12,24240,195,35,2.0,2.0,2.0,2.0,0.0,0.0,69.0,2.0
2020-01-31,Palm Beach,FL,Passenger,0.0,2.0,2.0,84.0,86.0,2.33,2020,1,24241,195,36,2.0,2.0,2.0,2.0,0.0,0.0,71.0,2.0
2020-02-29,Palm Beach,FL,Passenger,0.0,2.0,2.0,83.0,85.0,2.35,2020,2,24242,195,37,2.0,2.0,2.0,2.0,0.0,0.0,73.0,2.0000000000000018
2020-03-31,Palm Beach,FL,Passenger,0.0,3.0,3.0,79.0,82.0,3.66,2020,3,24243,195,38,2.0,2.0,2.0,2.0,0.5,0.5,76.0,2.142857142857148
2020-04-30,Palm Beach,FL,Passenger,0.0,2.0,2.0,79.0,81.0,2.47,2020,4,24244,195,39,3.0,2.0,2.0,2.3333333333333335,-0.33333333333333337,0.0,78.0,2.2285714285714375
2020-05-31,Palm Beach,FL,Passenger,0.0,2.0,2.0,79.0,81.0,2.47,2020,5,24245,195,40,2.0,3.0,2.0,2.3333333333333335,0.0,0.0,80.0,2.2571428571428647
2020-06-30,Palm Beach,FL,Passenger,0.0,2.0,2.0,78.0,80.0,2.5,2020,6,24246,195,41,2.0,2.0,3.0,2.3333333333333335,0.0,-0.33333333333333337,82.0,2.2285714285714375
2020-07-31,Palm Beach,FL,Passenger,0.0,2.0,2.0,79.0,81.0,2.47,2020,7,24247,195,42,2.0,2.0,2.0,2.0,0.0,0.0,84.0,2.142857142857148
2020-08-31,Palm Beach,FL,Passenger,0.0,2.0,2.0,77.0,79.0,2.53,2020,8,24248,195,43,2.0,2.0,2.0,2.0,0.0,0.0,86.0,2.0000000000000058
2020-09-30,Palm Beach,FL,Passenger,0.0,2.0,2.0,78.0,80.0,2.5,2020,9,24249,195,44,2.0,2.0,2.0,2.0,0.0,0.0,88.0,2.0000000000000058
2020-10-31,Palm Beach,FL,Passenger,0.0,2.0,2.0,75.0,77.0,2.6,2020,10,24250,195,45,2.0,2.0,2.0,2.0,0.0,0.0,90.0,2.0000000000000018
2020-11-30,Palm Beach,FL,Passenger,0.0,2.0,2.0,77.0,79.0,2.53,2020,11,24251,195,46,2.0,2.0,2.0,2.0,0.0,0.0,92.0,2.0000000000000018
2020-12-31,Palm Beach,FL,Passenger,0.0,2.0,2.0,77.0,79.0,2.53,2020,12,24252,195,47,2.0,2.0,2.0,2.0,0.0,0.0,94.0,2.0000000000000058
2021-01-31,Palm Beach,FL,Passenger,0.0,2.0,2.0,76.0,78.0,2.56,2021,1,24253,195,48,2.0,2.0,2.0,2.0,0.0,0.0,96.0,2.0000000000000018
2021-02-28,Palm Beach,FL,Passenger,0.0,2.0,2.0,76.0,78.0,2.56,2021,2,24254,195,49,2.0,2.0,2.0,2.0,0.0,0.0,98.0,2.000000000000004
2021-03-31,Palm Beach,FL,Passenger,0.0,1.0,1.0,73.0,74.0,1.35,2021,3,24255,195,50,2.0,2.0,2.0,2.0,-0.5,-0.5,99.0,1.8571428571428636
2021-04-30,Palm Beach,FL,Passenger,0.0,1.0,1.0,74.0,75.0,1.33,2021,4,24256,195,51,1.0,2.0,2.0,1.6666666666666667,0.0,-0.5,100.0,1.6285714285714339
2021-05-31,Palm Beach,FL,Passenger,0.0,1.0,1.0,71.0,72.0,1.39,2021,5,24257,195,52,1.0,1.0,2.0,1.3333333333333333,0.0,-0.5,101.0,1.3714285714285748
2021-06-30,Palm Beach,FL,Passenger,0.0,1.0,1.0,74.0,75.0,1.33,2021,6,24258,195,53,1.0,1.0,1.0,1.0,0.0,0.0,102.0,1.1428571428571488
2021-07-31,Palm Beach,FL,Passenger,0.0,1.0,1.0,70.0,71.0,1.41,2021,7,24259,195,54,1.0,1.0,1.0,1.0,0.0,0.0,103.0,1.0000000000000087
2021-08-31,Palm Beach,FL,Passenger,0.0,1.0,1.0,67.0,68.0,1.47,2021,8,24260,195,55,1.0,1.0,1.0,1.0,0.0,0.0,104.0,1.0000000000000067
2021-09-30,Palm Beach,FL,Passenger,0.0,1.0,1.0,67.0,68.0,1.47,2021,9,24261,195,56,1.0,1.0,1.0,1.0,0.0,0.0,105.0,1.0000000000000104
2021-10-31,Palm Beach,FL,Passenger,0.0,1.0,1.0,65.0,66.0,1.52,2021,10,24262,195,57,1.0,1.0,1.0,1.0,0.0,0.0,106.0,1.0000000000000067
2021-11-30,Palm Beach,FL,Passenger,0.0,1.0,1.0,62.0,63.0,1.59,2021,11,24263,195,58,1.0,1.0,1.0,1.0,0.0,0.0,107.0,1.0000000000000067
2021-12-31,Palm Beach,FL,Passenger,0.0,1.0,1.0,59.0,60.0,1.67,2021,12,24264,195,59,1.0,1.0,1.0,1.0,0.0,0.0,108.0,1.0000000000000067
2022-01-31,Palm Beach,FL,Passenger,0.0,1.0,1.0,56.0,57.0,1.75,2022,1,24265,195,60,1.0,1.0,1.0,1.0,0.0,0.0,109.0,1.0000000000000067
2022-02-28,Palm Beach,FL,Passenger,0.0,1.0,1.0,55.0,56.0,1.79,2022,2,24266,195,61,1.0,1.0,1.0,1.0,0.0,0.0,110.0,1.0000000000000067
2022-03-31,Palm Beach,FL,Passenger,0.0,1.0,1.0,53.0,54.0,1.85,2022,3,24267,195,62,1.0,1.0,1.0,1.0,0.0,0.0,111.0,0.999999999999999
2022-04-30,Palm Beach,FL,Passenger,0.0,1.0,1.0,54.0,55.0,1.82,2022,4,24268,195,63,1.0,1.0,1.0,1.0,0.0,0.0,112.0,1.0000000000000087
2022-05-31,Palm Beach,FL,Passenger,0.0,1.0,1.0,54.0,55.0,1.82,2022,5,24269,195,64,1.0,1.0,1.0,1.0,0.0,0.0,113.0,1.0000000000000124
2022-06-30,Palm Beach,FL,Passenger,0.0,1.0,1.0,53.0,54.0,1.85,2022,6,24270,195,65,1.0,1.0,1.0,1.0,0.0,0.0,114.0,1.0000000000000049
2022-07-31,Palm Beach,FL,Passenger,0.0,1.0,1.0,54.0,55.0,1.82,2022,7,24271,195,66,1.0,1.0,1.0,1.0,0.0,0.0,115.0,1.0000000000000087
2022-08-31,Palm Beach,FL,Passenger,0.0,1.0,1.0,52.0,53.0,1.89,2022,8,24272,195,67,1.0,1.0,1.0,1.0,0.0,0.0,116.0,1.0000000000000087
2022-09-30,Palm Beach,FL,Passenger,0.0,1.0,1.0,51.0,52.0,1.92,2022,9,24273,195,68,1.0,1.0,1.0,1.0,0.0,0.0,117.0,1.0000000000000049
2022-10-31,Palm Beach,FL,Passenger,0.0,1.0,1.0,52.0,53.0,1.89,2022,10,24274,195,69,1.0,1.0,1.0,1.0,0.0,0.0,118.0,1.0000000000000009
2022-11-30,Palm Beach,FL,Passenger,1.0,1.0,2.0,52.0,54.0,3.7,2022,11,24275,195,70,1.0,1.0,1.0,1.0,1.0,1.0,120.0,1.1428571428571528
2022-12-31,Palm Beach,FL,Passenger,1.0,1.0,2.0,52.0,54.0,3.7,2022,12,24276,195,71,2.0,1.0,1.0,1.3333333333333333,0.0,1.0,122.0,1.3714285714285748
2023-01-31,Palm Beach,FL,Passenger,1.0,1.0,2.0,48.0,50.0,4.0,2023,1,24277,195,72,2.0,2.0,1.0,1.6666666666666667,0.0,1.0,124.0,1.6285714285714394
2023-02-28,Palm Beach,FL,Passenger,1.0,1.0,2.0,49.0,51.0,3.92,2023,2,24278,195,73,2.0,2.0,2.0,2.0,0.0,0.0,126.0,1.8571428571428654
2023-03-31,Palm Beach,FL,Passenger,1.0,1.0,2.0,48.0,50.0,4.0,2023,3,24279,195,74,2.0,2.0,2.0,2.0,0.0,0.0,128.0,1.999999999999998
2023-04-30,Palm Beach,FL,Passenger,1.0,1.0,2.0,46.0,48.0,4.17,2023,4,24280,195,75,2.0,2.0,2.0,2.0,0.0,0.0,130.0,2.0000000000000098
2023-05-31,Palm Beach,FL,Passenger,1.0,1.0,2.0,47.0,49.0,4.08,2023,5,24281,195,76,2.0,2.0,2.0,2.0,0.0,0.0,132.0,2.0000000000000058
2023-06-30,Palm Beach,FL,Passenger,1.0,1.0,2.0,46.0,48.0,4.17,2023,6,24282,195,77,2.0,2.0,2.0,2.0,0.0,0.0,134.0,2.0000000000000098
2023-07-31,Palm Beach,FL,Passenger,1.0,1.0,2.0,43.0,45.0,4.44,2023,7,24283,195,78,2.0,2.0,2.0,2.0,0.0,0.0,136.0,2.0000000000000173
2023-08-31,Palm Beach,FL,Passenger,1.0,1.0,2.0,42.0,44.0,4.55,2023,8,24284,195,79,2.0,2.0,2.0,2.0,0.0,0.0,138.0,2.0000000000000133
2023-09-30,Palm Beach,FL,Passenger,0.0,1.0,1.0,40.0,41.0,2.44,2023,9,24285,195,80,2.0,2.0,2.0,2.0,-0.5,-0.5,139.0,1.8571428571428616
2023-10-31,Palm Beach,FL,Passenger,0.0,1.0,1.0,37.0,38.0,2.63,2023,10,24286,195,81,1.0,2.0,2.0,1.6666666666666667,0.0,-0.5,140.0,1.6285714285714357
2023-11-30,Palm Beach,FL,Passenger,0.0,1.0,1.0,33.0,34.0,2.94,2023,11,24287,195,82,1.0,1.0,2.0,1.3333333333333333,0.0,-0.5,141.0,1.3714285714285748
2023-12-31,Palm Beach,FL,Passenger,0.0,1.0,1.0,32.0,33.0,3.03,2023,12,24288,195,83,1.0,1.0,1.0,1.0,0.0,0.0,142.0,1.142857142857145
2022-08-31,Parker,TX,Passenger,0.0,1.0,1.0,21.0,22.0,4.55,2022,8,24272,196,5,1.0,1.0,1.0,1.0,0.0,0.0,6.0,0.9999999999999998
2022-09-30,Parker,TX,Passenger,0.0,1.0,1.0,21.0,22.0,4.55,2022,9,24273,196,6,1.0,1.0,1.0,1.0,0.0,0.0,7.0,0.9999999999999998
2022-10-31,Parker,TX,Passenger,0.0,1.0,1.0,20.0,21.0,4.76,2022,10,24274,196,7,1.0,1.0,1.0,1.0,0.0,0.0,8.0,0.9999999999999999
2022-11-30,Parker,TX,Passenger,0.0,1.0,1.0,19.0,20.0,5.0,2022,11,24275,196,8,1.0,1.0,1.0,1.0,0.0,0.0,9.0,1.0000000000000002
2022-12-31,Parker,TX,Passenger,0.0,1.0,1.0,19.0,20.0,5.0,2022,12,24276,196,9,1.0,1.0,1.0,1.0,0.0,0.0,10.0,1.0000000000000002
2023-01-31,Parker,TX,Passenger,0.0,1.0,1.0,18.0,19.0,5.26,2023,1,24277,196,10,1.0,1.0,1.0,1.0,0.0,0.0,11.0,1.0
2023-02-28,Parker,TX,Passenger,0.0,1.0,1.0,17.0,18.0,5.56,2023,2,24278,196,11,1.0,1.0,1.0,1.0,0.0,0.0,12.0,1.0000000000000002
2023-03-31,Parker,TX,Passenger,0.0,1.0,1.0,17.0,18.0,5.56,2023,3,24279,196,12,1.0,1.0,1.0,1.0,0.0,0.0,13.0,1.0000000000000002
2023-04-30,Parker,TX,Passenger,0.0,1.0,1.0,16.0,17.0,5.88,2023,4,24280,196,13,1.0,1.0,1.0,1.0,0.0,0.0,14.0,1.0000000000000009
2023-05-31,Parker,TX,Passenger,0.0,1.0,1.0,16.0,17.0,5.88,2023,5,24281,196,14,1.0,1.0,1.0,1.0,0.0,0.0,15.0,1.0000000000000007
2023-06-30,Parker,TX,Passenger,0.0,1.0,1.0,15.0,16.0,6.25,2023,6,24282,196,15,1.0,1.0,1.0,1.0,0.0,0.0,16.0,1.0000000000000009
2023-07-31,Parker,TX,Passenger,0.0,1.0,1.0,15.0,16.0,6.25,2023,7,24283,196,16,1.0,1.0,1.0,1.0,0.0,0.0,17.0,1.0
2023-08-31,Parker,TX,Passenger,0.0,1.0,1.0,13.0,14.0,6.9025,2023,8,24284,196,17,1.0,1.0,1.0,1.0,0.0,0.0,18.0,1.0000000000000002
2023-09-30,Parker,TX,Passenger,0.0,1.0,1.0,13.0,14.0,6.9025,2023,9,24285,196,18,1.0,1.0,1.0,1.0,0.0,0.0,19.0,1.000000000000002
2023-10-31,Parker,TX,Passenger,0.0,1.0,1.0,13.0,14.0,6.9025,2023,10,24286,196,19,1.0,1.0,1.0,1.0,0.0,0.0,20.0,0.9999999999999998
2023-11-30,Parker,TX,Passenger,0.0,1.0,1.0,13.0,14.0,6.9025,2023,11,24287,196,20,1.0,1.0,1.0,1.0,0.0,0.0,21.0,1.000000000000001
2023-12-31,Parker,TX,Passenger,0.0,1.0,1.0,13.0,14.0,6.9025,2023,12,24288,196,21,1.0,1.0,1.0,1.0,0.0,0.0,22.0,1.0000000000000013
2024-01-31,Parker,TX,Passenger,0.0,1.0,1.0,13.0,14.0,6.9025,2024,1,24289,196,22,1.0,1.0,1.0,1.0,0.0,0.0,23.0,1.0000000000000013
2024-02-29,Parker,TX,Passenger,0.0,1.0,1.0,13.0,14.0,6.9025,2024,2,24290,196,23,1.0,1.0,1.0,1.0,0.0,0.0,24.0,1.0000000000000004
2021-05-31,Pennington,SD,Passenger,1.0,0.0,1.0,32.0,33.0,3.03,2021,5,24257,198,5,1.0,1.0,1.0,1.0,0.0,0.0,6.0,0.9999999999999998
2021-06-30,Pennington,SD,Passenger,1.0,0.0,1.0,31.0,32.0,3.12,2021,6,24258,198,6,1.0,1.0,1.0,1.0,0.0,0.0,7.0,0.9999999999999998
2021-07-31,Pennington,SD,Passenger,1.0,0.0,1.0,32.0,33.0,3.03,2021,7,24259,198,7,1.0,1.0,1.0,1.0,0.0,0.0,8.0,0.9999999999999999
2021-08-31,Pennington,SD,Passenger,1.0,0.0,1.0,32.0,33.0,3.03,2021,8,24260,198,8,1.0,1.0,1.0,1.0,0.0,0.0,9.0,1.0000000000000002
2021-09-30,Pennington,SD,Passenger,1.0,0.0,1.0,33.0,34.0,2.94,2021,9,24261,198,9,1.0,1.0,1.0,1.0,0.0,0.0,10.0,1.0000000000000002
2021-10-31,Pennington,SD,Passenger,1.0,0.0,1.0,32.0,33.0,3.03,2021,10,24262,198,10,1.0,1.0,1.0,1.0,0.0,0.0,11.0,1.0
2021-11-30,Pennington,SD,Passenger,1.0,0.0,1.0,33.0,34.0,2.94,2021,11,24263,198,11,1.0,1.0,1.0,1.0,0.0,0.0,12.0,1.0000000000000002
2021-12-31,Pennington,SD,Passenger,1.0,0.0,1.0,33.0,34.0,2.94,2021,12,24264,198,12,1.0,1.0,1.0,1.0,0.0,0.0,13.0,1.0000000000000002
2022-01-31,Pennington,SD,Passenger,2.0,0.0,2.0,32.0,34.0,5.88,2022,1,24265,198,13,1.0,1.0,1.0,1.0,1.0,1.0,15.0,1.1428571428571437
2022-02-28,Pennington,SD,Passenger,2.0,0.0,2.0,32.0,34.0,5.88,2022,2,24266,198,14,2.0,1.0,1.0,1.3333333333333333,0.0,1.0,17.0,1.3714285714285714
2022-03-31,Pennington,SD,Passenger,2.0,0.0,2.0,31.0,33.0,6.06,2022,3,24267,198,15,2.0,2.0,1.0,1.6666666666666667,0.0,1.0,19.0,1.628571428571429
2022-04-30,Pennington,SD,Passenger,2.0,0.0,2.0,31.0,33.0,6.06,2022,4,24268,198,16,2.0,2.0,2.0,2.0,0.0,0.0,21.0,1.8571428571428572
2022-05-31,Pennington,SD,Passenger,2.0,0.0,2.0,30.0,32.0,6.25,2022,5,24269,198,17,2.0,2.0,2.0,2.0,0.0,0.0,23.0,1.9999999999999998
2022-06-30,Pennington,SD,Passenger,2.0,0.0,2.0,29.0,31.0,6.45,2022,6,24270,198,18,2.0,2.0,2.0,2.0,0.0,0.0,25.0,1.9999999999999996
2022-07-31,Pennington,SD,Passenger,2.0,0.0,2.0,27.0,29.0,6.9,2022,7,24271,198,19,2.0,2.0,2.0,2.0,0.0,0.0,27.0,2.000000000000001
2022-08-31,Pennington,SD,Passenger,2.0,0.0,2.0,26.0,28.0,6.9025,2022,8,24272,198,20,2.0,2.0,2.0,2.0,0.0,0.0,29.0,2.000000000000001
2022-09-30,Pennington,SD,Passenger,2.0,0.0,2.0,27.0,29.0,6.9,2022,9,24273,198,21,2.0,2.0,2.0,2.0,0.0,0.0,31.0,2.0000000000000004
2022-10-31,Pennington,SD,Passenger,2.0,0.0,2.0,27.0,29.0,6.9,2022,10,24274,198,22,2.0,2.0,2.0,2.0,0.0,0.0,33.0,2.0000000000000013
2022-11-30,Pennington,SD,Passenger,2.0,0.0,2.0,27.0,29.0,6.9,2022,11,24275,198,23,2.0,2.0,2.0,2.0,0.0,0.0,35.0,2.000000000000001
2019-06-30,Penobscot,ME,Passenger,0.0,1.0,1.0,13.0,14.0,6.9025,2019,6,24234,199,5,1.0,1.0,1.0,1.0,0.0,0.0,6.0,0.9999999999999998
2019-07-31,Penobscot,ME,Passenger,0.0,1.0,1.0,14.0,15.0,6.67,2019,7,24235,199,6,1.0,1.0,1.0,1.0,0.0,0.0,7.0,0.9999999999999998
2019-08-31,Penobscot,ME,Passenger,0.0,1.0,1.0,14.0,15.0,6.67,2019,8,24236,199,7,1.0,1.0,1.0,1.0,0.0,0.0,8.0,0.9999999999999999
2019-09-30,Penobscot,ME,Passenger,0.0,1.0,1.0,14.0,15.0,6.67,2019,9,24237,199,8,1.0,1.0,1.0,1.0,0.0,0.0,9.0,1.0000000000000002
2019-10-31,Penobscot,ME,Passenger,0.0,1.0,1.0,14.0,15.0,6.67,2019,10,24238,199,9,1.0,1.0,1.0,1.0,0.0,0.0,10.0,1.0000000000000002
2019-11-30,Penobscot,ME,Passenger,0.0,1.0,1.0,14.0,15.0,6.67,2019,11,24239,199,10,1.0,1.0,1.0,1.0,0.0,0.0,11.0,1.0
2019-12-31,Penobscot,ME,Passenger,0.0,1.0,1.0,14.0,15.0,6.67,2019,12,24240,199,11,1.0,1.0,1.0,1.0,0.0,0.0,12.0,1.0000000000000002
2020-01-31,Penobscot,ME,Passenger,0.0,1.0,1.0,15.0,16.0,6.25,2020,1,24241,199,12,1.0,1.0,1.0,1.0,0.0,0.0,13.0,1.0000000000000002
2020-02-29,Penobscot,ME,Passenger,0.0,1.0,1.0,16.0,17.0,5.88,2020,2,24242,199,13,1.0,1.0,1.0,1.0,0.0,0.0,14.0,1.0000000000000009
2020-03-31,Penobscot,ME,Passenger,0.0,1.0,1.0,16.0,17.0,5.88,2020,3,24243,199,14,1.0,1.0,1.0,1.0,0.0,0.0,15.0,1.0000000000000007
2020-04-30,Penobscot,ME,Passenger,0.0,1.0,1.0,16.0,17.0,5.88,2020,4,24244,199,15,1.0,1.0,1.0,1.0,0.0,0.0,16.0,1.0000000000000009
2020-05-31,Penobscot,ME,Passenger,0.0,1.0,1.0,16.0,17.0,5.88,2020,5,24245,199,16,1.0,1.0,1.0,1.0,0.0,0.0,17.0,1.0
2020-06-30,Penobscot,ME,Passenger,0.0,1.0,1.0,14.0,15.0,6.67,2020,6,24246,199,17,1.0,1.0,1.0,1.0,0.0,0.0,18.0,1.0000000000000002
2020-07-31,Penobscot,ME,Passenger,0.0,1.0,1.0,15.0,16.0,6.25,2020,7,24247,199,18,1.0,1.0,1.0,1.0,0.0,0.0,19.0,1.000000000000002
2020-08-31,Penobscot,ME,Passenger,0.0,1.0,1.0,15.0,16.0,6.25,2020,8,24248,199,19,1.0,1.0,1.0,1.0,0.0,0.0,20.0,0.9999999999999998
2020-09-30,Penobscot,ME,Passenger,0.0,1.0,1.0,13.0,14.0,6.9025,2020,9,24249,199,20,1.0,1.0,1.0,1.0,0.0,0.0,21.0,1.000000000000001
2020-10-31,Penobscot,ME,Passenger,0.0,1.0,1.0,13.0,14.0,6.9025,2020,10,24250,199,21,1.0,1.0,1.0,1.0,0.0,0.0,22.0,1.0000000000000013
2020-11-30,Penobscot,ME,Passenger,0.0,1.0,1.0,11.0,12.0,6.9025,2020,11,24251,199,22,1.0,1.0,1.0,1.0,0.0,0.0,23.0,1.0000000000000013
2020-12-31,Penobscot,ME,Passenger,0.0,1.0,1.0,10.0,11.0,6.9025,2020,12,24252,199,23,1.0,1.0,1.0,1.0,0.0,0.0,24.0,1.0000000000000004
2021-01-31,Penobscot,ME,Passenger,0.0,1.0,1.0,10.0,11.0,6.9025,2021,1,24253,199,24,1.0,1.0,1.0,1.0,0.0,0.0,25.0,1.0000000000000013
2021-02-28,Penobscot,ME,Passenger,0.0,1.0,1.0,11.0,12.0,6.9025,2021,2,24254,199,25,1.0,1.0,1.0,1.0,0.0,0.0,26.0,1.0000000000000013
2021-03-31,Penobscot,ME,Passenger,0.0,1.0,1.0,10.0,11.0,6.9025,2021,3,24255,199,26,1.0,1.0,1.0,1.0,0.0,0.0,27.0,1.0000000000000013
2021-04-30,Penobscot,ME,Passenger,0.0,1.0,1.0,10.0,11.0,6.9025,2021,4,24256,199,27,1.0,1.0,1.0,1.0,0.0,0.0,28.0,1.0000000000000013
2021-05-31,Penobscot,ME,Passenger,0.0,1.0,1.0,10.0,11.0,6.9025,2021,5,24257,199,28,1.0,1.0,1.0,1.0,0.0,0.0,29.0,1.0000000000000024
2021-06-30,Penobscot,ME,Passenger,0.0,1.0,1.0,9.0,10.0,6.9025,2021,6,24258,199,29,1.0,1.0,1.0,1.0,0.0,0.0,30.0,1.000000000000002
2021-07-31,Penobscot,ME,Passenger,0.0,1.0,1.0,9.0,10.0,6.9025,2021,7,24259,199,30,1.0,1.0,1.0,1.0,0.0,0.0,31.0,1.0000000000000009
2021-08-31,Penobscot,ME,Passenger,0.0,1.0,1.0,9.0,10.0,6.9025,2021,8,24260,199,31,1.0,1.0,1.0,1.0,0.0,0.0,32.0,1.000000000000002
2021-09-30,Penobscot,ME,Passenger,0.0,1.0,1.0,9.0,10.0,6.9025,2021,9,24261,199,32,1.0,1.0,1.0,1.0,0.0,0.0,33.0,1.0000000000000038
2021-10-31,Penobscot,ME,Passenger,0.0,1.0,1.0,9.0,10.0,6.9025,2021,10,24262,199,33,1.0,1.0,1.0,1.0,0.0,0.0,34.0,1.0000000000000004
2021-11-30,Penobscot,ME,Passenger,0.0,1.0,1.0,9.0,10.0,6.9025,2021,11,24263,199,34,1.0,1.0,1.0,1.0,0.0,0.0,35.0,1.000000000000002
2021-12-31,Penobscot,ME,Passenger,0.0,1.0,1.0,9.0,10.0,6.9025,2021,12,24264,199,35,1.0,1.0,1.0,1.0,0.0,0.0,36.0,1.0000000000000029
2022-01-31,Penobscot,ME,Passenger,0.0,1.0,1.0,8.0,9.0,6.9025,2022,1,24265,199,36,1.0,1.0,1.0,1.0,0.0,0.0,37.0,1.0000000000000038
2022-02-28,Penobscot,ME,Passenger,0.0,1.0,1.0,7.0,8.0,6.9025,2022,2,24266,199,37,1.0,1.0,1.0,1.0,0.0,0.0,38.0,1.0
2022-03-31,Penobscot,ME,Passenger,0.0,1.0,1.0,7.0,8.0,6.9025,2022,3,24267,199,38,1.0,1.0,1.0,1.0,0.0,0.0,39.0,1.0000000000000009
2022-04-30,Penobscot,ME,Passenger,0.0,1.0,1.0,7.0,8.0,6.9025,2022,4,24268,199,39,1.0,1.0,1.0,1.0,0.0,0.0,40.0,1.0000000000000009
2022-05-31,Penobscot,ME,Passenger,0.0,1.0,1.0,8.0,9.0,6.9025,2022,5,24269,199,40,1.0,1.0,1.0,1.0,0.0,0.0,41.0,1.0000000000000038
2022-06-30,Penobscot,ME,Passenger,0.0,1.0,1.0,8.0,9.0,6.9025,2022,6,24270,199,41,1.0,1.0,1.0,1.0,0.0,0.0,42.0,1.0000000000000009
2022-07-31,Penobscot,ME,Passenger,0.0,1.0,1.0,9.0,10.0,6.9025,2022,7,24271,199,42,1.0,1.0,1.0,1.0,0.0,0.0,43.0,1.0000000000000029
2022-08-31,Penobscot,ME,Passenger,0.0,1.0,1.0,9.0,10.0,6.9025,2022,8,24272,199,43,1.0,1.0,1.0,1.0,0.0,0.0,44.0,1.0000000000000029
2022-09-30,Penobscot,ME,Passenger,0.0,1.0,1.0,9.0,10.0,6.9025,2022,9,24273,199,44,1.0,1.0,1.0,1.0,0.0,0.0,45.0,1.0000000000000009
2022-10-31,Penobscot,ME,Passenger,0.0,1.0,1.0,9.0,10.0,6.9025,2022,10,24274,199,45,1.0,1.0,1.0,1.0,0.0,0.0,46.0,1.0000000000000009
2022-11-30,Penobscot,ME,Passenger,0.0,1.0,1.0,9.0,10.0,6.9025,2022,11,24275,199,46,1.0,1.0,1.0,1.0,0.0,0.0,47.0,1.0000000000000029
2022-12-31,Penobscot,ME,Passenger,0.0,1.0,1.0,9.0,10.0,6.9025,2022,12,24276,199,47,1.0,1.0,1.0,1.0,0.0,0.0,48.0,1.0000000000000009
2021-05-31,Philadelphia,PA,Passenger,1.0,0.0,1.0,52.0,53.0,1.89,2021,5,24257,200,5,1.0,1.0,1.0,1.0,0.0,0.0,6.0,0.9999999999999998
2021-06-30,Philadelphia,PA,Passenger,1.0,0.0,1.0,51.0,52.0,1.92,2021,6,24258,200,6,1.0,1.0,1.0,1.0,0.0,0.0,7.0,0.9999999999999998
2021-07-31,Philadelphia,PA,Passenger,1.0,0.0,1.0,48.0,49.0,2.04,2021,7,24259,200,7,1.0,1.0,1.0,1.0,0.0,0.0,8.0,0.9999999999999999
2021-08-31,Philadelphia,PA,Passenger,1.0,0.0,1.0,48.0,49.0,2.04,2021,8,24260,200,8,1.0,1.0,1.0,1.0,0.0,0.0,9.0,1.0000000000000002
2021-09-30,Philadelphia,PA,Passenger,1.0,0.0,1.0,48.0,49.0,2.04,2021,9,24261,200,9,1.0,1.0,1.0,1.0,0.0,0.0,10.0,1.0000000000000002
2021-10-31,Philadelphia,PA,Passenger,1.0,0.0,1.0,44.0,45.0,2.22,2021,10,24262,200,10,1.0,1.0,1.0,1.0,0.0,0.0,11.0,1.0
2021-11-30,Philadelphia,PA,Passenger,1.0,0.0,1.0,44.0,45.0,2.22,2021,11,24263,200,11,1.0,1.0,1.0,1.0,0.0,0.0,12.0,1.0000000000000002
2021-12-31,Philadelphia,PA,Passenger,1.0,0.0,1.0,43.0,44.0,2.27,2021,12,24264,200,12,1.0,1.0,1.0,1.0,0.0,0.0,13.0,1.0000000000000002
2022-01-31,Philadelphia,PA,Passenger,1.0,0.0,1.0,42.0,43.0,2.33,2022,1,24265,200,13,1.0,1.0,1.0,1.0,0.0,0.0,14.0,1.0000000000000009
2022-02-28,Philadelphia,PA,Passenger,1.0,0.0,1.0,42.0,43.0,2.33,2022,2,24266,200,14,1.0,1.0,1.0,1.0,0.0,0.0,15.0,1.0000000000000007
2022-03-31,Philadelphia,PA,Passenger,1.0,0.0,1.0,41.0,42.0,2.38,2022,3,24267,200,15,1.0,1.0,1.0,1.0,0.0,0.0,16.0,1.0000000000000009
2022-04-30,Philadelphia,PA,Passenger,1.0,0.0,1.0,41.0,42.0,2.38,2022,4,24268,200,16,1.0,1.0,1.0,1.0,0.0,0.0,17.0,1.0
2022-05-31,Philadelphia,PA,Passenger,1.0,0.0,1.0,40.0,41.0,2.44,2022,5,24269,200,17,1.0,1.0,1.0,1.0,0.0,0.0,18.0,1.0000000000000002
2022-06-30,Philadelphia,PA,Passenger,1.0,0.0,1.0,40.0,41.0,2.44,2022,6,24270,200,18,1.0,1.0,1.0,1.0,0.0,0.0,19.0,1.000000000000002
2022-07-31,Philadelphia,PA,Passenger,1.0,0.0,1.0,42.0,43.0,2.33,2022,7,24271,200,19,1.0,1.0,1.0,1.0,0.0,0.0,20.0,0.9999999999999998
2022-08-31,Philadelphia,PA,Passenger,1.0,0.0,1.0,44.0,45.0,2.22,2022,8,24272,200,20,1.0,1.0,1.0,1.0,0.0,0.0,21.0,1.000000000000001
2022-09-30,Philadelphia,PA,Passenger,1.0,0.0,1.0,46.0,47.0,2.13,2022,9,24273,200,21,1.0,1.0,1.0,1.0,0.0,0.0,22.0,1.0000000000000013
2022-10-31,Philadelphia,PA,Passenger,1.0,0.0,1.0,45.0,46.0,2.17,2022,10,24274,200,22,1.0,1.0,1.0,1.0,0.0,0.0,23.0,1.0000000000000013
2023-01-31,Philadelphia,PA,Passenger,1.0,0.0,1.0,43.0,44.0,2.27,2023,1,24277,200,23,1.0,1.0,1.0,1.0,0.0,0.0,24.0,1.0000000000000004
2023-02-28,Philadelphia,PA,Passenger,1.0,0.0,1.0,42.0,43.0,2.33,2023,2,24278,200,24,1.0,1.0,1.0,1.0,0.0,0.0,25.0,1.0000000000000013
2023-03-31,Philadelphia,PA,Passenger,1.0,0.0,1.0,41.0,42.0,2.38,2023,3,24279,200,25,1.0,1.0,1.0,1.0,0.0,0.0,26.0,1.0000000000000013
2023-04-30,Philadelphia,PA,Passenger,1.0,0.0,1.0,40.0,41.0,2.44,2023,4,24280,200,26,1.0,1.0,1.0,1.0,0.0,0.0,27.0,1.0000000000000013
2023-05-31,Philadelphia,PA,Passenger,1.0,0.0,1.0,38.0,39.0,2.56,2023,5,24281,200,27,1.0,1.0,1.0,1.0,0.0,0.0,28.0,1.0000000000000013
2023-06-30,Philadelphia,PA,Passenger,1.0,0.0,1.0,37.0,38.0,2.63,2023,6,24282,200,28,1.0,1.0,1.0,1.0,0.0,0.0,29.0,1.0000000000000024
2023-07-31,Philadelphia,PA,Passenger,1.0,0.0,1.0,35.0,36.0,2.78,2023,7,24283,200,29,1.0,1.0,1.0,1.0,0.0,0.0,30.0,1.000000000000002
2023-08-31,Philadelphia,PA,Passenger,1.0,0.0,1.0,34.0,35.0,2.86,2023,8,24284,200,30,1.0,1.0,1.0,1.0,0.0,0.0,31.0,1.0000000000000009
2023-09-30,Philadelphia,PA,Passenger,1.0,0.0,1.0,33.0,34.0,2.94,2023,9,24285,200,31,1.0,1.0,1.0,1.0,0.0,0.0,32.0,1.000000000000002
2023-10-31,Philadelphia,PA,Passenger,1.0,0.0,1.0,31.0,32.0,3.12,2023,10,24286,200,32,1.0,1.0,1.0,1.0,0.0,0.0,33.0,1.0000000000000038
2023-11-30,Philadelphia,PA,Passenger,1.0,0.0,1.0,30.0,31.0,3.23,2023,11,24287,200,33,1.0,1.0,1.0,1.0,0.0,0.0,34.0,1.0000000000000004
2023-12-31,Philadelphia,PA,Passenger,1.0,0.0,1.0,28.0,29.0,3.45,2023,12,24288,200,34,1.0,1.0,1.0,1.0,0.0,0.0,35.0,1.000000000000002
2024-01-31,Philadelphia,PA,Passenger,1.0,0.0,1.0,28.0,29.0,3.45,2024,1,24289,200,35,1.0,1.0,1.0,1.0,0.0,0.0,36.0,1.0000000000000029
2024-02-29,Philadelphia,PA,Passenger,1.0,0.0,1.0,27.0,28.0,3.57,2024,2,24290,200,36,1.0,1.0,1.0,1.0,0.0,0.0,37.0,1.0000000000000038
2017-06-30,Pima,AZ,Passenger,1.0,2.0,3.0,441.0,444.0,0.68,2017,6,24210,202,5,2.0,2.0,2.0,2.0,0.5,0.5,13.0,2.1428571428571423
2017-07-31,Pima,AZ,Passenger,1.0,2.0,3.0,436.0,439.0,0.68,2017,7,24211,202,6,3.0,2.0,2.0,2.3333333333333335,0.0,0.5,16.0,2.3714285714285714
2017-08-31,Pima,AZ,Passenger,1.0,2.0,3.0,430.0,433.0,0.69,2017,8,24212,202,7,3.0,3.0,2.0,2.6666666666666665,0.0,0.5,19.0,2.628571428571428
2017-09-30,Pima,AZ,Passenger,1.0,1.0,2.0,430.0,432.0,0.46,2017,9,24213,202,8,3.0,3.0,3.0,3.0,-0.33333333333333337,-0.33333333333333337,21.0,2.714285714285715
2017-10-31,Pima,AZ,Passenger,1.0,1.0,2.0,426.0,428.0,0.47,2017,10,24214,202,9,2.0,3.0,3.0,2.6666666666666665,0.0,-0.33333333333333337,23.0,2.628571428571429
2017-11-30,Pima,AZ,Passenger,1.0,1.0,2.0,424.0,426.0,0.47,2017,11,24215,202,10,2.0,2.0,3.0,2.3333333333333335,0.0,-0.33333333333333337,25.0,2.3714285714285723
2017-12-31,Pima,AZ,Passenger,1.0,1.0,2.0,422.0,424.0,0.47,2017,12,24216,202,11,2.0,2.0,2.0,2.0,0.0,0.0,27.0,2.1428571428571432
2018-01-31,Pima,AZ,Passenger,1.0,1.0,2.0,425.0,427.0,0.47,2018,1,24217,202,12,2.0,2.0,2.0,2.0,0.0,0.0,29.0,2.000000000000001
2018-02-28,Pima,AZ,Passenger,1.0,1.0,2.0,425.0,427.0,0.47,2018,2,24218,202,13,2.0,2.0,2.0,2.0,0.0,0.0,31.0,2.0000000000000004
2018-03-31,Pima,AZ,Passenger,1.0,1.0,2.0,428.0,430.0,0.47,2018,3,24219,202,14,2.0,2.0,2.0,2.0,0.0,0.0,33.0,2.0000000000000013
2018-04-30,Pima,AZ,Passenger,1.0,1.0,2.0,429.0,431.0,0.46,2018,4,24220,202,15,2.0,2.0,2.0,2.0,0.0,0.0,35.0,2.000000000000001
2018-05-31,Pima,AZ,Passenger,1.0,1.0,2.0,426.0,428.0,0.47,2018,5,24221,202,16,2.0,2.0,2.0,2.0,0.0,0.0,37.0,2.0000000000000004
2018-06-30,Pima,AZ,Passenger,1.0,1.0,2.0,425.0,427.0,0.47,2018,6,24222,202,17,2.0,2.0,2.0,2.0,0.0,0.0,39.0,1.9999999999999991
2018-07-31,Pima,AZ,Passenger,1.0,1.0,2.0,424.0,426.0,0.47,2018,7,24223,202,18,2.0,2.0,2.0,2.0,0.0,0.0,41.0,2.0000000000000027
2018-08-31,Pima,AZ,Passenger,1.0,1.0,2.0,428.0,430.0,0.47,2018,8,24224,202,19,2.0,2.0,2.0,2.0,0.0,0.0,43.0,2.0000000000000027
2018-09-30,Pima,AZ,Passenger,1.0,1.0,2.0,425.0,427.0,0.47,2018,9,24225,202,20,2.0,2.0,2.0,2.0,0.0,0.0,45.0,2.000000000000001
2018-10-31,Pima,AZ,Passenger,1.0,1.0,2.0,420.0,422.0,0.47,2018,10,24226,202,21,2.0,2.0,2.0,2.0,0.0,0.0,47.0,2.0000000000000027
2018-11-30,Pima,AZ,Passenger,1.0,1.0,2.0,414.0,416.0,0.48,2018,11,24227,202,22,2.0,2.0,2.0,2.0,0.0,0.0,49.0,2.000000000000001
2018-12-31,Pima,AZ,Passenger,1.0,1.0,2.0,414.0,416.0,0.48,2018,12,24228,202,23,2.0,2.0,2.0,2.0,0.0,0.0,51.0,2.0000000000000018
2019-01-31,Pima,AZ,Passenger,1.0,1.0,2.0,417.0,419.0,0.48,2019,1,24229,202,24,2.0,2.0,2.0,2.0,0.0,0.0,53.0,2.0000000000000027
2019-02-28,Pima,AZ,Passenger,1.0,1.0,2.0,415.0,417.0,0.48,2019,2,24230,202,25,2.0,2.0,2.0,2.0,0.0,0.0,55.0,2.000000000000001
2019-03-31,Pima,AZ,Passenger,1.0,1.0,2.0,416.0,418.0,0.48,2019,3,24231,202,26,2.0,2.0,2.0,2.0,0.0,0.0,57.0,2.000000000000001
2019-04-30,Pima,AZ,Passenger,1.0,1.0,2.0,415.0,417.0,0.48,2019,4,24232,202,27,2.0,2.0,2.0,2.0,0.0,0.0,59.0,2.0000000000000018
2019-05-31,Pima,AZ,Passenger,0.0,1.0,1.0,413.0,414.0,0.24,2019,5,24233,202,28,2.0,2.0,2.0,2.0,-0.5,-0.5,60.0,1.8571428571428568
2019-06-30,Pima,AZ,Passenger,0.0,1.0,1.0,409.0,410.0,0.24,2019,6,24234,202,29,1.0,2.0,2.0,1.6666666666666667,0.0,-0.5,61.0,1.628571428571432
2019-07-31,Pima,AZ,Passenger,0.0,1.0,1.0,408.0,409.0,0.24,2019,7,24235,202,30,1.0,1.0,2.0,1.3333333333333333,0.0,-0.5,62.0,1.3714285714285739
2019-08-31,Pima,AZ,Passenger,1.0,1.0,2.0,405.0,407.0,0.49,2019,8,24236,202,31,1.0,1.0,1.0,1.0,1.0,1.0,64.0,1.2857142857142891
2019-09-30,Pima,AZ,Passenger,2.0,1.0,3.0,395.0,398.0,0.75,2019,9,24237,202,32,2.0,1.0,1.0,1.3333333333333333,0.5,2.0,67.0,1.5142857142857151
2019-10-31,Pima,AZ,Passenger,2.0,1.0,3.0,394.0,397.0,0.76,2019,10,24238,202,33,3.0,2.0,1.0,2.0,0.0,2.0,70.0,2.000000000000004
2019-11-30,Pima,AZ,Passenger,2.0,1.0,3.0,388.0,391.0,0.77,2019,11,24239,202,34,3.0,3.0,2.0,2.6666666666666665,0.0,0.5,73.0,2.4857142857142867
2019-12-31,Pima,AZ,Passenger,3.0,1.0,4.0,386.0,390.0,1.03,2019,12,24240,202,35,3.0,3.0,3.0,3.0,0.33333333333333326,0.33333333333333326,77.0,3.0000000000000058
2020-01-31,Pima,AZ,Passenger,3.0,1.0,4.0,382.0,386.0,1.04,2020,1,24241,202,36,4.0,3.0,3.0,3.3333333333333335,0.0,0.33333333333333326,81.0,3.3714285714285785
2020-02-29,Pima,AZ,Passenger,3.0,1.0,4.0,379.0,383.0,1.04,2020,2,24242,202,37,4.0,4.0,3.0,3.6666666666666665,0.0,0.33333333333333326,85.0,3.628571428571428
2020-03-31,Pima,AZ,Passenger,3.0,1.0,4.0,373.0,377.0,1.06,2020,3,24243,202,38,4.0,4.0,4.0,4.0,0.0,0.0,89.0,3.8571428571428616
2020-04-30,Pima,AZ,Passenger,3.0,1.0,4.0,367.0,371.0,1.08,2020,4,24244,202,39,4.0,4.0,4.0,4.0,0.0,0.0,93.0,4.000000000000005
2020-05-31,Pima,AZ,Passenger,3.0,1.0,4.0,359.0,363.0,1.1,2020,5,24245,202,40,4.0,4.0,4.0,4.0,0.0,0.0,97.0,4.000000000000005
2020-06-30,Pima,AZ,Passenger,3.0,1.0,4.0,356.0,360.0,1.11,2020,6,24246,202,41,4.0,4.0,4.0,4.0,0.0,0.0,101.0,4.0000000000000115
2020-07-31,Pima,AZ,Passenger,3.0,1.0,4.0,352.0,356.0,1.12,2020,7,24247,202,42,4.0,4.0,4.0,4.0,0.0,0.0,105.0,4.000000000000008
2020-08-31,Pima,AZ,Passenger,3.0,1.0,4.0,348.0,352.0,1.14,2020,8,24248,202,43,4.0,4.0,4.0,4.0,0.0,0.0,109.0,4.000000000000005
2020-09-30,Pima,AZ,Passenger,3.0,1.0,4.0,347.0,351.0,1.14,2020,9,24249,202,44,4.0,4.0,4.0,4.0,0.0,0.0,113.0,4.0
2020-10-31,Pima,AZ,Passenger,3.0,1.0,4.0,346.0,350.0,1.14,2020,10,24250,202,45,4.0,4.0,4.0,4.0,0.0,0.0,117.0,4.000000000000008
2020-11-30,Pima,AZ,Passenger,3.0,1.0,4.0,347.0,351.0,1.14,2020,11,24251,202,46,4.0,4.0,4.0,4.0,0.0,0.0,121.0,4.000000000000008
2020-12-31,Pima,AZ,Passenger,2.0,1.0,3.0,345.0,348.0,0.86,2020,12,24252,202,47,4.0,4.0,4.0,4.0,-0.25,-0.25,124.0,3.8571428571428634
2021-01-31,Pima,AZ,Passenger,2.0,1.0,3.0,332.0,335.0,0.9,2021,1,24253,202,48,3.0,4.0,4.0,3.6666666666666665,0.0,-0.25,127.0,3.628571428571434
2021-02-28,Pima,AZ,Passenger,2.0,1.0,3.0,327.0,330.0,0.91,2021,2,24254,202,49,3.0,3.0,4.0,3.3333333333333335,0.0,-0.25,130.0,3.3714285714285825
2021-03-31,Pima,AZ,Passenger,2.0,1.0,3.0,322.0,325.0,0.92,2021,3,24255,202,50,3.0,3.0,3.0,3.0,0.0,0.0,133.0,3.142857142857151
2021-04-30,Pima,AZ,Passenger,2.0,1.0,3.0,310.0,313.0,0.96,2021,4,24256,202,51,3.0,3.0,3.0,3.0,0.0,0.0,136.0,3.0000000000000027
2021-05-31,Pima,AZ,Passenger,2.0,1.0,3.0,301.0,304.0,0.99,2021,5,24257,202,52,3.0,3.0,3.0,3.0,0.0,0.0,139.0,3.0000000000000107
2021-06-30,Pima,AZ,Passenger,2.0,1.0,3.0,293.0,296.0,1.01,2021,6,24258,202,53,3.0,3.0,3.0,3.0,0.0,0.0,142.0,2.999999999999999
2021-07-31,Pima,AZ,Passenger,2.0,1.0,3.0,290.0,293.0,1.02,2021,7,24259,202,54,3.0,3.0,3.0,3.0,0.0,0.0,145.0,3.0000000000000067
2021-08-31,Pima,AZ,Passenger,1.0,1.0,2.0,282.0,284.0,0.7,2021,8,24260,202,55,3.0,3.0,3.0,3.0,-0.33333333333333337,-0.33333333333333337,147.0,2.8571428571428665
2021-09-30,Pima,AZ,Passenger,1.0,1.0,2.0,278.0,280.0,0.71,2021,9,24261,202,56,2.0,3.0,3.0,2.6666666666666665,0.0,-0.33333333333333337,149.0,2.628571428571433
2021-10-31,Pima,AZ,Passenger,1.0,1.0,2.0,276.0,278.0,0.72,2021,10,24262,202,57,2.0,2.0,3.0,2.3333333333333335,0.0,-0.33333333333333337,151.0,2.3714285714285834
2021-11-30,Pima,AZ,Passenger,1.0,1.0,2.0,272.0,274.0,0.73,2021,11,24263,202,58,2.0,2.0,2.0,2.0,0.0,0.0,153.0,2.1428571428571574
2021-12-31,Pima,AZ,Passenger,1.0,1.0,2.0,269.0,271.0,0.74,2021,12,24264,202,59,2.0,2.0,2.0,2.0,0.0,0.0,155.0,2.0000000000000058
2022-01-31,Pima,AZ,Passenger,1.0,1.0,2.0,269.0,271.0,0.74,2022,1,24265,202,60,2.0,2.0,2.0,2.0,0.0,0.0,157.0,2.0000000000000173
2022-02-28,Pima,AZ,Passenger,1.0,1.0,2.0,265.0,267.0,0.75,2022,2,24266,202,61,2.0,2.0,2.0,2.0,0.0,0.0,159.0,2.0000000000000058
2022-03-31,Pima,AZ,Passenger,1.0,1.0,2.0,260.0,262.0,0.76,2022,3,24267,202,62,2.0,2.0,2.0,2.0,0.0,0.0,161.0,2.0000000000000173
2022-04-30,Pima,AZ,Passenger,1.0,1.0,2.0,249.0,251.0,0.8,2022,4,24268,202,63,2.0,2.0,2.0,2.0,0.0,0.0,163.0,2.0000000000000133
2022-05-31,Pima,AZ,Passenger,1.0,0.0,1.0,246.0,247.0,0.4,2022,5,24269,202,64,2.0,2.0,2.0,2.0,-0.5,-0.5,164.0,1.8571428571428654
2022-06-30,Pima,AZ,Passenger,1.0,0.0,1.0,243.0,244.0,0.41,2022,6,24270,202,65,1.0,2.0,2.0,1.6666666666666667,0.0,-0.5,165.0,1.628571428571432
2023-01-31,Pima,AZ,Passenger,1.0,0.0,1.0,212.0,213.0,0.47,2023,1,24277,202,66,1.0,1.0,2.0,1.3333333333333333,0.0,-0.5,166.0,1.3714285714285785
2023-02-28,Pima,AZ,Passenger,1.0,0.0,1.0,209.0,210.0,0.48,2023,2,24278,202,67,1.0,1.0,1.0,1.0,0.0,0.0,167.0,1.1428571428571488
2023-03-31,Pima,AZ,Passenger,1.0,0.0,1.0,199.0,200.0,0.5,2023,3,24279,202,68,1.0,1.0,1.0,1.0,0.0,0.0,168.0,1.0000000000000202
2023-04-30,Pima,AZ,Passenger,1.0,0.0,1.0,198.0,199.0,0.5,2023,4,24280,202,69,1.0,1.0,1.0,1.0,0.0,0.0,169.0,1.0000000000000049
2023-05-31,Pima,AZ,Passenger,1.0,0.0,1.0,191.0,192.0,0.52,2023,5,24281,202,70,1.0,1.0,1.0,1.0,0.0,0.0,170.0,1.0000000000000049
2023-06-30,Pima,AZ,Passenger,1.0,0.0,1.0,181.0,182.0,0.55,2023,6,24282,202,71,1.0,1.0,1.0,1.0,0.0,0.0,171.0,1.0000000000000087
2023-07-31,Pima,AZ,Passenger,1.0,0.0,1.0,176.0,177.0,0.56,2023,7,24283,202,72,1.0,1.0,1.0,1.0,0.0,0.0,172.0,1.0000000000000087
2023-08-31,Pima,AZ,Passenger,1.0,0.0,1.0,162.0,163.0,0.61,2023,8,24284,202,73,1.0,1.0,1.0,1.0,0.0,0.0,173.0,1.0000000000000087
2023-09-30,Pima,AZ,Passenger,1.0,0.0,1.0,158.0,159.0,0.63,2023,9,24285,202,74,1.0,1.0,1.0,1.0,0.0,0.0,174.0,1.0000000000000124
2023-10-31,Pima,AZ,Passenger,1.0,0.0,1.0,156.0,157.0,0.64,2023,10,24286,202,75,1.0,1.0,1.0,1.0,0.0,0.0,175.0,1.0000000000000124
2023-11-30,Pima,AZ,Passenger,1.0,0.0,1.0,148.0,149.0,0.67,2023,11,24287,202,76,1.0,1.0,1.0,1.0,0.0,0.0,176.0,1.0000000000000124
2023-12-31,Pima,AZ,Passenger,1.0,0.0,1.0,144.0,145.0,0.69,2023,12,24288,202,77,1.0,1.0,1.0,1.0,0.0,0.0,177.0,1.0000000000000049
2024-01-31,Pima,AZ,Passenger,1.0,0.0,1.0,138.0,139.0,0.72,2024,1,24289,202,78,1.0,1.0,1.0,1.0,0.0,0.0,178.0,1.0000000000000124
2024-02-29,Pima,AZ,Passenger,1.0,0.0,1.0,136.0,137.0,0.73,2024,2,24290,202,79,1.0,1.0,1.0,1.0,0.0,0.0,179.0,1.0000000000000202
2017-06-30,Pinal,AZ,Passenger,2.0,0.0,2.0,246.0,248.0,0.81,2017,6,24210,203,5,2.0,2.0,2.0,2.0,0.0,0.0,12.0,1.9999999999999996
2017-07-31,Pinal,AZ,Passenger,2.0,0.0,2.0,239.0,241.0,0.83,2017,7,24211,203,6,2.0,2.0,2.0,2.0,0.0,0.0,14.0,1.9999999999999996
2017-08-31,Pinal,AZ,Passenger,2.0,0.0,2.0,231.0,233.0,0.86,2017,8,24212,203,7,2.0,2.0,2.0,2.0,0.0,0.0,16.0,1.9999999999999998
2017-09-30,Pinal,AZ,Passenger,2.0,0.0,2.0,230.0,232.0,0.86,2017,9,24213,203,8,2.0,2.0,2.0,2.0,0.0,0.0,18.0,2.0000000000000004
2017-10-31,Pinal,AZ,Passenger,2.0,0.0,2.0,226.0,228.0,0.88,2017,10,24214,203,9,2.0,2.0,2.0,2.0,0.0,0.0,20.0,2.0000000000000004
2017-11-30,Pinal,AZ,Passenger,2.0,0.0,2.0,226.0,228.0,0.88,2017,11,24215,203,10,2.0,2.0,2.0,2.0,0.0,0.0,22.0,2.0
2017-12-31,Pinal,AZ,Passenger,2.0,0.0,2.0,218.0,220.0,0.91,2017,12,24216,203,11,2.0,2.0,2.0,2.0,0.0,0.0,24.0,2.0000000000000004
2018-01-31,Pinal,AZ,Passenger,2.0,0.0,2.0,214.0,216.0,0.93,2018,1,24217,203,12,2.0,2.0,2.0,2.0,0.0,0.0,26.0,2.0000000000000004
2018-02-28,Pinal,AZ,Passenger,2.0,0.0,2.0,215.0,217.0,0.92,2018,2,24218,203,13,2.0,2.0,2.0,2.0,0.0,0.0,28.0,2.0000000000000018
2018-03-31,Pinal,AZ,Passenger,2.0,0.0,2.0,214.0,216.0,0.93,2018,3,24219,203,14,2.0,2.0,2.0,2.0,0.0,0.0,30.0,2.0000000000000013
2018-04-30,Pinal,AZ,Passenger,2.0,0.0,2.0,212.0,214.0,0.93,2018,4,24220,203,15,2.0,2.0,2.0,2.0,0.0,0.0,32.0,2.0000000000000018
2018-05-31,Pinal,AZ,Passenger,2.0,0.0,2.0,210.0,212.0,0.94,2018,5,24221,203,16,2.0,2.0,2.0,2.0,0.0,0.0,34.0,2.0
2018-06-30,Pinal,AZ,Passenger,2.0,0.0,2.0,208.0,210.0,0.95,2018,6,24222,203,17,2.0,2.0,2.0,2.0,0.0,0.0,36.0,2.0000000000000004
2018-07-31,Pinal,AZ,Passenger,2.0,0.0,2.0,208.0,210.0,0.95,2018,7,24223,203,18,2.0,2.0,2.0,2.0,0.0,0.0,38.0,2.000000000000004
2018-08-31,Pinal,AZ,Passenger,2.0,0.0,2.0,208.0,210.0,0.95,2018,8,24224,203,19,2.0,2.0,2.0,2.0,0.0,0.0,40.0,1.9999999999999996
2018-09-30,Pinal,AZ,Passenger,2.0,0.0,2.0,206.0,208.0,0.96,2018,9,24225,203,20,2.0,2.0,2.0,2.0,0.0,0.0,42.0,2.000000000000002
2018-10-31,Pinal,AZ,Passenger,2.0,0.0,2.0,209.0,211.0,0.95,2018,10,24226,203,21,2.0,2.0,2.0,2.0,0.0,0.0,44.0,2.0000000000000027
2018-11-30,Pinal,AZ,Passenger,2.0,0.0,2.0,206.0,208.0,0.96,2018,11,24227,203,22,2.0,2.0,2.0,2.0,0.0,0.0,46.0,2.0000000000000027
2018-12-31,Pinal,AZ,Passenger,2.0,0.0,2.0,205.0,207.0,0.97,2018,12,24228,203,23,2.0,2.0,2.0,2.0,0.0,0.0,48.0,2.000000000000001
2019-01-31,Pinal,AZ,Passenger,2.0,0.0,2.0,207.0,209.0,0.96,2019,1,24229,203,24,2.0,2.0,2.0,2.0,0.0,0.0,50.0,2.0000000000000027
2019-02-28,Pinal,AZ,Passenger,2.0,0.0,2.0,207.0,209.0,0.96,2019,2,24230,203,25,2.0,2.0,2.0,2.0,0.0,0.0,52.0,2.0000000000000027
2019-03-31,Pinal,AZ,Passenger,2.0,0.0,2.0,202.0,204.0,0.98,2019,3,24231,203,26,2.0,2.0,2.0,2.0,0.0,0.0,54.0,2.0000000000000027
2019-04-30,Pinal,AZ,Passenger,2.0,0.0,2.0,199.0,201.0,1.0,2019,4,24232,203,27,2.0,2.0,2.0,2.0,0.0,0.0,56.0,2.0000000000000027
2019-05-31,Pinal,AZ,Passenger,2.0,0.0,2.0,198.0,200.0,1.0,2019,5,24233,203,28,2.0,2.0,2.0,2.0,0.0,0.0,58.0,2.000000000000005
2019-06-30,Pinal,AZ,Passenger,2.0,0.0,2.0,199.0,201.0,1.0,2019,6,24234,203,29,2.0,2.0,2.0,2.0,0.0,0.0,60.0,2.000000000000004
2019-07-31,Pinal,AZ,Passenger,2.0,0.0,2.0,196.0,198.0,1.01,2019,7,24235,203,30,2.0,2.0,2.0,2.0,0.0,0.0,62.0,2.0000000000000018
2019-08-31,Pinal,AZ,Passenger,2.0,0.0,2.0,199.0,201.0,1.0,2019,8,24236,203,31,2.0,2.0,2.0,2.0,0.0,0.0,64.0,2.000000000000004
2019-09-30,Pinal,AZ,Passenger,2.0,0.0,2.0,196.0,198.0,1.01,2019,9,24237,203,32,2.0,2.0,2.0,2.0,0.0,0.0,66.0,2.0000000000000075
2019-10-31,Pinal,AZ,Passenger,1.0,0.0,1.0,196.0,197.0,0.51,2019,10,24238,203,33,2.0,2.0,2.0,2.0,-0.5,-0.5,67.0,1.8571428571428579
2019-11-30,Pinal,AZ,Passenger,1.0,0.0,1.0,198.0,199.0,0.5,2019,11,24239,203,34,1.0,2.0,2.0,1.6666666666666667,0.0,-0.5,68.0,1.6285714285714339
2019-12-31,Pinal,AZ,Passenger,1.0,0.0,1.0,197.0,198.0,0.51,2019,12,24240,203,35,1.0,1.0,2.0,1.3333333333333333,0.0,-0.5,69.0,1.3714285714285768
2020-01-31,Pinal,AZ,Passenger,1.0,0.0,1.0,198.0,199.0,0.5,2020,1,24241,203,36,1.0,1.0,1.0,1.0,0.0,0.0,70.0,1.1428571428571432
2020-02-29,Pinal,AZ,Passenger,1.0,0.0,1.0,199.0,200.0,0.5,2020,2,24242,203,37,1.0,1.0,1.0,1.0,0.0,0.0,71.0,1.0000000000000049
2020-03-31,Pinal,AZ,Passenger,1.0,0.0,1.0,195.0,196.0,0.51,2020,3,24243,203,38,1.0,1.0,1.0,1.0,0.0,0.0,72.0,1.0000000000000067
2020-04-30,Pinal,AZ,Passenger,1.0,0.0,1.0,192.0,193.0,0.52,2020,4,24244,203,39,1.0,1.0,1.0,1.0,0.0,0.0,73.0,1.0000000000000049
2020-05-31,Pinal,AZ,Passenger,1.0,0.0,1.0,191.0,192.0,0.52,2020,5,24245,203,40,1.0,1.0,1.0,1.0,0.0,0.0,74.0,1.0000000000000009
2020-06-30,Pinal,AZ,Passenger,1.0,0.0,1.0,187.0,188.0,0.53,2020,6,24246,203,41,1.0,1.0,1.0,1.0,0.0,0.0,75.0,1.0000000000000029
2020-07-31,Pinal,AZ,Passenger,1.0,0.0,1.0,184.0,185.0,0.54,2020,7,24247,203,42,1.0,1.0,1.0,1.0,0.0,0.0,76.0,1.0000000000000049
2020-08-31,Pinal,AZ,Passenger,1.0,0.0,1.0,185.0,186.0,0.54,2020,8,24248,203,43,1.0,1.0,1.0,1.0,0.0,0.0,77.0,1.0000000000000087
2023-09-30,Pinal,AZ,Passenger,1.0,0.0,1.0,77.0,78.0,1.28,2023,9,24285,203,44,1.0,1.0,1.0,1.0,0.0,0.0,78.0,1.0000000000000049
2023-10-31,Pinal,AZ,Passenger,1.0,0.0,1.0,73.0,74.0,1.35,2023,10,24286,203,45,1.0,1.0,1.0,1.0,0.0,0.0,79.0,1.0000000000000029
2023-11-30,Pinal,AZ,Passenger,1.0,0.0,1.0,69.0,70.0,1.43,2023,11,24287,203,46,1.0,1.0,1.0,1.0,0.0,0.0,80.0,1.0000000000000087
2023-12-31,Pinal,AZ,Passenger,1.0,0.0,1.0,66.0,67.0,1.49,2023,12,24288,203,47,1.0,1.0,1.0,1.0,0.0,0.0,81.0,1.0000000000000029
2024-01-31,Pinal,AZ,Passenger,1.0,0.0,1.0,61.0,62.0,1.61,2024,1,24289,203,48,1.0,1.0,1.0,1.0,0.0,0.0,82.0,1.0000000000000104
2024-02-29,Pinal,AZ,Passenger,1.0,0.0,1.0,59.0,60.0,1.67,2024,2,24290,203,49,1.0,1.0,1.0,1.0,0.0,0.0,83.0,1.0000000000000049
2019-10-31,Pinellas,FL,Passenger,1.0,1.0,2.0,117.0,119.0,1.68,2019,10,24238,204,5,2.0,2.0,1.0,1.6666666666666667,0.0,1.0,9.0,1.6285714285714281
2019-11-30,Pinellas,FL,Passenger,1.0,1.0,2.0,117.0,119.0,1.68,2019,11,24239,204,6,2.0,2.0,2.0,2.0,0.0,0.0,11.0,1.8571428571428565
2019-12-31,Pinellas,FL,Passenger,1.0,1.0,2.0,117.0,119.0,1.68,2019,12,24240,204,7,2.0,2.0,2.0,2.0,0.0,0.0,13.0,2.0
2020-01-31,Pinellas,FL,Passenger,1.0,1.0,2.0,118.0,120.0,1.67,2020,1,24241,204,8,2.0,2.0,2.0,2.0,0.0,0.0,15.0,1.9999999999999998
2020-02-29,Pinellas,FL,Passenger,1.0,1.0,2.0,117.0,119.0,1.68,2020,2,24242,204,9,2.0,2.0,2.0,2.0,0.0,0.0,17.0,2.0
2020-03-31,Pinellas,FL,Passenger,1.0,1.0,2.0,116.0,118.0,1.69,2020,3,24243,204,10,2.0,2.0,2.0,2.0,0.0,0.0,19.0,2.0000000000000004
2020-04-30,Pinellas,FL,Passenger,1.0,1.0,2.0,116.0,118.0,1.69,2020,4,24244,204,11,2.0,2.0,2.0,2.0,0.0,0.0,21.0,2.0000000000000004
2020-05-31,Pinellas,FL,Passenger,1.0,1.0,2.0,115.0,117.0,1.71,2020,5,24245,204,12,2.0,2.0,2.0,2.0,0.0,0.0,23.0,1.9999999999999998
2020-06-30,Pinellas,FL,Passenger,1.0,1.0,2.0,116.0,118.0,1.69,2020,6,24246,204,13,2.0,2.0,2.0,2.0,0.0,0.0,25.0,1.9999999999999996
2020-07-31,Pinellas,FL,Passenger,1.0,1.0,2.0,115.0,117.0,1.71,2020,7,24247,204,14,2.0,2.0,2.0,2.0,0.0,0.0,27.0,2.000000000000001
2020-08-31,Pinellas,FL,Passenger,1.0,1.0,2.0,111.0,113.0,1.77,2020,8,24248,204,15,2.0,2.0,2.0,2.0,0.0,0.0,29.0,2.000000000000001
2020-09-30,Pinellas,FL,Passenger,1.0,1.0,2.0,110.0,112.0,1.79,2020,9,24249,204,16,2.0,2.0,2.0,2.0,0.0,0.0,31.0,2.0000000000000004
2020-10-31,Pinellas,FL,Passenger,1.0,1.0,2.0,106.0,108.0,1.85,2020,10,24250,204,17,2.0,2.0,2.0,2.0,0.0,0.0,33.0,2.0000000000000013
2020-11-30,Pinellas,FL,Passenger,1.0,1.0,2.0,104.0,106.0,1.89,2020,11,24251,204,18,2.0,2.0,2.0,2.0,0.0,0.0,35.0,2.000000000000001
2020-12-31,Pinellas,FL,Passenger,1.0,1.0,2.0,104.0,106.0,1.89,2020,12,24252,204,19,2.0,2.0,2.0,2.0,0.0,0.0,37.0,2.0000000000000004
2021-01-31,Pinellas,FL,Passenger,1.0,1.0,2.0,103.0,105.0,1.9,2021,1,24253,204,20,2.0,2.0,2.0,2.0,0.0,0.0,39.0,1.9999999999999991
2021-02-28,Pinellas,FL,Passenger,1.0,1.0,2.0,104.0,106.0,1.89,2021,2,24254,204,21,2.0,2.0,2.0,2.0,0.0,0.0,41.0,2.0000000000000027
2021-03-31,Pinellas,FL,Passenger,1.0,1.0,2.0,102.0,104.0,1.92,2021,3,24255,204,22,2.0,2.0,2.0,2.0,0.0,0.0,43.0,2.0000000000000027
2021-04-30,Pinellas,FL,Passenger,1.0,1.0,2.0,99.0,101.0,1.98,2021,4,24256,204,23,2.0,2.0,2.0,2.0,0.0,0.0,45.0,2.000000000000001
2021-05-31,Pinellas,FL,Passenger,0.0,1.0,1.0,100.0,101.0,0.99,2021,5,24257,204,24,2.0,2.0,2.0,2.0,-0.5,-0.5,46.0,1.8571428571428596
2021-06-30,Pinellas,FL,Passenger,0.0,1.0,1.0,99.0,100.0,1.0,2021,6,24258,204,25,1.0,2.0,2.0,1.6666666666666667,0.0,-0.5,47.0,1.6285714285714281
2021-07-31,Pinellas,FL,Passenger,0.0,1.0,1.0,99.0,100.0,1.0,2021,7,24259,204,26,1.0,1.0,2.0,1.3333333333333333,0.0,-0.5,48.0,1.3714285714285748
2021-08-31,Pinellas,FL,Passenger,0.0,1.0,1.0,96.0,97.0,1.03,2021,8,24260,204,27,1.0,1.0,1.0,1.0,0.0,0.0,49.0,1.1428571428571441
2021-09-30,Pinellas,FL,Passenger,0.0,1.0,1.0,96.0,97.0,1.03,2021,9,24261,204,28,1.0,1.0,1.0,1.0,0.0,0.0,50.0,1.000000000000002
2021-10-31,Pinellas,FL,Passenger,0.0,1.0,1.0,97.0,98.0,1.02,2021,10,24262,204,29,1.0,1.0,1.0,1.0,0.0,0.0,51.0,1.000000000000002
2021-11-30,Pinellas,FL,Passenger,0.0,1.0,1.0,95.0,96.0,1.04,2021,11,24263,204,30,1.0,1.0,1.0,1.0,0.0,0.0,52.0,1.0000000000000009
2021-12-31,Pinellas,FL,Passenger,0.0,1.0,1.0,93.0,94.0,1.06,2021,12,24264,204,31,1.0,1.0,1.0,1.0,0.0,0.0,53.0,1.0000000000000029
2022-01-31,Pinellas,FL,Passenger,0.0,1.0,1.0,92.0,93.0,1.08,2022,1,24265,204,32,1.0,1.0,1.0,1.0,0.0,0.0,54.0,1.0000000000000049
2022-02-28,Pinellas,FL,Passenger,0.0,1.0,1.0,89.0,90.0,1.11,2022,2,24266,204,33,1.0,1.0,1.0,1.0,0.0,0.0,55.0,1.0000000000000038
2022-03-31,Pinellas,FL,Passenger,0.0,1.0,1.0,89.0,90.0,1.11,2022,3,24267,204,34,1.0,1.0,1.0,1.0,0.0,0.0,56.0,1.0
2022-04-30,Pinellas,FL,Passenger,0.0,1.0,1.0,86.0,87.0,1.15,2022,4,24268,204,35,1.0,1.0,1.0,1.0,0.0,0.0,57.0,1.000000000000002
2022-05-31,Pinellas,FL,Passenger,0.0,1.0,1.0,83.0,84.0,1.19,2022,5,24269,204,36,1.0,1.0,1.0,1.0,0.0,0.0,58.0,1.0000000000000038
2022-06-30,Pinellas,FL,Passenger,0.0,1.0,1.0,80.0,81.0,1.23,2022,6,24270,204,37,1.0,1.0,1.0,1.0,0.0,0.0,59.0,1.0000000000000038
2019-10-31,Placer,CA,Passenger,1.0,0.0,1.0,101.0,102.0,0.98,2019,10,24238,206,5,1.0,1.0,1.0,1.0,0.0,0.0,6.0,0.9999999999999998
2019-11-30,Placer,CA,Passenger,1.0,0.0,1.0,102.0,103.0,0.97,2019,11,24239,206,6,1.0,1.0,1.0,1.0,0.0,0.0,7.0,0.9999999999999998
2019-12-31,Placer,CA,Passenger,1.0,0.0,1.0,102.0,103.0,0.97,2019,12,24240,206,7,1.0,1.0,1.0,1.0,0.0,0.0,8.0,0.9999999999999999
2020-01-31,Placer,CA,Passenger,1.0,0.0,1.0,100.0,101.0,0.99,2020,1,24241,206,8,1.0,1.0,1.0,1.0,0.0,0.0,9.0,1.0000000000000002
2020-02-29,Placer,CA,Passenger,2.0,0.0,2.0,100.0,102.0,1.96,2020,2,24242,206,9,1.0,1.0,1.0,1.0,1.0,1.0,11.0,1.1428571428571432
2020-03-31,Placer,CA,Passenger,2.0,0.0,2.0,99.0,101.0,1.98,2020,3,24243,206,10,2.0,1.0,1.0,1.3333333333333333,0.0,1.0,13.0,1.3714285714285714
2020-04-30,Placer,CA,Passenger,2.0,0.0,2.0,96.0,98.0,2.04,2020,4,24244,206,11,2.0,2.0,1.0,1.6666666666666667,0.0,1.0,15.0,1.6285714285714286
2020-05-31,Placer,CA,Passenger,2.0,0.0,2.0,94.0,96.0,2.08,2020,5,24245,206,12,2.0,2.0,2.0,2.0,0.0,0.0,17.0,1.8571428571428565
2020-06-30,Placer,CA,Passenger,2.0,0.0,2.0,96.0,98.0,2.04,2020,6,24246,206,13,2.0,2.0,2.0,2.0,0.0,0.0,19.0,2.0000000000000004
2020-07-31,Placer,CA,Passenger,2.0,0.0,2.0,92.0,94.0,2.13,2020,7,24247,206,14,2.0,2.0,2.0,2.0,0.0,0.0,21.0,2.0000000000000004
2020-08-31,Placer,CA,Passenger,2.0,0.0,2.0,91.0,93.0,2.15,2020,8,24248,206,15,2.0,2.0,2.0,2.0,0.0,0.0,23.0,1.9999999999999998
2020-09-30,Placer,CA,Passenger,2.0,0.0,2.0,92.0,94.0,2.13,2020,9,24249,206,16,2.0,2.0,2.0,2.0,0.0,0.0,25.0,1.9999999999999996
2020-10-31,Placer,CA,Passenger,2.0,0.0,2.0,90.0,92.0,2.17,2020,10,24250,206,17,2.0,2.0,2.0,2.0,0.0,0.0,27.0,2.000000000000001
2020-11-30,Placer,CA,Passenger,2.0,0.0,2.0,89.0,91.0,2.2,2020,11,24251,206,18,2.0,2.0,2.0,2.0,0.0,0.0,29.0,2.000000000000001
2020-12-31,Placer,CA,Passenger,2.0,0.0,2.0,87.0,89.0,2.25,2020,12,24252,206,19,2.0,2.0,2.0,2.0,0.0,0.0,31.0,2.0000000000000004
2021-01-31,Placer,CA,Passenger,2.0,0.0,2.0,85.0,87.0,2.3,2021,1,24253,206,20,2.0,2.0,2.0,2.0,0.0,0.0,33.0,2.0000000000000013
2021-02-28,Placer,CA,Passenger,2.0,0.0,2.0,83.0,85.0,2.35,2021,2,24254,206,21,2.0,2.0,2.0,2.0,0.0,0.0,35.0,2.000000000000001
2021-03-31,Placer,CA,Passenger,2.0,0.0,2.0,83.0,85.0,2.35,2021,3,24255,206,22,2.0,2.0,2.0,2.0,0.0,0.0,37.0,2.0000000000000004
2021-04-30,Placer,CA,Passenger,2.0,0.0,2.0,83.0,85.0,2.35,2021,4,24256,206,23,2.0,2.0,2.0,2.0,0.0,0.0,39.0,1.9999999999999991
2021-05-31,Placer,CA,Passenger,2.0,0.0,2.0,84.0,86.0,2.33,2021,5,24257,206,24,2.0,2.0,2.0,2.0,0.0,0.0,41.0,2.0000000000000027
2021-06-30,Placer,CA,Passenger,2.0,0.0,2.0,81.0,83.0,2.41,2021,6,24258,206,25,2.0,2.0,2.0,2.0,0.0,0.0,43.0,2.0000000000000027
2021-07-31,Placer,CA,Passenger,2.0,0.0,2.0,79.0,81.0,2.47,2021,7,24259,206,26,2.0,2.0,2.0,2.0,0.0,0.0,45.0,2.000000000000001
2021-08-31,Placer,CA,Passenger,2.0,0.0,2.0,74.0,76.0,2.63,2021,8,24260,206,27,2.0,2.0,2.0,2.0,0.0,0.0,47.0,2.0000000000000027
2021-09-30,Placer,CA,Passenger,2.0,0.0,2.0,73.0,75.0,2.67,2021,9,24261,206,28,2.0,2.0,2.0,2.0,0.0,0.0,49.0,2.000000000000001
2021-10-31,Placer,CA,Passenger,2.0,0.0,2.0,74.0,76.0,2.63,2021,10,24262,206,29,2.0,2.0,2.0,2.0,0.0,0.0,51.0,2.0000000000000018
2021-11-30,Placer,CA,Passenger,2.0,0.0,2.0,76.0,78.0,2.56,2021,11,24263,206,30,2.0,2.0,2.0,2.0,0.0,0.0,53.0,2.0000000000000027
2021-12-31,Placer,CA,Passenger,2.0,0.0,2.0,77.0,79.0,2.53,2021,12,24264,206,31,2.0,2.0,2.0,2.0,0.0,0.0,55.0,2.000000000000001
2022-01-31,Placer,CA,Passenger,2.0,0.0,2.0,77.0,79.0,2.53,2022,1,24265,206,32,2.0,2.0,2.0,2.0,0.0,0.0,57.0,2.000000000000001
2022-02-28,Placer,CA,Passenger,2.0,0.0,2.0,76.0,78.0,2.56,2022,2,24266,206,33,2.0,2.0,2.0,2.0,0.0,0.0,59.0,2.0000000000000018
2022-03-31,Placer,CA,Passenger,2.0,0.0,2.0,74.0,76.0,2.63,2022,3,24267,206,34,2.0,2.0,2.0,2.0,0.0,0.0,61.0,2.0000000000000018
2022-04-30,Placer,CA,Passenger,2.0,0.0,2.0,74.0,76.0,2.63,2022,4,24268,206,35,2.0,2.0,2.0,2.0,0.0,0.0,63.0,2.0000000000000018
2022-05-31,Placer,CA,Passenger,2.0,0.0,2.0,70.0,72.0,2.78,2022,5,24269,206,36,2.0,2.0,2.0,2.0,0.0,0.0,65.0,2.0
2022-06-30,Placer,CA,Passenger,2.0,0.0,2.0,71.0,73.0,2.74,2022,6,24270,206,37,2.0,2.0,2.0,2.0,0.0,0.0,67.0,2.000000000000004
2022-07-31,Placer,CA,Passenger,2.0,0.0,2.0,70.0,72.0,2.78,2022,7,24271,206,38,2.0,2.0,2.0,2.0,0.0,0.0,69.0,2.0
2022-08-31,Placer,CA,Passenger,2.0,0.0,2.0,69.0,71.0,2.82,2022,8,24272,206,39,2.0,2.0,2.0,2.0,0.0,0.0,71.0,2.0
2022-09-30,Placer,CA,Passenger,2.0,0.0,2.0,69.0,71.0,2.82,2022,9,24273,206,40,2.0,2.0,2.0,2.0,0.0,0.0,73.0,2.0000000000000018
2022-10-31,Placer,CA,Passenger,2.0,0.0,2.0,66.0,68.0,2.94,2022,10,24274,206,41,2.0,2.0,2.0,2.0,0.0,0.0,75.0,2.0000000000000058
2022-11-30,Placer,CA,Passenger,2.0,0.0,2.0,67.0,69.0,2.9,2022,11,24275,206,42,2.0,2.0,2.0,2.0,0.0,0.0,77.0,2.0000000000000058
2022-12-31,Placer,CA,Passenger,2.0,0.0,2.0,65.0,67.0,2.99,2022,12,24276,206,43,2.0,2.0,2.0,2.0,0.0,0.0,79.0,2.0
2023-01-31,Placer,CA,Passenger,2.0,0.0,2.0,62.0,64.0,3.12,2023,1,24277,206,44,2.0,2.0,2.0,2.0,0.0,0.0,81.0,2.0000000000000075
2023-02-28,Placer,CA,Passenger,1.0,0.0,1.0,62.0,63.0,1.59,2023,2,24278,206,45,2.0,2.0,2.0,2.0,-0.5,-0.5,82.0,1.8571428571428579
2023-03-31,Placer,CA,Passenger,1.0,0.0,1.0,62.0,63.0,1.59,2023,3,24279,206,46,1.0,2.0,2.0,1.6666666666666667,0.0,-0.5,83.0,1.628571428571432
2023-04-30,Placer,CA,Passenger,1.0,0.0,1.0,61.0,62.0,1.61,2023,4,24280,206,47,1.0,1.0,2.0,1.3333333333333333,0.0,-0.5,84.0,1.3714285714285785
2023-05-31,Placer,CA,Passenger,1.0,0.0,1.0,59.0,60.0,1.67,2023,5,24281,206,48,1.0,1.0,1.0,1.0,0.0,0.0,85.0,1.142857142857145
2023-06-30,Placer,CA,Passenger,1.0,0.0,1.0,59.0,60.0,1.67,2023,6,24282,206,49,1.0,1.0,1.0,1.0,0.0,0.0,86.0,1.0000000000000067
2023-07-31,Placer,CA,Passenger,1.0,0.0,1.0,60.0,61.0,1.64,2023,7,24283,206,50,1.0,1.0,1.0,1.0,0.0,0.0,87.0,1.0000000000000049
2023-08-31,Placer,CA,Passenger,1.0,0.0,1.0,59.0,60.0,1.67,2023,8,24284,206,51,1.0,1.0,1.0,1.0,0.0,0.0,88.0,1.0000000000000087
2023-09-30,Placer,CA,Passenger,1.0,0.0,1.0,58.0,59.0,1.69,2023,9,24285,206,52,1.0,1.0,1.0,1.0,0.0,0.0,89.0,1.0000000000000009
2023-10-31,Placer,CA,Passenger,1.0,0.0,1.0,55.0,56.0,1.79,2023,10,24286,206,53,1.0,1.0,1.0,1.0,0.0,0.0,90.0,1.0000000000000049
2023-11-30,Placer,CA,Passenger,1.0,0.0,1.0,55.0,56.0,1.79,2023,11,24287,206,54,1.0,1.0,1.0,1.0,0.0,0.0,91.0,1.0000000000000049
2023-12-31,Placer,CA,Passenger,1.0,0.0,1.0,54.0,55.0,1.82,2023,12,24288,206,55,1.0,1.0,1.0,1.0,0.0,0.0,92.0,1.0000000000000029
2024-01-31,Placer,CA,Passenger,1.0,0.0,1.0,51.0,52.0,1.92,2024,1,24289,206,56,1.0,1.0,1.0,1.0,0.0,0.0,93.0,1.0000000000000067
2024-02-29,Placer,CA,Passenger,1.0,0.0,1.0,49.0,50.0,2.0,2024,2,24290,206,57,1.0,1.0,1.0,1.0,0.0,0.0,94.0,1.0000000000000049
2021-02-28,Plaquemines,LA,Passenger,0.0,1.0,1.0,15.0,16.0,6.25,2021,2,24254,207,5,1.0,1.0,1.0,1.0,0.0,0.0,6.0,0.9999999999999998
2021-03-31,Plaquemines,LA,Passenger,0.0,1.0,1.0,16.0,17.0,5.88,2021,3,24255,207,6,1.0,1.0,1.0,1.0,0.0,0.0,7.0,0.9999999999999998
2021-04-30,Plaquemines,LA,Passenger,0.0,1.0,1.0,17.0,18.0,5.56,2021,4,24256,207,7,1.0,1.0,1.0,1.0,0.0,0.0,8.0,0.9999999999999999
2021-05-31,Plaquemines,LA,Passenger,0.0,1.0,1.0,17.0,18.0,5.56,2021,5,24257,207,8,1.0,1.0,1.0,1.0,0.0,0.0,9.0,1.0000000000000002
2021-06-30,Plaquemines,LA,Passenger,0.0,1.0,1.0,17.0,18.0,5.56,2021,6,24258,207,9,1.0,1.0,1.0,1.0,0.0,0.0,10.0,1.0000000000000002
2021-07-31,Plaquemines,LA,Passenger,0.0,1.0,1.0,17.0,18.0,5.56,2021,7,24259,207,10,1.0,1.0,1.0,1.0,0.0,0.0,11.0,1.0
2021-08-31,Plaquemines,LA,Passenger,0.0,1.0,1.0,17.0,18.0,5.56,2021,8,24260,207,11,1.0,1.0,1.0,1.0,0.0,0.0,12.0,1.0000000000000002
2021-09-30,Plaquemines,LA,Passenger,0.0,1.0,1.0,19.0,20.0,5.0,2021,9,24261,207,12,1.0,1.0,1.0,1.0,0.0,0.0,13.0,1.0000000000000002
2021-10-31,Plaquemines,LA,Passenger,0.0,1.0,1.0,19.0,20.0,5.0,2021,10,24262,207,13,1.0,1.0,1.0,1.0,0.0,0.0,14.0,1.0000000000000009
2021-11-30,Plaquemines,LA,Passenger,0.0,1.0,1.0,19.0,20.0,5.0,2021,11,24263,207,14,1.0,1.0,1.0,1.0,0.0,0.0,15.0,1.0000000000000007
2021-12-31,Plaquemines,LA,Passenger,0.0,1.0,1.0,19.0,20.0,5.0,2021,12,24264,207,15,1.0,1.0,1.0,1.0,0.0,0.0,16.0,1.0000000000000009
2022-01-31,Plaquemines,LA,Passenger,0.0,1.0,1.0,19.0,20.0,5.0,2022,1,24265,207,16,1.0,1.0,1.0,1.0,0.0,0.0,17.0,1.0
2022-02-28,Plaquemines,LA,Passenger,0.0,1.0,1.0,19.0,20.0,5.0,2022,2,24266,207,17,1.0,1.0,1.0,1.0,0.0,0.0,18.0,1.0000000000000002
2022-03-31,Plaquemines,LA,Passenger,0.0,1.0,1.0,19.0,20.0,5.0,2022,3,24267,207,18,1.0,1.0,1.0,1.0,0.0,0.0,19.0,1.000000000000002
2022-04-30,Plaquemines,LA,Passenger,1.0,1.0,2.0,18.0,20.0,6.9025,2022,4,24268,207,19,1.0,1.0,1.0,1.0,1.0,1.0,21.0,1.1428571428571428
2022-05-31,Plaquemines,LA,Passenger,1.0,1.0,2.0,18.0,20.0,6.9025,2022,5,24269,207,20,2.0,1.0,1.0,1.3333333333333333,0.0,1.0,23.0,1.3714285714285723
2022-06-30,Plaquemines,LA,Passenger,1.0,1.0,2.0,18.0,20.0,6.9025,2022,6,24270,207,21,2.0,2.0,1.0,1.6666666666666667,0.0,1.0,25.0,1.6285714285714283
2022-07-31,Plaquemines,LA,Passenger,1.0,1.0,2.0,18.0,20.0,6.9025,2022,7,24271,207,22,2.0,2.0,2.0,2.0,0.0,0.0,27.0,1.857142857142858
2022-08-31,Plaquemines,LA,Passenger,1.0,1.0,2.0,18.0,20.0,6.9025,2022,8,24272,207,23,2.0,2.0,2.0,2.0,0.0,0.0,29.0,2.000000000000001
2022-09-30,Plaquemines,LA,Passenger,1.0,1.0,2.0,18.0,20.0,6.9025,2022,9,24273,207,24,2.0,2.0,2.0,2.0,0.0,0.0,31.0,2.0000000000000004
2022-10-31,Plaquemines,LA,Passenger,1.0,1.0,2.0,19.0,21.0,6.9025,2022,10,24274,207,25,2.0,2.0,2.0,2.0,0.0,0.0,33.0,2.0000000000000013
2022-11-30,Plaquemines,LA,Passenger,1.0,1.0,2.0,19.0,21.0,6.9025,2022,11,24275,207,26,2.0,2.0,2.0,2.0,0.0,0.0,35.0,2.000000000000001
2022-12-31,Plaquemines,LA,Passenger,1.0,1.0,2.0,19.0,21.0,6.9025,2022,12,24276,207,27,2.0,2.0,2.0,2.0,0.0,0.0,37.0,2.0000000000000004
2023-01-31,Plaquemines,LA,Passenger,1.0,1.0,2.0,19.0,21.0,6.9025,2023,1,24277,207,28,2.0,2.0,2.0,2.0,0.0,0.0,39.0,1.9999999999999991
2023-02-28,Plaquemines,LA,Passenger,1.0,1.0,2.0,19.0,21.0,6.9025,2023,2,24278,207,29,2.0,2.0,2.0,2.0,0.0,0.0,41.0,2.0000000000000027
2023-03-31,Plaquemines,LA,Passenger,1.0,1.0,2.0,18.0,20.0,6.9025,2023,3,24279,207,30,2.0,2.0,2.0,2.0,0.0,0.0,43.0,2.0000000000000027
2023-04-30,Plaquemines,LA,Passenger,1.0,1.0,2.0,18.0,20.0,6.9025,2023,4,24280,207,31,2.0,2.0,2.0,2.0,0.0,0.0,45.0,2.000000000000001
2023-05-31,Plaquemines,LA,Passenger,1.0,1.0,2.0,16.0,18.0,6.9025,2023,5,24281,207,32,2.0,2.0,2.0,2.0,0.0,0.0,47.0,2.0000000000000027
2023-06-30,Plaquemines,LA,Passenger,1.0,1.0,2.0,16.0,18.0,6.9025,2023,6,24282,207,33,2.0,2.0,2.0,2.0,0.0,0.0,49.0,2.000000000000001
2023-07-31,Plaquemines,LA,Passenger,1.0,1.0,2.0,16.0,18.0,6.9025,2023,7,24283,207,34,2.0,2.0,2.0,2.0,0.0,0.0,51.0,2.0000000000000018
2023-08-31,Plaquemines,LA,Passenger,1.0,1.0,2.0,16.0,18.0,6.9025,2023,8,24284,207,35,2.0,2.0,2.0,2.0,0.0,0.0,53.0,2.0000000000000027
2023-09-30,Plaquemines,LA,Passenger,1.0,1.0,2.0,15.0,17.0,6.9025,2023,9,24285,207,36,2.0,2.0,2.0,2.0,0.0,0.0,55.0,2.000000000000001
2023-10-31,Plaquemines,LA,Passenger,1.0,1.0,2.0,15.0,17.0,6.9025,2023,10,24286,207,37,2.0,2.0,2.0,2.0,0.0,0.0,57.0,2.000000000000001
2023-11-30,Plaquemines,LA,Passenger,1.0,1.0,2.0,15.0,17.0,6.9025,2023,11,24287,207,38,2.0,2.0,2.0,2.0,0.0,0.0,59.0,2.0000000000000018
2023-12-31,Plaquemines,LA,Passenger,1.0,1.0,2.0,15.0,17.0,6.9025,2023,12,24288,207,39,2.0,2.0,2.0,2.0,0.0,0.0,61.0,2.0000000000000018
2024-01-31,Plaquemines,LA,Passenger,1.0,1.0,2.0,15.0,17.0,6.9025,2024,1,24289,207,40,2.0,2.0,2.0,2.0,0.0,0.0,63.0,2.0000000000000018
2024-02-29,Plaquemines,LA,Passenger,1.0,1.0,2.0,15.0,17.0,6.9025,2024,2,24290,207,41,2.0,2.0,2.0,2.0,0.0,0.0,65.0,2.0
2021-03-31,Platte,MO,Passenger,1.0,0.0,1.0,21.0,22.0,4.55,2021,3,24255,208,5,1.0,1.0,1.0,1.0,0.0,0.0,6.0,0.9999999999999998
2021-04-30,Platte,MO,Passenger,1.0,0.0,1.0,20.0,21.0,4.76,2021,4,24256,208,6,1.0,1.0,1.0,1.0,0.0,0.0,7.0,0.9999999999999998
2021-05-31,Platte,MO,Passenger,1.0,0.0,1.0,20.0,21.0,4.76,2021,5,24257,208,7,1.0,1.0,1.0,1.0,0.0,0.0,8.0,0.9999999999999999
2021-06-30,Platte,MO,Passenger,1.0,0.0,1.0,19.0,20.0,5.0,2021,6,24258,208,8,1.0,1.0,1.0,1.0,0.0,0.0,9.0,1.0000000000000002
2021-07-31,Platte,MO,Passenger,1.0,0.0,1.0,18.0,19.0,5.26,2021,7,24259,208,9,1.0,1.0,1.0,1.0,0.0,0.0,10.0,1.0000000000000002
2021-08-31,Platte,MO,Passenger,1.0,0.0,1.0,17.0,18.0,5.56,2021,8,24260,208,10,1.0,1.0,1.0,1.0,0.0,0.0,11.0,1.0
2021-09-30,Platte,MO,Passenger,1.0,0.0,1.0,17.0,18.0,5.56,2021,9,24261,208,11,1.0,1.0,1.0,1.0,0.0,0.0,12.0,1.0000000000000002
2021-10-31,Platte,MO,Passenger,1.0,0.0,1.0,20.0,21.0,4.76,2021,10,24262,208,12,1.0,1.0,1.0,1.0,0.0,0.0,13.0,1.0000000000000002
2021-11-30,Platte,MO,Passenger,1.0,0.0,1.0,20.0,21.0,4.76,2021,11,24263,208,13,1.0,1.0,1.0,1.0,0.0,0.0,14.0,1.0000000000000009
2021-12-31,Platte,MO,Passenger,1.0,0.0,1.0,20.0,21.0,4.76,2021,12,24264,208,14,1.0,1.0,1.0,1.0,0.0,0.0,15.0,1.0000000000000007
2022-01-31,Platte,MO,Passenger,1.0,0.0,1.0,20.0,21.0,4.76,2022,1,24265,208,15,1.0,1.0,1.0,1.0,0.0,0.0,16.0,1.0000000000000009
2022-02-28,Platte,MO,Passenger,1.0,0.0,1.0,19.0,20.0,5.0,2022,2,24266,208,16,1.0,1.0,1.0,1.0,0.0,0.0,17.0,1.0
2022-03-31,Platte,MO,Passenger,1.0,0.0,1.0,20.0,21.0,4.76,2022,3,24267,208,17,1.0,1.0,1.0,1.0,0.0,0.0,18.0,1.0000000000000002
2022-04-30,Platte,MO,Passenger,1.0,0.0,1.0,22.0,23.0,4.35,2022,4,24268,208,18,1.0,1.0,1.0,1.0,0.0,0.0,19.0,1.000000000000002
2022-05-31,Platte,MO,Passenger,1.0,0.0,1.0,23.0,24.0,4.17,2022,5,24269,208,19,1.0,1.0,1.0,1.0,0.0,0.0,20.0,0.9999999999999998
2022-06-30,Platte,MO,Passenger,1.0,0.0,1.0,23.0,24.0,4.17,2022,6,24270,208,20,1.0,1.0,1.0,1.0,0.0,0.0,21.0,1.000000000000001
2022-07-31,Platte,MO,Passenger,1.0,0.0,1.0,23.0,24.0,4.17,2022,7,24271,208,21,1.0,1.0,1.0,1.0,0.0,0.0,22.0,1.0000000000000013
2022-08-31,Platte,MO,Passenger,1.0,0.0,1.0,24.0,25.0,4.0,2022,8,24272,208,22,1.0,1.0,1.0,1.0,0.0,0.0,23.0,1.0000000000000013
2022-09-30,Platte,MO,Passenger,1.0,0.0,1.0,24.0,25.0,4.0,2022,9,24273,208,23,1.0,1.0,1.0,1.0,0.0,0.0,24.0,1.0000000000000004
2022-10-31,Platte,MO,Passenger,1.0,0.0,1.0,22.0,23.0,4.35,2022,10,24274,208,24,1.0,1.0,1.0,1.0,0.0,0.0,25.0,1.0000000000000013
2022-11-30,Platte,MO,Passenger,1.0,0.0,1.0,22.0,23.0,4.35,2022,11,24275,208,25,1.0,1.0,1.0,1.0,0.0,0.0,26.0,1.0000000000000013
2022-12-31,Platte,MO,Passenger,1.0,0.0,1.0,22.0,23.0,4.35,2022,12,24276,208,26,1.0,1.0,1.0,1.0,0.0,0.0,27.0,1.0000000000000013
2023-01-31,Platte,MO,Passenger,1.0,0.0,1.0,21.0,22.0,4.55,2023,1,24277,208,27,1.0,1.0,1.0,1.0,0.0,0.0,28.0,1.0000000000000013
2023-02-28,Platte,MO,Passenger,1.0,0.0,1.0,21.0,22.0,4.55,2023,2,24278,208,28,1.0,1.0,1.0,1.0,0.0,0.0,29.0,1.0000000000000024
2023-03-31,Platte,MO,Passenger,1.0,0.0,1.0,21.0,22.0,4.55,2023,3,24279,208,29,1.0,1.0,1.0,1.0,0.0,0.0,30.0,1.000000000000002
2023-04-30,Platte,MO,Passenger,1.0,0.0,1.0,21.0,22.0,4.55,2023,4,24280,208,30,1.0,1.0,1.0,1.0,0.0,0.0,31.0,1.0000000000000009
2023-05-31,Platte,MO,Passenger,1.0,0.0,1.0,21.0,22.0,4.55,2023,5,24281,208,31,1.0,1.0,1.0,1.0,0.0,0.0,32.0,1.000000000000002
2023-06-30,Platte,MO,Passenger,1.0,0.0,1.0,21.0,22.0,4.55,2023,6,24282,208,32,1.0,1.0,1.0,1.0,0.0,0.0,33.0,1.0000000000000038
2023-07-31,Platte,MO,Passenger,1.0,0.0,1.0,22.0,23.0,4.35,2023,7,24283,208,33,1.0,1.0,1.0,1.0,0.0,0.0,34.0,1.0000000000000004
2023-08-31,Platte,MO,Passenger,2.0,0.0,2.0,21.0,23.0,6.9025,2023,8,24284,208,34,1.0,1.0,1.0,1.0,1.0,1.0,36.0,1.1428571428571432
2023-09-30,Platte,MO,Passenger,2.0,0.0,2.0,21.0,23.0,6.9025,2023,9,24285,208,35,2.0,1.0,1.0,1.3333333333333333,0.0,1.0,38.0,1.371428571428573
2023-10-31,Platte,MO,Passenger,2.0,0.0,2.0,21.0,23.0,6.9025,2023,10,24286,208,36,2.0,2.0,1.0,1.6666666666666667,0.0,1.0,40.0,1.628571428571431
2023-11-30,Platte,MO,Passenger,2.0,0.0,2.0,20.0,22.0,6.9025,2023,11,24287,208,37,2.0,2.0,2.0,2.0,0.0,0.0,42.0,1.8571428571428596
2023-12-31,Platte,MO,Passenger,2.0,0.0,2.0,20.0,22.0,6.9025,2023,12,24288,208,38,2.0,2.0,2.0,2.0,0.0,0.0,44.0,2.0000000000000027
2024-01-31,Platte,MO,Passenger,2.0,0.0,2.0,19.0,21.0,6.9025,2024,1,24289,208,39,2.0,2.0,2.0,2.0,0.0,0.0,46.0,2.0000000000000027
2024-02-29,Platte,MO,Passenger,2.0,0.0,2.0,19.0,21.0,6.9025,2024,2,24290,208,40,2.0,2.0,2.0,2.0,0.0,0.0,48.0,2.000000000000001
2017-06-30,Polk,FL,Passenger,1.0,0.0,1.0,67.0,68.0,1.47,2017,6,24210,209,5,1.0,1.0,1.0,1.0,0.0,0.0,6.0,0.9999999999999998
2017-07-31,Polk,FL,Passenger,1.0,0.0,1.0,66.0,67.0,1.49,2017,7,24211,209,6,1.0,1.0,1.0,1.0,0.0,0.0,7.0,0.9999999999999998
2017-08-31,Polk,FL,Passenger,1.0,0.0,1.0,67.0,68.0,1.47,2017,8,24212,209,7,1.0,1.0,1.0,1.0,0.0,0.0,8.0,0.9999999999999999
2017-09-30,Polk,FL,Passenger,1.0,0.0,1.0,65.0,66.0,1.52,2017,9,24213,209,8,1.0,1.0,1.0,1.0,0.0,0.0,9.0,1.0000000000000002
2017-10-31,Polk,FL,Passenger,1.0,0.0,1.0,66.0,67.0,1.49,2017,10,24214,209,9,1.0,1.0,1.0,1.0,0.0,0.0,10.0,1.0000000000000002
2017-11-30,Polk,FL,Passenger,1.0,0.0,1.0,65.0,66.0,1.52,2017,11,24215,209,10,1.0,1.0,1.0,1.0,0.0,0.0,11.0,1.0
2017-12-31,Polk,FL,Passenger,1.0,0.0,1.0,64.0,65.0,1.54,2017,12,24216,209,11,1.0,1.0,1.0,1.0,0.0,0.0,12.0,1.0000000000000002
2018-01-31,Polk,FL,Passenger,1.0,0.0,1.0,65.0,66.0,1.52,2018,1,24217,209,12,1.0,1.0,1.0,1.0,0.0,0.0,13.0,1.0000000000000002
2018-02-28,Polk,FL,Passenger,1.0,0.0,1.0,66.0,67.0,1.49,2018,2,24218,209,13,1.0,1.0,1.0,1.0,0.0,0.0,14.0,1.0000000000000009
2018-03-31,Polk,FL,Passenger,1.0,0.0,1.0,65.0,66.0,1.52,2018,3,24219,209,14,1.0,1.0,1.0,1.0,0.0,0.0,15.0,1.0000000000000007
2018-04-30,Polk,FL,Passenger,1.0,0.0,1.0,66.0,67.0,1.49,2018,4,24220,209,15,1.0,1.0,1.0,1.0,0.0,0.0,16.0,1.0000000000000009
2018-05-31,Polk,FL,Passenger,1.0,0.0,1.0,67.0,68.0,1.47,2018,5,24221,209,16,1.0,1.0,1.0,1.0,0.0,0.0,17.0,1.0
2018-06-30,Polk,FL,Passenger,1.0,0.0,1.0,69.0,70.0,1.43,2018,6,24222,209,17,1.0,1.0,1.0,1.0,0.0,0.0,18.0,1.0000000000000002
2018-07-31,Polk,FL,Passenger,1.0,0.0,1.0,68.0,69.0,1.45,2018,7,24223,209,18,1.0,1.0,1.0,1.0,0.0,0.0,19.0,1.000000000000002
2018-08-31,Polk,FL,Passenger,1.0,0.0,1.0,67.0,68.0,1.47,2018,8,24224,209,19,1.0,1.0,1.0,1.0,0.0,0.0,20.0,0.9999999999999998
2018-09-30,Polk,FL,Passenger,1.0,0.0,1.0,66.0,67.0,1.49,2018,9,24225,209,20,1.0,1.0,1.0,1.0,0.0,0.0,21.0,1.000000000000001
2018-10-31,Polk,FL,Passenger,1.0,0.0,1.0,65.0,66.0,1.52,2018,10,24226,209,21,1.0,1.0,1.0,1.0,0.0,0.0,22.0,1.0000000000000013
2018-11-30,Polk,FL,Passenger,1.0,0.0,1.0,66.0,67.0,1.49,2018,11,24227,209,22,1.0,1.0,1.0,1.0,0.0,0.0,23.0,1.0000000000000013
2018-12-31,Polk,FL,Passenger,1.0,0.0,1.0,67.0,68.0,1.47,2018,12,24228,209,23,1.0,1.0,1.0,1.0,0.0,0.0,24.0,1.0000000000000004
2019-01-31,Polk,FL,Passenger,1.0,0.0,1.0,69.0,70.0,1.43,2019,1,24229,209,24,1.0,1.0,1.0,1.0,0.0,0.0,25.0,1.0000000000000013
2019-02-28,Polk,FL,Passenger,1.0,0.0,1.0,68.0,69.0,1.45,2019,2,24230,209,25,1.0,1.0,1.0,1.0,0.0,0.0,26.0,1.0000000000000013
2019-03-31,Polk,FL,Passenger,1.0,0.0,1.0,70.0,71.0,1.41,2019,3,24231,209,26,1.0,1.0,1.0,1.0,0.0,0.0,27.0,1.0000000000000013
2019-04-30,Polk,FL,Passenger,1.0,0.0,1.0,70.0,71.0,1.41,2019,4,24232,209,27,1.0,1.0,1.0,1.0,0.0,0.0,28.0,1.0000000000000013
2019-05-31,Polk,FL,Passenger,1.0,0.0,1.0,71.0,72.0,1.39,2019,5,24233,209,28,1.0,1.0,1.0,1.0,0.0,0.0,29.0,1.0000000000000024
2019-06-30,Polk,FL,Passenger,1.0,0.0,1.0,74.0,75.0,1.33,2019,6,24234,209,29,1.0,1.0,1.0,1.0,0.0,0.0,30.0,1.000000000000002
2019-07-31,Polk,FL,Passenger,1.0,0.0,1.0,72.0,73.0,1.37,2019,7,24235,209,30,1.0,1.0,1.0,1.0,0.0,0.0,31.0,1.0000000000000009
2019-08-31,Polk,FL,Passenger,1.0,0.0,1.0,74.0,75.0,1.33,2019,8,24236,209,31,1.0,1.0,1.0,1.0,0.0,0.0,32.0,1.000000000000002
2019-09-30,Polk,FL,Passenger,1.0,0.0,1.0,72.0,73.0,1.37,2019,9,24237,209,32,1.0,1.0,1.0,1.0,0.0,0.0,33.0,1.0000000000000038
2019-10-31,Polk,FL,Passenger,1.0,0.0,1.0,73.0,74.0,1.35,2019,10,24238,209,33,1.0,1.0,1.0,1.0,0.0,0.0,34.0,1.0000000000000004
2019-11-30,Polk,FL,Passenger,1.0,0.0,1.0,73.0,74.0,1.35,2019,11,24239,209,34,1.0,1.0,1.0,1.0,0.0,0.0,35.0,1.000000000000002
2019-12-31,Polk,FL,Passenger,1.0,0.0,1.0,73.0,74.0,1.35,2019,12,24240,209,35,1.0,1.0,1.0,1.0,0.0,0.0,36.0,1.0000000000000029
2020-01-31,Polk,FL,Passenger,1.0,0.0,1.0,73.0,74.0,1.35,2020,1,24241,209,36,1.0,1.0,1.0,1.0,0.0,0.0,37.0,1.0000000000000038
2020-02-29,Polk,FL,Passenger,1.0,0.0,1.0,74.0,75.0,1.33,2020,2,24242,209,37,1.0,1.0,1.0,1.0,0.0,0.0,38.0,1.0
2020-03-31,Polk,FL,Passenger,1.0,0.0,1.0,75.0,76.0,1.32,2020,3,24243,209,38,1.0,1.0,1.0,1.0,0.0,0.0,39.0,1.0000000000000009
2020-04-30,Polk,FL,Passenger,1.0,0.0,1.0,73.0,74.0,1.35,2020,4,24244,209,39,1.0,1.0,1.0,1.0,0.0,0.0,40.0,1.0000000000000009
2020-05-31,Polk,FL,Passenger,1.0,0.0,1.0,73.0,74.0,1.35,2020,5,24245,209,40,1.0,1.0,1.0,1.0,0.0,0.0,41.0,1.0000000000000038
2020-06-30,Polk,FL,Passenger,1.0,0.0,1.0,72.0,73.0,1.37,2020,6,24246,209,41,1.0,1.0,1.0,1.0,0.0,0.0,42.0,1.0000000000000009
2020-07-31,Polk,FL,Passenger,1.0,0.0,1.0,72.0,73.0,1.37,2020,7,24247,209,42,1.0,1.0,1.0,1.0,0.0,0.0,43.0,1.0000000000000029
2020-08-31,Polk,FL,Passenger,1.0,0.0,1.0,71.0,72.0,1.39,2020,8,24248,209,43,1.0,1.0,1.0,1.0,0.0,0.0,44.0,1.0000000000000029
2020-09-30,Polk,FL,Passenger,1.0,0.0,1.0,70.0,71.0,1.41,2020,9,24249,209,44,1.0,1.0,1.0,1.0,0.0,0.0,45.0,1.0000000000000009
2020-10-31,Polk,FL,Passenger,1.0,0.0,1.0,70.0,71.0,1.41,2020,10,24250,209,45,1.0,1.0,1.0,1.0,0.0,0.0,46.0,1.0000000000000009
2020-11-30,Polk,FL,Passenger,1.0,0.0,1.0,69.0,70.0,1.43,2020,11,24251,209,46,1.0,1.0,1.0,1.0,0.0,0.0,47.0,1.0000000000000029
2020-12-31,Polk,FL,Passenger,1.0,0.0,1.0,67.0,68.0,1.47,2020,12,24252,209,47,1.0,1.0,1.0,1.0,0.0,0.0,48.0,1.0000000000000009
2021-01-31,Polk,FL,Passenger,1.0,0.0,1.0,66.0,67.0,1.49,2021,1,24253,209,48,1.0,1.0,1.0,1.0,0.0,0.0,49.0,1.000000000000002
2021-02-28,Polk,FL,Passenger,1.0,0.0,1.0,64.0,65.0,1.54,2021,2,24254,209,49,1.0,1.0,1.0,1.0,0.0,0.0,50.0,1.000000000000002
2021-03-31,Polk,FL,Passenger,1.0,0.0,1.0,64.0,65.0,1.54,2021,3,24255,209,50,1.0,1.0,1.0,1.0,0.0,0.0,51.0,1.000000000000002
2021-04-30,Polk,FL,Passenger,1.0,0.0,1.0,64.0,65.0,1.54,2021,4,24256,209,51,1.0,1.0,1.0,1.0,0.0,0.0,52.0,1.0000000000000009
2021-05-31,Polk,FL,Passenger,1.0,0.0,1.0,64.0,65.0,1.54,2021,5,24257,209,52,1.0,1.0,1.0,1.0,0.0,0.0,53.0,1.0000000000000029
2021-06-30,Polk,FL,Passenger,1.0,0.0,1.0,65.0,66.0,1.52,2021,6,24258,209,53,1.0,1.0,1.0,1.0,0.0,0.0,54.0,1.0000000000000049
2021-07-31,Polk,FL,Passenger,1.0,0.0,1.0,66.0,67.0,1.49,2021,7,24259,209,54,1.0,1.0,1.0,1.0,0.0,0.0,55.0,1.0000000000000038
2021-08-31,Polk,FL,Passenger,1.0,0.0,1.0,67.0,68.0,1.47,2021,8,24260,209,55,1.0,1.0,1.0,1.0,0.0,0.0,56.0,1.0
2021-09-30,Polk,FL,Passenger,1.0,0.0,1.0,66.0,67.0,1.49,2021,9,24261,209,56,1.0,1.0,1.0,1.0,0.0,0.0,57.0,1.000000000000002
2021-10-31,Polk,FL,Passenger,1.0,0.0,1.0,64.0,65.0,1.54,2021,10,24262,209,57,1.0,1.0,1.0,1.0,0.0,0.0,58.0,1.0000000000000038
2021-11-30,Polk,FL,Passenger,1.0,0.0,1.0,64.0,65.0,1.54,2021,11,24263,209,58,1.0,1.0,1.0,1.0,0.0,0.0,59.0,1.0000000000000038
2022-09-30,Polk,OR,Passenger,0.0,1.0,1.0,20.0,21.0,4.76,2022,9,24273,209,59,1.0,1.0,1.0,1.0,0.0,0.0,60.0,1.0000000000000038
2022-10-31,Polk,OR,Passenger,0.0,1.0,1.0,19.0,20.0,5.0,2022,10,24274,209,60,1.0,1.0,1.0,1.0,0.0,0.0,61.0,1.0000000000000049
2022-11-30,Polk,OR,Passenger,0.0,1.0,1.0,20.0,21.0,4.76,2022,11,24275,209,61,1.0,1.0,1.0,1.0,0.0,0.0,62.0,1.0000000000000067
2022-12-31,Polk,OR,Passenger,1.0,1.0,2.0,19.0,21.0,6.9025,2022,12,24276,209,62,1.0,1.0,1.0,1.0,1.0,1.0,64.0,1.142857142857147
2023-01-31,Polk,OR,Passenger,1.0,1.0,2.0,17.0,19.0,6.9025,2023,1,24277,209,63,2.0,1.0,1.0,1.3333333333333333,0.0,1.0,66.0,1.3714285714285768
2023-02-28,Polk,OR,Passenger,1.0,1.0,2.0,17.0,19.0,6.9025,2023,2,24278,209,64,2.0,2.0,1.0,1.6666666666666667,0.0,1.0,68.0,1.628571428571432
2023-03-31,Polk,OR,Passenger,1.0,1.0,2.0,16.0,18.0,6.9025,2023,3,24279,209,65,2.0,2.0,2.0,2.0,0.0,0.0,70.0,1.8571428571428616
2023-04-30,Polk,OR,Passenger,1.0,1.0,2.0,15.0,17.0,6.9025,2023,4,24280,209,66,2.0,2.0,2.0,2.0,0.0,0.0,72.0,2.0000000000000058
2023-05-31,Polk,OR,Passenger,1.0,1.0,2.0,15.0,17.0,6.9025,2023,5,24281,209,67,2.0,2.0,2.0,2.0,0.0,0.0,74.0,2.0000000000000075
2023-06-30,Polk,OR,Passenger,1.0,1.0,2.0,15.0,17.0,6.9025,2023,6,24282,209,68,2.0,2.0,2.0,2.0,0.0,0.0,76.0,2.0
2023-07-31,Polk,OR,Passenger,1.0,1.0,2.0,13.0,15.0,6.9025,2023,7,24283,209,69,2.0,2.0,2.0,2.0,0.0,0.0,78.0,2.0000000000000018
2023-08-31,Polk,OR,Passenger,1.0,1.0,2.0,12.0,14.0,6.9025,2023,8,24284,209,70,2.0,2.0,2.0,2.0,0.0,0.0,80.0,2.0000000000000018
2023-09-30,Polk,OR,Passenger,1.0,1.0,2.0,12.0,14.0,6.9025,2023,9,24285,209,71,2.0,2.0,2.0,2.0,0.0,0.0,82.0,2.0000000000000075
2023-10-31,Polk,OR,Passenger,1.0,1.0,2.0,12.0,14.0,6.9025,2023,10,24286,209,72,2.0,2.0,2.0,2.0,0.0,0.0,84.0,2.0000000000000018
2023-11-30,Polk,OR,Passenger,1.0,1.0,2.0,8.0,10.0,6.9025,2023,11,24287,209,73,2.0,2.0,2.0,2.0,0.0,0.0,86.0,2.0000000000000058
2023-12-31,Polk,OR,Passenger,1.0,1.0,2.0,8.0,10.0,6.9025,2023,12,24288,209,74,2.0,2.0,2.0,2.0,0.0,0.0,88.0,2.0000000000000058
2024-01-31,Polk,OR,Passenger,1.0,1.0,2.0,7.0,9.0,6.9025,2024,1,24289,209,75,2.0,2.0,2.0,2.0,0.0,0.0,90.0,2.0000000000000018
2024-02-29,Polk,OR,Passenger,1.0,1.0,2.0,8.0,10.0,6.9025,2024,2,24290,209,76,2.0,2.0,2.0,2.0,0.0,0.0,92.0,2.0000000000000018
2017-06-30,Portsmouth,VA,Passenger,0.0,1.0,1.0,67.0,68.0,1.47,2017,6,24210,210,5,1.0,1.0,1.0,1.0,0.0,0.0,6.0,0.9999999999999998
2017-07-31,Portsmouth,VA,Passenger,0.0,1.0,1.0,65.0,66.0,1.52,2017,7,24211,210,6,1.0,1.0,1.0,1.0,0.0,0.0,7.0,0.9999999999999998
2017-08-31,Portsmouth,VA,Passenger,0.0,1.0,1.0,65.0,66.0,1.52,2017,8,24212,210,7,1.0,1.0,1.0,1.0,0.0,0.0,8.0,0.9999999999999999
2017-09-30,Portsmouth,VA,Passenger,0.0,1.0,1.0,64.0,65.0,1.54,2017,9,24213,210,8,1.0,1.0,1.0,1.0,0.0,0.0,9.0,1.0000000000000002
2017-10-31,Portsmouth,VA,Passenger,0.0,1.0,1.0,63.0,64.0,1.56,2017,10,24214,210,9,1.0,1.0,1.0,1.0,0.0,0.0,10.0,1.0000000000000002
2017-11-30,Portsmouth,VA,Passenger,0.0,1.0,1.0,65.0,66.0,1.52,2017,11,24215,210,10,1.0,1.0,1.0,1.0,0.0,0.0,11.0,1.0
2017-12-31,Portsmouth,VA,Passenger,0.0,1.0,1.0,66.0,67.0,1.49,2017,12,24216,210,11,1.0,1.0,1.0,1.0,0.0,0.0,12.0,1.0000000000000002
2018-01-31,Portsmouth,VA,Passenger,0.0,1.0,1.0,70.0,71.0,1.41,2018,1,24217,210,12,1.0,1.0,1.0,1.0,0.0,0.0,13.0,1.0000000000000002
2018-02-28,Portsmouth,VA,Passenger,0.0,1.0,1.0,71.0,72.0,1.39,2018,2,24218,210,13,1.0,1.0,1.0,1.0,0.0,0.0,14.0,1.0000000000000009
2018-03-31,Portsmouth,VA,Passenger,0.0,1.0,1.0,72.0,73.0,1.37,2018,3,24219,210,14,1.0,1.0,1.0,1.0,0.0,0.0,15.0,1.0000000000000007
2018-04-30,Portsmouth,VA,Passenger,0.0,1.0,1.0,74.0,75.0,1.33,2018,4,24220,210,15,1.0,1.0,1.0,1.0,0.0,0.0,16.0,1.0000000000000009
2018-05-31,Portsmouth,VA,Passenger,0.0,1.0,1.0,73.0,74.0,1.35,2018,5,24221,210,16,1.0,1.0,1.0,1.0,0.0,0.0,17.0,1.0
2018-06-30,Portsmouth,VA,Passenger,0.0,1.0,1.0,74.0,75.0,1.33,2018,6,24222,210,17,1.0,1.0,1.0,1.0,0.0,0.0,18.0,1.0000000000000002
2018-07-31,Portsmouth,VA,Passenger,0.0,1.0,1.0,73.0,74.0,1.35,2018,7,24223,210,18,1.0,1.0,1.0,1.0,0.0,0.0,19.0,1.000000000000002
2018-08-31,Portsmouth,VA,Passenger,0.0,1.0,1.0,76.0,77.0,1.3,2018,8,24224,210,19,1.0,1.0,1.0,1.0,0.0,0.0,20.0,0.9999999999999998
2018-09-30,Portsmouth,VA,Passenger,0.0,1.0,1.0,77.0,78.0,1.28,2018,9,24225,210,20,1.0,1.0,1.0,1.0,0.0,0.0,21.0,1.000000000000001
2018-10-31,Portsmouth,VA,Passenger,0.0,1.0,1.0,78.0,79.0,1.27,2018,10,24226,210,21,1.0,1.0,1.0,1.0,0.0,0.0,22.0,1.0000000000000013
2018-11-30,Portsmouth,VA,Passenger,0.0,1.0,1.0,80.0,81.0,1.23,2018,11,24227,210,22,1.0,1.0,1.0,1.0,0.0,0.0,23.0,1.0000000000000013
2018-12-31,Portsmouth,VA,Passenger,0.0,1.0,1.0,82.0,83.0,1.2,2018,12,24228,210,23,1.0,1.0,1.0,1.0,0.0,0.0,24.0,1.0000000000000004
2019-01-31,Portsmouth,VA,Passenger,0.0,1.0,1.0,81.0,82.0,1.22,2019,1,24229,210,24,1.0,1.0,1.0,1.0,0.0,0.0,25.0,1.0000000000000013
2019-02-28,Portsmouth,VA,Passenger,0.0,1.0,1.0,81.0,82.0,1.22,2019,2,24230,210,25,1.0,1.0,1.0,1.0,0.0,0.0,26.0,1.0000000000000013
2019-03-31,Portsmouth,VA,Passenger,0.0,1.0,1.0,78.0,79.0,1.27,2019,3,24231,210,26,1.0,1.0,1.0,1.0,0.0,0.0,27.0,1.0000000000000013
2019-04-30,Portsmouth,VA,Passenger,0.0,1.0,1.0,77.0,78.0,1.28,2019,4,24232,210,27,1.0,1.0,1.0,1.0,0.0,0.0,28.0,1.0000000000000013
2019-05-31,Portsmouth,VA,Passenger,0.0,1.0,1.0,76.0,77.0,1.3,2019,5,24233,210,28,1.0,1.0,1.0,1.0,0.0,0.0,29.0,1.0000000000000024
2019-06-30,Portsmouth,VA,Passenger,0.0,1.0,1.0,77.0,78.0,1.28,2019,6,24234,210,29,1.0,1.0,1.0,1.0,0.0,0.0,30.0,1.000000000000002
2019-07-31,Portsmouth,VA,Passenger,0.0,1.0,1.0,80.0,81.0,1.23,2019,7,24235,210,30,1.0,1.0,1.0,1.0,0.0,0.0,31.0,1.0000000000000009
2019-08-31,Portsmouth,VA,Passenger,0.0,1.0,1.0,81.0,82.0,1.22,2019,8,24236,210,31,1.0,1.0,1.0,1.0,0.0,0.0,32.0,1.000000000000002
2019-09-30,Portsmouth,VA,Passenger,0.0,1.0,1.0,81.0,82.0,1.22,2019,9,24237,210,32,1.0,1.0,1.0,1.0,0.0,0.0,33.0,1.0000000000000038
2019-10-31,Portsmouth,VA,Passenger,0.0,1.0,1.0,81.0,82.0,1.22,2019,10,24238,210,33,1.0,1.0,1.0,1.0,0.0,0.0,34.0,1.0000000000000004
2019-11-30,Portsmouth,VA,Passenger,0.0,1.0,1.0,81.0,82.0,1.22,2019,11,24239,210,34,1.0,1.0,1.0,1.0,0.0,0.0,35.0,1.000000000000002
2019-12-31,Portsmouth,VA,Passenger,0.0,1.0,1.0,81.0,82.0,1.22,2019,12,24240,210,35,1.0,1.0,1.0,1.0,0.0,0.0,36.0,1.0000000000000029
2020-01-31,Portsmouth,VA,Passenger,0.0,1.0,1.0,80.0,81.0,1.23,2020,1,24241,210,36,1.0,1.0,1.0,1.0,0.0,0.0,37.0,1.0000000000000038
2020-02-29,Portsmouth,VA,Passenger,0.0,1.0,1.0,78.0,79.0,1.27,2020,2,24242,210,37,1.0,1.0,1.0,1.0,0.0,0.0,38.0,1.0
2020-03-31,Portsmouth,VA,Passenger,0.0,1.0,1.0,78.0,79.0,1.27,2020,3,24243,210,38,1.0,1.0,1.0,1.0,0.0,0.0,39.0,1.0000000000000009
2020-04-30,Portsmouth,VA,Passenger,0.0,1.0,1.0,78.0,79.0,1.27,2020,4,24244,210,39,1.0,1.0,1.0,1.0,0.0,0.0,40.0,1.0000000000000009
2020-05-31,Portsmouth,VA,Passenger,0.0,1.0,1.0,75.0,76.0,1.32,2020,5,24245,210,40,1.0,1.0,1.0,1.0,0.0,0.0,41.0,1.0000000000000038
2020-06-30,Portsmouth,VA,Passenger,0.0,1.0,1.0,75.0,76.0,1.32,2020,6,24246,210,41,1.0,1.0,1.0,1.0,0.0,0.0,42.0,1.0000000000000009
2020-07-31,Portsmouth,VA,Passenger,0.0,1.0,1.0,74.0,75.0,1.33,2020,7,24247,210,42,1.0,1.0,1.0,1.0,0.0,0.0,43.0,1.0000000000000029
2020-08-31,Portsmouth,VA,Passenger,0.0,1.0,1.0,75.0,76.0,1.32,2020,8,24248,210,43,1.0,1.0,1.0,1.0,0.0,0.0,44.0,1.0000000000000029
2020-09-30,Portsmouth,VA,Passenger,0.0,1.0,1.0,74.0,75.0,1.33,2020,9,24249,210,44,1.0,1.0,1.0,1.0,0.0,0.0,45.0,1.0000000000000009
2020-10-31,Portsmouth,VA,Passenger,0.0,1.0,1.0,75.0,76.0,1.32,2020,10,24250,210,45,1.0,1.0,1.0,1.0,0.0,0.0,46.0,1.0000000000000009
2020-11-30,Portsmouth,VA,Passenger,0.0,1.0,1.0,80.0,81.0,1.23,2020,11,24251,210,46,1.0,1.0,1.0,1.0,0.0,0.0,47.0,1.0000000000000029
2020-12-31,Portsmouth,VA,Passenger,0.0,1.0,1.0,81.0,82.0,1.22,2020,12,24252,210,47,1.0,1.0,1.0,1.0,0.0,0.0,48.0,1.0000000000000009
2021-01-31,Portsmouth,VA,Passenger,0.0,1.0,1.0,80.0,81.0,1.23,2021,1,24253,210,48,1.0,1.0,1.0,1.0,0.0,0.0,49.0,1.000000000000002
2021-02-28,Portsmouth,VA,Passenger,0.0,1.0,1.0,80.0,81.0,1.23,2021,2,24254,210,49,1.0,1.0,1.0,1.0,0.0,0.0,50.0,1.000000000000002
2021-03-31,Portsmouth,VA,Passenger,0.0,1.0,1.0,81.0,82.0,1.22,2021,3,24255,210,50,1.0,1.0,1.0,1.0,0.0,0.0,51.0,1.000000000000002
2021-04-30,Portsmouth,VA,Passenger,0.0,1.0,1.0,84.0,85.0,1.18,2021,4,24256,210,51,1.0,1.0,1.0,1.0,0.0,0.0,52.0,1.0000000000000009
2021-05-31,Portsmouth,VA,Passenger,0.0,1.0,1.0,84.0,85.0,1.18,2021,5,24257,210,52,1.0,1.0,1.0,1.0,0.0,0.0,53.0,1.0000000000000029
2021-06-30,Portsmouth,VA,Passenger,0.0,1.0,1.0,83.0,84.0,1.19,2021,6,24258,210,53,1.0,1.0,1.0,1.0,0.0,0.0,54.0,1.0000000000000049
2021-07-31,Portsmouth,VA,Passenger,0.0,1.0,1.0,86.0,87.0,1.15,2021,7,24259,210,54,1.0,1.0,1.0,1.0,0.0,0.0,55.0,1.0000000000000038
2021-08-31,Portsmouth,VA,Passenger,0.0,1.0,1.0,84.0,85.0,1.18,2021,8,24260,210,55,1.0,1.0,1.0,1.0,0.0,0.0,56.0,1.0
2021-09-30,Portsmouth,VA,Passenger,0.0,1.0,1.0,86.0,87.0,1.15,2021,9,24261,210,56,1.0,1.0,1.0,1.0,0.0,0.0,57.0,1.000000000000002
2021-10-31,Portsmouth,VA,Passenger,0.0,1.0,1.0,86.0,87.0,1.15,2021,10,24262,210,57,1.0,1.0,1.0,1.0,0.0,0.0,58.0,1.0000000000000038
2021-11-30,Portsmouth,VA,Passenger,0.0,1.0,1.0,86.0,87.0,1.15,2021,11,24263,210,58,1.0,1.0,1.0,1.0,0.0,0.0,59.0,1.0000000000000038
2021-12-31,Portsmouth,VA,Passenger,0.0,1.0,1.0,85.0,86.0,1.16,2021,12,24264,210,59,1.0,1.0,1.0,1.0,0.0,0.0,60.0,1.0000000000000038
2022-01-31,Portsmouth,VA,Passenger,0.0,1.0,1.0,85.0,86.0,1.16,2022,1,24265,210,60,1.0,1.0,1.0,1.0,0.0,0.0,61.0,1.0000000000000049
2022-02-28,Portsmouth,VA,Passenger,0.0,1.0,1.0,84.0,85.0,1.18,2022,2,24266,210,61,1.0,1.0,1.0,1.0,0.0,0.0,62.0,1.0000000000000067
2022-03-31,Portsmouth,VA,Passenger,0.0,1.0,1.0,84.0,85.0,1.18,2022,3,24267,210,62,1.0,1.0,1.0,1.0,0.0,0.0,63.0,1.0000000000000009
2022-04-30,Portsmouth,VA,Passenger,0.0,1.0,1.0,83.0,84.0,1.19,2022,4,24268,210,63,1.0,1.0,1.0,1.0,0.0,0.0,64.0,0.999999999999999
2022-05-31,Portsmouth,VA,Passenger,0.0,1.0,1.0,84.0,85.0,1.18,2022,5,24269,210,64,1.0,1.0,1.0,1.0,0.0,0.0,65.0,1.0000000000000049
2022-06-30,Portsmouth,VA,Passenger,0.0,1.0,1.0,85.0,86.0,1.16,2022,6,24270,210,65,1.0,1.0,1.0,1.0,0.0,0.0,66.0,1.0000000000000029
2022-07-31,Portsmouth,VA,Passenger,0.0,1.0,1.0,84.0,85.0,1.18,2022,7,24271,210,66,1.0,1.0,1.0,1.0,0.0,0.0,67.0,1.0000000000000049
2022-08-31,Portsmouth,VA,Passenger,0.0,1.0,1.0,84.0,85.0,1.18,2022,8,24272,210,67,1.0,1.0,1.0,1.0,0.0,0.0,68.0,1.0000000000000087
2022-09-30,Portsmouth,VA,Passenger,0.0,1.0,1.0,83.0,84.0,1.19,2022,9,24273,210,68,1.0,1.0,1.0,1.0,0.0,0.0,69.0,1.0000000000000067
2022-10-31,Portsmouth,VA,Passenger,0.0,1.0,1.0,83.0,84.0,1.19,2022,10,24274,210,69,1.0,1.0,1.0,1.0,0.0,0.0,70.0,1.0000000000000049
2022-11-30,Portsmouth,VA,Passenger,0.0,1.0,1.0,82.0,83.0,1.2,2022,11,24275,210,70,1.0,1.0,1.0,1.0,0.0,0.0,71.0,1.0000000000000049
2022-12-31,Portsmouth,VA,Passenger,0.0,1.0,1.0,76.0,77.0,1.3,2022,12,24276,210,71,1.0,1.0,1.0,1.0,0.0,0.0,72.0,1.0000000000000067
2023-01-31,Portsmouth,VA,Passenger,0.0,1.0,1.0,75.0,76.0,1.32,2023,1,24277,210,72,1.0,1.0,1.0,1.0,0.0,0.0,73.0,1.0000000000000049
2023-02-28,Portsmouth,VA,Passenger,0.0,1.0,1.0,73.0,74.0,1.35,2023,2,24278,210,73,1.0,1.0,1.0,1.0,0.0,0.0,74.0,1.0000000000000009
2023-03-31,Portsmouth,VA,Passenger,0.0,1.0,1.0,73.0,74.0,1.35,2023,3,24279,210,74,1.0,1.0,1.0,1.0,0.0,0.0,75.0,1.0000000000000029
2023-04-30,Portsmouth,VA,Passenger,0.0,1.0,1.0,73.0,74.0,1.35,2023,4,24280,210,75,1.0,1.0,1.0,1.0,0.0,0.0,76.0,1.0000000000000049
2023-05-31,Portsmouth,VA,Passenger,0.0,1.0,1.0,69.0,70.0,1.43,2023,5,24281,210,76,1.0,1.0,1.0,1.0,0.0,0.0,77.0,1.0000000000000087
2023-06-30,Portsmouth,VA,Passenger,0.0,1.0,1.0,68.0,69.0,1.45,2023,6,24282,210,77,1.0,1.0,1.0,1.0,0.0,0.0,78.0,1.0000000000000049
2023-07-31,Portsmouth,VA,Passenger,0.0,1.0,1.0,69.0,70.0,1.43,2023,7,24283,210,78,1.0,1.0,1.0,1.0,0.0,0.0,79.0,1.0000000000000029
2023-08-31,Portsmouth,VA,Passenger,0.0,1.0,1.0,68.0,69.0,1.45,2023,8,24284,210,79,1.0,1.0,1.0,1.0,0.0,0.0,80.0,1.0000000000000087
2023-09-30,Portsmouth,VA,Passenger,0.0,1.0,1.0,67.0,68.0,1.47,2023,9,24285,210,80,1.0,1.0,1.0,1.0,0.0,0.0,81.0,1.0000000000000029
2023-10-31,Portsmouth,VA,Passenger,0.0,1.0,1.0,66.0,67.0,1.49,2023,10,24286,210,81,1.0,1.0,1.0,1.0,0.0,0.0,82.0,1.0000000000000104
2023-11-30,Portsmouth,VA,Passenger,0.0,1.0,1.0,64.0,65.0,1.54,2023,11,24287,210,82,1.0,1.0,1.0,1.0,0.0,0.0,83.0,1.0000000000000049
2023-12-31,Portsmouth,VA,Passenger,0.0,1.0,1.0,63.0,64.0,1.56,2023,12,24288,210,83,1.0,1.0,1.0,1.0,0.0,0.0,84.0,1.0000000000000049
2024-01-31,Portsmouth,VA,Passenger,0.0,1.0,1.0,63.0,64.0,1.56,2024,1,24289,210,84,1.0,1.0,1.0,1.0,0.0,0.0,85.0,1.0000000000000009
2024-02-29,Portsmouth,VA,Passenger,0.0,1.0,1.0,62.0,63.0,1.59,2024,2,24290,210,85,1.0,1.0,1.0,1.0,0.0,0.0,86.0,1.0000000000000067
2019-12-31,Powhatan,VA,Passenger,1.0,0.0,1.0,1.0,2.0,6.9025,2019,12,24240,211,5,1.0,1.0,1.0,1.0,0.0,0.0,6.0,0.9999999999999998
2020-01-31,Powhatan,VA,Passenger,1.0,0.0,1.0,1.0,2.0,6.9025,2020,1,24241,211,6,1.0,1.0,1.0,1.0,0.0,0.0,7.0,0.9999999999999998
2020-02-29,Powhatan,VA,Passenger,1.0,0.0,1.0,1.0,2.0,6.9025,2020,2,24242,211,7,1.0,1.0,1.0,1.0,0.0,0.0,8.0,0.9999999999999999
2020-03-31,Powhatan,VA,Passenger,1.0,0.0,1.0,1.0,2.0,6.9025,2020,3,24243,211,8,1.0,1.0,1.0,1.0,0.0,0.0,9.0,1.0000000000000002
2020-04-30,Powhatan,VA,Passenger,1.0,0.0,1.0,1.0,2.0,6.9025,2020,4,24244,211,9,1.0,1.0,1.0,1.0,0.0,0.0,10.0,1.0000000000000002
2020-05-31,Powhatan,VA,Passenger,1.0,0.0,1.0,1.0,2.0,6.9025,2020,5,24245,211,10,1.0,1.0,1.0,1.0,0.0,0.0,11.0,1.0
2020-06-30,Powhatan,VA,Passenger,1.0,0.0,1.0,1.0,2.0,6.9025,2020,6,24246,211,11,1.0,1.0,1.0,1.0,0.0,0.0,12.0,1.0000000000000002
2020-07-31,Powhatan,VA,Passenger,1.0,0.0,1.0,1.0,2.0,6.9025,2020,7,24247,211,12,1.0,1.0,1.0,1.0,0.0,0.0,13.0,1.0000000000000002
2020-08-31,Powhatan,VA,Passenger,1.0,0.0,1.0,1.0,2.0,6.9025,2020,8,24248,211,13,1.0,1.0,1.0,1.0,0.0,0.0,14.0,1.0000000000000009
2020-09-30,Powhatan,VA,Passenger,1.0,0.0,1.0,1.0,2.0,6.9025,2020,9,24249,211,14,1.0,1.0,1.0,1.0,0.0,0.0,15.0,1.0000000000000007
2020-10-31,Powhatan,VA,Passenger,1.0,0.0,1.0,1.0,2.0,6.9025,2020,10,24250,211,15,1.0,1.0,1.0,1.0,0.0,0.0,16.0,1.0000000000000009
2020-11-30,Powhatan,VA,Passenger,1.0,0.0,1.0,1.0,2.0,6.9025,2020,11,24251,211,16,1.0,1.0,1.0,1.0,0.0,0.0,17.0,1.0
2020-12-31,Powhatan,VA,Passenger,1.0,0.0,1.0,2.0,3.0,6.9025,2020,12,24252,211,17,1.0,1.0,1.0,1.0,0.0,0.0,18.0,1.0000000000000002
2021-01-31,Powhatan,VA,Passenger,1.0,0.0,1.0,2.0,3.0,6.9025,2021,1,24253,211,18,1.0,1.0,1.0,1.0,0.0,0.0,19.0,1.000000000000002
2021-02-28,Powhatan,VA,Passenger,1.0,0.0,1.0,2.0,3.0,6.9025,2021,2,24254,211,19,1.0,1.0,1.0,1.0,0.0,0.0,20.0,0.9999999999999998
2021-03-31,Powhatan,VA,Passenger,1.0,0.0,1.0,2.0,3.0,6.9025,2021,3,24255,211,20,1.0,1.0,1.0,1.0,0.0,0.0,21.0,1.000000000000001
2021-04-30,Powhatan,VA,Passenger,1.0,0.0,1.0,1.0,2.0,6.9025,2021,4,24256,211,21,1.0,1.0,1.0,1.0,0.0,0.0,22.0,1.0000000000000013
2021-05-31,Powhatan,VA,Passenger,1.0,0.0,1.0,1.0,2.0,6.9025,2021,5,24257,211,22,1.0,1.0,1.0,1.0,0.0,0.0,23.0,1.0000000000000013
2021-06-30,Powhatan,VA,Passenger,1.0,0.0,1.0,1.0,2.0,6.9025,2021,6,24258,211,23,1.0,1.0,1.0,1.0,0.0,0.0,24.0,1.0000000000000004
2021-07-31,Powhatan,VA,Passenger,1.0,0.0,1.0,1.0,2.0,6.9025,2021,7,24259,211,24,1.0,1.0,1.0,1.0,0.0,0.0,25.0,1.0000000000000013
2021-08-31,Powhatan,VA,Passenger,1.0,0.0,1.0,1.0,2.0,6.9025,2021,8,24260,211,25,1.0,1.0,1.0,1.0,0.0,0.0,26.0,1.0000000000000013
2021-09-30,Powhatan,VA,Passenger,1.0,0.0,1.0,1.0,2.0,6.9025,2021,9,24261,211,26,1.0,1.0,1.0,1.0,0.0,0.0,27.0,1.0000000000000013
2021-10-31,Powhatan,VA,Passenger,1.0,0.0,1.0,1.0,2.0,6.9025,2021,10,24262,211,27,1.0,1.0,1.0,1.0,0.0,0.0,28.0,1.0000000000000013
2021-11-30,Powhatan,VA,Passenger,1.0,0.0,1.0,1.0,2.0,6.9025,2021,11,24263,211,28,1.0,1.0,1.0,1.0,0.0,0.0,29.0,1.0000000000000024
2021-12-31,Powhatan,VA,Passenger,1.0,0.0,1.0,1.0,2.0,6.9025,2021,12,24264,211,29,1.0,1.0,1.0,1.0,0.0,0.0,30.0,1.000000000000002
2022-01-31,Powhatan,VA,Passenger,1.0,0.0,1.0,1.0,2.0,6.9025,2022,1,24265,211,30,1.0,1.0,1.0,1.0,0.0,0.0,31.0,1.0000000000000009
2022-02-28,Powhatan,VA,Passenger,1.0,0.0,1.0,1.0,2.0,6.9025,2022,2,24266,211,31,1.0,1.0,1.0,1.0,0.0,0.0,32.0,1.000000000000002
2022-03-31,Powhatan,VA,Passenger,1.0,0.0,1.0,2.0,3.0,6.9025,2022,3,24267,211,32,1.0,1.0,1.0,1.0,0.0,0.0,33.0,1.0000000000000038
2022-04-30,Powhatan,VA,Passenger,1.0,0.0,1.0,2.0,3.0,6.9025,2022,4,24268,211,33,1.0,1.0,1.0,1.0,0.0,0.0,34.0,1.0000000000000004
2022-05-31,Powhatan,VA,Passenger,1.0,0.0,1.0,2.0,3.0,6.9025,2022,5,24269,211,34,1.0,1.0,1.0,1.0,0.0,0.0,35.0,1.000000000000002
2018-04-30,Prince George,VA,Passenger,0.0,1.0,1.0,72.0,73.0,1.37,2018,4,24220,212,5,1.0,1.0,1.0,1.0,0.0,0.0,6.0,0.9999999999999998
2018-05-31,Prince George,VA,Passenger,0.0,1.0,1.0,71.0,72.0,1.39,2018,5,24221,212,6,1.0,1.0,1.0,1.0,0.0,0.0,7.0,0.9999999999999998
2018-06-30,Prince George,VA,Passenger,0.0,1.0,1.0,72.0,73.0,1.37,2018,6,24222,212,7,1.0,1.0,1.0,1.0,0.0,0.0,8.0,0.9999999999999999
2018-07-31,Prince George,VA,Passenger,0.0,1.0,1.0,75.0,76.0,1.32,2018,7,24223,212,8,1.0,1.0,1.0,1.0,0.0,0.0,9.0,1.0000000000000002
2018-08-31,Prince George,VA,Passenger,0.0,1.0,1.0,77.0,78.0,1.28,2018,8,24224,212,9,1.0,1.0,1.0,1.0,0.0,0.0,10.0,1.0000000000000002
2018-09-30,Prince George,VA,Passenger,0.0,1.0,1.0,75.0,76.0,1.32,2018,9,24225,212,10,1.0,1.0,1.0,1.0,0.0,0.0,11.0,1.0
2018-10-31,Prince George,VA,Passenger,0.0,1.0,1.0,77.0,78.0,1.28,2018,10,24226,212,11,1.0,1.0,1.0,1.0,0.0,0.0,12.0,1.0000000000000002
2017-06-30,Prince George's,MD,Passenger,0.0,1.0,1.0,184.0,185.0,0.54,2017,6,24210,213,5,1.0,1.0,1.0,1.0,0.0,0.0,6.0,0.9999999999999998
2017-07-31,Prince George's,MD,Passenger,0.0,1.0,1.0,188.0,189.0,0.53,2017,7,24211,213,6,1.0,1.0,1.0,1.0,0.0,0.0,7.0,0.9999999999999998
2017-08-31,Prince George's,MD,Passenger,0.0,1.0,1.0,189.0,190.0,0.53,2017,8,24212,213,7,1.0,1.0,1.0,1.0,0.0,0.0,8.0,0.9999999999999999
2017-09-30,Prince George's,MD,Passenger,0.0,1.0,1.0,184.0,185.0,0.54,2017,9,24213,213,8,1.0,1.0,1.0,1.0,0.0,0.0,9.0,1.0000000000000002
2017-10-31,Prince George's,MD,Passenger,0.0,1.0,1.0,182.0,183.0,0.55,2017,10,24214,213,9,1.0,1.0,1.0,1.0,0.0,0.0,10.0,1.0000000000000002
2017-11-30,Prince George's,MD,Passenger,0.0,1.0,1.0,183.0,184.0,0.54,2017,11,24215,213,10,1.0,1.0,1.0,1.0,0.0,0.0,11.0,1.0
2017-12-31,Prince George's,MD,Passenger,0.0,1.0,1.0,180.0,181.0,0.55,2017,12,24216,213,11,1.0,1.0,1.0,1.0,0.0,0.0,12.0,1.0000000000000002
2018-01-31,Prince George's,MD,Passenger,0.0,1.0,1.0,182.0,183.0,0.55,2018,1,24217,213,12,1.0,1.0,1.0,1.0,0.0,0.0,13.0,1.0000000000000002
2018-02-28,Prince George's,MD,Passenger,0.0,1.0,1.0,183.0,184.0,0.54,2018,2,24218,213,13,1.0,1.0,1.0,1.0,0.0,0.0,14.0,1.0000000000000009
2018-03-31,Prince George's,MD,Passenger,0.0,1.0,1.0,185.0,186.0,0.54,2018,3,24219,213,14,1.0,1.0,1.0,1.0,0.0,0.0,15.0,1.0000000000000007
2018-04-30,Prince George's,MD,Passenger,1.0,1.0,2.0,189.0,191.0,1.05,2018,4,24220,213,15,1.0,1.0,1.0,1.0,1.0,1.0,17.0,1.1428571428571428
2018-05-31,Prince George's,MD,Passenger,1.0,1.0,2.0,187.0,189.0,1.06,2018,5,24221,213,16,2.0,1.0,1.0,1.3333333333333333,0.0,1.0,19.0,1.3714285714285719
2018-06-30,Prince George's,MD,Passenger,1.0,1.0,2.0,188.0,190.0,1.05,2018,6,24222,213,17,2.0,2.0,1.0,1.6666666666666667,0.0,1.0,21.0,1.6285714285714288
2018-07-31,Prince George's,MD,Passenger,1.0,1.0,2.0,189.0,191.0,1.05,2018,7,24223,213,18,2.0,2.0,2.0,2.0,0.0,0.0,23.0,1.857142857142858
2018-08-31,Prince George's,MD,Passenger,1.0,1.0,2.0,185.0,187.0,1.07,2018,8,24224,213,19,2.0,2.0,2.0,2.0,0.0,0.0,25.0,1.9999999999999996
2018-09-30,Prince George's,MD,Passenger,1.0,1.0,2.0,184.0,186.0,1.08,2018,9,24225,213,20,2.0,2.0,2.0,2.0,0.0,0.0,27.0,2.000000000000001
2018-10-31,Prince George's,MD,Passenger,1.0,1.0,2.0,184.0,186.0,1.08,2018,10,24226,213,21,2.0,2.0,2.0,2.0,0.0,0.0,29.0,2.000000000000001
2018-11-30,Prince George's,MD,Passenger,1.0,1.0,2.0,187.0,189.0,1.06,2018,11,24227,213,22,2.0,2.0,2.0,2.0,0.0,0.0,31.0,2.0000000000000004
2018-12-31,Prince George's,MD,Passenger,1.0,1.0,2.0,189.0,191.0,1.05,2018,12,24228,213,23,2.0,2.0,2.0,2.0,0.0,0.0,33.0,2.0000000000000013
2019-01-31,Prince George's,MD,Passenger,1.0,1.0,2.0,188.0,190.0,1.05,2019,1,24229,213,24,2.0,2.0,2.0,2.0,0.0,0.0,35.0,2.000000000000001
2019-02-28,Prince George's,MD,Passenger,1.0,1.0,2.0,188.0,190.0,1.05,2019,2,24230,213,25,2.0,2.0,2.0,2.0,0.0,0.0,37.0,2.0000000000000004
2019-03-31,Prince George's,MD,Passenger,1.0,1.0,2.0,186.0,188.0,1.06,2019,3,24231,213,26,2.0,2.0,2.0,2.0,0.0,0.0,39.0,1.9999999999999991
2019-04-30,Prince George's,MD,Passenger,1.0,1.0,2.0,189.0,191.0,1.05,2019,4,24232,213,27,2.0,2.0,2.0,2.0,0.0,0.0,41.0,2.0000000000000027
2019-05-31,Prince George's,MD,Passenger,1.0,1.0,2.0,185.0,187.0,1.07,2019,5,24233,213,28,2.0,2.0,2.0,2.0,0.0,0.0,43.0,2.0000000000000027
2019-06-30,Prince George's,MD,Passenger,1.0,1.0,2.0,183.0,185.0,1.08,2019,6,24234,213,29,2.0,2.0,2.0,2.0,0.0,0.0,45.0,2.000000000000001
2019-07-31,Prince George's,MD,Passenger,1.0,1.0,2.0,180.0,182.0,1.1,2019,7,24235,213,30,2.0,2.0,2.0,2.0,0.0,0.0,47.0,2.0000000000000027
2019-08-31,Prince George's,MD,Passenger,1.0,1.0,2.0,182.0,184.0,1.09,2019,8,24236,213,31,2.0,2.0,2.0,2.0,0.0,0.0,49.0,2.000000000000001
2019-09-30,Prince George's,MD,Passenger,1.0,1.0,2.0,181.0,183.0,1.09,2019,9,24237,213,32,2.0,2.0,2.0,2.0,0.0,0.0,51.0,2.0000000000000018
2019-10-31,Prince George's,MD,Passenger,1.0,1.0,2.0,183.0,185.0,1.08,2019,10,24238,213,33,2.0,2.0,2.0,2.0,0.0,0.0,53.0,2.0000000000000027
2019-11-30,Prince George's,MD,Passenger,1.0,1.0,2.0,179.0,181.0,1.1,2019,11,24239,213,34,2.0,2.0,2.0,2.0,0.0,0.0,55.0,2.000000000000001
2019-12-31,Prince George's,MD,Passenger,1.0,1.0,2.0,177.0,179.0,1.12,2019,12,24240,213,35,2.0,2.0,2.0,2.0,0.0,0.0,57.0,2.000000000000001
2020-01-31,Prince George's,MD,Passenger,1.0,1.0,2.0,178.0,180.0,1.11,2020,1,24241,213,36,2.0,2.0,2.0,2.0,0.0,0.0,59.0,2.0000000000000018
2020-02-29,Prince George's,MD,Passenger,1.0,1.0,2.0,177.0,179.0,1.12,2020,2,24242,213,37,2.0,2.0,2.0,2.0,0.0,0.0,61.0,2.0000000000000018
2020-03-31,Prince George's,MD,Passenger,1.0,1.0,2.0,174.0,176.0,1.14,2020,3,24243,213,38,2.0,2.0,2.0,2.0,0.0,0.0,63.0,2.0000000000000018
2020-04-30,Prince George's,MD,Passenger,1.0,1.0,2.0,170.0,172.0,1.16,2020,4,24244,213,39,2.0,2.0,2.0,2.0,0.0,0.0,65.0,2.0
2020-05-31,Prince George's,MD,Passenger,1.0,1.0,2.0,167.0,169.0,1.18,2020,5,24245,213,40,2.0,2.0,2.0,2.0,0.0,0.0,67.0,2.000000000000004
2020-06-30,Prince George's,MD,Passenger,1.0,1.0,2.0,170.0,172.0,1.16,2020,6,24246,213,41,2.0,2.0,2.0,2.0,0.0,0.0,69.0,2.0
2020-07-31,Prince George's,MD,Passenger,1.0,1.0,2.0,164.0,166.0,1.2,2020,7,24247,213,42,2.0,2.0,2.0,2.0,0.0,0.0,71.0,2.0
2020-08-31,Prince George's,MD,Passenger,2.0,1.0,3.0,163.0,166.0,1.81,2020,8,24248,213,43,2.0,2.0,2.0,2.0,0.5,0.5,74.0,2.142857142857146
2020-09-30,Prince George's,MD,Passenger,2.0,1.0,3.0,158.0,161.0,1.86,2020,9,24249,213,44,3.0,2.0,2.0,2.3333333333333335,0.0,0.5,77.0,2.371428571428572
2020-10-31,Prince George's,MD,Passenger,2.0,1.0,3.0,160.0,163.0,1.84,2020,10,24250,213,45,3.0,3.0,2.0,2.6666666666666665,0.0,0.5,80.0,2.628571428571431
2020-11-30,Prince George's,MD,Passenger,2.0,1.0,3.0,158.0,161.0,1.86,2020,11,24251,213,46,3.0,3.0,3.0,3.0,0.0,0.0,83.0,2.8571428571428608
2020-12-31,Prince George's,MD,Passenger,2.0,1.0,3.0,156.0,159.0,1.89,2020,12,24252,213,47,3.0,3.0,3.0,3.0,0.0,0.0,86.0,3.0000000000000027
2021-01-31,Prince George's,MD,Passenger,2.0,1.0,3.0,154.0,157.0,1.91,2021,1,24253,213,48,3.0,3.0,3.0,3.0,0.0,0.0,89.0,3.000000000000005
2021-02-28,Prince George's,MD,Passenger,2.0,1.0,3.0,150.0,153.0,1.96,2021,2,24254,213,49,3.0,3.0,3.0,3.0,0.0,0.0,92.0,2.999999999999999
2021-03-31,Prince George's,MD,Passenger,2.0,1.0,3.0,151.0,154.0,1.95,2021,3,24255,213,50,3.0,3.0,3.0,3.0,0.0,0.0,95.0,3.0000000000000067
2021-04-30,Prince George's,MD,Passenger,2.0,1.0,3.0,154.0,157.0,1.91,2021,4,24256,213,51,3.0,3.0,3.0,3.0,0.0,0.0,98.0,3.000000000000005
2021-05-31,Prince George's,MD,Passenger,2.0,1.0,3.0,151.0,154.0,1.95,2021,5,24257,213,52,3.0,3.0,3.0,3.0,0.0,0.0,101.0,3.0000000000000067
2021-06-30,Prince George's,MD,Passenger,2.0,1.0,3.0,151.0,154.0,1.95,2021,6,24258,213,53,3.0,3.0,3.0,3.0,0.0,0.0,104.0,3.0000000000000067
2021-07-31,Prince George's,MD,Passenger,2.0,1.0,3.0,151.0,154.0,1.95,2021,7,24259,213,54,3.0,3.0,3.0,3.0,0.0,0.0,107.0,3.0000000000000027
2021-08-31,Prince George's,MD,Passenger,2.0,1.0,3.0,151.0,154.0,1.95,2021,8,24260,213,55,3.0,3.0,3.0,3.0,0.0,0.0,110.0,3.000000000000005
2021-09-30,Prince George's,MD,Passenger,2.0,1.0,3.0,152.0,155.0,1.94,2021,9,24261,213,56,3.0,3.0,3.0,3.0,0.0,0.0,113.0,3.000000000000014
2021-10-31,Prince George's,MD,Passenger,2.0,1.0,3.0,152.0,155.0,1.94,2021,10,24262,213,57,3.0,3.0,3.0,3.0,0.0,0.0,116.0,3.0000000000000107
2021-11-30,Prince George's,MD,Passenger,2.0,1.0,3.0,155.0,158.0,1.9,2021,11,24263,213,58,3.0,3.0,3.0,3.0,0.0,0.0,119.0,3.000000000000005
2021-12-31,Prince George's,MD,Passenger,2.0,1.0,3.0,154.0,157.0,1.91,2021,12,24264,213,59,3.0,3.0,3.0,3.0,0.0,0.0,122.0,3.000000000000005
2022-01-31,Prince George's,MD,Passenger,2.0,1.0,3.0,153.0,156.0,1.92,2022,1,24265,213,60,3.0,3.0,3.0,3.0,0.0,0.0,125.0,3.0000000000000164
2022-02-28,Prince George's,MD,Passenger,2.0,1.0,3.0,150.0,153.0,1.96,2022,2,24266,213,61,3.0,3.0,3.0,3.0,0.0,0.0,128.0,3.0000000000000067
2022-03-31,Prince George's,MD,Passenger,2.0,1.0,3.0,146.0,149.0,2.01,2022,3,24267,213,62,3.0,3.0,3.0,3.0,0.0,0.0,131.0,3.0000000000000067
2022-04-30,Prince George's,MD,Passenger,2.0,1.0,3.0,140.0,143.0,2.1,2022,4,24268,213,63,3.0,3.0,3.0,3.0,0.0,0.0,134.0,3.000000000000018
2022-05-31,Prince George's,MD,Passenger,2.0,1.0,3.0,135.0,138.0,2.17,2022,5,24269,213,64,3.0,3.0,3.0,3.0,0.0,0.0,137.0,3.0000000000000027
2022-06-30,Prince George's,MD,Passenger,3.0,1.0,4.0,134.0,138.0,2.9,2022,6,24270,213,65,3.0,3.0,3.0,3.0,0.33333333333333326,0.33333333333333326,141.0,3.1428571428571623
2022-07-31,Prince George's,MD,Passenger,3.0,1.0,4.0,130.0,134.0,2.99,2022,7,24271,213,66,4.0,3.0,3.0,3.3333333333333335,0.0,0.33333333333333326,145.0,3.3714285714285808
2022-08-31,Prince George's,MD,Passenger,3.0,1.0,4.0,128.0,132.0,3.03,2022,8,24272,213,67,4.0,4.0,3.0,3.6666666666666665,0.0,0.33333333333333326,149.0,3.6285714285714414
2022-09-30,Prince George's,MD,Passenger,3.0,1.0,4.0,127.0,131.0,3.05,2022,9,24273,213,68,4.0,4.0,4.0,4.0,0.0,0.0,153.0,3.8571428571428674
2022-10-31,Prince George's,MD,Passenger,3.0,1.0,4.0,125.0,129.0,3.1,2022,10,24274,213,69,4.0,4.0,4.0,4.0,0.0,0.0,157.0,4.0000000000000115
2022-11-30,Prince George's,MD,Passenger,3.0,1.0,4.0,127.0,131.0,3.05,2022,11,24275,213,70,4.0,4.0,4.0,4.0,0.0,0.0,161.0,4.000000000000008
2022-12-31,Prince George's,MD,Passenger,3.0,1.0,4.0,127.0,131.0,3.05,2022,12,24276,213,71,4.0,4.0,4.0,4.0,0.0,0.0,165.0,4.0000000000000115
2023-01-31,Prince George's,MD,Passenger,3.0,1.0,4.0,125.0,129.0,3.1,2023,1,24277,213,72,4.0,4.0,4.0,4.0,0.0,0.0,169.0,4.000000000000008
2023-02-28,Prince George's,MD,Passenger,3.0,1.0,4.0,128.0,132.0,3.03,2023,2,24278,213,73,4.0,4.0,4.0,4.0,0.0,0.0,173.0,4.000000000000023
2023-03-31,Prince George's,MD,Passenger,2.0,1.0,3.0,123.0,126.0,2.38,2023,3,24279,213,74,4.0,4.0,4.0,4.0,-0.25,-0.25,176.0,3.8571428571428714
2023-04-30,Prince George's,MD,Passenger,2.0,1.0,3.0,119.0,122.0,2.46,2023,4,24280,213,75,3.0,4.0,4.0,3.6666666666666665,0.0,-0.25,179.0,3.6285714285714374
2023-05-31,Prince George's,MD,Passenger,2.0,1.0,3.0,117.0,120.0,2.5,2023,5,24281,213,76,3.0,3.0,4.0,3.3333333333333335,0.0,-0.25,182.0,3.3714285714285843
2023-06-30,Prince George's,MD,Passenger,3.0,1.0,4.0,115.0,119.0,3.36,2023,6,24282,213,77,3.0,3.0,3.0,3.0,0.33333333333333326,0.33333333333333326,186.0,3.2857142857143025
2023-07-31,Prince George's,MD,Passenger,3.0,1.0,4.0,115.0,119.0,3.36,2023,7,24283,213,78,4.0,3.0,3.0,3.3333333333333335,0.0,0.33333333333333326,190.0,3.371428571428592
2023-08-31,Prince George's,MD,Passenger,3.0,1.0,4.0,112.0,116.0,3.45,2023,8,24284,213,79,4.0,4.0,3.0,3.6666666666666665,0.0,0.33333333333333326,194.0,3.628571428571434
2023-09-30,Prince George's,MD,Passenger,3.0,1.0,4.0,112.0,116.0,3.45,2023,9,24285,213,80,4.0,4.0,4.0,4.0,0.0,0.0,198.0,3.857142857142879
2023-10-31,Prince George's,MD,Passenger,3.0,1.0,4.0,108.0,112.0,3.57,2023,10,24286,213,81,4.0,4.0,4.0,4.0,0.0,0.0,202.0,4.000000000000023
2023-11-30,Prince George's,MD,Passenger,3.0,1.0,4.0,104.0,108.0,3.7,2023,11,24287,213,82,4.0,4.0,4.0,4.0,0.0,0.0,206.0,4.000000000000008
2023-12-31,Prince George's,MD,Passenger,3.0,1.0,4.0,102.0,106.0,3.77,2023,12,24288,213,83,4.0,4.0,4.0,4.0,0.0,0.0,210.0,4.000000000000023
2024-01-31,Prince George's,MD,Passenger,3.0,1.0,4.0,99.0,103.0,3.88,2024,1,24289,213,84,4.0,4.0,4.0,4.0,0.0,0.0,214.0,4.000000000000008
2024-02-29,Prince George's,MD,Passenger,3.0,1.0,4.0,97.0,101.0,3.96,2024,2,24290,213,85,4.0,4.0,4.0,4.0,0.0,0.0,218.0,4.000000000000015
2017-06-30,Prince William,VA,Passenger,0.0,4.0,4.0,271.0,275.0,1.45,2017,6,24210,214,5,4.0,4.0,4.0,4.0,0.0,0.0,24.0,3.999999999999999
2017-07-31,Prince William,VA,Passenger,0.0,4.0,4.0,270.0,274.0,1.46,2017,7,24211,214,6,4.0,4.0,4.0,4.0,0.0,0.0,28.0,3.999999999999999
2017-08-31,Prince William,VA,Passenger,0.0,4.0,4.0,265.0,269.0,1.49,2017,8,24212,214,7,4.0,4.0,4.0,4.0,0.0,0.0,32.0,3.9999999999999996
2017-09-30,Prince William,VA,Passenger,0.0,4.0,4.0,266.0,270.0,1.48,2017,9,24213,214,8,4.0,4.0,4.0,4.0,0.0,0.0,36.0,4.000000000000001
2017-10-31,Prince William,VA,Passenger,0.0,4.0,4.0,267.0,271.0,1.48,2017,10,24214,214,9,4.0,4.0,4.0,4.0,0.0,0.0,40.0,4.000000000000001
2017-11-30,Prince William,VA,Passenger,0.0,4.0,4.0,269.0,273.0,1.47,2017,11,24215,214,10,4.0,4.0,4.0,4.0,0.0,0.0,44.0,4.0
2017-12-31,Prince William,VA,Passenger,0.0,4.0,4.0,270.0,274.0,1.46,2017,12,24216,214,11,4.0,4.0,4.0,4.0,0.0,0.0,48.0,4.000000000000001
2018-01-31,Prince William,VA,Passenger,0.0,5.0,5.0,267.0,272.0,1.84,2018,1,24217,214,12,4.0,4.0,4.0,4.0,0.25,0.25,53.0,4.142857142857143
2018-02-28,Prince William,VA,Passenger,0.0,5.0,5.0,267.0,272.0,1.84,2018,2,24218,214,13,5.0,4.0,4.0,4.333333333333333,0.0,0.25,58.0,4.371428571428572
2018-03-31,Prince William,VA,Passenger,0.0,5.0,5.0,265.0,270.0,1.85,2018,3,24219,214,14,5.0,5.0,4.0,4.666666666666667,0.0,0.25,63.0,4.62857142857143
2018-04-30,Prince William,VA,Passenger,0.0,5.0,5.0,264.0,269.0,1.86,2018,4,24220,214,15,5.0,5.0,5.0,5.0,0.0,0.0,68.0,4.857142857142858
2018-05-31,Prince William,VA,Passenger,0.0,5.0,5.0,265.0,270.0,1.85,2018,5,24221,214,16,5.0,5.0,5.0,5.0,0.0,0.0,73.0,5.000000000000001
2018-06-30,Prince William,VA,Passenger,0.0,5.0,5.0,262.0,267.0,1.87,2018,6,24222,214,17,5.0,5.0,5.0,5.0,0.0,0.0,78.0,5.000000000000003
2018-07-31,Prince William,VA,Passenger,0.0,5.0,5.0,262.0,267.0,1.87,2018,7,24223,214,18,5.0,5.0,5.0,5.0,0.0,0.0,83.0,5.000000000000001
2018-08-31,Prince William,VA,Passenger,0.0,5.0,5.0,258.0,263.0,1.9,2018,8,24224,214,19,5.0,5.0,5.0,5.0,0.0,0.0,88.0,5.000000000000005
2018-09-30,Prince William,VA,Passenger,0.0,5.0,5.0,258.0,263.0,1.9,2018,9,24225,214,20,5.0,5.0,5.0,5.0,0.0,0.0,93.0,5.000000000000007
2018-10-31,Prince William,VA,Passenger,0.0,5.0,5.0,257.0,262.0,1.91,2018,10,24226,214,21,5.0,5.0,5.0,5.0,0.0,0.0,98.0,5.000000000000004
2018-11-30,Prince William,VA,Passenger,0.0,5.0,5.0,256.0,261.0,1.92,2018,11,24227,214,22,5.0,5.0,5.0,5.0,0.0,0.0,103.0,5.000000000000001
2018-12-31,Prince William,VA,Passenger,0.0,5.0,5.0,254.0,259.0,1.93,2018,12,24228,214,23,5.0,5.0,5.0,5.0,0.0,0.0,108.0,5.000000000000003
2019-01-31,Prince William,VA,Passenger,0.0,5.0,5.0,256.0,261.0,1.92,2019,1,24229,214,24,5.0,5.0,5.0,5.0,0.0,0.0,113.0,5.000000000000012
2019-02-28,Prince William,VA,Passenger,0.0,5.0,5.0,255.0,260.0,1.92,2019,2,24230,214,25,5.0,5.0,5.0,5.0,0.0,0.0,118.0,5.000000000000004
2019-03-31,Prince William,VA,Passenger,0.0,5.0,5.0,257.0,262.0,1.91,2019,3,24231,214,26,5.0,5.0,5.0,5.0,0.0,0.0,123.0,5.000000000000004
2019-04-30,Prince William,VA,Passenger,1.0,5.0,6.0,257.0,263.0,2.28,2019,4,24232,214,27,5.0,5.0,5.0,5.0,0.19999999999999996,0.19999999999999996,129.0,5.142857142857147
2019-05-31,Prince William,VA,Passenger,1.0,5.0,6.0,250.0,256.0,2.34,2019,5,24233,214,28,6.0,5.0,5.0,5.333333333333333,0.0,0.19999999999999996,135.0,5.371428571428579
2019-06-30,Prince William,VA,Passenger,1.0,4.0,5.0,250.0,255.0,1.96,2019,6,24234,214,29,6.0,6.0,5.0,5.666666666666667,-0.16666666666666663,0.0,140.0,5.485714285714294
2019-07-31,Prince William,VA,Passenger,1.0,4.0,5.0,248.0,253.0,1.98,2019,7,24235,214,30,5.0,6.0,6.0,5.666666666666667,0.0,-0.16666666666666663,145.0,5.485714285714284
2019-08-31,Prince William,VA,Passenger,1.0,4.0,5.0,252.0,257.0,1.95,2019,8,24236,214,31,5.0,5.0,6.0,5.333333333333333,0.0,-0.16666666666666663,150.0,5.3714285714285745
2019-09-30,Prince William,VA,Passenger,1.0,4.0,5.0,242.0,247.0,2.02,2019,9,24237,214,32,5.0,5.0,5.0,5.0,0.0,0.0,155.0,5.142857142857153
2019-10-31,Prince William,VA,Passenger,1.0,4.0,5.0,234.0,239.0,2.09,2019,10,24238,214,33,5.0,5.0,5.0,5.0,0.0,0.0,160.0,5.000000000000009
2019-11-30,Prince William,VA,Passenger,1.0,4.0,5.0,234.0,239.0,2.09,2019,11,24239,214,34,5.0,5.0,5.0,5.0,0.0,0.0,165.0,5.000000000000004
2019-12-31,Prince William,VA,Passenger,1.0,4.0,5.0,237.0,242.0,2.07,2019,12,24240,214,35,5.0,5.0,5.0,5.0,0.0,0.0,170.0,5.000000000000016
2020-01-31,Prince William,VA,Passenger,2.0,4.0,6.0,235.0,241.0,2.49,2020,1,24241,214,36,5.0,5.0,5.0,5.0,0.19999999999999996,0.19999999999999996,176.0,5.142857142857153
2020-02-29,Prince William,VA,Passenger,2.0,4.0,6.0,234.0,240.0,2.5,2020,2,24242,214,37,6.0,5.0,5.0,5.333333333333333,0.0,0.19999999999999996,182.0,5.371428571428579
2020-03-31,Prince William,VA,Passenger,2.0,4.0,6.0,230.0,236.0,2.54,2020,3,24243,214,38,6.0,6.0,5.0,5.666666666666667,0.0,0.19999999999999996,188.0,5.628571428571448
2020-04-30,Prince William,VA,Passenger,2.0,4.0,6.0,224.0,230.0,2.61,2020,4,24244,214,39,6.0,6.0,6.0,6.0,0.0,0.0,194.0,5.857142857142866
2020-05-31,Prince William,VA,Passenger,2.0,4.0,6.0,220.0,226.0,2.65,2020,5,24245,214,40,6.0,6.0,6.0,6.0,0.0,0.0,200.0,5.999999999999998
2020-06-30,Prince William,VA,Passenger,2.0,4.0,6.0,221.0,227.0,2.64,2020,6,24246,214,41,6.0,6.0,6.0,6.0,0.0,0.0,206.0,6.000000000000013
2020-07-31,Prince William,VA,Passenger,2.0,4.0,6.0,225.0,231.0,2.6,2020,7,24247,214,42,6.0,6.0,6.0,6.0,0.0,0.0,212.0,6.00000000000001
2020-08-31,Prince William,VA,Passenger,2.0,3.0,5.0,225.0,230.0,2.17,2020,8,24248,214,43,6.0,6.0,6.0,6.0,-0.16666666666666663,-0.16666666666666663,217.0,5.857142857142869
2020-09-30,Prince William,VA,Passenger,2.0,3.0,5.0,222.0,227.0,2.2,2020,9,24249,214,44,5.0,6.0,6.0,5.666666666666667,0.0,-0.16666666666666663,222.0,5.628571428571432
2020-10-31,Prince William,VA,Passenger,2.0,3.0,5.0,224.0,229.0,2.18,2020,10,24250,214,45,5.0,5.0,6.0,5.333333333333333,0.0,-0.16666666666666663,227.0,5.371428571428586
2020-11-30,Prince William,VA,Passenger,2.0,3.0,5.0,224.0,229.0,2.18,2020,11,24251,214,46,5.0,5.0,5.0,5.0,0.0,0.0,232.0,5.142857142857157
2020-12-31,Prince William,VA,Passenger,1.0,3.0,4.0,221.0,225.0,1.78,2020,12,24252,214,47,5.0,5.0,5.0,5.0,-0.19999999999999996,-0.19999999999999996,236.0,4.857142857142876
2021-01-31,Prince William,VA,Passenger,1.0,2.0,3.0,220.0,223.0,1.35,2021,1,24253,214,48,4.0,5.0,5.0,4.666666666666667,-0.25,-0.4,239.0,4.485714285714298
2021-02-28,Prince William,VA,Passenger,1.0,2.0,3.0,217.0,220.0,1.36,2021,2,24254,214,49,3.0,4.0,5.0,4.0,0.0,-0.4,242.0,4.0000000000000036
2021-03-31,Prince William,VA,Passenger,1.0,2.0,3.0,217.0,220.0,1.36,2021,3,24255,214,50,3.0,3.0,4.0,3.3333333333333335,0.0,-0.25,245.0,3.514285714285721
2021-04-30,Prince William,VA,Passenger,1.0,2.0,3.0,217.0,220.0,1.36,2021,4,24256,214,51,3.0,3.0,3.0,3.0,0.0,0.0,248.0,3.142857142857147
2021-05-31,Prince William,VA,Passenger,1.0,2.0,3.0,217.0,220.0,1.36,2021,5,24257,214,52,3.0,3.0,3.0,3.0,0.0,0.0,251.0,2.999999999999999
2021-06-30,Prince William,VA,Passenger,1.0,2.0,3.0,215.0,218.0,1.38,2021,6,24258,214,53,3.0,3.0,3.0,3.0,0.0,0.0,254.0,2.999999999999999
2021-07-31,Prince William,VA,Passenger,1.0,2.0,3.0,206.0,209.0,1.44,2021,7,24259,214,54,3.0,3.0,3.0,3.0,0.0,0.0,257.0,3.0000000000000298
2021-08-31,Prince William,VA,Passenger,1.0,2.0,3.0,209.0,212.0,1.42,2021,8,24260,214,55,3.0,3.0,3.0,3.0,0.0,0.0,260.0,3.000000000000014
2021-09-30,Prince William,VA,Passenger,1.0,2.0,3.0,211.0,214.0,1.4,2021,9,24261,214,56,3.0,3.0,3.0,3.0,0.0,0.0,263.0,3.000000000000014
2021-10-31,Prince William,VA,Passenger,1.0,2.0,3.0,208.0,211.0,1.42,2021,10,24262,214,57,3.0,3.0,3.0,3.0,0.0,0.0,266.0,2.999999999999999
2021-11-30,Prince William,VA,Passenger,1.0,2.0,3.0,207.0,210.0,1.43,2021,11,24263,214,58,3.0,3.0,3.0,3.0,0.0,0.0,269.0,3.0000000000000067
2021-12-31,Prince William,VA,Passenger,1.0,2.0,3.0,205.0,208.0,1.44,2021,12,24264,214,59,3.0,3.0,3.0,3.0,0.0,0.0,272.0,3.0000000000000298
2022-01-31,Prince William,VA,Passenger,1.0,2.0,3.0,207.0,210.0,1.43,2022,1,24265,214,60,3.0,3.0,3.0,3.0,0.0,0.0,275.0,3.000000000000014
2022-02-28,Prince William,VA,Passenger,1.0,2.0,3.0,206.0,209.0,1.44,2022,2,24266,214,61,3.0,3.0,3.0,3.0,0.0,0.0,278.0,3.000000000000022
2022-03-31,Prince William,VA,Passenger,1.0,3.0,4.0,203.0,207.0,1.93,2022,3,24267,214,62,3.0,3.0,3.0,3.0,0.33333333333333326,0.33333333333333326,282.0,3.142857142857155
2022-04-30,Prince William,VA,Passenger,1.0,3.0,4.0,203.0,207.0,1.93,2022,4,24268,214,63,4.0,3.0,3.0,3.3333333333333335,0.0,0.33333333333333326,286.0,3.3714285714286034
2022-05-31,Prince William,VA,Passenger,1.0,3.0,4.0,198.0,202.0,1.98,2022,5,24269,214,64,4.0,4.0,3.0,3.6666666666666665,0.0,0.33333333333333326,290.0,3.6285714285714374
2022-06-30,Prince William,VA,Passenger,1.0,3.0,4.0,196.0,200.0,2.0,2022,6,24270,214,65,4.0,4.0,4.0,4.0,0.0,0.0,294.0,3.8571428571428634
2022-07-31,Prince William,VA,Passenger,1.0,3.0,4.0,193.0,197.0,2.03,2022,7,24271,214,66,4.0,4.0,4.0,4.0,0.0,0.0,298.0,4.0000000000000195
2022-08-31,Prince William,VA,Passenger,1.0,2.0,3.0,191.0,194.0,1.55,2022,8,24272,214,67,4.0,4.0,4.0,4.0,-0.25,-0.25,301.0,3.8571428571428634
2022-09-30,Prince William,VA,Passenger,1.0,2.0,3.0,191.0,194.0,1.55,2022,9,24273,214,68,3.0,4.0,4.0,3.6666666666666665,0.0,-0.25,304.0,3.6285714285714605
2022-10-31,Prince William,VA,Passenger,1.0,2.0,3.0,190.0,193.0,1.55,2022,10,24274,214,69,3.0,3.0,4.0,3.3333333333333335,0.0,-0.25,307.0,3.3714285714285728
2022-11-30,Prince William,VA,Passenger,1.0,2.0,3.0,188.0,191.0,1.57,2022,11,24275,214,70,3.0,3.0,3.0,3.0,0.0,0.0,310.0,3.142857142857147
2022-12-31,Prince William,VA,Passenger,1.0,2.0,3.0,188.0,191.0,1.57,2022,12,24276,214,71,3.0,3.0,3.0,3.0,0.0,0.0,313.0,3.000000000000022
2023-01-31,Prince William,VA,Passenger,1.0,2.0,3.0,185.0,188.0,1.6,2023,1,24277,214,72,3.0,3.0,3.0,3.0,0.0,0.0,316.0,3.000000000000022
2023-02-28,Prince William,VA,Passenger,1.0,2.0,3.0,176.0,179.0,1.68,2023,2,24278,214,73,3.0,3.0,3.0,3.0,0.0,0.0,319.0,3.0000000000000373
2023-03-31,Prince William,VA,Passenger,1.0,2.0,3.0,174.0,177.0,1.69,2023,3,24279,214,74,3.0,3.0,3.0,3.0,0.0,0.0,322.0,3.000000000000014
2023-04-30,Prince William,VA,Passenger,1.0,2.0,3.0,169.0,172.0,1.74,2023,4,24280,214,75,3.0,3.0,3.0,3.0,0.0,0.0,325.0,3.0000000000000067
2023-05-31,Prince William,VA,Passenger,1.0,2.0,3.0,167.0,170.0,1.76,2023,5,24281,214,76,3.0,3.0,3.0,3.0,0.0,0.0,328.0,3.000000000000014
2023-06-30,Prince William,VA,Passenger,1.0,2.0,3.0,163.0,166.0,1.81,2023,6,24282,214,77,3.0,3.0,3.0,3.0,0.0,0.0,331.0,3.0000000000000373
2023-07-31,Prince William,VA,Passenger,1.0,2.0,3.0,160.0,163.0,1.84,2023,7,24283,214,78,3.0,3.0,3.0,3.0,0.0,0.0,334.0,3.000000000000014
2023-08-31,Prince William,VA,Passenger,1.0,2.0,3.0,157.0,160.0,1.88,2023,8,24284,214,79,3.0,3.0,3.0,3.0,0.0,0.0,337.0,3.0000000000000298
2023-09-30,Prince William,VA,Passenger,1.0,2.0,3.0,156.0,159.0,1.89,2023,9,24285,214,80,3.0,3.0,3.0,3.0,0.0,0.0,340.0,3.0000000000000067
2023-10-31,Prince William,VA,Passenger,1.0,2.0,3.0,151.0,154.0,1.95,2023,10,24286,214,81,3.0,3.0,3.0,3.0,0.0,0.0,343.0,3.0000000000000067
2023-11-30,Prince William,VA,Passenger,1.0,2.0,3.0,146.0,149.0,2.01,2023,11,24287,214,82,3.0,3.0,3.0,3.0,0.0,0.0,346.0,3.000000000000014
2023-12-31,Prince William,VA,Passenger,1.0,2.0,3.0,139.0,142.0,2.11,2023,12,24288,214,83,3.0,3.0,3.0,3.0,0.0,0.0,349.0,3.0000000000000298
2024-01-31,Prince William,VA,Passenger,1.0,2.0,3.0,136.0,139.0,2.16,2024,1,24289,214,84,3.0,3.0,3.0,3.0,0.0,0.0,352.0,3.0000000000000067
2024-02-29,Prince William,VA,Passenger,2.0,2.0,4.0,131.0,135.0,2.96,2024,2,24290,214,85,3.0,3.0,3.0,3.0,0.33333333333333326,0.33333333333333326,356.0,3.14285714285717
2022-01-31,Providence,RI,Passenger,1.0,0.0,1.0,22.0,23.0,4.35,2022,1,24265,215,5,1.0,1.0,1.0,1.0,0.0,0.0,6.0,0.9999999999999998
2022-02-28,Providence,RI,Passenger,1.0,0.0,1.0,24.0,25.0,4.0,2022,2,24266,215,6,1.0,1.0,1.0,1.0,0.0,0.0,7.0,0.9999999999999998
2022-03-31,Providence,RI,Passenger,1.0,0.0,1.0,23.0,24.0,4.17,2022,3,24267,215,7,1.0,1.0,1.0,1.0,0.0,0.0,8.0,0.9999999999999999
2022-04-30,Providence,RI,Passenger,1.0,0.0,1.0,23.0,24.0,4.17,2022,4,24268,215,8,1.0,1.0,1.0,1.0,0.0,0.0,9.0,1.0000000000000002
2022-05-31,Providence,RI,Passenger,1.0,0.0,1.0,23.0,24.0,4.17,2022,5,24269,215,9,1.0,1.0,1.0,1.0,0.0,0.0,10.0,1.0000000000000002
2022-06-30,Providence,RI,Passenger,1.0,0.0,1.0,23.0,24.0,4.17,2022,6,24270,215,10,1.0,1.0,1.0,1.0,0.0,0.0,11.0,1.0
2022-07-31,Providence,RI,Passenger,1.0,0.0,1.0,22.0,23.0,4.35,2022,7,24271,215,11,1.0,1.0,1.0,1.0,0.0,0.0,12.0,1.0000000000000002
2022-08-31,Providence,RI,Passenger,1.0,0.0,1.0,21.0,22.0,4.55,2022,8,24272,215,12,1.0,1.0,1.0,1.0,0.0,0.0,13.0,1.0000000000000002
2022-09-30,Providence,RI,Passenger,1.0,0.0,1.0,21.0,22.0,4.55,2022,9,24273,215,13,1.0,1.0,1.0,1.0,0.0,0.0,14.0,1.0000000000000009
2022-10-31,Providence,RI,Passenger,1.0,0.0,1.0,20.0,21.0,4.76,2022,10,24274,215,14,1.0,1.0,1.0,1.0,0.0,0.0,15.0,1.0000000000000007
2022-11-30,Providence,RI,Passenger,1.0,0.0,1.0,19.0,20.0,5.0,2022,11,24275,215,15,1.0,1.0,1.0,1.0,0.0,0.0,16.0,1.0000000000000009
2022-12-31,Providence,RI,Passenger,1.0,0.0,1.0,18.0,19.0,5.26,2022,12,24276,215,16,1.0,1.0,1.0,1.0,0.0,0.0,17.0,1.0
2023-01-31,Providence,RI,Passenger,1.0,0.0,1.0,18.0,19.0,5.26,2023,1,24277,215,17,1.0,1.0,1.0,1.0,0.0,0.0,18.0,1.0000000000000002
2023-02-28,Providence,RI,Passenger,1.0,0.0,1.0,18.0,19.0,5.26,2023,2,24278,215,18,1.0,1.0,1.0,1.0,0.0,0.0,19.0,1.000000000000002
2023-03-31,Providence,RI,Passenger,1.0,0.0,1.0,18.0,19.0,5.26,2023,3,24279,215,19,1.0,1.0,1.0,1.0,0.0,0.0,20.0,0.9999999999999998
2023-04-30,Providence,RI,Passenger,1.0,0.0,1.0,18.0,19.0,5.26,2023,4,24280,215,20,1.0,1.0,1.0,1.0,0.0,0.0,21.0,1.000000000000001
2023-05-31,Providence,RI,Passenger,1.0,0.0,1.0,17.0,18.0,5.56,2023,5,24281,215,21,1.0,1.0,1.0,1.0,0.0,0.0,22.0,1.0000000000000013
2023-06-30,Providence,RI,Passenger,1.0,0.0,1.0,17.0,18.0,5.56,2023,6,24282,215,22,1.0,1.0,1.0,1.0,0.0,0.0,23.0,1.0000000000000013
2023-07-31,Providence,RI,Passenger,1.0,0.0,1.0,17.0,18.0,5.56,2023,7,24283,215,23,1.0,1.0,1.0,1.0,0.0,0.0,24.0,1.0000000000000004
2023-08-31,Providence,RI,Passenger,1.0,0.0,1.0,17.0,18.0,5.56,2023,8,24284,215,24,1.0,1.0,1.0,1.0,0.0,0.0,25.0,1.0000000000000013
2023-09-30,Providence,RI,Passenger,1.0,0.0,1.0,17.0,18.0,5.56,2023,9,24285,215,25,1.0,1.0,1.0,1.0,0.0,0.0,26.0,1.0000000000000013
2023-10-31,Providence,RI,Passenger,1.0,0.0,1.0,16.0,17.0,5.88,2023,10,24286,215,26,1.0,1.0,1.0,1.0,0.0,0.0,27.0,1.0000000000000013
2023-11-30,Providence,RI,Passenger,1.0,0.0,1.0,16.0,17.0,5.88,2023,11,24287,215,27,1.0,1.0,1.0,1.0,0.0,0.0,28.0,1.0000000000000013
2023-12-31,Providence,RI,Passenger,1.0,0.0,1.0,16.0,17.0,5.88,2023,12,24288,215,28,1.0,1.0,1.0,1.0,0.0,0.0,29.0,1.0000000000000024
2024-01-31,Providence,RI,Passenger,1.0,0.0,1.0,14.0,15.0,6.67,2024,1,24289,215,29,1.0,1.0,1.0,1.0,0.0,0.0,30.0,1.000000000000002
2024-02-29,Providence,RI,Passenger,1.0,0.0,1.0,14.0,15.0,6.67,2024,2,24290,215,30,1.0,1.0,1.0,1.0,0.0,0.0,31.0,1.0000000000000009
2022-03-31,Pulaski,MO,Passenger,1.0,0.0,1.0,118.0,119.0,0.84,2022,3,24267,216,5,1.0,1.0,1.0,1.0,0.0,0.0,6.0,0.9999999999999998
2022-04-30,Pulaski,MO,Passenger,1.0,0.0,1.0,117.0,118.0,0.85,2022,4,24268,216,6,1.0,1.0,1.0,1.0,0.0,0.0,7.0,0.9999999999999998
2022-05-31,Pulaski,MO,Passenger,1.0,0.0,1.0,115.0,116.0,0.86,2022,5,24269,216,7,1.0,1.0,1.0,1.0,0.0,0.0,8.0,0.9999999999999999
2022-06-30,Pulaski,MO,Passenger,1.0,0.0,1.0,112.0,113.0,0.88,2022,6,24270,216,8,1.0,1.0,1.0,1.0,0.0,0.0,9.0,1.0000000000000002
2022-07-31,Pulaski,MO,Passenger,1.0,0.0,1.0,112.0,113.0,0.88,2022,7,24271,216,9,1.0,1.0,1.0,1.0,0.0,0.0,10.0,1.0000000000000002
2022-07-31,Pulaski,AR,Passenger,1.0,0.0,1.0,27.0,28.0,3.57,2022,7,24271,216,10,1.0,1.0,1.0,1.0,0.0,0.0,11.0,1.0
2022-08-31,Pulaski,MO,Passenger,1.0,0.0,1.0,111.0,112.0,0.89,2022,8,24272,216,11,1.0,1.0,1.0,1.0,0.0,0.0,12.0,1.0000000000000002
2022-08-31,Pulaski,AR,Passenger,1.0,0.0,1.0,28.0,29.0,3.45,2022,8,24272,216,12,1.0,1.0,1.0,1.0,0.0,0.0,13.0,1.0000000000000002
2022-09-30,Pulaski,MO,Passenger,1.0,0.0,1.0,109.0,110.0,0.91,2022,9,24273,216,13,1.0,1.0,1.0,1.0,0.0,0.0,14.0,1.0000000000000009
2022-09-30,Pulaski,AR,Passenger,1.0,0.0,1.0,28.0,29.0,3.45,2022,9,24273,216,14,1.0,1.0,1.0,1.0,0.0,0.0,15.0,1.0000000000000007
2022-10-31,Pulaski,MO,Passenger,1.0,0.0,1.0,107.0,108.0,0.93,2022,10,24274,216,15,1.0,1.0,1.0,1.0,0.0,0.0,16.0,1.0000000000000009
2022-10-31,Pulaski,AR,Passenger,3.0,0.0,3.0,28.0,31.0,6.9025,2022,10,24274,216,16,1.0,1.0,1.0,1.0,2.0,2.0,19.0,1.2857142857142863
2022-11-30,Pulaski,AR,Passenger,3.0,0.0,3.0,27.0,30.0,6.9025,2022,11,24275,216,17,3.0,1.0,1.0,1.6666666666666667,0.0,2.0,22.0,1.7428571428571427
2022-11-30,Pulaski,MO,Passenger,1.0,0.0,1.0,102.0,103.0,0.97,2022,11,24275,216,18,3.0,3.0,1.0,2.3333333333333335,-0.6666666666666667,0.0,23.0,1.9714285714285722
2022-12-31,Pulaski,AR,Passenger,3.0,0.0,3.0,25.0,28.0,6.9025,2022,12,24276,216,19,1.0,3.0,3.0,2.3333333333333335,2.0,0.0,26.0,2.257142857142857
2022-12-31,Pulaski,MO,Passenger,2.0,0.0,2.0,100.0,102.0,1.96,2022,12,24276,216,20,3.0,1.0,3.0,2.3333333333333335,-0.33333333333333337,-0.33333333333333337,28.0,2.3428571428571425
2023-01-31,Pulaski,AR,Passenger,3.0,0.0,3.0,24.0,27.0,6.9025,2023,1,24277,216,21,2.0,3.0,1.0,2.0,0.5,2.0,31.0,2.3142857142857136
2023-01-31,Pulaski,MO,Passenger,2.0,0.0,2.0,97.0,99.0,2.02,2023,1,24277,216,22,3.0,2.0,3.0,2.6666666666666665,-0.33333333333333337,-0.33333333333333337,33.0,2.3142857142857163
2023-02-28,Pulaski,AR,Passenger,3.0,0.0,3.0,23.0,26.0,6.9025,2023,2,24278,216,23,2.0,3.0,2.0,2.3333333333333335,0.5,0.5,36.0,2.5428571428571454
2023-02-28,Pulaski,MO,Passenger,2.0,0.0,2.0,95.0,97.0,2.06,2023,2,24278,216,24,3.0,2.0,3.0,2.6666666666666665,-0.33333333333333337,-0.33333333333333337,38.0,2.457142857142859
2023-03-31,Pulaski,AR,Passenger,3.0,0.0,3.0,22.0,25.0,6.9025,2023,3,24279,216,25,2.0,3.0,2.0,2.3333333333333335,0.5,0.5,41.0,2.542857142857143
2023-03-31,Pulaski,MO,Passenger,2.0,0.0,2.0,93.0,95.0,2.11,2023,3,24279,216,26,3.0,2.0,3.0,2.6666666666666665,-0.33333333333333337,-0.33333333333333337,43.0,2.4571428571428595
2023-04-30,Pulaski,MO,Passenger,2.0,0.0,2.0,93.0,95.0,2.11,2023,4,24280,216,27,2.0,3.0,2.0,2.3333333333333335,0.0,0.0,45.0,2.400000000000003
2023-04-30,Pulaski,AR,Passenger,3.0,0.0,3.0,22.0,25.0,6.9025,2023,4,24280,216,28,2.0,2.0,3.0,2.3333333333333335,0.5,0.0,48.0,2.3714285714285728
2023-05-31,Pulaski,MO,Passenger,2.0,0.0,2.0,92.0,94.0,2.13,2023,5,24281,216,29,3.0,2.0,2.0,2.3333333333333335,-0.33333333333333337,0.0,50.0,2.3714285714285737
2023-05-31,Pulaski,AR,Passenger,3.0,0.0,3.0,22.0,25.0,6.9025,2023,5,24281,216,30,2.0,3.0,2.0,2.3333333333333335,0.5,0.5,53.0,2.400000000000002
2023-06-30,Pulaski,AR,Passenger,3.0,0.0,3.0,17.0,20.0,6.9025,2023,6,24282,216,31,3.0,2.0,3.0,2.6666666666666665,0.0,0.0,56.0,2.6000000000000045
2023-06-30,Pulaski,MO,Passenger,2.0,0.0,2.0,92.0,94.0,2.13,2023,6,24282,216,32,3.0,3.0,2.0,2.6666666666666665,-0.33333333333333337,0.0,58.0,2.628571428571429
2023-07-31,Pulaski,AR,Passenger,2.0,0.0,2.0,16.0,18.0,6.9025,2023,7,24283,216,33,2.0,3.0,3.0,2.6666666666666665,0.0,-0.33333333333333337,60.0,2.485714285714285
2023-07-31,Pulaski,MO,Passenger,2.0,0.0,2.0,91.0,93.0,2.15,2023,7,24283,216,34,2.0,2.0,3.0,2.3333333333333335,0.0,-0.33333333333333337,62.0,2.371428571428576
2023-08-31,Pulaski,MO,Passenger,2.0,0.0,2.0,89.0,91.0,2.2,2023,8,24284,216,35,2.0,2.0,2.0,2.0,0.0,0.0,64.0,2.142857142857149
2023-08-31,Pulaski,AR,Passenger,2.0,0.0,2.0,15.0,17.0,6.9025,2023,8,24284,216,36,2.0,2.0,2.0,2.0,0.0,0.0,66.0,2.0000000000000075
2023-09-30,Pulaski,MO,Passenger,2.0,0.0,2.0,87.0,89.0,2.25,2023,9,24285,216,37,2.0,2.0,2.0,2.0,0.0,0.0,68.0,2.000000000000001
2023-09-30,Pulaski,AR,Passenger,2.0,0.0,2.0,16.0,18.0,6.9025,2023,9,24285,216,38,2.0,2.0,2.0,2.0,0.0,0.0,70.0,2.000000000000004
2023-10-31,Pulaski,MO,Passenger,1.0,0.0,1.0,85.0,86.0,1.16,2023,10,24286,216,39,2.0,2.0,2.0,2.0,-0.5,-0.5,71.0,1.8571428571428616
2023-10-31,Pulaski,AR,Passenger,2.0,0.0,2.0,16.0,18.0,6.9025,2023,10,24286,216,40,1.0,2.0,2.0,1.6666666666666667,1.0,0.0,73.0,1.7714285714285722
2023-11-30,Pulaski,MO,Passenger,1.0,0.0,1.0,84.0,85.0,1.18,2023,11,24287,216,41,2.0,1.0,2.0,1.6666666666666667,-0.5,-0.5,74.0,1.6000000000000008
2023-11-30,Pulaski,AR,Passenger,2.0,0.0,2.0,16.0,18.0,6.9025,2023,11,24287,216,42,1.0,2.0,1.0,1.3333333333333333,1.0,1.0,76.0,1.5428571428571443
2023-12-31,Pulaski,MO,Passenger,1.0,0.0,1.0,79.0,80.0,1.25,2023,12,24288,216,43,2.0,1.0,2.0,1.6666666666666667,-0.5,-0.5,77.0,1.4571428571428624
2023-12-31,Pulaski,AR,Passenger,2.0,0.0,2.0,16.0,18.0,6.9025,2023,12,24288,216,44,1.0,2.0,1.0,1.3333333333333333,1.0,1.0,79.0,1.5428571428571538
2024-01-31,Pulaski,MO,Passenger,1.0,0.0,1.0,79.0,80.0,1.25,2024,1,24289,216,45,2.0,1.0,2.0,1.6666666666666667,-0.5,-0.5,80.0,1.4571428571428644
2024-01-31,Pulaski,AR,Passenger,2.0,0.0,2.0,16.0,18.0,6.9025,2024,1,24289,216,46,1.0,2.0,1.0,1.3333333333333333,1.0,1.0,82.0,1.542857142857148
2024-02-29,Pulaski,AR,Passenger,2.0,0.0,2.0,14.0,16.0,6.9025,2024,2,24290,216,47,2.0,1.0,2.0,1.6666666666666667,0.0,0.0,84.0,1.6000000000000028
2024-02-29,Pulaski,MO,Passenger,1.0,0.0,1.0,76.0,77.0,1.3,2024,2,24290,216,48,2.0,2.0,1.0,1.6666666666666667,-0.5,0.0,85.0,1.62857142857143
2019-11-30,Putnam,TN,Passenger,0.0,1.0,1.0,3.0,4.0,6.9025,2019,11,24239,217,5,1.0,1.0,1.0,1.0,0.0,0.0,6.0,0.9999999999999998
2019-12-31,Putnam,TN,Passenger,0.0,1.0,1.0,3.0,4.0,6.9025,2019,12,24240,217,6,1.0,1.0,1.0,1.0,0.0,0.0,7.0,0.9999999999999998
2020-01-31,Putnam,TN,Passenger,0.0,1.0,1.0,3.0,4.0,6.9025,2020,1,24241,217,7,1.0,1.0,1.0,1.0,0.0,0.0,8.0,0.9999999999999999
2020-02-29,Putnam,TN,Passenger,0.0,1.0,1.0,3.0,4.0,6.9025,2020,2,24242,217,8,1.0,1.0,1.0,1.0,0.0,0.0,9.0,1.0000000000000002
2020-03-31,Putnam,TN,Passenger,0.0,1.0,1.0,3.0,4.0,6.9025,2020,3,24243,217,9,1.0,1.0,1.0,1.0,0.0,0.0,10.0,1.0000000000000002
2020-04-30,Putnam,TN,Passenger,0.0,1.0,1.0,3.0,4.0,6.9025,2020,4,24244,217,10,1.0,1.0,1.0,1.0,0.0,0.0,11.0,1.0
2020-05-31,Putnam,TN,Passenger,0.0,1.0,1.0,3.0,4.0,6.9025,2020,5,24245,217,11,1.0,1.0,1.0,1.0,0.0,0.0,12.0,1.0000000000000002
2020-06-30,Putnam,TN,Passenger,0.0,1.0,1.0,3.0,4.0,6.9025,2020,6,24246,217,12,1.0,1.0,1.0,1.0,0.0,0.0,13.0,1.0000000000000002
2020-07-31,Putnam,TN,Passenger,0.0,1.0,1.0,3.0,4.0,6.9025,2020,7,24247,217,13,1.0,1.0,1.0,1.0,0.0,0.0,14.0,1.0000000000000009
2020-08-31,Putnam,TN,Passenger,0.0,1.0,1.0,3.0,4.0,6.9025,2020,8,24248,217,14,1.0,1.0,1.0,1.0,0.0,0.0,15.0,1.0000000000000007
2020-09-30,Putnam,TN,Passenger,0.0,1.0,1.0,2.0,3.0,6.9025,2020,9,24249,217,15,1.0,1.0,1.0,1.0,0.0,0.0,16.0,1.0000000000000009
2020-10-31,Putnam,TN,Passenger,0.0,1.0,1.0,2.0,3.0,6.9025,2020,10,24250,217,16,1.0,1.0,1.0,1.0,0.0,0.0,17.0,1.0
2020-11-30,Putnam,TN,Passenger,0.0,1.0,1.0,3.0,4.0,6.9025,2020,11,24251,217,17,1.0,1.0,1.0,1.0,0.0,0.0,18.0,1.0000000000000002
2020-12-31,Putnam,TN,Passenger,0.0,1.0,1.0,3.0,4.0,6.9025,2020,12,24252,217,18,1.0,1.0,1.0,1.0,0.0,0.0,19.0,1.000000000000002
2021-01-31,Putnam,TN,Passenger,0.0,1.0,1.0,3.0,4.0,6.9025,2021,1,24253,217,19,1.0,1.0,1.0,1.0,0.0,0.0,20.0,0.9999999999999998
2021-02-28,Putnam,TN,Passenger,0.0,1.0,1.0,3.0,4.0,6.9025,2021,2,24254,217,20,1.0,1.0,1.0,1.0,0.0,0.0,21.0,1.000000000000001
2021-03-31,Putnam,TN,Passenger,0.0,1.0,1.0,1.0,2.0,6.9025,2021,3,24255,217,21,1.0,1.0,1.0,1.0,0.0,0.0,22.0,1.0000000000000013
2021-04-30,Putnam,TN,Passenger,0.0,1.0,1.0,1.0,2.0,6.9025,2021,4,24256,217,22,1.0,1.0,1.0,1.0,0.0,0.0,23.0,1.0000000000000013
2018-03-31,Queens,NY,Passenger,1.0,0.0,1.0,63.0,64.0,1.56,2018,3,24219,218,5,1.0,1.0,1.0,1.0,0.0,0.0,6.0,0.9999999999999998
2018-04-30,Queens,NY,Passenger,1.0,0.0,1.0,62.0,63.0,1.59,2018,4,24220,218,6,1.0,1.0,1.0,1.0,0.0,0.0,7.0,0.9999999999999998
2018-05-31,Queens,NY,Passenger,1.0,0.0,1.0,64.0,65.0,1.54,2018,5,24221,218,7,1.0,1.0,1.0,1.0,0.0,0.0,8.0,0.9999999999999999
2018-06-30,Queens,NY,Passenger,1.0,0.0,1.0,62.0,63.0,1.59,2018,6,24222,218,8,1.0,1.0,1.0,1.0,0.0,0.0,9.0,1.0000000000000002
2018-07-31,Queens,NY,Passenger,1.0,0.0,1.0,62.0,63.0,1.59,2018,7,24223,218,9,1.0,1.0,1.0,1.0,0.0,0.0,10.0,1.0000000000000002
2018-08-31,Queens,NY,Passenger,1.0,0.0,1.0,62.0,63.0,1.59,2018,8,24224,218,10,1.0,1.0,1.0,1.0,0.0,0.0,11.0,1.0
2018-09-30,Queens,NY,Passenger,1.0,0.0,1.0,62.0,63.0,1.59,2018,9,24225,218,11,1.0,1.0,1.0,1.0,0.0,0.0,12.0,1.0000000000000002
2019-10-31,Queens,NY,Passenger,1.0,0.0,1.0,52.0,53.0,1.89,2019,10,24238,218,12,1.0,1.0,1.0,1.0,0.0,0.0,13.0,1.0000000000000002
2019-11-30,Queens,NY,Passenger,1.0,0.0,1.0,54.0,55.0,1.82,2019,11,24239,218,13,1.0,1.0,1.0,1.0,0.0,0.0,14.0,1.0000000000000009
2019-12-31,Queens,NY,Passenger,1.0,0.0,1.0,53.0,54.0,1.85,2019,12,24240,218,14,1.0,1.0,1.0,1.0,0.0,0.0,15.0,1.0000000000000007
2020-01-31,Queens,NY,Passenger,1.0,0.0,1.0,53.0,54.0,1.85,2020,1,24241,218,15,1.0,1.0,1.0,1.0,0.0,0.0,16.0,1.0000000000000009
2020-02-29,Queens,NY,Passenger,1.0,0.0,1.0,54.0,55.0,1.82,2020,2,24242,218,16,1.0,1.0,1.0,1.0,0.0,0.0,17.0,1.0
2020-03-31,Queens,NY,Passenger,1.0,0.0,1.0,54.0,55.0,1.82,2020,3,24243,218,17,1.0,1.0,1.0,1.0,0.0,0.0,18.0,1.0000000000000002
2020-04-30,Queens,NY,Passenger,1.0,0.0,1.0,54.0,55.0,1.82,2020,4,24244,218,18,1.0,1.0,1.0,1.0,0.0,0.0,19.0,1.000000000000002
2020-05-31,Queens,NY,Passenger,1.0,0.0,1.0,52.0,53.0,1.89,2020,5,24245,218,19,1.0,1.0,1.0,1.0,0.0,0.0,20.0,0.9999999999999998
2020-06-30,Queens,NY,Passenger,1.0,0.0,1.0,51.0,52.0,1.92,2020,6,24246,218,20,1.0,1.0,1.0,1.0,0.0,0.0,21.0,1.000000000000001
2020-07-31,Queens,NY,Passenger,1.0,0.0,1.0,51.0,52.0,1.92,2020,7,24247,218,21,1.0,1.0,1.0,1.0,0.0,0.0,22.0,1.0000000000000013
2020-08-31,Queens,NY,Passenger,1.0,0.0,1.0,52.0,53.0,1.89,2020,8,24248,218,22,1.0,1.0,1.0,1.0,0.0,0.0,23.0,1.0000000000000013
2020-09-30,Queens,NY,Passenger,1.0,0.0,1.0,55.0,56.0,1.79,2020,9,24249,218,23,1.0,1.0,1.0,1.0,0.0,0.0,24.0,1.0000000000000004
2020-10-31,Queens,NY,Passenger,1.0,0.0,1.0,55.0,56.0,1.79,2020,10,24250,218,24,1.0,1.0,1.0,1.0,0.0,0.0,25.0,1.0000000000000013
2020-11-30,Queens,NY,Passenger,1.0,0.0,1.0,55.0,56.0,1.79,2020,11,24251,218,25,1.0,1.0,1.0,1.0,0.0,0.0,26.0,1.0000000000000013
2020-12-31,Queens,NY,Passenger,1.0,0.0,1.0,55.0,56.0,1.79,2020,12,24252,218,26,1.0,1.0,1.0,1.0,0.0,0.0,27.0,1.0000000000000013
2021-01-31,Queens,NY,Passenger,1.0,0.0,1.0,54.0,55.0,1.82,2021,1,24253,218,27,1.0,1.0,1.0,1.0,0.0,0.0,28.0,1.0000000000000013
2021-02-28,Queens,NY,Passenger,2.0,0.0,2.0,53.0,55.0,3.64,2021,2,24254,218,28,1.0,1.0,1.0,1.0,1.0,1.0,30.0,1.142857142857145
2021-03-31,Queens,NY,Passenger,2.0,0.0,2.0,53.0,55.0,3.64,2021,3,24255,218,29,2.0,1.0,1.0,1.3333333333333333,0.0,1.0,32.0,1.3714285714285723
2021-04-30,Queens,NY,Passenger,2.0,0.0,2.0,54.0,56.0,3.57,2021,4,24256,218,30,2.0,2.0,1.0,1.6666666666666667,0.0,1.0,34.0,1.62857142857143
2021-05-31,Queens,NY,Passenger,2.0,0.0,2.0,53.0,55.0,3.64,2021,5,24257,218,31,2.0,2.0,2.0,2.0,0.0,0.0,36.0,1.8571428571428563
2021-06-30,Queens,NY,Passenger,2.0,0.0,2.0,53.0,55.0,3.64,2021,6,24258,218,32,2.0,2.0,2.0,2.0,0.0,0.0,38.0,2.000000000000004
2021-07-31,Queens,NY,Passenger,2.0,0.0,2.0,51.0,53.0,3.77,2021,7,24259,218,33,2.0,2.0,2.0,2.0,0.0,0.0,40.0,1.9999999999999996
2021-08-31,Queens,NY,Passenger,2.0,0.0,2.0,52.0,54.0,3.7,2021,8,24260,218,34,2.0,2.0,2.0,2.0,0.0,0.0,42.0,2.000000000000002
2021-09-30,Queens,NY,Passenger,2.0,0.0,2.0,49.0,51.0,3.92,2021,9,24261,218,35,2.0,2.0,2.0,2.0,0.0,0.0,44.0,2.0000000000000027
2021-10-31,Queens,NY,Passenger,1.0,0.0,1.0,49.0,50.0,2.0,2021,10,24262,218,36,2.0,2.0,2.0,2.0,-0.5,-0.5,45.0,1.8571428571428579
2021-11-30,Queens,NY,Passenger,1.0,0.0,1.0,51.0,52.0,1.92,2021,11,24263,218,37,1.0,2.0,2.0,1.6666666666666667,0.0,-0.5,46.0,1.62857142857143
2021-12-31,Queens,NY,Passenger,1.0,0.0,1.0,55.0,56.0,1.79,2021,12,24264,218,38,1.0,1.0,2.0,1.3333333333333333,0.0,-0.5,47.0,1.3714285714285748
2022-01-31,Queens,NY,Passenger,1.0,0.0,1.0,55.0,56.0,1.79,2022,1,24265,218,39,1.0,1.0,1.0,1.0,0.0,0.0,48.0,1.142857142857148
2022-02-28,Queens,NY,Passenger,1.0,0.0,1.0,52.0,53.0,1.89,2022,2,24266,218,40,1.0,1.0,1.0,1.0,0.0,0.0,49.0,1.000000000000002
2022-03-31,Queens,NY,Passenger,1.0,0.0,1.0,51.0,52.0,1.92,2022,3,24267,218,41,1.0,1.0,1.0,1.0,0.0,0.0,50.0,1.000000000000002
2022-04-30,Queens,NY,Passenger,1.0,0.0,1.0,47.0,48.0,2.08,2022,4,24268,218,42,1.0,1.0,1.0,1.0,0.0,0.0,51.0,1.000000000000002
2022-05-31,Queens,NY,Passenger,1.0,0.0,1.0,47.0,48.0,2.08,2022,5,24269,218,43,1.0,1.0,1.0,1.0,0.0,0.0,52.0,1.0000000000000009
2022-06-30,Queens,NY,Passenger,1.0,0.0,1.0,44.0,45.0,2.22,2022,6,24270,218,44,1.0,1.0,1.0,1.0,0.0,0.0,53.0,1.0000000000000029
2022-07-31,Queens,NY,Passenger,1.0,0.0,1.0,45.0,46.0,2.17,2022,7,24271,218,45,1.0,1.0,1.0,1.0,0.0,0.0,54.0,1.0000000000000049
2022-08-31,Queens,NY,Passenger,1.0,0.0,1.0,43.0,44.0,2.27,2022,8,24272,218,46,1.0,1.0,1.0,1.0,0.0,0.0,55.0,1.0000000000000038
2022-09-30,Queens,NY,Passenger,1.0,0.0,1.0,41.0,42.0,2.38,2022,9,24273,218,47,1.0,1.0,1.0,1.0,0.0,0.0,56.0,1.0
2022-10-31,Queens,NY,Passenger,1.0,0.0,1.0,37.0,38.0,2.63,2022,10,24274,218,48,1.0,1.0,1.0,1.0,0.0,0.0,57.0,1.000000000000002
2022-11-30,Queens,NY,Passenger,1.0,0.0,1.0,36.0,37.0,2.7,2022,11,24275,218,49,1.0,1.0,1.0,1.0,0.0,0.0,58.0,1.0000000000000038
2022-12-31,Queens,NY,Passenger,1.0,0.0,1.0,33.0,34.0,2.94,2022,12,24276,218,50,1.0,1.0,1.0,1.0,0.0,0.0,59.0,1.0000000000000038
2017-10-31,Ramsey,MN,Passenger,1.0,0.0,1.0,42.0,43.0,2.33,2017,10,24214,219,5,1.0,1.0,1.0,1.0,0.0,0.0,6.0,0.9999999999999998
2017-11-30,Ramsey,MN,Passenger,1.0,0.0,1.0,41.0,42.0,2.38,2017,11,24215,219,6,1.0,1.0,1.0,1.0,0.0,0.0,7.0,0.9999999999999998
2017-12-31,Ramsey,MN,Passenger,1.0,0.0,1.0,40.0,41.0,2.44,2017,12,24216,219,7,1.0,1.0,1.0,1.0,0.0,0.0,8.0,0.9999999999999999
2018-01-31,Ramsey,MN,Passenger,1.0,0.0,1.0,41.0,42.0,2.38,2018,1,24217,219,8,1.0,1.0,1.0,1.0,0.0,0.0,9.0,1.0000000000000002
2018-02-28,Ramsey,MN,Passenger,1.0,0.0,1.0,39.0,40.0,2.5,2018,2,24218,219,9,1.0,1.0,1.0,1.0,0.0,0.0,10.0,1.0000000000000002
2018-03-31,Ramsey,MN,Passenger,1.0,0.0,1.0,39.0,40.0,2.5,2018,3,24219,219,10,1.0,1.0,1.0,1.0,0.0,0.0,11.0,1.0
2018-04-30,Ramsey,MN,Passenger,1.0,0.0,1.0,41.0,42.0,2.38,2018,4,24220,219,11,1.0,1.0,1.0,1.0,0.0,0.0,12.0,1.0000000000000002
2018-05-31,Ramsey,MN,Passenger,1.0,0.0,1.0,42.0,43.0,2.33,2018,5,24221,219,12,1.0,1.0,1.0,1.0,0.0,0.0,13.0,1.0000000000000002
2018-06-30,Ramsey,MN,Passenger,1.0,0.0,1.0,41.0,42.0,2.38,2018,6,24222,219,13,1.0,1.0,1.0,1.0,0.0,0.0,14.0,1.0000000000000009
2018-07-31,Ramsey,MN,Passenger,1.0,0.0,1.0,42.0,43.0,2.33,2018,7,24223,219,14,1.0,1.0,1.0,1.0,0.0,0.0,15.0,1.0000000000000007
2018-08-31,Ramsey,MN,Passenger,1.0,0.0,1.0,42.0,43.0,2.33,2018,8,24224,219,15,1.0,1.0,1.0,1.0,0.0,0.0,16.0,1.0000000000000009
2018-09-30,Ramsey,MN,Passenger,1.0,0.0,1.0,42.0,43.0,2.33,2018,9,24225,219,16,1.0,1.0,1.0,1.0,0.0,0.0,17.0,1.0
2018-10-31,Ramsey,MN,Passenger,1.0,0.0,1.0,42.0,43.0,2.33,2018,10,24226,219,17,1.0,1.0,1.0,1.0,0.0,0.0,18.0,1.0000000000000002
2018-11-30,Ramsey,MN,Passenger,1.0,0.0,1.0,42.0,43.0,2.33,2018,11,24227,219,18,1.0,1.0,1.0,1.0,0.0,0.0,19.0,1.000000000000002
2018-12-31,Ramsey,MN,Passenger,1.0,0.0,1.0,41.0,42.0,2.38,2018,12,24228,219,19,1.0,1.0,1.0,1.0,0.0,0.0,20.0,0.9999999999999998
2019-01-31,Ramsey,MN,Passenger,1.0,0.0,1.0,40.0,41.0,2.44,2019,1,24229,219,20,1.0,1.0,1.0,1.0,0.0,0.0,21.0,1.000000000000001
2019-02-28,Ramsey,MN,Passenger,1.0,0.0,1.0,41.0,42.0,2.38,2019,2,24230,219,21,1.0,1.0,1.0,1.0,0.0,0.0,22.0,1.0000000000000013
2019-03-31,Ramsey,MN,Passenger,1.0,0.0,1.0,44.0,45.0,2.22,2019,3,24231,219,22,1.0,1.0,1.0,1.0,0.0,0.0,23.0,1.0000000000000013
2019-04-30,Ramsey,MN,Passenger,1.0,0.0,1.0,45.0,46.0,2.17,2019,4,24232,219,23,1.0,1.0,1.0,1.0,0.0,0.0,24.0,1.0000000000000004
2019-05-31,Ramsey,MN,Passenger,1.0,0.0,1.0,44.0,45.0,2.22,2019,5,24233,219,24,1.0,1.0,1.0,1.0,0.0,0.0,25.0,1.0000000000000013
2019-06-30,Ramsey,MN,Passenger,1.0,0.0,1.0,45.0,46.0,2.17,2019,6,24234,219,25,1.0,1.0,1.0,1.0,0.0,0.0,26.0,1.0000000000000013
2019-07-31,Ramsey,MN,Passenger,1.0,0.0,1.0,41.0,42.0,2.38,2019,7,24235,219,26,1.0,1.0,1.0,1.0,0.0,0.0,27.0,1.0000000000000013
2019-08-31,Ramsey,MN,Passenger,1.0,0.0,1.0,40.0,41.0,2.44,2019,8,24236,219,27,1.0,1.0,1.0,1.0,0.0,0.0,28.0,1.0000000000000013
2019-09-30,Ramsey,MN,Passenger,1.0,0.0,1.0,42.0,43.0,2.33,2019,9,24237,219,28,1.0,1.0,1.0,1.0,0.0,0.0,29.0,1.0000000000000024
2019-10-31,Ramsey,MN,Passenger,1.0,0.0,1.0,42.0,43.0,2.33,2019,10,24238,219,29,1.0,1.0,1.0,1.0,0.0,0.0,30.0,1.000000000000002
2019-11-30,Ramsey,MN,Passenger,1.0,0.0,1.0,42.0,43.0,2.33,2019,11,24239,219,30,1.0,1.0,1.0,1.0,0.0,0.0,31.0,1.0000000000000009
2019-12-31,Ramsey,MN,Passenger,1.0,0.0,1.0,41.0,42.0,2.38,2019,12,24240,219,31,1.0,1.0,1.0,1.0,0.0,0.0,32.0,1.000000000000002
2020-01-31,Ramsey,MN,Passenger,1.0,0.0,1.0,41.0,42.0,2.38,2020,1,24241,219,32,1.0,1.0,1.0,1.0,0.0,0.0,33.0,1.0000000000000038
2020-02-29,Ramsey,MN,Passenger,1.0,0.0,1.0,42.0,43.0,2.33,2020,2,24242,219,33,1.0,1.0,1.0,1.0,0.0,0.0,34.0,1.0000000000000004
2020-03-31,Ramsey,MN,Passenger,1.0,0.0,1.0,42.0,43.0,2.33,2020,3,24243,219,34,1.0,1.0,1.0,1.0,0.0,0.0,35.0,1.000000000000002
2020-04-30,Ramsey,MN,Passenger,1.0,0.0,1.0,41.0,42.0,2.38,2020,4,24244,219,35,1.0,1.0,1.0,1.0,0.0,0.0,36.0,1.0000000000000029
2020-05-31,Ramsey,MN,Passenger,1.0,0.0,1.0,41.0,42.0,2.38,2020,5,24245,219,36,1.0,1.0,1.0,1.0,0.0,0.0,37.0,1.0000000000000038
2020-06-30,Ramsey,MN,Passenger,1.0,0.0,1.0,41.0,42.0,2.38,2020,6,24246,219,37,1.0,1.0,1.0,1.0,0.0,0.0,38.0,1.0
2020-07-31,Ramsey,MN,Passenger,1.0,0.0,1.0,40.0,41.0,2.44,2020,7,24247,219,38,1.0,1.0,1.0,1.0,0.0,0.0,39.0,1.0000000000000009
2020-08-31,Ramsey,MN,Passenger,1.0,0.0,1.0,39.0,40.0,2.5,2020,8,24248,219,39,1.0,1.0,1.0,1.0,0.0,0.0,40.0,1.0000000000000009
2020-09-30,Ramsey,MN,Passenger,1.0,0.0,1.0,38.0,39.0,2.56,2020,9,24249,219,40,1.0,1.0,1.0,1.0,0.0,0.0,41.0,1.0000000000000038
2020-10-31,Ramsey,MN,Passenger,1.0,0.0,1.0,36.0,37.0,2.7,2020,10,24250,219,41,1.0,1.0,1.0,1.0,0.0,0.0,42.0,1.0000000000000009
2020-11-30,Ramsey,MN,Passenger,1.0,0.0,1.0,36.0,37.0,2.7,2020,11,24251,219,42,1.0,1.0,1.0,1.0,0.0,0.0,43.0,1.0000000000000029
2020-12-31,Ramsey,MN,Passenger,1.0,0.0,1.0,37.0,38.0,2.63,2020,12,24252,219,43,1.0,1.0,1.0,1.0,0.0,0.0,44.0,1.0000000000000029
2021-01-31,Ramsey,MN,Passenger,1.0,0.0,1.0,36.0,37.0,2.7,2021,1,24253,219,44,1.0,1.0,1.0,1.0,0.0,0.0,45.0,1.0000000000000009
2021-02-28,Ramsey,MN,Passenger,1.0,0.0,1.0,36.0,37.0,2.7,2021,2,24254,219,45,1.0,1.0,1.0,1.0,0.0,0.0,46.0,1.0000000000000009
2021-03-31,Ramsey,MN,Passenger,1.0,0.0,1.0,34.0,35.0,2.86,2021,3,24255,219,46,1.0,1.0,1.0,1.0,0.0,0.0,47.0,1.0000000000000029
2021-04-30,Ramsey,MN,Passenger,1.0,0.0,1.0,32.0,33.0,3.03,2021,4,24256,219,47,1.0,1.0,1.0,1.0,0.0,0.0,48.0,1.0000000000000009
2019-03-31,Randolph,NC,Passenger,1.0,0.0,1.0,6.0,7.0,6.9025,2019,3,24231,220,5,1.0,1.0,1.0,1.0,0.0,0.0,6.0,0.9999999999999998
2019-04-30,Randolph,NC,Passenger,1.0,0.0,1.0,6.0,7.0,6.9025,2019,4,24232,220,6,1.0,1.0,1.0,1.0,0.0,0.0,7.0,0.9999999999999998
2019-05-31,Randolph,NC,Passenger,1.0,0.0,1.0,6.0,7.0,6.9025,2019,5,24233,220,7,1.0,1.0,1.0,1.0,0.0,0.0,8.0,0.9999999999999999
2019-06-30,Randolph,NC,Passenger,1.0,0.0,1.0,6.0,7.0,6.9025,2019,6,24234,220,8,1.0,1.0,1.0,1.0,0.0,0.0,9.0,1.0000000000000002
2019-07-31,Randolph,NC,Passenger,1.0,0.0,1.0,6.0,7.0,6.9025,2019,7,24235,220,9,1.0,1.0,1.0,1.0,0.0,0.0,10.0,1.0000000000000002
2019-08-31,Randolph,NC,Passenger,1.0,0.0,1.0,6.0,7.0,6.9025,2019,8,24236,220,10,1.0,1.0,1.0,1.0,0.0,0.0,11.0,1.0
2019-09-30,Randolph,NC,Passenger,1.0,0.0,1.0,6.0,7.0,6.9025,2019,9,24237,220,11,1.0,1.0,1.0,1.0,0.0,0.0,12.0,1.0000000000000002
2019-10-31,Randolph,NC,Passenger,1.0,0.0,1.0,6.0,7.0,6.9025,2019,10,24238,220,12,1.0,1.0,1.0,1.0,0.0,0.0,13.0,1.0000000000000002
2019-11-30,Randolph,NC,Passenger,1.0,0.0,1.0,7.0,8.0,6.9025,2019,11,24239,220,13,1.0,1.0,1.0,1.0,0.0,0.0,14.0,1.0000000000000009
2019-12-31,Randolph,NC,Passenger,1.0,0.0,1.0,7.0,8.0,6.9025,2019,12,24240,220,14,1.0,1.0,1.0,1.0,0.0,0.0,15.0,1.0000000000000007
2020-01-31,Randolph,NC,Passenger,1.0,0.0,1.0,7.0,8.0,6.9025,2020,1,24241,220,15,1.0,1.0,1.0,1.0,0.0,0.0,16.0,1.0000000000000009
2020-02-29,Randolph,NC,Passenger,1.0,0.0,1.0,7.0,8.0,6.9025,2020,2,24242,220,16,1.0,1.0,1.0,1.0,0.0,0.0,17.0,1.0
2020-03-31,Randolph,NC,Passenger,1.0,0.0,1.0,8.0,9.0,6.9025,2020,3,24243,220,17,1.0,1.0,1.0,1.0,0.0,0.0,18.0,1.0000000000000002
2020-04-30,Randolph,NC,Passenger,1.0,0.0,1.0,8.0,9.0,6.9025,2020,4,24244,220,18,1.0,1.0,1.0,1.0,0.0,0.0,19.0,1.000000000000002
2020-05-31,Randolph,NC,Passenger,1.0,0.0,1.0,8.0,9.0,6.9025,2020,5,24245,220,19,1.0,1.0,1.0,1.0,0.0,0.0,20.0,0.9999999999999998
2020-06-30,Randolph,NC,Passenger,1.0,0.0,1.0,7.0,8.0,6.9025,2020,6,24246,220,20,1.0,1.0,1.0,1.0,0.0,0.0,21.0,1.000000000000001
2020-07-31,Randolph,NC,Passenger,1.0,0.0,1.0,8.0,9.0,6.9025,2020,7,24247,220,21,1.0,1.0,1.0,1.0,0.0,0.0,22.0,1.0000000000000013
2020-08-31,Randolph,NC,Passenger,1.0,0.0,1.0,8.0,9.0,6.9025,2020,8,24248,220,22,1.0,1.0,1.0,1.0,0.0,0.0,23.0,1.0000000000000013
2020-09-30,Randolph,NC,Passenger,1.0,0.0,1.0,8.0,9.0,6.9025,2020,9,24249,220,23,1.0,1.0,1.0,1.0,0.0,0.0,24.0,1.0000000000000004
2020-10-31,Randolph,NC,Passenger,1.0,0.0,1.0,8.0,9.0,6.9025,2020,10,24250,220,24,1.0,1.0,1.0,1.0,0.0,0.0,25.0,1.0000000000000013
2020-11-30,Randolph,NC,Passenger,1.0,0.0,1.0,7.0,8.0,6.9025,2020,11,24251,220,25,1.0,1.0,1.0,1.0,0.0,0.0,26.0,1.0000000000000013
2020-12-31,Randolph,NC,Passenger,1.0,0.0,1.0,7.0,8.0,6.9025,2020,12,24252,220,26,1.0,1.0,1.0,1.0,0.0,0.0,27.0,1.0000000000000013
2021-01-31,Randolph,NC,Passenger,1.0,0.0,1.0,7.0,8.0,6.9025,2021,1,24253,220,27,1.0,1.0,1.0,1.0,0.0,0.0,28.0,1.0000000000000013
2021-02-28,Randolph,NC,Passenger,1.0,0.0,1.0,7.0,8.0,6.9025,2021,2,24254,220,28,1.0,1.0,1.0,1.0,0.0,0.0,29.0,1.0000000000000024
2021-03-31,Randolph,NC,Passenger,1.0,0.0,1.0,8.0,9.0,6.9025,2021,3,24255,220,29,1.0,1.0,1.0,1.0,0.0,0.0,30.0,1.000000000000002
2021-04-30,Randolph,NC,Passenger,1.0,0.0,1.0,8.0,9.0,6.9025,2021,4,24256,220,30,1.0,1.0,1.0,1.0,0.0,0.0,31.0,1.0000000000000009
2021-05-31,Randolph,NC,Passenger,1.0,0.0,1.0,8.0,9.0,6.9025,2021,5,24257,220,31,1.0,1.0,1.0,1.0,0.0,0.0,32.0,1.000000000000002
2021-06-30,Randolph,NC,Passenger,1.0,0.0,1.0,8.0,9.0,6.9025,2021,6,24258,220,32,1.0,1.0,1.0,1.0,0.0,0.0,33.0,1.0000000000000038
2021-07-31,Randolph,NC,Passenger,1.0,0.0,1.0,6.0,7.0,6.9025,2021,7,24259,220,33,1.0,1.0,1.0,1.0,0.0,0.0,34.0,1.0000000000000004
2021-08-31,Randolph,NC,Passenger,1.0,0.0,1.0,6.0,7.0,6.9025,2021,8,24260,220,34,1.0,1.0,1.0,1.0,0.0,0.0,35.0,1.000000000000002
2021-09-30,Randolph,NC,Passenger,1.0,0.0,1.0,6.0,7.0,6.9025,2021,9,24261,220,35,1.0,1.0,1.0,1.0,0.0,0.0,36.0,1.0000000000000029
2021-10-31,Randolph,NC,Passenger,1.0,0.0,1.0,6.0,7.0,6.9025,2021,10,24262,220,36,1.0,1.0,1.0,1.0,0.0,0.0,37.0,1.0000000000000038
2021-11-30,Randolph,NC,Passenger,1.0,0.0,1.0,6.0,7.0,6.9025,2021,11,24263,220,37,1.0,1.0,1.0,1.0,0.0,0.0,38.0,1.0
2021-12-31,Randolph,NC,Passenger,1.0,0.0,1.0,6.0,7.0,6.9025,2021,12,24264,220,38,1.0,1.0,1.0,1.0,0.0,0.0,39.0,1.0000000000000009
2022-01-31,Randolph,NC,Passenger,1.0,0.0,1.0,6.0,7.0,6.9025,2022,1,24265,220,39,1.0,1.0,1.0,1.0,0.0,0.0,40.0,1.0000000000000009
2022-02-28,Randolph,NC,Passenger,1.0,0.0,1.0,6.0,7.0,6.9025,2022,2,24266,220,40,1.0,1.0,1.0,1.0,0.0,0.0,41.0,1.0000000000000038
2022-03-31,Randolph,NC,Passenger,1.0,0.0,1.0,5.0,6.0,6.9025,2022,3,24267,220,41,1.0,1.0,1.0,1.0,0.0,0.0,42.0,1.0000000000000009
2022-04-30,Randolph,NC,Passenger,1.0,0.0,1.0,6.0,7.0,6.9025,2022,4,24268,220,42,1.0,1.0,1.0,1.0,0.0,0.0,43.0,1.0000000000000029
2022-05-31,Randolph,NC,Passenger,1.0,0.0,1.0,6.0,7.0,6.9025,2022,5,24269,220,43,1.0,1.0,1.0,1.0,0.0,0.0,44.0,1.0000000000000029
2022-06-30,Randolph,NC,Passenger,1.0,0.0,1.0,6.0,7.0,6.9025,2022,6,24270,220,44,1.0,1.0,1.0,1.0,0.0,0.0,45.0,1.0000000000000009
2022-07-31,Randolph,NC,Passenger,1.0,0.0,1.0,6.0,7.0,6.9025,2022,7,24271,220,45,1.0,1.0,1.0,1.0,0.0,0.0,46.0,1.0000000000000009
2022-08-31,Randolph,NC,Passenger,1.0,0.0,1.0,6.0,7.0,6.9025,2022,8,24272,220,46,1.0,1.0,1.0,1.0,0.0,0.0,47.0,1.0000000000000029
2022-09-30,Randolph,NC,Passenger,1.0,0.0,1.0,6.0,7.0,6.9025,2022,9,24273,220,47,1.0,1.0,1.0,1.0,0.0,0.0,48.0,1.0000000000000009
2022-10-31,Randolph,NC,Passenger,1.0,0.0,1.0,6.0,7.0,6.9025,2022,10,24274,220,48,1.0,1.0,1.0,1.0,0.0,0.0,49.0,1.000000000000002
2022-11-30,Randolph,NC,Passenger,1.0,0.0,1.0,5.0,6.0,6.9025,2022,11,24275,220,49,1.0,1.0,1.0,1.0,0.0,0.0,50.0,1.000000000000002
2022-12-31,Randolph,NC,Passenger,1.0,0.0,1.0,5.0,6.0,6.9025,2022,12,24276,220,50,1.0,1.0,1.0,1.0,0.0,0.0,51.0,1.000000000000002
2023-01-31,Randolph,NC,Passenger,1.0,0.0,1.0,5.0,6.0,6.9025,2023,1,24277,220,51,1.0,1.0,1.0,1.0,0.0,0.0,52.0,1.0000000000000009
2023-02-28,Randolph,NC,Passenger,1.0,0.0,1.0,4.0,5.0,6.9025,2023,2,24278,220,52,1.0,1.0,1.0,1.0,0.0,0.0,53.0,1.0000000000000029
2023-03-31,Randolph,NC,Passenger,1.0,0.0,1.0,3.0,4.0,6.9025,2023,3,24279,220,53,1.0,1.0,1.0,1.0,0.0,0.0,54.0,1.0000000000000049
2023-04-30,Randolph,NC,Passenger,1.0,0.0,1.0,3.0,4.0,6.9025,2023,4,24280,220,54,1.0,1.0,1.0,1.0,0.0,0.0,55.0,1.0000000000000038
2023-05-31,Randolph,NC,Passenger,1.0,0.0,1.0,3.0,4.0,6.9025,2023,5,24281,220,55,1.0,1.0,1.0,1.0,0.0,0.0,56.0,1.0
2023-06-30,Randolph,NC,Passenger,1.0,0.0,1.0,3.0,4.0,6.9025,2023,6,24282,220,56,1.0,1.0,1.0,1.0,0.0,0.0,57.0,1.000000000000002
2023-07-31,Randolph,NC,Passenger,1.0,0.0,1.0,3.0,4.0,6.9025,2023,7,24283,220,57,1.0,1.0,1.0,1.0,0.0,0.0,58.0,1.0000000000000038
2023-08-31,Randolph,NC,Passenger,1.0,0.0,1.0,3.0,4.0,6.9025,2023,8,24284,220,58,1.0,1.0,1.0,1.0,0.0,0.0,59.0,1.0000000000000038
2021-06-30,Ray,MO,Passenger,0.0,1.0,1.0,1.0,2.0,6.9025,2021,6,24258,221,5,1.0,1.0,1.0,1.0,0.0,0.0,6.0,0.9999999999999998
2021-07-31,Ray,MO,Passenger,0.0,1.0,1.0,1.0,2.0,6.9025,2021,7,24259,221,6,1.0,1.0,1.0,1.0,0.0,0.0,7.0,0.9999999999999998
2021-08-31,Ray,MO,Passenger,0.0,1.0,1.0,1.0,2.0,6.9025,2021,8,24260,221,7,1.0,1.0,1.0,1.0,0.0,0.0,8.0,0.9999999999999999
2021-09-30,Ray,MO,Passenger,0.0,1.0,1.0,1.0,2.0,6.9025,2021,9,24261,221,8,1.0,1.0,1.0,1.0,0.0,0.0,9.0,1.0000000000000002
2021-10-31,Ray,MO,Passenger,0.0,1.0,1.0,1.0,2.0,6.9025,2021,10,24262,221,9,1.0,1.0,1.0,1.0,0.0,0.0,10.0,1.0000000000000002
2021-11-30,Ray,MO,Passenger,0.0,1.0,1.0,1.0,2.0,6.9025,2021,11,24263,221,10,1.0,1.0,1.0,1.0,0.0,0.0,11.0,1.0
2021-12-31,Ray,MO,Passenger,0.0,1.0,1.0,1.0,2.0,6.9025,2021,12,24264,221,11,1.0,1.0,1.0,1.0,0.0,0.0,12.0,1.0000000000000002
2022-01-31,Ray,MO,Passenger,0.0,1.0,1.0,1.0,2.0,6.9025,2022,1,24265,221,12,1.0,1.0,1.0,1.0,0.0,0.0,13.0,1.0000000000000002
2022-02-28,Ray,MO,Passenger,0.0,1.0,1.0,1.0,2.0,6.9025,2022,2,24266,221,13,1.0,1.0,1.0,1.0,0.0,0.0,14.0,1.0000000000000009
2022-03-31,Ray,MO,Passenger,0.0,1.0,1.0,1.0,2.0,6.9025,2022,3,24267,221,14,1.0,1.0,1.0,1.0,0.0,0.0,15.0,1.0000000000000007
2022-04-30,Ray,MO,Passenger,0.0,1.0,1.0,1.0,2.0,6.9025,2022,4,24268,221,15,1.0,1.0,1.0,1.0,0.0,0.0,16.0,1.0000000000000009
2022-05-31,Ray,MO,Passenger,0.0,1.0,1.0,1.0,2.0,6.9025,2022,5,24269,221,16,1.0,1.0,1.0,1.0,0.0,0.0,17.0,1.0
2022-06-30,Ray,MO,Passenger,0.0,1.0,1.0,1.0,2.0,6.9025,2022,6,24270,221,17,1.0,1.0,1.0,1.0,0.0,0.0,18.0,1.0000000000000002
2022-07-31,Ray,MO,Passenger,0.0,1.0,1.0,1.0,2.0,6.9025,2022,7,24271,221,18,1.0,1.0,1.0,1.0,0.0,0.0,19.0,1.000000000000002
2022-08-31,Ray,MO,Passenger,0.0,1.0,1.0,1.0,2.0,6.9025,2022,8,24272,221,19,1.0,1.0,1.0,1.0,0.0,0.0,20.0,0.9999999999999998
2022-09-30,Ray,MO,Passenger,0.0,1.0,1.0,1.0,2.0,6.9025,2022,9,24273,221,20,1.0,1.0,1.0,1.0,0.0,0.0,21.0,1.000000000000001
2022-10-31,Ray,MO,Passenger,0.0,1.0,1.0,1.0,2.0,6.9025,2022,10,24274,221,21,1.0,1.0,1.0,1.0,0.0,0.0,22.0,1.0000000000000013
2022-11-30,Ray,MO,Passenger,0.0,1.0,1.0,1.0,2.0,6.9025,2022,11,24275,221,22,1.0,1.0,1.0,1.0,0.0,0.0,23.0,1.0000000000000013
2022-12-31,Ray,MO,Passenger,0.0,1.0,1.0,1.0,2.0,6.9025,2022,12,24276,221,23,1.0,1.0,1.0,1.0,0.0,0.0,24.0,1.0000000000000004
2023-01-31,Ray,MO,Passenger,0.0,1.0,1.0,0.0,1.0,6.9025,2023,1,24277,221,24,1.0,1.0,1.0,1.0,0.0,0.0,25.0,1.0000000000000013
2023-02-28,Ray,MO,Passenger,0.0,1.0,1.0,0.0,1.0,6.9025,2023,2,24278,221,25,1.0,1.0,1.0,1.0,0.0,0.0,26.0,1.0000000000000013
2023-03-31,Ray,MO,Passenger,0.0,1.0,1.0,0.0,1.0,6.9025,2023,3,24279,221,26,1.0,1.0,1.0,1.0,0.0,0.0,27.0,1.0000000000000013
2023-04-30,Ray,MO,Passenger,0.0,1.0,1.0,0.0,1.0,6.9025,2023,4,24280,221,27,1.0,1.0,1.0,1.0,0.0,0.0,28.0,1.0000000000000013
2023-05-31,Ray,MO,Passenger,0.0,1.0,1.0,0.0,1.0,6.9025,2023,5,24281,221,28,1.0,1.0,1.0,1.0,0.0,0.0,29.0,1.0000000000000024
2023-06-30,Ray,MO,Passenger,0.0,1.0,1.0,0.0,1.0,6.9025,2023,6,24282,221,29,1.0,1.0,1.0,1.0,0.0,0.0,30.0,1.000000000000002
2023-07-31,Ray,MO,Passenger,0.0,1.0,1.0,0.0,1.0,6.9025,2023,7,24283,221,30,1.0,1.0,1.0,1.0,0.0,0.0,31.0,1.0000000000000009
2023-08-31,Ray,MO,Passenger,0.0,1.0,1.0,0.0,1.0,6.9025,2023,8,24284,221,31,1.0,1.0,1.0,1.0,0.0,0.0,32.0,1.000000000000002
2023-09-30,Ray,MO,Passenger,0.0,1.0,1.0,0.0,1.0,6.9025,2023,9,24285,221,32,1.0,1.0,1.0,1.0,0.0,0.0,33.0,1.0000000000000038
2023-10-31,Ray,MO,Passenger,0.0,1.0,1.0,0.0,1.0,6.9025,2023,10,24286,221,33,1.0,1.0,1.0,1.0,0.0,0.0,34.0,1.0000000000000004
2023-11-30,Ray,MO,Passenger,0.0,1.0,1.0,0.0,1.0,6.9025,2023,11,24287,221,34,1.0,1.0,1.0,1.0,0.0,0.0,35.0,1.000000000000002
2023-12-31,Ray,MO,Passenger,0.0,1.0,1.0,0.0,1.0,6.9025,2023,12,24288,221,35,1.0,1.0,1.0,1.0,0.0,0.0,36.0,1.0000000000000029
2018-01-31,Richland,SC,Passenger,0.0,1.0,1.0,175.0,176.0,0.57,2018,1,24217,222,5,1.0,1.0,1.0,1.0,0.0,0.0,6.0,0.9999999999999998
2018-02-28,Richland,SC,Passenger,0.0,1.0,1.0,174.0,175.0,0.57,2018,2,24218,222,6,1.0,1.0,1.0,1.0,0.0,0.0,7.0,0.9999999999999998
2018-03-31,Richland,SC,Passenger,0.0,1.0,1.0,174.0,175.0,0.57,2018,3,24219,222,7,1.0,1.0,1.0,1.0,0.0,0.0,8.0,0.9999999999999999
2018-04-30,Richland,SC,Passenger,0.0,1.0,1.0,175.0,176.0,0.57,2018,4,24220,222,8,1.0,1.0,1.0,1.0,0.0,0.0,9.0,1.0000000000000002
2018-05-31,Richland,SC,Passenger,0.0,1.0,1.0,173.0,174.0,0.57,2018,5,24221,222,9,1.0,1.0,1.0,1.0,0.0,0.0,10.0,1.0000000000000002
2018-06-30,Richland,SC,Passenger,0.0,1.0,1.0,171.0,172.0,0.58,2018,6,24222,222,10,1.0,1.0,1.0,1.0,0.0,0.0,11.0,1.0
2018-07-31,Richland,SC,Passenger,0.0,1.0,1.0,171.0,172.0,0.58,2018,7,24223,222,11,1.0,1.0,1.0,1.0,0.0,0.0,12.0,1.0000000000000002
2018-08-31,Richland,SC,Passenger,0.0,1.0,1.0,173.0,174.0,0.57,2018,8,24224,222,12,1.0,1.0,1.0,1.0,0.0,0.0,13.0,1.0000000000000002
2018-09-30,Richland,SC,Passenger,0.0,1.0,1.0,169.0,170.0,0.59,2018,9,24225,222,13,1.0,1.0,1.0,1.0,0.0,0.0,14.0,1.0000000000000009
2018-10-31,Richland,SC,Passenger,0.0,1.0,1.0,167.0,168.0,0.6,2018,10,24226,222,14,1.0,1.0,1.0,1.0,0.0,0.0,15.0,1.0000000000000007
2018-11-30,Richland,SC,Passenger,0.0,1.0,1.0,165.0,166.0,0.6,2018,11,24227,222,15,1.0,1.0,1.0,1.0,0.0,0.0,16.0,1.0000000000000009
2018-12-31,Richland,SC,Passenger,0.0,1.0,1.0,164.0,165.0,0.61,2018,12,24228,222,16,1.0,1.0,1.0,1.0,0.0,0.0,17.0,1.0
2019-01-31,Richland,SC,Passenger,0.0,1.0,1.0,165.0,166.0,0.6,2019,1,24229,222,17,1.0,1.0,1.0,1.0,0.0,0.0,18.0,1.0000000000000002
2019-02-28,Richland,SC,Passenger,0.0,1.0,1.0,165.0,166.0,0.6,2019,2,24230,222,18,1.0,1.0,1.0,1.0,0.0,0.0,19.0,1.000000000000002
2019-03-31,Richland,SC,Passenger,0.0,1.0,1.0,166.0,167.0,0.6,2019,3,24231,222,19,1.0,1.0,1.0,1.0,0.0,0.0,20.0,0.9999999999999998
2019-04-30,Richland,SC,Passenger,0.0,1.0,1.0,163.0,164.0,0.61,2019,4,24232,222,20,1.0,1.0,1.0,1.0,0.0,0.0,21.0,1.000000000000001
2019-05-31,Richland,SC,Passenger,0.0,1.0,1.0,161.0,162.0,0.62,2019,5,24233,222,21,1.0,1.0,1.0,1.0,0.0,0.0,22.0,1.0000000000000013
2019-06-30,Richland,SC,Passenger,0.0,1.0,1.0,163.0,164.0,0.61,2019,6,24234,222,22,1.0,1.0,1.0,1.0,0.0,0.0,23.0,1.0000000000000013
2019-07-31,Richland,SC,Passenger,0.0,1.0,1.0,163.0,164.0,0.61,2019,7,24235,222,23,1.0,1.0,1.0,1.0,0.0,0.0,24.0,1.0000000000000004
2019-08-31,Richland,SC,Passenger,0.0,1.0,1.0,160.0,161.0,0.62,2019,8,24236,222,24,1.0,1.0,1.0,1.0,0.0,0.0,25.0,1.0000000000000013
2019-09-30,Richland,SC,Passenger,0.0,1.0,1.0,157.0,158.0,0.63,2019,9,24237,222,25,1.0,1.0,1.0,1.0,0.0,0.0,26.0,1.0000000000000013
2019-10-31,Richland,SC,Passenger,0.0,1.0,1.0,160.0,161.0,0.62,2019,10,24238,222,26,1.0,1.0,1.0,1.0,0.0,0.0,27.0,1.0000000000000013
2019-11-30,Richland,SC,Passenger,0.0,1.0,1.0,159.0,160.0,0.62,2019,11,24239,222,27,1.0,1.0,1.0,1.0,0.0,0.0,28.0,1.0000000000000013
2019-12-31,Richland,SC,Passenger,0.0,1.0,1.0,158.0,159.0,0.63,2019,12,24240,222,28,1.0,1.0,1.0,1.0,0.0,0.0,29.0,1.0000000000000024
2020-01-31,Richland,SC,Passenger,0.0,1.0,1.0,158.0,159.0,0.63,2020,1,24241,222,29,1.0,1.0,1.0,1.0,0.0,0.0,30.0,1.000000000000002
2020-02-29,Richland,SC,Passenger,0.0,1.0,1.0,160.0,161.0,0.62,2020,2,24242,222,30,1.0,1.0,1.0,1.0,0.0,0.0,31.0,1.0000000000000009
2020-03-31,Richland,SC,Passenger,0.0,1.0,1.0,156.0,157.0,0.64,2020,3,24243,222,31,1.0,1.0,1.0,1.0,0.0,0.0,32.0,1.000000000000002
2020-04-30,Richland,SC,Passenger,0.0,1.0,1.0,159.0,160.0,0.62,2020,4,24244,222,32,1.0,1.0,1.0,1.0,0.0,0.0,33.0,1.0000000000000038
2020-05-31,Richland,SC,Passenger,0.0,1.0,1.0,157.0,158.0,0.63,2020,5,24245,222,33,1.0,1.0,1.0,1.0,0.0,0.0,34.0,1.0000000000000004
2020-06-30,Richland,SC,Passenger,0.0,1.0,1.0,157.0,158.0,0.63,2020,6,24246,222,34,1.0,1.0,1.0,1.0,0.0,0.0,35.0,1.000000000000002
2020-07-31,Richland,SC,Passenger,0.0,1.0,1.0,152.0,153.0,0.65,2020,7,24247,222,35,1.0,1.0,1.0,1.0,0.0,0.0,36.0,1.0000000000000029
2020-08-31,Richland,SC,Passenger,0.0,1.0,1.0,150.0,151.0,0.66,2020,8,24248,222,36,1.0,1.0,1.0,1.0,0.0,0.0,37.0,1.0000000000000038
2020-09-30,Richland,SC,Passenger,0.0,1.0,1.0,147.0,148.0,0.68,2020,9,24249,222,37,1.0,1.0,1.0,1.0,0.0,0.0,38.0,1.0
2020-10-31,Richland,SC,Passenger,0.0,1.0,1.0,147.0,148.0,0.68,2020,10,24250,222,38,1.0,1.0,1.0,1.0,0.0,0.0,39.0,1.0000000000000009
2020-11-30,Richland,SC,Passenger,0.0,1.0,1.0,143.0,144.0,0.69,2020,11,24251,222,39,1.0,1.0,1.0,1.0,0.0,0.0,40.0,1.0000000000000009
2020-12-31,Richland,SC,Passenger,0.0,1.0,1.0,144.0,145.0,0.69,2020,12,24252,222,40,1.0,1.0,1.0,1.0,0.0,0.0,41.0,1.0000000000000038
2021-01-31,Richland,SC,Passenger,0.0,1.0,1.0,145.0,146.0,0.68,2021,1,24253,222,41,1.0,1.0,1.0,1.0,0.0,0.0,42.0,1.0000000000000009
2021-02-28,Richland,SC,Passenger,0.0,1.0,1.0,144.0,145.0,0.69,2021,2,24254,222,42,1.0,1.0,1.0,1.0,0.0,0.0,43.0,1.0000000000000029
2021-03-31,Richland,SC,Passenger,0.0,1.0,1.0,141.0,142.0,0.7,2021,3,24255,222,43,1.0,1.0,1.0,1.0,0.0,0.0,44.0,1.0000000000000029
2021-04-30,Richland,SC,Passenger,0.0,1.0,1.0,143.0,144.0,0.69,2021,4,24256,222,44,1.0,1.0,1.0,1.0,0.0,0.0,45.0,1.0000000000000009
2021-05-31,Richland,SC,Passenger,0.0,1.0,1.0,143.0,144.0,0.69,2021,5,24257,222,45,1.0,1.0,1.0,1.0,0.0,0.0,46.0,1.0000000000000009
2021-06-30,Richland,SC,Passenger,0.0,1.0,1.0,139.0,140.0,0.71,2021,6,24258,222,46,1.0,1.0,1.0,1.0,0.0,0.0,47.0,1.0000000000000029
2021-07-31,Richland,SC,Passenger,0.0,1.0,1.0,139.0,140.0,0.71,2021,7,24259,222,47,1.0,1.0,1.0,1.0,0.0,0.0,48.0,1.0000000000000009
2021-08-31,Richland,SC,Passenger,0.0,1.0,1.0,138.0,139.0,0.72,2021,8,24260,222,48,1.0,1.0,1.0,1.0,0.0,0.0,49.0,1.000000000000002
2021-09-30,Richland,SC,Passenger,0.0,1.0,1.0,139.0,140.0,0.71,2021,9,24261,222,49,1.0,1.0,1.0,1.0,0.0,0.0,50.0,1.000000000000002
2021-10-31,Richland,SC,Passenger,0.0,2.0,2.0,136.0,138.0,1.45,2021,10,24262,222,50,1.0,1.0,1.0,1.0,1.0,1.0,52.0,1.142857142857147
2021-11-30,Richland,SC,Passenger,0.0,2.0,2.0,137.0,139.0,1.44,2021,11,24263,222,51,2.0,1.0,1.0,1.3333333333333333,0.0,1.0,54.0,1.3714285714285748
2021-12-31,Richland,SC,Passenger,0.0,2.0,2.0,139.0,141.0,1.42,2021,12,24264,222,52,2.0,2.0,1.0,1.6666666666666667,0.0,1.0,56.0,1.6285714285714339
2022-01-31,Richland,SC,Passenger,0.0,2.0,2.0,135.0,137.0,1.46,2022,1,24265,222,53,2.0,2.0,2.0,2.0,0.0,0.0,58.0,1.8571428571428579
2022-02-28,Richland,SC,Passenger,0.0,2.0,2.0,134.0,136.0,1.47,2022,2,24266,222,54,2.0,2.0,2.0,2.0,0.0,0.0,60.0,2.000000000000004
2022-03-31,Richland,SC,Passenger,0.0,2.0,2.0,136.0,138.0,1.45,2022,3,24267,222,55,2.0,2.0,2.0,2.0,0.0,0.0,62.0,2.0000000000000018
2022-04-30,Richland,SC,Passenger,0.0,2.0,2.0,135.0,137.0,1.46,2022,4,24268,222,56,2.0,2.0,2.0,2.0,0.0,0.0,64.0,2.000000000000004
2022-05-31,Richland,SC,Passenger,0.0,2.0,2.0,132.0,134.0,1.49,2022,5,24269,222,57,2.0,2.0,2.0,2.0,0.0,0.0,66.0,2.0000000000000075
2022-06-30,Richland,SC,Passenger,0.0,2.0,2.0,133.0,135.0,1.48,2022,6,24270,222,58,2.0,2.0,2.0,2.0,0.0,0.0,68.0,2.000000000000001
2022-07-31,Richland,SC,Passenger,0.0,1.0,1.0,128.0,129.0,0.78,2022,7,24271,222,59,2.0,2.0,2.0,2.0,-0.5,-0.5,69.0,1.8571428571428596
2022-08-31,Richland,SC,Passenger,0.0,1.0,1.0,126.0,127.0,0.79,2022,8,24272,222,60,1.0,2.0,2.0,1.6666666666666667,0.0,-0.5,70.0,1.628571428571432
2022-09-30,Richland,SC,Passenger,0.0,1.0,1.0,123.0,124.0,0.81,2022,9,24273,222,61,1.0,1.0,2.0,1.3333333333333333,0.0,-0.5,71.0,1.3714285714285768
2022-10-31,Richland,SC,Passenger,0.0,1.0,1.0,120.0,121.0,0.83,2022,10,24274,222,62,1.0,1.0,1.0,1.0,0.0,0.0,72.0,1.1428571428571432
2022-11-30,Richland,SC,Passenger,0.0,1.0,1.0,120.0,121.0,0.83,2022,11,24275,222,63,1.0,1.0,1.0,1.0,0.0,0.0,73.0,1.0000000000000049
2022-12-31,Richland,SC,Passenger,0.0,1.0,1.0,116.0,117.0,0.85,2022,12,24276,222,64,1.0,1.0,1.0,1.0,0.0,0.0,74.0,1.0000000000000009
2023-01-31,Richland,SC,Passenger,0.0,1.0,1.0,113.0,114.0,0.88,2023,1,24277,222,65,1.0,1.0,1.0,1.0,0.0,0.0,75.0,1.0000000000000029
2023-02-28,Richland,SC,Passenger,0.0,1.0,1.0,109.0,110.0,0.91,2023,2,24278,222,66,1.0,1.0,1.0,1.0,0.0,0.0,76.0,1.0000000000000049
2023-03-31,Richland,SC,Passenger,0.0,1.0,1.0,105.0,106.0,0.94,2023,3,24279,222,67,1.0,1.0,1.0,1.0,0.0,0.0,77.0,1.0000000000000087
2023-04-30,Richland,SC,Passenger,0.0,1.0,1.0,103.0,104.0,0.96,2023,4,24280,222,68,1.0,1.0,1.0,1.0,0.0,0.0,78.0,1.0000000000000049
2023-05-31,Richland,SC,Passenger,0.0,1.0,1.0,102.0,103.0,0.97,2023,5,24281,222,69,1.0,1.0,1.0,1.0,0.0,0.0,79.0,1.0000000000000029
2023-06-30,Richland,SC,Passenger,0.0,1.0,1.0,102.0,103.0,0.97,2023,6,24282,222,70,1.0,1.0,1.0,1.0,0.0,0.0,80.0,1.0000000000000087
2023-07-31,Richland,SC,Passenger,0.0,1.0,1.0,100.0,101.0,0.99,2023,7,24283,222,71,1.0,1.0,1.0,1.0,0.0,0.0,81.0,1.0000000000000029
2023-08-31,Richland,SC,Passenger,0.0,1.0,1.0,98.0,99.0,1.01,2023,8,24284,222,72,1.0,1.0,1.0,1.0,0.0,0.0,82.0,1.0000000000000104
2023-09-30,Richland,SC,Passenger,0.0,1.0,1.0,96.0,97.0,1.03,2023,9,24285,222,73,1.0,1.0,1.0,1.0,0.0,0.0,83.0,1.0000000000000049
2023-10-31,Richland,SC,Passenger,0.0,1.0,1.0,95.0,96.0,1.04,2023,10,24286,222,74,1.0,1.0,1.0,1.0,0.0,0.0,84.0,1.0000000000000049
2023-11-30,Richland,SC,Passenger,0.0,1.0,1.0,91.0,92.0,1.09,2023,11,24287,222,75,1.0,1.0,1.0,1.0,0.0,0.0,85.0,1.0000000000000009
2023-12-31,Richland,SC,Passenger,0.0,1.0,1.0,89.0,90.0,1.11,2023,12,24288,222,76,1.0,1.0,1.0,1.0,0.0,0.0,86.0,1.0000000000000067
2024-01-31,Richland,SC,Passenger,0.0,1.0,1.0,87.0,88.0,1.14,2024,1,24289,222,77,1.0,1.0,1.0,1.0,0.0,0.0,87.0,1.0000000000000049
2024-02-29,Richland,SC,Passenger,0.0,1.0,1.0,77.0,78.0,1.28,2024,2,24290,222,78,1.0,1.0,1.0,1.0,0.0,0.0,88.0,1.0000000000000087
2021-09-30,Richmond,NY,Passenger,1.0,0.0,1.0,6.0,7.0,6.9025,2021,9,24261,223,5,1.0,1.0,1.0,1.0,0.0,0.0,6.0,0.9999999999999998
2021-10-31,Richmond,NY,Passenger,1.0,0.0,1.0,4.0,5.0,6.9025,2021,10,24262,223,6,1.0,1.0,1.0,1.0,0.0,0.0,7.0,0.9999999999999998
2021-11-30,Richmond,NY,Passenger,1.0,0.0,1.0,4.0,5.0,6.9025,2021,11,24263,223,7,1.0,1.0,1.0,1.0,0.0,0.0,8.0,0.9999999999999999
2021-12-31,Richmond,NY,Passenger,1.0,0.0,1.0,4.0,5.0,6.9025,2021,12,24264,223,8,1.0,1.0,1.0,1.0,0.0,0.0,9.0,1.0000000000000002
2022-01-31,Richmond,NY,Passenger,1.0,0.0,1.0,4.0,5.0,6.9025,2022,1,24265,223,9,1.0,1.0,1.0,1.0,0.0,0.0,10.0,1.0000000000000002
2022-02-28,Richmond,NY,Passenger,1.0,0.0,1.0,4.0,5.0,6.9025,2022,2,24266,223,10,1.0,1.0,1.0,1.0,0.0,0.0,11.0,1.0
2022-03-31,Richmond,NY,Passenger,1.0,0.0,1.0,4.0,5.0,6.9025,2022,3,24267,223,11,1.0,1.0,1.0,1.0,0.0,0.0,12.0,1.0000000000000002
2022-04-30,Richmond,NY,Passenger,1.0,0.0,1.0,4.0,5.0,6.9025,2022,4,24268,223,12,1.0,1.0,1.0,1.0,0.0,0.0,13.0,1.0000000000000002
2022-05-31,Richmond,NY,Passenger,1.0,0.0,1.0,4.0,5.0,6.9025,2022,5,24269,223,13,1.0,1.0,1.0,1.0,0.0,0.0,14.0,1.0000000000000009
2022-06-30,Richmond,NY,Passenger,1.0,0.0,1.0,4.0,5.0,6.9025,2022,6,24270,223,14,1.0,1.0,1.0,1.0,0.0,0.0,15.0,1.0000000000000007
2022-07-31,Richmond,NY,Passenger,1.0,0.0,1.0,4.0,5.0,6.9025,2022,7,24271,223,15,1.0,1.0,1.0,1.0,0.0,0.0,16.0,1.0000000000000009
2022-08-31,Richmond,NY,Passenger,1.0,0.0,1.0,4.0,5.0,6.9025,2022,8,24272,223,16,1.0,1.0,1.0,1.0,0.0,0.0,17.0,1.0
2022-09-30,Richmond,NY,Passenger,1.0,0.0,1.0,4.0,5.0,6.9025,2022,9,24273,223,17,1.0,1.0,1.0,1.0,0.0,0.0,18.0,1.0000000000000002
2022-10-31,Richmond,NY,Passenger,1.0,0.0,1.0,4.0,5.0,6.9025,2022,10,24274,223,18,1.0,1.0,1.0,1.0,0.0,0.0,19.0,1.000000000000002
2022-11-30,Richmond,NY,Passenger,1.0,0.0,1.0,4.0,5.0,6.9025,2022,11,24275,223,19,1.0,1.0,1.0,1.0,0.0,0.0,20.0,0.9999999999999998
2022-12-31,Richmond,NY,Passenger,1.0,0.0,1.0,4.0,5.0,6.9025,2022,12,24276,223,20,1.0,1.0,1.0,1.0,0.0,0.0,21.0,1.000000000000001
2023-01-31,Richmond,NY,Passenger,1.0,0.0,1.0,4.0,5.0,6.9025,2023,1,24277,223,21,1.0,1.0,1.0,1.0,0.0,0.0,22.0,1.0000000000000013
2023-02-28,Richmond,NY,Passenger,1.0,0.0,1.0,4.0,5.0,6.9025,2023,2,24278,223,22,1.0,1.0,1.0,1.0,0.0,0.0,23.0,1.0000000000000013
2023-03-31,Richmond,NY,Passenger,1.0,0.0,1.0,4.0,5.0,6.9025,2023,3,24279,223,23,1.0,1.0,1.0,1.0,0.0,0.0,24.0,1.0000000000000004
2023-04-30,Richmond,NY,Passenger,1.0,0.0,1.0,4.0,5.0,6.9025,2023,4,24280,223,24,1.0,1.0,1.0,1.0,0.0,0.0,25.0,1.0000000000000013
2023-05-31,Richmond,NY,Passenger,1.0,0.0,1.0,4.0,5.0,6.9025,2023,5,24281,223,25,1.0,1.0,1.0,1.0,0.0,0.0,26.0,1.0000000000000013
2023-06-30,Richmond,NY,Passenger,1.0,0.0,1.0,4.0,5.0,6.9025,2023,6,24282,223,26,1.0,1.0,1.0,1.0,0.0,0.0,27.0,1.0000000000000013
2023-07-31,Richmond,NY,Passenger,1.0,0.0,1.0,4.0,5.0,6.9025,2023,7,24283,223,27,1.0,1.0,1.0,1.0,0.0,0.0,28.0,1.0000000000000013
2023-08-31,Richmond,NY,Passenger,1.0,0.0,1.0,4.0,5.0,6.9025,2023,8,24284,223,28,1.0,1.0,1.0,1.0,0.0,0.0,29.0,1.0000000000000024
2023-09-30,Richmond,NY,Passenger,1.0,0.0,1.0,4.0,5.0,6.9025,2023,9,24285,223,29,1.0,1.0,1.0,1.0,0.0,0.0,30.0,1.000000000000002
2023-10-31,Richmond,NY,Passenger,1.0,0.0,1.0,4.0,5.0,6.9025,2023,10,24286,223,30,1.0,1.0,1.0,1.0,0.0,0.0,31.0,1.0000000000000009
2023-11-30,Richmond,NY,Passenger,1.0,0.0,1.0,4.0,5.0,6.9025,2023,11,24287,223,31,1.0,1.0,1.0,1.0,0.0,0.0,32.0,1.000000000000002
2023-12-31,Richmond,NY,Passenger,1.0,0.0,1.0,4.0,5.0,6.9025,2023,12,24288,223,32,1.0,1.0,1.0,1.0,0.0,0.0,33.0,1.0000000000000038
2024-01-31,Richmond,NY,Passenger,1.0,0.0,1.0,4.0,5.0,6.9025,2024,1,24289,223,33,1.0,1.0,1.0,1.0,0.0,0.0,34.0,1.0000000000000004
2024-02-29,Richmond,NY,Passenger,1.0,0.0,1.0,4.0,5.0,6.9025,2024,2,24290,223,34,1.0,1.0,1.0,1.0,0.0,0.0,35.0,1.000000000000002
2017-06-30,Riverside,CA,Passenger,1.0,1.0,2.0,808.0,810.0,0.25,2017,6,24210,224,5,2.0,2.0,2.0,2.0,0.0,0.0,12.0,1.9999999999999996
2017-07-31,Riverside,CA,Passenger,1.0,1.0,2.0,787.0,789.0,0.25,2017,7,24211,224,6,2.0,2.0,2.0,2.0,0.0,0.0,14.0,1.9999999999999996
2017-08-31,Riverside,CA,Passenger,1.0,2.0,3.0,769.0,772.0,0.39,2017,8,24212,224,7,2.0,2.0,2.0,2.0,0.5,0.5,17.0,2.1428571428571423
2017-09-30,Riverside,CA,Passenger,1.0,2.0,3.0,752.0,755.0,0.4,2017,9,24213,224,8,3.0,2.0,2.0,2.3333333333333335,0.0,0.5,20.0,2.371428571428571
2017-10-31,Riverside,CA,Passenger,1.0,2.0,3.0,744.0,747.0,0.4,2017,10,24214,224,9,3.0,3.0,2.0,2.6666666666666665,0.0,0.5,23.0,2.628571428571428
2017-11-30,Riverside,CA,Passenger,1.0,2.0,3.0,744.0,747.0,0.4,2017,11,24215,224,10,3.0,3.0,3.0,3.0,0.0,0.0,26.0,2.8571428571428568
2017-12-31,Riverside,CA,Passenger,1.0,2.0,3.0,736.0,739.0,0.41,2017,12,24216,224,11,3.0,3.0,3.0,3.0,0.0,0.0,29.0,3.0000000000000013
2018-01-31,Riverside,CA,Passenger,1.0,2.0,3.0,728.0,731.0,0.41,2018,1,24217,224,12,3.0,3.0,3.0,3.0,0.0,0.0,32.0,3.000000000000001
2018-02-28,Riverside,CA,Passenger,2.0,2.0,4.0,721.0,725.0,0.55,2018,2,24218,224,13,3.0,3.0,3.0,3.0,0.33333333333333326,0.33333333333333326,36.0,3.1428571428571423
2018-03-31,Riverside,CA,Passenger,2.0,2.0,4.0,705.0,709.0,0.56,2018,3,24219,224,14,4.0,3.0,3.0,3.3333333333333335,0.0,0.33333333333333326,40.0,3.3714285714285723
2018-04-30,Riverside,CA,Passenger,2.0,2.0,4.0,704.0,708.0,0.56,2018,4,24220,224,15,4.0,4.0,3.0,3.6666666666666665,0.0,0.33333333333333326,44.0,3.628571428571428
2018-05-31,Riverside,CA,Passenger,2.0,2.0,4.0,702.0,706.0,0.57,2018,5,24221,224,16,4.0,4.0,4.0,4.0,0.0,0.0,48.0,3.85714285714286
2018-06-30,Riverside,CA,Passenger,2.0,2.0,4.0,697.0,701.0,0.57,2018,6,24222,224,17,4.0,4.0,4.0,4.0,0.0,0.0,52.0,4.000000000000001
2018-07-31,Riverside,CA,Passenger,2.0,2.0,4.0,692.0,696.0,0.57,2018,7,24223,224,18,4.0,4.0,4.0,4.0,0.0,0.0,56.0,4.0000000000000036
2018-08-31,Riverside,CA,Passenger,2.0,2.0,4.0,691.0,695.0,0.58,2018,8,24224,224,19,4.0,4.0,4.0,4.0,0.0,0.0,60.0,4.000000000000003
2018-09-30,Riverside,CA,Passenger,2.0,2.0,4.0,688.0,692.0,0.58,2018,9,24225,224,20,4.0,4.0,4.0,4.0,0.0,0.0,64.0,4.0000000000000036
2018-10-31,Riverside,CA,Passenger,2.0,2.0,4.0,679.0,683.0,0.59,2018,10,24226,224,21,4.0,4.0,4.0,4.0,0.0,0.0,68.0,4.0
2018-11-30,Riverside,CA,Passenger,2.0,2.0,4.0,684.0,688.0,0.58,2018,11,24227,224,22,4.0,4.0,4.0,4.0,0.0,0.0,72.0,4.000000000000001
2018-12-31,Riverside,CA,Passenger,2.0,2.0,4.0,678.0,682.0,0.59,2018,12,24228,224,23,4.0,4.0,4.0,4.0,0.0,0.0,76.0,4.000000000000008
2019-01-31,Riverside,CA,Passenger,2.0,2.0,4.0,670.0,674.0,0.59,2019,1,24229,224,24,4.0,4.0,4.0,4.0,0.0,0.0,80.0,3.999999999999999
2019-02-28,Riverside,CA,Passenger,2.0,2.0,4.0,658.0,662.0,0.6,2019,2,24230,224,25,4.0,4.0,4.0,4.0,0.0,0.0,84.0,4.000000000000004
2019-03-31,Riverside,CA,Passenger,2.0,2.0,4.0,662.0,666.0,0.6,2019,3,24231,224,26,4.0,4.0,4.0,4.0,0.0,0.0,88.0,4.000000000000005
2019-04-30,Riverside,CA,Passenger,2.0,2.0,4.0,664.0,668.0,0.6,2019,4,24232,224,27,4.0,4.0,4.0,4.0,0.0,0.0,92.0,4.000000000000005
2019-05-31,Riverside,CA,Passenger,2.0,2.0,4.0,658.0,662.0,0.6,2019,5,24233,224,28,4.0,4.0,4.0,4.0,0.0,0.0,96.0,4.000000000000002
2019-06-30,Riverside,CA,Passenger,2.0,2.0,4.0,655.0,659.0,0.61,2019,6,24234,224,29,4.0,4.0,4.0,4.0,0.0,0.0,100.0,4.000000000000005
2019-07-31,Riverside,CA,Passenger,3.0,2.0,5.0,653.0,658.0,0.76,2019,7,24235,224,30,4.0,4.0,4.0,4.0,0.25,0.25,105.0,4.142857142857148
2019-08-31,Riverside,CA,Passenger,3.0,2.0,5.0,652.0,657.0,0.76,2019,8,24236,224,31,5.0,4.0,4.0,4.333333333333333,0.0,0.25,110.0,4.371428571428578
2019-09-30,Riverside,CA,Passenger,4.0,1.0,5.0,650.0,655.0,0.76,2019,9,24237,224,32,5.0,5.0,4.0,4.666666666666667,0.0,0.25,115.0,4.6285714285714326
2019-10-31,Riverside,CA,Passenger,4.0,1.0,5.0,646.0,651.0,0.77,2019,10,24238,224,33,5.0,5.0,5.0,5.0,0.0,0.0,120.0,4.857142857142868
2019-11-30,Riverside,CA,Passenger,4.0,1.0,5.0,638.0,643.0,0.78,2019,11,24239,224,34,5.0,5.0,5.0,5.0,0.0,0.0,125.0,5.000000000000004
2019-12-31,Riverside,CA,Passenger,4.0,1.0,5.0,639.0,644.0,0.78,2019,12,24240,224,35,5.0,5.0,5.0,5.0,0.0,0.0,130.0,5.000000000000011
2020-01-31,Riverside,CA,Passenger,4.0,1.0,5.0,646.0,651.0,0.77,2020,1,24241,224,36,5.0,5.0,5.0,5.0,0.0,0.0,135.0,5.000000000000009
2020-02-29,Riverside,CA,Passenger,3.0,1.0,4.0,647.0,651.0,0.61,2020,2,24242,224,37,5.0,5.0,5.0,5.0,-0.19999999999999996,-0.19999999999999996,139.0,4.857142857142865
2020-03-31,Riverside,CA,Passenger,3.0,1.0,4.0,643.0,647.0,0.62,2020,3,24243,224,38,4.0,5.0,5.0,4.666666666666667,0.0,-0.19999999999999996,143.0,4.628571428571431
2020-04-30,Riverside,CA,Passenger,3.0,1.0,4.0,633.0,637.0,0.63,2020,4,24244,224,39,4.0,4.0,5.0,4.333333333333333,0.0,-0.19999999999999996,147.0,4.371428571428582
2020-05-31,Riverside,CA,Passenger,3.0,1.0,4.0,629.0,633.0,0.63,2020,5,24245,224,40,4.0,4.0,4.0,4.0,0.0,0.0,151.0,4.142857142857152
2020-06-30,Riverside,CA,Passenger,3.0,1.0,4.0,624.0,628.0,0.64,2020,6,24246,224,41,4.0,4.0,4.0,4.0,0.0,0.0,155.0,4.0000000000000036
2020-07-31,Riverside,CA,Passenger,3.0,1.0,4.0,615.0,619.0,0.65,2020,7,24247,224,42,4.0,4.0,4.0,4.0,0.0,0.0,159.0,4.000000000000008
2020-08-31,Riverside,CA,Passenger,3.0,0.0,3.0,615.0,618.0,0.49,2020,8,24248,224,43,4.0,4.0,4.0,4.0,-0.25,-0.25,162.0,3.8571428571428674
2020-09-30,Riverside,CA,Passenger,3.0,0.0,3.0,615.0,618.0,0.49,2020,9,24249,224,44,3.0,4.0,4.0,3.6666666666666665,0.0,-0.25,165.0,3.6285714285714374
2020-10-31,Riverside,CA,Passenger,4.0,1.0,5.0,609.0,614.0,0.81,2020,10,24250,224,45,3.0,3.0,4.0,3.3333333333333335,0.6666666666666667,0.25,170.0,3.6571428571428686
2020-11-30,Riverside,CA,Passenger,4.0,1.0,5.0,606.0,611.0,0.82,2020,11,24251,224,46,5.0,3.0,3.0,3.6666666666666665,0.0,0.6666666666666667,175.0,3.8857142857142986
2020-12-31,Riverside,CA,Passenger,4.0,1.0,5.0,600.0,605.0,0.83,2020,12,24252,224,47,5.0,5.0,3.0,4.333333333333333,0.0,0.6666666666666667,180.0,4.257142857142865
2021-01-31,Riverside,CA,Passenger,4.0,1.0,5.0,593.0,598.0,0.84,2021,1,24253,224,48,5.0,5.0,5.0,5.0,0.0,0.0,185.0,4.714285714285732
2021-02-28,Riverside,CA,Passenger,4.0,1.0,5.0,593.0,598.0,0.84,2021,2,24254,224,49,5.0,5.0,5.0,5.0,0.0,0.0,190.0,5.000000000000004
2021-03-31,Riverside,CA,Passenger,5.0,1.0,6.0,587.0,593.0,1.01,2021,3,24255,224,50,5.0,5.0,5.0,5.0,0.19999999999999996,0.19999999999999996,196.0,5.1428571428571646
2021-04-30,Riverside,CA,Passenger,5.0,1.0,6.0,580.0,586.0,1.02,2021,4,24256,224,51,6.0,5.0,5.0,5.333333333333333,0.0,0.19999999999999996,202.0,5.371428571428586
2021-05-31,Riverside,CA,Passenger,5.0,1.0,6.0,564.0,570.0,1.05,2021,5,24257,224,52,6.0,6.0,5.0,5.666666666666667,0.0,0.19999999999999996,208.0,5.628571428571436
2021-06-30,Riverside,CA,Passenger,5.0,1.0,6.0,558.0,564.0,1.06,2021,6,24258,224,53,6.0,6.0,6.0,6.0,0.0,0.0,214.0,5.857142857142873
2021-07-31,Riverside,CA,Passenger,5.0,1.0,6.0,552.0,558.0,1.08,2021,7,24259,224,54,6.0,6.0,6.0,6.0,0.0,0.0,220.0,6.00000000000001
2021-08-31,Riverside,CA,Passenger,5.0,1.0,6.0,546.0,552.0,1.09,2021,8,24260,224,55,6.0,6.0,6.0,6.0,0.0,0.0,226.0,6.000000000000028
2021-09-30,Riverside,CA,Passenger,4.0,1.0,5.0,538.0,543.0,0.92,2021,9,24261,224,56,6.0,6.0,6.0,6.0,-0.16666666666666663,-0.16666666666666663,231.0,5.857142857142881
2021-10-31,Riverside,CA,Passenger,5.0,1.0,6.0,534.0,540.0,1.11,2021,10,24262,224,57,5.0,6.0,6.0,5.666666666666667,0.19999999999999996,0.0,237.0,5.771428571428584
2021-11-30,Riverside,CA,Passenger,5.0,1.0,6.0,523.0,529.0,1.13,2021,11,24263,224,58,6.0,5.0,6.0,5.666666666666667,0.0,0.0,243.0,5.742857142857141
2021-12-31,Riverside,CA,Passenger,5.0,1.0,6.0,516.0,522.0,1.15,2021,12,24264,224,59,6.0,6.0,5.0,5.666666666666667,0.0,0.19999999999999996,249.0,5.77142857142858
2022-01-31,Riverside,CA,Passenger,5.0,1.0,6.0,512.0,518.0,1.16,2022,1,24265,224,60,6.0,6.0,6.0,6.0,0.0,0.0,255.0,5.857142857142858
2022-02-28,Riverside,CA,Passenger,5.0,1.0,6.0,500.0,506.0,1.19,2022,2,24266,224,61,6.0,6.0,6.0,6.0,0.0,0.0,261.0,6.000000000000013
2022-03-31,Riverside,CA,Passenger,7.0,1.0,8.0,493.0,501.0,1.6,2022,3,24267,224,62,6.0,6.0,6.0,6.0,0.33333333333333326,0.33333333333333326,269.0,6.285714285714294
2022-04-30,Riverside,CA,Passenger,7.0,1.0,8.0,498.0,506.0,1.58,2022,4,24268,224,63,8.0,6.0,6.0,6.666666666666667,0.0,0.33333333333333326,277.0,6.7428571428571304
2022-05-31,Riverside,CA,Passenger,8.0,1.0,9.0,488.0,497.0,1.81,2022,5,24269,224,64,8.0,8.0,6.0,7.333333333333333,0.125,0.5,286.0,7.4000000000000155
2022-06-30,Riverside,CA,Passenger,8.0,1.0,9.0,477.0,486.0,1.85,2022,6,24270,224,65,9.0,8.0,8.0,8.333333333333334,0.0,0.125,295.0,8.085714285714309
2022-07-31,Riverside,CA,Passenger,7.0,1.0,8.0,471.0,479.0,1.67,2022,7,24271,224,66,9.0,9.0,8.0,8.666666666666666,-0.11111111111111116,0.0,303.0,8.485714285714305
2022-08-31,Riverside,CA,Passenger,7.0,1.0,8.0,461.0,469.0,1.71,2022,8,24272,224,67,8.0,9.0,9.0,8.666666666666666,0.0,-0.11111111111111116,311.0,8.485714285714314
2022-09-30,Riverside,CA,Passenger,7.0,0.0,7.0,460.0,467.0,1.5,2022,9,24273,224,68,8.0,8.0,9.0,8.333333333333334,-0.125,-0.2222222222222222,318.0,8.228571428571433
2022-10-31,Riverside,CA,Passenger,7.0,0.0,7.0,454.0,461.0,1.52,2022,10,24274,224,69,7.0,8.0,8.0,7.666666666666667,0.0,-0.125,325.0,7.771428571428582
2022-11-30,Riverside,CA,Passenger,7.0,0.0,7.0,443.0,450.0,1.56,2022,11,24275,224,70,7.0,7.0,8.0,7.333333333333333,0.0,-0.125,332.0,7.371428571428576
2022-12-31,Riverside,CA,Passenger,7.0,0.0,7.0,429.0,436.0,1.61,2022,12,24276,224,71,7.0,7.0,7.0,7.0,0.0,0.0,339.0,7.142857142857151
2023-01-31,Riverside,CA,Passenger,7.0,0.0,7.0,424.0,431.0,1.62,2023,1,24277,224,72,7.0,7.0,7.0,7.0,0.0,0.0,346.0,7.000000000000011
2023-02-28,Riverside,CA,Passenger,7.0,0.0,7.0,421.0,428.0,1.64,2023,2,24278,224,73,7.0,7.0,7.0,7.0,0.0,0.0,353.0,7.000000000000018
2023-03-31,Riverside,CA,Passenger,6.0,0.0,6.0,418.0,424.0,1.42,2023,3,24279,224,74,7.0,7.0,7.0,7.0,-0.1428571428571429,-0.1428571428571429,359.0,6.857142857142878
2023-04-30,Riverside,CA,Passenger,6.0,1.0,7.0,401.0,408.0,1.72,2023,4,24280,224,75,6.0,7.0,7.0,6.666666666666667,0.16666666666666674,0.0,366.0,6.771428571428585
2023-05-31,Riverside,CA,Passenger,6.0,1.0,7.0,394.0,401.0,1.75,2023,5,24281,224,76,7.0,6.0,7.0,6.666666666666667,0.0,0.0,373.0,6.742857142857169
2023-06-30,Riverside,CA,Passenger,6.0,0.0,6.0,384.0,390.0,1.54,2023,6,24282,224,77,7.0,7.0,6.0,6.666666666666667,-0.1428571428571429,0.0,379.0,6.62857142857146
2023-07-31,Riverside,CA,Passenger,6.0,0.0,6.0,373.0,379.0,1.58,2023,7,24283,224,78,6.0,7.0,7.0,6.666666666666667,0.0,-0.1428571428571429,385.0,6.4857142857143275
2023-08-31,Riverside,CA,Passenger,5.0,0.0,5.0,363.0,368.0,1.36,2023,8,24284,224,79,6.0,6.0,7.0,6.333333333333333,-0.16666666666666663,-0.2857142857142857,390.0,6.228571428571431
2023-09-30,Riverside,CA,Passenger,5.0,0.0,5.0,354.0,359.0,1.39,2023,9,24285,224,80,5.0,6.0,6.0,5.666666666666667,0.0,-0.16666666666666663,395.0,5.771428571428595
2023-10-31,Riverside,CA,Passenger,4.0,0.0,4.0,345.0,349.0,1.15,2023,10,24286,224,81,5.0,5.0,6.0,5.333333333333333,-0.19999999999999996,-0.33333333333333337,399.0,5.228571428571458
2023-11-30,Riverside,CA,Passenger,4.0,0.0,4.0,338.0,342.0,1.17,2023,11,24287,224,82,4.0,5.0,5.0,4.666666666666667,0.0,-0.19999999999999996,403.0,4.771428571428598
2023-12-31,Riverside,CA,Passenger,4.0,0.0,4.0,332.0,336.0,1.19,2023,12,24288,224,83,4.0,4.0,5.0,4.333333333333333,0.0,-0.19999999999999996,407.0,4.371428571428593
2024-01-31,Riverside,CA,Passenger,4.0,0.0,4.0,325.0,329.0,1.22,2024,1,24289,224,84,4.0,4.0,4.0,4.0,0.0,0.0,411.0,4.142857142857174
2024-02-29,Riverside,CA,Passenger,4.0,0.0,4.0,313.0,317.0,1.26,2024,2,24290,224,85,4.0,4.0,4.0,4.0,0.0,0.0,415.0,4.000000000000035
2022-07-31,Rock Island,IL,Passenger,0.0,1.0,1.0,13.0,14.0,6.9025,2022,7,24271,225,5,1.0,1.0,1.0,1.0,0.0,0.0,6.0,0.9999999999999998
2022-08-31,Rock Island,IL,Passenger,0.0,1.0,1.0,14.0,15.0,6.67,2022,8,24272,225,6,1.0,1.0,1.0,1.0,0.0,0.0,7.0,0.9999999999999998
2022-09-30,Rock Island,IL,Passenger,0.0,1.0,1.0,14.0,15.0,6.67,2022,9,24273,225,7,1.0,1.0,1.0,1.0,0.0,0.0,8.0,0.9999999999999999
2022-10-31,Rock Island,IL,Passenger,0.0,1.0,1.0,14.0,15.0,6.67,2022,10,24274,225,8,1.0,1.0,1.0,1.0,0.0,0.0,9.0,1.0000000000000002
2022-11-30,Rock Island,IL,Passenger,0.0,1.0,1.0,14.0,15.0,6.67,2022,11,24275,225,9,1.0,1.0,1.0,1.0,0.0,0.0,10.0,1.0000000000000002
2022-12-31,Rock Island,IL,Passenger,0.0,1.0,1.0,14.0,15.0,6.67,2022,12,24276,225,10,1.0,1.0,1.0,1.0,0.0,0.0,11.0,1.0
2023-01-31,Rock Island,IL,Passenger,0.0,1.0,1.0,13.0,14.0,6.9025,2023,1,24277,225,11,1.0,1.0,1.0,1.0,0.0,0.0,12.0,1.0000000000000002
2023-02-28,Rock Island,IL,Passenger,0.0,1.0,1.0,13.0,14.0,6.9025,2023,2,24278,225,12,1.0,1.0,1.0,1.0,0.0,0.0,13.0,1.0000000000000002
2023-03-31,Rock Island,IL,Passenger,0.0,1.0,1.0,13.0,14.0,6.9025,2023,3,24279,225,13,1.0,1.0,1.0,1.0,0.0,0.0,14.0,1.0000000000000009
2023-04-30,Rock Island,IL,Passenger,0.0,1.0,1.0,13.0,14.0,6.9025,2023,4,24280,225,14,1.0,1.0,1.0,1.0,0.0,0.0,15.0,1.0000000000000007
2023-05-31,Rock Island,IL,Passenger,0.0,1.0,1.0,12.0,13.0,6.9025,2023,5,24281,225,15,1.0,1.0,1.0,1.0,0.0,0.0,16.0,1.0000000000000009
2023-06-30,Rock Island,IL,Passenger,0.0,1.0,1.0,12.0,13.0,6.9025,2023,6,24282,225,16,1.0,1.0,1.0,1.0,0.0,0.0,17.0,1.0
2023-07-31,Rock Island,IL,Passenger,0.0,1.0,1.0,12.0,13.0,6.9025,2023,7,24283,225,17,1.0,1.0,1.0,1.0,0.0,0.0,18.0,1.0000000000000002
2023-08-31,Rock Island,IL,Passenger,0.0,1.0,1.0,12.0,13.0,6.9025,2023,8,24284,225,18,1.0,1.0,1.0,1.0,0.0,0.0,19.0,1.000000000000002
2023-09-30,Rock Island,IL,Passenger,0.0,1.0,1.0,12.0,13.0,6.9025,2023,9,24285,225,19,1.0,1.0,1.0,1.0,0.0,0.0,20.0,0.9999999999999998
2023-10-31,Rock Island,IL,Passenger,0.0,1.0,1.0,12.0,13.0,6.9025,2023,10,24286,225,20,1.0,1.0,1.0,1.0,0.0,0.0,21.0,1.000000000000001
2023-11-30,Rock Island,IL,Passenger,0.0,1.0,1.0,12.0,13.0,6.9025,2023,11,24287,225,21,1.0,1.0,1.0,1.0,0.0,0.0,22.0,1.0000000000000013
2023-12-31,Rock Island,IL,Passenger,0.0,1.0,1.0,12.0,13.0,6.9025,2023,12,24288,225,22,1.0,1.0,1.0,1.0,0.0,0.0,23.0,1.0000000000000013
2024-01-31,Rock Island,IL,Passenger,0.0,1.0,1.0,12.0,13.0,6.9025,2024,1,24289,225,23,1.0,1.0,1.0,1.0,0.0,0.0,24.0,1.0000000000000004
2024-02-29,Rock Island,IL,Passenger,0.0,1.0,1.0,11.0,12.0,6.9025,2024,2,24290,225,24,1.0,1.0,1.0,1.0,0.0,0.0,25.0,1.0000000000000013
2021-12-31,Rockdale,GA,Passenger,1.0,0.0,1.0,5.0,6.0,6.9025,2021,12,24264,226,5,1.0,1.0,1.0,1.0,0.0,0.0,6.0,0.9999999999999998
2022-01-31,Rockdale,GA,Passenger,1.0,0.0,1.0,5.0,6.0,6.9025,2022,1,24265,226,6,1.0,1.0,1.0,1.0,0.0,0.0,7.0,0.9999999999999998
2022-02-28,Rockdale,GA,Passenger,1.0,0.0,1.0,5.0,6.0,6.9025,2022,2,24266,226,7,1.0,1.0,1.0,1.0,0.0,0.0,8.0,0.9999999999999999
2022-03-31,Rockdale,GA,Passenger,1.0,0.0,1.0,5.0,6.0,6.9025,2022,3,24267,226,8,1.0,1.0,1.0,1.0,0.0,0.0,9.0,1.0000000000000002
2022-04-30,Rockdale,GA,Passenger,1.0,0.0,1.0,6.0,7.0,6.9025,2022,4,24268,226,9,1.0,1.0,1.0,1.0,0.0,0.0,10.0,1.0000000000000002
2022-05-31,Rockdale,GA,Passenger,1.0,0.0,1.0,6.0,7.0,6.9025,2022,5,24269,226,10,1.0,1.0,1.0,1.0,0.0,0.0,11.0,1.0
2022-06-30,Rockdale,GA,Passenger,1.0,0.0,1.0,6.0,7.0,6.9025,2022,6,24270,226,11,1.0,1.0,1.0,1.0,0.0,0.0,12.0,1.0000000000000002
2022-07-31,Rockdale,GA,Passenger,1.0,0.0,1.0,7.0,8.0,6.9025,2022,7,24271,226,12,1.0,1.0,1.0,1.0,0.0,0.0,13.0,1.0000000000000002
2022-08-31,Rockdale,GA,Passenger,1.0,0.0,1.0,6.0,7.0,6.9025,2022,8,24272,226,13,1.0,1.0,1.0,1.0,0.0,0.0,14.0,1.0000000000000009
2022-09-30,Rockdale,GA,Passenger,1.0,0.0,1.0,6.0,7.0,6.9025,2022,9,24273,226,14,1.0,1.0,1.0,1.0,0.0,0.0,15.0,1.0000000000000007
2022-10-31,Rockdale,GA,Passenger,1.0,0.0,1.0,6.0,7.0,6.9025,2022,10,24274,226,15,1.0,1.0,1.0,1.0,0.0,0.0,16.0,1.0000000000000009
2022-11-30,Rockdale,GA,Passenger,1.0,0.0,1.0,6.0,7.0,6.9025,2022,11,24275,226,16,1.0,1.0,1.0,1.0,0.0,0.0,17.0,1.0
2022-12-31,Rockdale,GA,Passenger,1.0,0.0,1.0,7.0,8.0,6.9025,2022,12,24276,226,17,1.0,1.0,1.0,1.0,0.0,0.0,18.0,1.0000000000000002
2023-01-31,Rockdale,GA,Passenger,1.0,0.0,1.0,7.0,8.0,6.9025,2023,1,24277,226,18,1.0,1.0,1.0,1.0,0.0,0.0,19.0,1.000000000000002
2023-02-28,Rockdale,GA,Passenger,1.0,0.0,1.0,6.0,7.0,6.9025,2023,2,24278,226,19,1.0,1.0,1.0,1.0,0.0,0.0,20.0,0.9999999999999998
2023-03-31,Rockdale,GA,Passenger,1.0,0.0,1.0,5.0,6.0,6.9025,2023,3,24279,226,20,1.0,1.0,1.0,1.0,0.0,0.0,21.0,1.000000000000001
2023-04-30,Rockdale,GA,Passenger,1.0,0.0,1.0,5.0,6.0,6.9025,2023,4,24280,226,21,1.0,1.0,1.0,1.0,0.0,0.0,22.0,1.0000000000000013
2023-05-31,Rockdale,GA,Passenger,1.0,0.0,1.0,5.0,6.0,6.9025,2023,5,24281,226,22,1.0,1.0,1.0,1.0,0.0,0.0,23.0,1.0000000000000013
2023-06-30,Rockdale,GA,Passenger,1.0,0.0,1.0,5.0,6.0,6.9025,2023,6,24282,226,23,1.0,1.0,1.0,1.0,0.0,0.0,24.0,1.0000000000000004
2023-07-31,Rockdale,GA,Passenger,1.0,0.0,1.0,5.0,6.0,6.9025,2023,7,24283,226,24,1.0,1.0,1.0,1.0,0.0,0.0,25.0,1.0000000000000013
2023-08-31,Rockdale,GA,Passenger,1.0,0.0,1.0,5.0,6.0,6.9025,2023,8,24284,226,25,1.0,1.0,1.0,1.0,0.0,0.0,26.0,1.0000000000000013
2023-09-30,Rockdale,GA,Passenger,1.0,0.0,1.0,5.0,6.0,6.9025,2023,9,24285,226,26,1.0,1.0,1.0,1.0,0.0,0.0,27.0,1.0000000000000013
2023-10-31,Rockdale,GA,Passenger,1.0,0.0,1.0,5.0,6.0,6.9025,2023,10,24286,226,27,1.0,1.0,1.0,1.0,0.0,0.0,28.0,1.0000000000000013
2023-11-30,Rockdale,GA,Passenger,1.0,0.0,1.0,5.0,6.0,6.9025,2023,11,24287,226,28,1.0,1.0,1.0,1.0,0.0,0.0,29.0,1.0000000000000024
2023-12-31,Rockdale,GA,Passenger,1.0,0.0,1.0,5.0,6.0,6.9025,2023,12,24288,226,29,1.0,1.0,1.0,1.0,0.0,0.0,30.0,1.000000000000002
2024-01-31,Rockdale,GA,Passenger,1.0,0.0,1.0,5.0,6.0,6.9025,2024,1,24289,226,30,1.0,1.0,1.0,1.0,0.0,0.0,31.0,1.0000000000000009
2024-02-29,Rockdale,GA,Passenger,1.0,0.0,1.0,5.0,6.0,6.9025,2024,2,24290,226,31,1.0,1.0,1.0,1.0,0.0,0.0,32.0,1.000000000000002
2020-06-30,Rockingham,NH,Passenger,1.0,0.0,1.0,24.0,25.0,4.0,2020,6,24246,227,5,1.0,1.0,1.0,1.0,0.0,0.0,6.0,0.9999999999999998
2020-07-31,Rockingham,NH,Passenger,1.0,0.0,1.0,22.0,23.0,4.35,2020,7,24247,227,6,1.0,1.0,1.0,1.0,0.0,0.0,7.0,0.9999999999999998
2020-08-31,Rockingham,NH,Passenger,1.0,0.0,1.0,22.0,23.0,4.35,2020,8,24248,227,7,1.0,1.0,1.0,1.0,0.0,0.0,8.0,0.9999999999999999
2020-09-30,Rockingham,NH,Passenger,1.0,0.0,1.0,24.0,25.0,4.0,2020,9,24249,227,8,1.0,1.0,1.0,1.0,0.0,0.0,9.0,1.0000000000000002
2020-10-31,Rockingham,NH,Passenger,1.0,0.0,1.0,24.0,25.0,4.0,2020,10,24250,227,9,1.0,1.0,1.0,1.0,0.0,0.0,10.0,1.0000000000000002
2020-11-30,Rockingham,NH,Passenger,1.0,0.0,1.0,24.0,25.0,4.0,2020,11,24251,227,10,1.0,1.0,1.0,1.0,0.0,0.0,11.0,1.0
2020-12-31,Rockingham,NH,Passenger,1.0,0.0,1.0,23.0,24.0,4.17,2020,12,24252,227,11,1.0,1.0,1.0,1.0,0.0,0.0,12.0,1.0000000000000002
2021-01-31,Rockingham,NH,Passenger,1.0,0.0,1.0,24.0,25.0,4.0,2021,1,24253,227,12,1.0,1.0,1.0,1.0,0.0,0.0,13.0,1.0000000000000002
2021-02-28,Rockingham,NH,Passenger,1.0,0.0,1.0,24.0,25.0,4.0,2021,2,24254,227,13,1.0,1.0,1.0,1.0,0.0,0.0,14.0,1.0000000000000009
2021-03-31,Rockingham,NH,Passenger,1.0,0.0,1.0,25.0,26.0,3.85,2021,3,24255,227,14,1.0,1.0,1.0,1.0,0.0,0.0,15.0,1.0000000000000007
2021-04-30,Rockingham,NH,Passenger,1.0,0.0,1.0,25.0,26.0,3.85,2021,4,24256,227,15,1.0,1.0,1.0,1.0,0.0,0.0,16.0,1.0000000000000009
2021-05-31,Rockingham,NH,Passenger,1.0,0.0,1.0,25.0,26.0,3.85,2021,5,24257,227,16,1.0,1.0,1.0,1.0,0.0,0.0,17.0,1.0
2021-06-30,Rockingham,NH,Passenger,1.0,0.0,1.0,23.0,24.0,4.17,2021,6,24258,227,17,1.0,1.0,1.0,1.0,0.0,0.0,18.0,1.0000000000000002
2021-07-31,Rockingham,NH,Passenger,1.0,0.0,1.0,23.0,24.0,4.17,2021,7,24259,227,18,1.0,1.0,1.0,1.0,0.0,0.0,19.0,1.000000000000002
2021-08-31,Rockingham,NH,Passenger,1.0,0.0,1.0,22.0,23.0,4.35,2021,8,24260,227,19,1.0,1.0,1.0,1.0,0.0,0.0,20.0,0.9999999999999998
2021-09-30,Rockingham,NH,Passenger,1.0,0.0,1.0,22.0,23.0,4.35,2021,9,24261,227,20,1.0,1.0,1.0,1.0,0.0,0.0,21.0,1.000000000000001
2021-10-31,Rockingham,NH,Passenger,1.0,0.0,1.0,22.0,23.0,4.35,2021,10,24262,227,21,1.0,1.0,1.0,1.0,0.0,0.0,22.0,1.0000000000000013
2021-11-30,Rockingham,NH,Passenger,1.0,0.0,1.0,22.0,23.0,4.35,2021,11,24263,227,22,1.0,1.0,1.0,1.0,0.0,0.0,23.0,1.0000000000000013
2021-12-31,Rockingham,NH,Passenger,1.0,0.0,1.0,20.0,21.0,4.76,2021,12,24264,227,23,1.0,1.0,1.0,1.0,0.0,0.0,24.0,1.0000000000000004
2022-01-31,Rockingham,NH,Passenger,1.0,0.0,1.0,20.0,21.0,4.76,2022,1,24265,227,24,1.0,1.0,1.0,1.0,0.0,0.0,25.0,1.0000000000000013
2022-02-28,Rockingham,NH,Passenger,1.0,0.0,1.0,20.0,21.0,4.76,2022,2,24266,227,25,1.0,1.0,1.0,1.0,0.0,0.0,26.0,1.0000000000000013
2022-03-31,Rockingham,NH,Passenger,1.0,0.0,1.0,20.0,21.0,4.76,2022,3,24267,227,26,1.0,1.0,1.0,1.0,0.0,0.0,27.0,1.0000000000000013
2022-04-30,Rockingham,NH,Passenger,1.0,0.0,1.0,19.0,20.0,5.0,2022,4,24268,227,27,1.0,1.0,1.0,1.0,0.0,0.0,28.0,1.0000000000000013
2022-05-31,Rockingham,NH,Passenger,1.0,0.0,1.0,18.0,19.0,5.26,2022,5,24269,227,28,1.0,1.0,1.0,1.0,0.0,0.0,29.0,1.0000000000000024
2022-06-30,Rockingham,NH,Passenger,1.0,0.0,1.0,17.0,18.0,5.56,2022,6,24270,227,29,1.0,1.0,1.0,1.0,0.0,0.0,30.0,1.000000000000002
2022-07-31,Rockingham,NH,Passenger,1.0,0.0,1.0,17.0,18.0,5.56,2022,7,24271,227,30,1.0,1.0,1.0,1.0,0.0,0.0,31.0,1.0000000000000009
2022-08-31,Rockingham,NH,Passenger,1.0,0.0,1.0,17.0,18.0,5.56,2022,8,24272,227,31,1.0,1.0,1.0,1.0,0.0,0.0,32.0,1.000000000000002
2022-09-30,Rockingham,NH,Passenger,1.0,0.0,1.0,16.0,17.0,5.88,2022,9,24273,227,32,1.0,1.0,1.0,1.0,0.0,0.0,33.0,1.0000000000000038
2022-10-31,Rockingham,NH,Passenger,1.0,0.0,1.0,15.0,16.0,6.25,2022,10,24274,227,33,1.0,1.0,1.0,1.0,0.0,0.0,34.0,1.0000000000000004
2022-11-30,Rockingham,NH,Passenger,1.0,0.0,1.0,15.0,16.0,6.25,2022,11,24275,227,34,1.0,1.0,1.0,1.0,0.0,0.0,35.0,1.000000000000002
2022-12-31,Rockingham,NH,Passenger,1.0,0.0,1.0,16.0,17.0,5.88,2022,12,24276,227,35,1.0,1.0,1.0,1.0,0.0,0.0,36.0,1.0000000000000029
2023-01-31,Rockingham,NH,Passenger,1.0,0.0,1.0,14.0,15.0,6.67,2023,1,24277,227,36,1.0,1.0,1.0,1.0,0.0,0.0,37.0,1.0000000000000038
2023-02-28,Rockingham,NH,Passenger,1.0,0.0,1.0,14.0,15.0,6.67,2023,2,24278,227,37,1.0,1.0,1.0,1.0,0.0,0.0,38.0,1.0
2023-03-31,Rockingham,NH,Passenger,1.0,0.0,1.0,14.0,15.0,6.67,2023,3,24279,227,38,1.0,1.0,1.0,1.0,0.0,0.0,39.0,1.0000000000000009
2023-04-30,Rockingham,NH,Passenger,1.0,0.0,1.0,14.0,15.0,6.67,2023,4,24280,227,39,1.0,1.0,1.0,1.0,0.0,0.0,40.0,1.0000000000000009
2023-05-31,Rockingham,NH,Passenger,1.0,0.0,1.0,15.0,16.0,6.25,2023,5,24281,227,40,1.0,1.0,1.0,1.0,0.0,0.0,41.0,1.0000000000000038
2023-06-30,Rockingham,NH,Passenger,1.0,0.0,1.0,14.0,15.0,6.67,2023,6,24282,227,41,1.0,1.0,1.0,1.0,0.0,0.0,42.0,1.0000000000000009
2023-07-31,Rockingham,NH,Passenger,1.0,0.0,1.0,13.0,14.0,6.9025,2023,7,24283,227,42,1.0,1.0,1.0,1.0,0.0,0.0,43.0,1.0000000000000029
2023-08-31,Rockingham,NH,Passenger,1.0,0.0,1.0,13.0,14.0,6.9025,2023,8,24284,227,43,1.0,1.0,1.0,1.0,0.0,0.0,44.0,1.0000000000000029
2023-09-30,Rockingham,NH,Passenger,1.0,0.0,1.0,11.0,12.0,6.9025,2023,9,24285,227,44,1.0,1.0,1.0,1.0,0.0,0.0,45.0,1.0000000000000009
2023-10-31,Rockingham,NH,Passenger,1.0,0.0,1.0,11.0,12.0,6.9025,2023,10,24286,227,45,1.0,1.0,1.0,1.0,0.0,0.0,46.0,1.0000000000000009
2023-11-30,Rockingham,NH,Passenger,1.0,0.0,1.0,11.0,12.0,6.9025,2023,11,24287,227,46,1.0,1.0,1.0,1.0,0.0,0.0,47.0,1.0000000000000029
2023-12-31,Rockingham,NH,Passenger,1.0,0.0,1.0,10.0,11.0,6.9025,2023,12,24288,227,47,1.0,1.0,1.0,1.0,0.0,0.0,48.0,1.0000000000000009
2024-01-31,Rockingham,NH,Passenger,1.0,0.0,1.0,10.0,11.0,6.9025,2024,1,24289,227,48,1.0,1.0,1.0,1.0,0.0,0.0,49.0,1.000000000000002
2024-02-29,Rockingham,NH,Passenger,1.0,0.0,1.0,10.0,11.0,6.9025,2024,2,24290,227,49,1.0,1.0,1.0,1.0,0.0,0.0,50.0,1.000000000000002
2019-03-31,Rogers,OK,Passenger,1.0,0.0,1.0,5.0,6.0,6.9025,2019,3,24231,228,5,1.0,1.0,1.0,1.0,0.0,0.0,6.0,0.9999999999999998
2019-04-30,Rogers,OK,Passenger,1.0,0.0,1.0,6.0,7.0,6.9025,2019,4,24232,228,6,1.0,1.0,1.0,1.0,0.0,0.0,7.0,0.9999999999999998
2019-05-31,Rogers,OK,Passenger,1.0,0.0,1.0,6.0,7.0,6.9025,2019,5,24233,228,7,1.0,1.0,1.0,1.0,0.0,0.0,8.0,0.9999999999999999
2019-06-30,Rogers,OK,Passenger,1.0,0.0,1.0,6.0,7.0,6.9025,2019,6,24234,228,8,1.0,1.0,1.0,1.0,0.0,0.0,9.0,1.0000000000000002
2019-07-31,Rogers,OK,Passenger,1.0,0.0,1.0,6.0,7.0,6.9025,2019,7,24235,228,9,1.0,1.0,1.0,1.0,0.0,0.0,10.0,1.0000000000000002
2019-08-31,Rogers,OK,Passenger,1.0,0.0,1.0,6.0,7.0,6.9025,2019,8,24236,228,10,1.0,1.0,1.0,1.0,0.0,0.0,11.0,1.0
2019-09-30,Rogers,OK,Passenger,1.0,0.0,1.0,6.0,7.0,6.9025,2019,9,24237,228,11,1.0,1.0,1.0,1.0,0.0,0.0,12.0,1.0000000000000002
2019-10-31,Rogers,OK,Passenger,1.0,0.0,1.0,6.0,7.0,6.9025,2019,10,24238,228,12,1.0,1.0,1.0,1.0,0.0,0.0,13.0,1.0000000000000002
2019-11-30,Rogers,OK,Passenger,1.0,0.0,1.0,7.0,8.0,6.9025,2019,11,24239,228,13,1.0,1.0,1.0,1.0,0.0,0.0,14.0,1.0000000000000009
2019-12-31,Rogers,OK,Passenger,1.0,0.0,1.0,7.0,8.0,6.9025,2019,12,24240,228,14,1.0,1.0,1.0,1.0,0.0,0.0,15.0,1.0000000000000007
2020-01-31,Rogers,OK,Passenger,1.0,0.0,1.0,7.0,8.0,6.9025,2020,1,24241,228,15,1.0,1.0,1.0,1.0,0.0,0.0,16.0,1.0000000000000009
2020-02-29,Rogers,OK,Passenger,1.0,0.0,1.0,7.0,8.0,6.9025,2020,2,24242,228,16,1.0,1.0,1.0,1.0,0.0,0.0,17.0,1.0
2020-03-31,Rogers,OK,Passenger,1.0,0.0,1.0,6.0,7.0,6.9025,2020,3,24243,228,17,1.0,1.0,1.0,1.0,0.0,0.0,18.0,1.0000000000000002
2020-04-30,Rogers,OK,Passenger,1.0,0.0,1.0,6.0,7.0,6.9025,2020,4,24244,228,18,1.0,1.0,1.0,1.0,0.0,0.0,19.0,1.000000000000002
2020-05-31,Rogers,OK,Passenger,1.0,0.0,1.0,6.0,7.0,6.9025,2020,5,24245,228,19,1.0,1.0,1.0,1.0,0.0,0.0,20.0,0.9999999999999998
2020-06-30,Rogers,OK,Passenger,1.0,0.0,1.0,6.0,7.0,6.9025,2020,6,24246,228,20,1.0,1.0,1.0,1.0,0.0,0.0,21.0,1.000000000000001
2020-07-31,Rogers,OK,Passenger,1.0,0.0,1.0,5.0,6.0,6.9025,2020,7,24247,228,21,1.0,1.0,1.0,1.0,0.0,0.0,22.0,1.0000000000000013
2020-08-31,Rogers,OK,Passenger,1.0,0.0,1.0,5.0,6.0,6.9025,2020,8,24248,228,22,1.0,1.0,1.0,1.0,0.0,0.0,23.0,1.0000000000000013
2020-09-30,Rogers,OK,Passenger,1.0,0.0,1.0,5.0,6.0,6.9025,2020,9,24249,228,23,1.0,1.0,1.0,1.0,0.0,0.0,24.0,1.0000000000000004
2020-10-31,Rogers,OK,Passenger,1.0,0.0,1.0,5.0,6.0,6.9025,2020,10,24250,228,24,1.0,1.0,1.0,1.0,0.0,0.0,25.0,1.0000000000000013
2020-11-30,Rogers,OK,Passenger,1.0,0.0,1.0,5.0,6.0,6.9025,2020,11,24251,228,25,1.0,1.0,1.0,1.0,0.0,0.0,26.0,1.0000000000000013
2020-12-31,Rogers,OK,Passenger,1.0,0.0,1.0,4.0,5.0,6.9025,2020,12,24252,228,26,1.0,1.0,1.0,1.0,0.0,0.0,27.0,1.0000000000000013
2021-01-31,Rogers,OK,Passenger,1.0,0.0,1.0,5.0,6.0,6.9025,2021,1,24253,228,27,1.0,1.0,1.0,1.0,0.0,0.0,28.0,1.0000000000000013
2021-02-28,Rogers,OK,Passenger,1.0,0.0,1.0,5.0,6.0,6.9025,2021,2,24254,228,28,1.0,1.0,1.0,1.0,0.0,0.0,29.0,1.0000000000000024
2021-03-31,Rogers,OK,Passenger,1.0,0.0,1.0,5.0,6.0,6.9025,2021,3,24255,228,29,1.0,1.0,1.0,1.0,0.0,0.0,30.0,1.000000000000002
2021-04-30,Rogers,OK,Passenger,1.0,0.0,1.0,4.0,5.0,6.9025,2021,4,24256,228,30,1.0,1.0,1.0,1.0,0.0,0.0,31.0,1.0000000000000009
2021-05-31,Rogers,OK,Passenger,1.0,0.0,1.0,4.0,5.0,6.9025,2021,5,24257,228,31,1.0,1.0,1.0,1.0,0.0,0.0,32.0,1.000000000000002
2021-06-30,Rogers,OK,Passenger,1.0,0.0,1.0,4.0,5.0,6.9025,2021,6,24258,228,32,1.0,1.0,1.0,1.0,0.0,0.0,33.0,1.0000000000000038
2021-07-31,Rogers,OK,Passenger,1.0,0.0,1.0,4.0,5.0,6.9025,2021,7,24259,228,33,1.0,1.0,1.0,1.0,0.0,0.0,34.0,1.0000000000000004
2021-08-31,Rogers,OK,Passenger,1.0,0.0,1.0,4.0,5.0,6.9025,2021,8,24260,228,34,1.0,1.0,1.0,1.0,0.0,0.0,35.0,1.000000000000002
2021-09-30,Rogers,OK,Passenger,1.0,0.0,1.0,4.0,5.0,6.9025,2021,9,24261,228,35,1.0,1.0,1.0,1.0,0.0,0.0,36.0,1.0000000000000029
2021-10-31,Rogers,OK,Passenger,1.0,0.0,1.0,4.0,5.0,6.9025,2021,10,24262,228,36,1.0,1.0,1.0,1.0,0.0,0.0,37.0,1.0000000000000038
2021-11-30,Rogers,OK,Passenger,1.0,0.0,1.0,4.0,5.0,6.9025,2021,11,24263,228,37,1.0,1.0,1.0,1.0,0.0,0.0,38.0,1.0
2021-12-31,Rogers,OK,Passenger,1.0,0.0,1.0,4.0,5.0,6.9025,2021,12,24264,228,38,1.0,1.0,1.0,1.0,0.0,0.0,39.0,1.0000000000000009
2022-01-31,Rogers,OK,Passenger,1.0,0.0,1.0,3.0,4.0,6.9025,2022,1,24265,228,39,1.0,1.0,1.0,1.0,0.0,0.0,40.0,1.0000000000000009
2022-02-28,Rogers,OK,Passenger,1.0,0.0,1.0,3.0,4.0,6.9025,2022,2,24266,228,40,1.0,1.0,1.0,1.0,0.0,0.0,41.0,1.0000000000000038
2022-03-31,Rogers,OK,Passenger,1.0,0.0,1.0,3.0,4.0,6.9025,2022,3,24267,228,41,1.0,1.0,1.0,1.0,0.0,0.0,42.0,1.0000000000000009
2022-04-30,Rogers,OK,Passenger,1.0,0.0,1.0,3.0,4.0,6.9025,2022,4,24268,228,42,1.0,1.0,1.0,1.0,0.0,0.0,43.0,1.0000000000000029
2022-05-31,Rogers,OK,Passenger,1.0,0.0,1.0,2.0,3.0,6.9025,2022,5,24269,228,43,1.0,1.0,1.0,1.0,0.0,0.0,44.0,1.0000000000000029
2022-06-30,Rogers,OK,Passenger,1.0,0.0,1.0,2.0,3.0,6.9025,2022,6,24270,228,44,1.0,1.0,1.0,1.0,0.0,0.0,45.0,1.0000000000000009
2022-07-31,Rogers,OK,Passenger,1.0,0.0,1.0,2.0,3.0,6.9025,2022,7,24271,228,45,1.0,1.0,1.0,1.0,0.0,0.0,46.0,1.0000000000000009
2022-08-31,Rogers,OK,Passenger,1.0,0.0,1.0,2.0,3.0,6.9025,2022,8,24272,228,46,1.0,1.0,1.0,1.0,0.0,0.0,47.0,1.0000000000000029
2019-11-30,RÃ­o Grande,PR,Passenger,1.0,0.0,1.0,1.0,2.0,6.9025,2019,11,24239,229,5,1.0,1.0,1.0,1.0,0.0,0.0,6.0,0.9999999999999998
2019-12-31,RÃ­o Grande,PR,Passenger,1.0,0.0,1.0,1.0,2.0,6.9025,2019,12,24240,229,6,1.0,1.0,1.0,1.0,0.0,0.0,7.0,0.9999999999999998
2020-01-31,RÃ­o Grande,PR,Passenger,1.0,0.0,1.0,1.0,2.0,6.9025,2020,1,24241,229,7,1.0,1.0,1.0,1.0,0.0,0.0,8.0,0.9999999999999999
2020-02-29,RÃ­o Grande,PR,Passenger,1.0,0.0,1.0,1.0,2.0,6.9025,2020,2,24242,229,8,1.0,1.0,1.0,1.0,0.0,0.0,9.0,1.0000000000000002
2020-03-31,RÃ­o Grande,PR,Passenger,1.0,0.0,1.0,1.0,2.0,6.9025,2020,3,24243,229,9,1.0,1.0,1.0,1.0,0.0,0.0,10.0,1.0000000000000002
2020-04-30,RÃ­o Grande,PR,Passenger,1.0,0.0,1.0,1.0,2.0,6.9025,2020,4,24244,229,10,1.0,1.0,1.0,1.0,0.0,0.0,11.0,1.0
2020-05-31,RÃ­o Grande,PR,Passenger,1.0,0.0,1.0,1.0,2.0,6.9025,2020,5,24245,229,11,1.0,1.0,1.0,1.0,0.0,0.0,12.0,1.0000000000000002
2020-06-30,RÃ­o Grande,PR,Passenger,1.0,0.0,1.0,1.0,2.0,6.9025,2020,6,24246,229,12,1.0,1.0,1.0,1.0,0.0,0.0,13.0,1.0000000000000002
2020-07-31,RÃ­o Grande,PR,Passenger,1.0,0.0,1.0,1.0,2.0,6.9025,2020,7,24247,229,13,1.0,1.0,1.0,1.0,0.0,0.0,14.0,1.0000000000000009
2020-08-31,RÃ­o Grande,PR,Passenger,1.0,0.0,1.0,1.0,2.0,6.9025,2020,8,24248,229,14,1.0,1.0,1.0,1.0,0.0,0.0,15.0,1.0000000000000007
2020-09-30,RÃ­o Grande,PR,Passenger,1.0,0.0,1.0,1.0,2.0,6.9025,2020,9,24249,229,15,1.0,1.0,1.0,1.0,0.0,0.0,16.0,1.0000000000000009
2020-10-31,RÃ­o Grande,PR,Passenger,1.0,0.0,1.0,1.0,2.0,6.9025,2020,10,24250,229,16,1.0,1.0,1.0,1.0,0.0,0.0,17.0,1.0
2020-11-30,RÃ­o Grande,PR,Passenger,1.0,0.0,1.0,1.0,2.0,6.9025,2020,11,24251,229,17,1.0,1.0,1.0,1.0,0.0,0.0,18.0,1.0000000000000002
2020-12-31,RÃ­o Grande,PR,Passenger,1.0,0.0,1.0,1.0,2.0,6.9025,2020,12,24252,229,18,1.0,1.0,1.0,1.0,0.0,0.0,19.0,1.000000000000002
2021-01-31,RÃ­o Grande,PR,Passenger,1.0,0.0,1.0,1.0,2.0,6.9025,2021,1,24253,229,19,1.0,1.0,1.0,1.0,0.0,0.0,20.0,0.9999999999999998
2021-02-28,RÃ­o Grande,PR,Passenger,1.0,0.0,1.0,1.0,2.0,6.9025,2021,2,24254,229,20,1.0,1.0,1.0,1.0,0.0,0.0,21.0,1.000000000000001
2021-03-31,RÃ­o Grande,PR,Passenger,1.0,0.0,1.0,1.0,2.0,6.9025,2021,3,24255,229,21,1.0,1.0,1.0,1.0,0.0,0.0,22.0,1.0000000000000013
2021-04-30,RÃ­o Grande,PR,Passenger,1.0,0.0,1.0,1.0,2.0,6.9025,2021,4,24256,229,22,1.0,1.0,1.0,1.0,0.0,0.0,23.0,1.0000000000000013
2021-05-31,RÃ­o Grande,PR,Passenger,1.0,0.0,1.0,1.0,2.0,6.9025,2021,5,24257,229,23,1.0,1.0,1.0,1.0,0.0,0.0,24.0,1.0000000000000004
2021-06-30,RÃ­o Grande,PR,Passenger,1.0,0.0,1.0,0.0,1.0,6.9025,2021,6,24258,229,24,1.0,1.0,1.0,1.0,0.0,0.0,25.0,1.0000000000000013
2021-07-31,RÃ­o Grande,PR,Passenger,1.0,0.0,1.0,0.0,1.0,6.9025,2021,7,24259,229,25,1.0,1.0,1.0,1.0,0.0,0.0,26.0,1.0000000000000013
2021-08-31,RÃ­o Grande,PR,Passenger,1.0,0.0,1.0,0.0,1.0,6.9025,2021,8,24260,229,26,1.0,1.0,1.0,1.0,0.0,0.0,27.0,1.0000000000000013
2021-09-30,RÃ­o Grande,PR,Passenger,1.0,0.0,1.0,0.0,1.0,6.9025,2021,9,24261,229,27,1.0,1.0,1.0,1.0,0.0,0.0,28.0,1.0000000000000013
2021-10-31,RÃ­o Grande,PR,Passenger,1.0,0.0,1.0,0.0,1.0,6.9025,2021,10,24262,229,28,1.0,1.0,1.0,1.0,0.0,0.0,29.0,1.0000000000000024
2021-11-30,RÃ­o Grande,PR,Passenger,1.0,0.0,1.0,0.0,1.0,6.9025,2021,11,24263,229,29,1.0,1.0,1.0,1.0,0.0,0.0,30.0,1.000000000000002
2021-12-31,RÃ­o Grande,PR,Passenger,1.0,0.0,1.0,0.0,1.0,6.9025,2021,12,24264,229,30,1.0,1.0,1.0,1.0,0.0,0.0,31.0,1.0000000000000009
2022-01-31,RÃ­o Grande,PR,Passenger,1.0,0.0,1.0,0.0,1.0,6.9025,2022,1,24265,229,31,1.0,1.0,1.0,1.0,0.0,0.0,32.0,1.000000000000002
2022-02-28,RÃ­o Grande,PR,Passenger,1.0,0.0,1.0,0.0,1.0,6.9025,2022,2,24266,229,32,1.0,1.0,1.0,1.0,0.0,0.0,33.0,1.0000000000000038
2022-03-31,RÃ­o Grande,PR,Passenger,1.0,0.0,1.0,0.0,1.0,6.9025,2022,3,24267,229,33,1.0,1.0,1.0,1.0,0.0,0.0,34.0,1.0000000000000004
2022-04-30,RÃ­o Grande,PR,Passenger,1.0,0.0,1.0,0.0,1.0,6.9025,2022,4,24268,229,34,1.0,1.0,1.0,1.0,0.0,0.0,35.0,1.000000000000002
2017-11-30,Sacramento,CA,Passenger,1.0,1.0,2.0,330.0,332.0,0.6,2017,11,24215,230,5,2.0,2.0,2.0,2.0,0.0,0.0,10.0,1.8571428571428568
2017-12-31,Sacramento,CA,Passenger,1.0,1.0,2.0,325.0,327.0,0.61,2017,12,24216,230,6,2.0,2.0,2.0,2.0,0.0,0.0,12.0,1.9999999999999996
2018-01-31,Sacramento,CA,Passenger,1.0,1.0,2.0,317.0,319.0,0.63,2018,1,24217,230,7,2.0,2.0,2.0,2.0,0.0,0.0,14.0,1.9999999999999996
2018-02-28,Sacramento,CA,Passenger,1.0,1.0,2.0,312.0,314.0,0.64,2018,2,24218,230,8,2.0,2.0,2.0,2.0,0.0,0.0,16.0,1.9999999999999998
2018-03-31,Sacramento,CA,Passenger,1.0,1.0,2.0,310.0,312.0,0.64,2018,3,24219,230,9,2.0,2.0,2.0,2.0,0.0,0.0,18.0,2.0000000000000004
2018-04-30,Sacramento,CA,Passenger,1.0,1.0,2.0,314.0,316.0,0.63,2018,4,24220,230,10,2.0,2.0,2.0,2.0,0.0,0.0,20.0,2.0000000000000004
2018-05-31,Sacramento,CA,Passenger,1.0,1.0,2.0,317.0,319.0,0.63,2018,5,24221,230,11,2.0,2.0,2.0,2.0,0.0,0.0,22.0,2.0
2018-06-30,Sacramento,CA,Passenger,1.0,1.0,2.0,316.0,318.0,0.63,2018,6,24222,230,12,2.0,2.0,2.0,2.0,0.0,0.0,24.0,2.0000000000000004
2018-07-31,Sacramento,CA,Passenger,0.0,1.0,1.0,318.0,319.0,0.31,2018,7,24223,230,13,2.0,2.0,2.0,2.0,-0.5,-0.5,25.0,1.8571428571428579
2018-08-31,Sacramento,CA,Passenger,0.0,1.0,1.0,321.0,322.0,0.31,2018,8,24224,230,14,1.0,2.0,2.0,1.6666666666666667,0.0,-0.5,26.0,1.628571428571429
2018-09-30,Sacramento,CA,Passenger,0.0,1.0,1.0,320.0,321.0,0.31,2018,9,24225,230,15,1.0,1.0,2.0,1.3333333333333333,0.0,-0.5,27.0,1.3714285714285719
2018-10-31,Sacramento,CA,Passenger,0.0,1.0,1.0,321.0,322.0,0.31,2018,10,24226,230,16,1.0,1.0,1.0,1.0,0.0,0.0,28.0,1.142857142857146
2018-11-30,Sacramento,CA,Passenger,0.0,1.0,1.0,318.0,319.0,0.31,2018,11,24227,230,17,1.0,1.0,1.0,1.0,0.0,0.0,29.0,1.0000000000000024
2018-12-31,Sacramento,CA,Passenger,0.0,1.0,1.0,316.0,317.0,0.32,2018,12,24228,230,18,1.0,1.0,1.0,1.0,0.0,0.0,30.0,1.000000000000002
2019-01-31,Sacramento,CA,Passenger,0.0,1.0,1.0,309.0,310.0,0.32,2019,1,24229,230,19,1.0,1.0,1.0,1.0,0.0,0.0,31.0,1.0000000000000009
2019-02-28,Sacramento,CA,Passenger,0.0,1.0,1.0,312.0,313.0,0.32,2019,2,24230,230,20,1.0,1.0,1.0,1.0,0.0,0.0,32.0,1.000000000000002
2019-03-31,Sacramento,CA,Passenger,0.0,1.0,1.0,306.0,307.0,0.33,2019,3,24231,230,21,1.0,1.0,1.0,1.0,0.0,0.0,33.0,1.0000000000000038
2019-04-30,Sacramento,CA,Passenger,0.0,1.0,1.0,304.0,305.0,0.33,2019,4,24232,230,22,1.0,1.0,1.0,1.0,0.0,0.0,34.0,1.0000000000000004
2019-05-31,Sacramento,CA,Passenger,0.0,1.0,1.0,305.0,306.0,0.33,2019,5,24233,230,23,1.0,1.0,1.0,1.0,0.0,0.0,35.0,1.000000000000002
2019-06-30,Sacramento,CA,Passenger,0.0,1.0,1.0,308.0,309.0,0.32,2019,6,24234,230,24,1.0,1.0,1.0,1.0,0.0,0.0,36.0,1.0000000000000029
2019-07-31,Sacramento,CA,Passenger,0.0,1.0,1.0,304.0,305.0,0.33,2019,7,24235,230,25,1.0,1.0,1.0,1.0,0.0,0.0,37.0,1.0000000000000038
2019-08-31,Sacramento,CA,Passenger,0.0,1.0,1.0,307.0,308.0,0.32,2019,8,24236,230,26,1.0,1.0,1.0,1.0,0.0,0.0,38.0,1.0
2019-09-30,Sacramento,CA,Passenger,0.0,1.0,1.0,309.0,310.0,0.32,2019,9,24237,230,27,1.0,1.0,1.0,1.0,0.0,0.0,39.0,1.0000000000000009
2019-10-31,Sacramento,CA,Passenger,0.0,1.0,1.0,307.0,308.0,0.32,2019,10,24238,230,28,1.0,1.0,1.0,1.0,0.0,0.0,40.0,1.0000000000000009
2019-11-30,Sacramento,CA,Passenger,0.0,1.0,1.0,308.0,309.0,0.32,2019,11,24239,230,29,1.0,1.0,1.0,1.0,0.0,0.0,41.0,1.0000000000000038
2019-12-31,Sacramento,CA,Passenger,0.0,1.0,1.0,302.0,303.0,0.33,2019,12,24240,230,30,1.0,1.0,1.0,1.0,0.0,0.0,42.0,1.0000000000000009
2020-01-31,Sacramento,CA,Passenger,1.0,1.0,2.0,302.0,304.0,0.66,2020,1,24241,230,31,1.0,1.0,1.0,1.0,1.0,1.0,44.0,1.1428571428571432
2020-02-29,Sacramento,CA,Passenger,1.0,1.0,2.0,296.0,298.0,0.67,2020,2,24242,230,32,2.0,1.0,1.0,1.3333333333333333,0.0,1.0,46.0,1.3714285714285739
2020-03-31,Sacramento,CA,Passenger,1.0,1.0,2.0,289.0,291.0,0.69,2020,3,24243,230,33,2.0,2.0,1.0,1.6666666666666667,0.0,1.0,48.0,1.628571428571429
2020-04-30,Sacramento,CA,Passenger,1.0,1.0,2.0,285.0,287.0,0.7,2020,4,24244,230,34,2.0,2.0,2.0,2.0,0.0,0.0,50.0,1.8571428571428616
2020-05-31,Sacramento,CA,Passenger,1.0,1.0,2.0,285.0,287.0,0.7,2020,5,24245,230,35,2.0,2.0,2.0,2.0,0.0,0.0,52.0,2.0000000000000027
2020-06-30,Sacramento,CA,Passenger,1.0,1.0,2.0,282.0,284.0,0.7,2020,6,24246,230,36,2.0,2.0,2.0,2.0,0.0,0.0,54.0,2.0000000000000027
2020-07-31,Sacramento,CA,Passenger,1.0,1.0,2.0,281.0,283.0,0.71,2020,7,24247,230,37,2.0,2.0,2.0,2.0,0.0,0.0,56.0,2.0000000000000027
2020-08-31,Sacramento,CA,Passenger,1.0,1.0,2.0,276.0,278.0,0.72,2020,8,24248,230,38,2.0,2.0,2.0,2.0,0.0,0.0,58.0,2.000000000000005
2020-09-30,Sacramento,CA,Passenger,1.0,1.0,2.0,274.0,276.0,0.72,2020,9,24249,230,39,2.0,2.0,2.0,2.0,0.0,0.0,60.0,2.000000000000004
2020-10-31,Sacramento,CA,Passenger,1.0,1.0,2.0,266.0,268.0,0.75,2020,10,24250,230,40,2.0,2.0,2.0,2.0,0.0,0.0,62.0,2.0000000000000018
2020-11-30,Sacramento,CA,Passenger,2.0,1.0,3.0,265.0,268.0,1.12,2020,11,24251,230,41,2.0,2.0,2.0,2.0,0.5,0.5,65.0,2.142857142857147
2020-12-31,Sacramento,CA,Passenger,2.0,1.0,3.0,257.0,260.0,1.15,2020,12,24252,230,42,3.0,2.0,2.0,2.3333333333333335,0.0,0.5,68.0,2.371428571428572
2021-01-31,Sacramento,CA,Passenger,2.0,1.0,3.0,256.0,259.0,1.16,2021,1,24253,230,43,3.0,3.0,2.0,2.6666666666666665,0.0,0.5,71.0,2.6285714285714272
2021-02-28,Sacramento,CA,Passenger,2.0,1.0,3.0,257.0,260.0,1.15,2021,2,24254,230,44,3.0,3.0,3.0,3.0,0.0,0.0,74.0,2.8571428571428608
2021-03-31,Sacramento,CA,Passenger,2.0,1.0,3.0,256.0,259.0,1.16,2021,3,24255,230,45,3.0,3.0,3.0,3.0,0.0,0.0,77.0,3.000000000000001
2021-04-30,Sacramento,CA,Passenger,2.0,1.0,3.0,252.0,255.0,1.18,2021,4,24256,230,46,3.0,3.0,3.0,3.0,0.0,0.0,80.0,3.0000000000000027
2021-05-31,Sacramento,CA,Passenger,2.0,1.0,3.0,247.0,250.0,1.2,2021,5,24257,230,47,3.0,3.0,3.0,3.0,0.0,0.0,83.0,3.000000000000005
2021-06-30,Sacramento,CA,Passenger,2.0,1.0,3.0,241.0,244.0,1.23,2021,6,24258,230,48,3.0,3.0,3.0,3.0,0.0,0.0,86.0,3.0000000000000027
2021-07-31,Sacramento,CA,Passenger,2.0,1.0,3.0,240.0,243.0,1.23,2021,7,24259,230,49,3.0,3.0,3.0,3.0,0.0,0.0,89.0,3.000000000000005
2021-08-31,Sacramento,CA,Passenger,2.0,1.0,3.0,240.0,243.0,1.23,2021,8,24260,230,50,3.0,3.0,3.0,3.0,0.0,0.0,92.0,2.999999999999999
2021-09-30,Sacramento,CA,Passenger,2.0,1.0,3.0,247.0,250.0,1.2,2021,9,24261,230,51,3.0,3.0,3.0,3.0,0.0,0.0,95.0,3.0000000000000067
2021-10-31,Sacramento,CA,Passenger,2.0,1.0,3.0,245.0,248.0,1.21,2021,10,24262,230,52,3.0,3.0,3.0,3.0,0.0,0.0,98.0,3.000000000000005
2021-11-30,Sacramento,CA,Passenger,2.0,1.0,3.0,246.0,249.0,1.2,2021,11,24263,230,53,3.0,3.0,3.0,3.0,0.0,0.0,101.0,3.0000000000000067
2021-12-31,Sacramento,CA,Passenger,2.0,1.0,3.0,237.0,240.0,1.25,2021,12,24264,230,54,3.0,3.0,3.0,3.0,0.0,0.0,104.0,3.0000000000000067
2022-01-31,Sacramento,CA,Passenger,2.0,1.0,3.0,234.0,237.0,1.27,2022,1,24265,230,55,3.0,3.0,3.0,3.0,0.0,0.0,107.0,3.0000000000000027
2022-02-28,Sacramento,CA,Passenger,2.0,1.0,3.0,232.0,235.0,1.28,2022,2,24266,230,56,3.0,3.0,3.0,3.0,0.0,0.0,110.0,3.000000000000005
2022-03-31,Sacramento,CA,Passenger,2.0,1.0,3.0,232.0,235.0,1.28,2022,3,24267,230,57,3.0,3.0,3.0,3.0,0.0,0.0,113.0,3.000000000000014
2022-04-30,Sacramento,CA,Passenger,2.0,1.0,3.0,228.0,231.0,1.3,2022,4,24268,230,58,3.0,3.0,3.0,3.0,0.0,0.0,116.0,3.0000000000000107
2022-05-31,Sacramento,CA,Passenger,2.0,1.0,3.0,223.0,226.0,1.33,2022,5,24269,230,59,3.0,3.0,3.0,3.0,0.0,0.0,119.0,3.000000000000005
2022-06-30,Sacramento,CA,Passenger,3.0,1.0,4.0,220.0,224.0,1.79,2022,6,24270,230,60,3.0,3.0,3.0,3.0,0.33333333333333326,0.33333333333333326,123.0,3.1428571428571526
2022-07-31,Sacramento,CA,Passenger,3.0,1.0,4.0,221.0,225.0,1.78,2022,7,24271,230,61,4.0,3.0,3.0,3.3333333333333335,0.0,0.33333333333333326,127.0,3.371428571428575
2022-08-31,Sacramento,CA,Passenger,3.0,1.0,4.0,219.0,223.0,1.79,2022,8,24272,230,62,4.0,4.0,3.0,3.6666666666666665,0.0,0.33333333333333326,131.0,3.6285714285714374
2022-09-30,Sacramento,CA,Passenger,3.0,1.0,4.0,217.0,221.0,1.81,2022,9,24273,230,63,4.0,4.0,4.0,4.0,0.0,0.0,135.0,3.857142857142869
2022-10-31,Sacramento,CA,Passenger,3.0,1.0,4.0,214.0,218.0,1.83,2022,10,24274,230,64,4.0,4.0,4.0,4.0,0.0,0.0,139.0,4.0000000000000115
2022-11-30,Sacramento,CA,Passenger,3.0,1.0,4.0,209.0,213.0,1.88,2022,11,24275,230,65,4.0,4.0,4.0,4.0,0.0,0.0,143.0,4.0000000000000036
2022-11-30,Sacramento,CA,Truck,1.0,0.0,1.0,39.0,40.0,2.5,2022,11,24275,230,66,4.0,4.0,4.0,4.0,-0.75,-0.75,144.0,3.5714285714285756
2022-12-31,Sacramento,CA,Truck,1.0,0.0,1.0,38.0,39.0,2.56,2022,12,24276,230,67,1.0,4.0,4.0,3.0,0.0,-0.75,145.0,2.8857142857142977
2022-12-31,Sacramento,CA,Passenger,4.0,1.0,5.0,204.0,209.0,2.39,2022,12,24276,230,68,1.0,1.0,4.0,2.0,4.0,0.25,150.0,2.6857142857142913
2023-01-31,Sacramento,CA,Passenger,4.0,1.0,5.0,198.0,203.0,2.46,2023,1,24277,230,69,5.0,1.0,1.0,2.3333333333333335,0.0,4.0,155.0,2.914285714285725
2023-01-31,Sacramento,CA,Truck,1.0,0.0,1.0,39.0,40.0,2.5,2023,1,24277,230,70,5.0,5.0,1.0,3.6666666666666665,-0.8,0.0,156.0,2.9428571428571484
2023-02-28,Sacramento,CA,Truck,1.0,0.0,1.0,37.0,38.0,2.63,2023,2,24278,230,71,1.0,5.0,5.0,3.6666666666666665,0.0,-0.8,157.0,2.94285714285716
2023-02-28,Sacramento,CA,Passenger,4.0,1.0,5.0,192.0,197.0,2.54,2023,2,24278,230,72,1.0,1.0,5.0,2.3333333333333335,4.0,0.0,162.0,3.057142857142873
2023-03-31,Sacramento,CA,Passenger,4.0,1.0,5.0,184.0,189.0,2.65,2023,3,24279,230,73,5.0,1.0,1.0,2.3333333333333335,0.0,4.0,167.0,3.0571428571428765
2023-03-31,Sacramento,CA,Truck,1.0,0.0,1.0,35.0,36.0,2.78,2023,3,24279,230,74,5.0,5.0,1.0,3.6666666666666665,-0.8,0.0,168.0,2.9428571428571444
2023-04-30,Sacramento,CA,Passenger,4.0,1.0,5.0,174.0,179.0,2.79,2023,4,24280,230,75,1.0,5.0,5.0,3.6666666666666665,4.0,0.0,173.0,3.514285714285717
2023-04-30,Sacramento,CA,Truck,1.0,0.0,1.0,33.0,34.0,2.94,2023,4,24280,230,76,5.0,1.0,5.0,3.6666666666666665,-0.8,-0.8,174.0,3.400000000000008
2023-05-31,Sacramento,CA,Truck,1.0,0.0,1.0,32.0,33.0,3.03,2023,5,24281,230,77,1.0,5.0,1.0,2.3333333333333335,0.0,0.0,175.0,2.6000000000000134
2023-05-31,Sacramento,CA,Passenger,4.0,1.0,5.0,169.0,174.0,2.87,2023,5,24281,230,78,1.0,1.0,5.0,2.3333333333333335,4.0,0.0,180.0,2.4857142857142924
2023-06-30,Sacramento,CA,Truck,1.0,0.0,1.0,30.0,31.0,3.23,2023,6,24282,230,79,5.0,1.0,1.0,2.3333333333333335,-0.8,0.0,181.0,2.4857142857143004
2023-06-30,Sacramento,CA,Passenger,4.0,1.0,5.0,166.0,171.0,2.92,2023,6,24282,230,80,1.0,5.0,1.0,2.3333333333333335,4.0,4.0,186.0,2.6000000000000134
2023-07-31,Sacramento,CA,Passenger,4.0,1.0,5.0,156.0,161.0,3.11,2023,7,24283,230,81,5.0,1.0,5.0,3.6666666666666665,0.0,0.0,191.0,3.3999999999999964
2023-07-31,Sacramento,CA,Truck,1.0,0.0,1.0,31.0,32.0,3.12,2023,7,24283,230,82,5.0,5.0,1.0,3.6666666666666665,-0.8,0.0,192.0,3.514285714285721
2023-08-31,Sacramento,CA,Truck,1.0,0.0,1.0,31.0,32.0,3.12,2023,8,24284,230,83,1.0,5.0,5.0,3.6666666666666665,0.0,-0.8,193.0,2.942857142857156
2023-08-31,Sacramento,CA,Passenger,4.0,1.0,5.0,148.0,153.0,3.27,2023,8,24284,230,84,1.0,1.0,5.0,2.3333333333333335,4.0,0.0,198.0,3.0571428571428765
2023-09-30,Sacramento,CA,Truck,1.0,0.0,1.0,30.0,31.0,3.23,2023,9,24285,230,85,5.0,1.0,1.0,2.3333333333333335,-0.8,0.0,199.0,2.485714285714304
2023-09-30,Sacramento,CA,Passenger,4.0,1.0,5.0,142.0,147.0,3.4,2023,9,24285,230,86,1.0,5.0,1.0,2.3333333333333335,4.0,4.0,204.0,2.6000000000000094
2023-10-31,Sacramento,CA,Passenger,4.0,1.0,5.0,141.0,146.0,3.42,2023,10,24286,230,87,5.0,1.0,5.0,3.6666666666666665,0.0,0.0,209.0,3.4000000000000155
2023-10-31,Sacramento,CA,Truck,1.0,0.0,1.0,31.0,32.0,3.12,2023,10,24286,230,88,5.0,5.0,1.0,3.6666666666666665,-0.8,0.0,210.0,3.5142857142857054
2023-11-30,Sacramento,CA,Passenger,2.0,1.0,3.0,139.0,142.0,2.11,2023,11,24287,230,89,1.0,5.0,5.0,3.6666666666666665,2.0,-0.4,213.0,3.228571428571421
2023-11-30,Sacramento,CA,Truck,1.0,0.0,1.0,31.0,32.0,3.12,2023,11,24287,230,90,3.0,1.0,5.0,3.0,-0.6666666666666667,-0.8,214.0,2.94285714285716
2023-12-31,Sacramento,CA,Passenger,1.0,1.0,2.0,135.0,137.0,1.46,2023,12,24288,230,91,1.0,3.0,1.0,1.6666666666666667,1.0,1.0,216.0,2.228571428571455
2023-12-31,Sacramento,CA,Truck,1.0,0.0,1.0,30.0,31.0,3.23,2023,12,24288,230,92,2.0,1.0,3.0,2.0,-0.5,-0.6666666666666667,217.0,1.6857142857143095
2024-01-31,Sacramento,CA,Truck,1.0,0.0,1.0,28.0,29.0,3.45,2024,1,24289,230,93,1.0,2.0,1.0,1.3333333333333333,0.0,0.0,218.0,1.5428571428571691
2024-01-31,Sacramento,CA,Passenger,1.0,1.0,2.0,128.0,130.0,1.54,2024,1,24289,230,94,1.0,1.0,2.0,1.3333333333333333,1.0,0.0,220.0,1.371428571428594
2024-02-29,Sacramento,CA,Passenger,1.0,1.0,2.0,125.0,127.0,1.57,2024,2,24290,230,95,2.0,1.0,1.0,1.3333333333333333,0.0,1.0,222.0,1.5142857142857342
2024-02-29,Sacramento,CA,Truck,1.0,0.0,1.0,26.0,27.0,3.7,2024,2,24290,230,96,2.0,2.0,1.0,1.6666666666666667,-0.5,0.0,223.0,1.4857142857142878
2019-10-31,Saginaw,MI,Passenger,1.0,0.0,1.0,12.0,13.0,6.9025,2019,10,24238,231,5,1.0,1.0,1.0,1.0,0.0,0.0,6.0,0.9999999999999998
2019-11-30,Saginaw,MI,Passenger,1.0,0.0,1.0,12.0,13.0,6.9025,2019,11,24239,231,6,1.0,1.0,1.0,1.0,0.0,0.0,7.0,0.9999999999999998
2019-12-31,Saginaw,MI,Passenger,1.0,0.0,1.0,12.0,13.0,6.9025,2019,12,24240,231,7,1.0,1.0,1.0,1.0,0.0,0.0,8.0,0.9999999999999999
2020-01-31,Saginaw,MI,Passenger,1.0,0.0,1.0,12.0,13.0,6.9025,2020,1,24241,231,8,1.0,1.0,1.0,1.0,0.0,0.0,9.0,1.0000000000000002
2020-02-29,Saginaw,MI,Passenger,1.0,0.0,1.0,12.0,13.0,6.9025,2020,2,24242,231,9,1.0,1.0,1.0,1.0,0.0,0.0,10.0,1.0000000000000002
2020-03-31,Saginaw,MI,Passenger,1.0,0.0,1.0,12.0,13.0,6.9025,2020,3,24243,231,10,1.0,1.0,1.0,1.0,0.0,0.0,11.0,1.0
2020-04-30,Saginaw,MI,Passenger,1.0,0.0,1.0,12.0,13.0,6.9025,2020,4,24244,231,11,1.0,1.0,1.0,1.0,0.0,0.0,12.0,1.0000000000000002
2020-05-31,Saginaw,MI,Passenger,1.0,0.0,1.0,12.0,13.0,6.9025,2020,5,24245,231,12,1.0,1.0,1.0,1.0,0.0,0.0,13.0,1.0000000000000002
2020-06-30,Saginaw,MI,Passenger,1.0,0.0,1.0,12.0,13.0,6.9025,2020,6,24246,231,13,1.0,1.0,1.0,1.0,0.0,0.0,14.0,1.0000000000000009
2020-07-31,Saginaw,MI,Passenger,1.0,0.0,1.0,12.0,13.0,6.9025,2020,7,24247,231,14,1.0,1.0,1.0,1.0,0.0,0.0,15.0,1.0000000000000007
2020-08-31,Saginaw,MI,Passenger,1.0,0.0,1.0,11.0,12.0,6.9025,2020,8,24248,231,15,1.0,1.0,1.0,1.0,0.0,0.0,16.0,1.0000000000000009
2020-09-30,Saginaw,MI,Passenger,1.0,0.0,1.0,11.0,12.0,6.9025,2020,9,24249,231,16,1.0,1.0,1.0,1.0,0.0,0.0,17.0,1.0
2020-10-31,Saginaw,MI,Passenger,1.0,0.0,1.0,11.0,12.0,6.9025,2020,10,24250,231,17,1.0,1.0,1.0,1.0,0.0,0.0,18.0,1.0000000000000002
2020-11-30,Saginaw,MI,Passenger,1.0,0.0,1.0,11.0,12.0,6.9025,2020,11,24251,231,18,1.0,1.0,1.0,1.0,0.0,0.0,19.0,1.000000000000002
2020-12-31,Saginaw,MI,Passenger,2.0,0.0,2.0,11.0,13.0,6.9025,2020,12,24252,231,19,1.0,1.0,1.0,1.0,1.0,1.0,21.0,1.1428571428571428
2021-01-31,Saginaw,MI,Passenger,2.0,0.0,2.0,11.0,13.0,6.9025,2021,1,24253,231,20,2.0,1.0,1.0,1.3333333333333333,0.0,1.0,23.0,1.3714285714285723
2021-02-28,Saginaw,MI,Passenger,2.0,0.0,2.0,11.0,13.0,6.9025,2021,2,24254,231,21,2.0,2.0,1.0,1.6666666666666667,0.0,1.0,25.0,1.6285714285714283
2021-03-31,Saginaw,MI,Passenger,2.0,0.0,2.0,12.0,14.0,6.9025,2021,3,24255,231,22,2.0,2.0,2.0,2.0,0.0,0.0,27.0,1.857142857142858
2021-04-30,Saginaw,MI,Passenger,2.0,0.0,2.0,12.0,14.0,6.9025,2021,4,24256,231,23,2.0,2.0,2.0,2.0,0.0,0.0,29.0,2.000000000000001
2021-05-31,Saginaw,MI,Passenger,1.0,0.0,1.0,10.0,11.0,6.9025,2021,5,24257,231,24,2.0,2.0,2.0,2.0,-0.5,-0.5,30.0,1.8571428571428574
2021-06-30,Saginaw,MI,Passenger,1.0,0.0,1.0,9.0,10.0,6.9025,2021,6,24258,231,25,1.0,2.0,2.0,1.6666666666666667,0.0,-0.5,31.0,1.62857142857143
2021-07-31,Saginaw,MI,Passenger,1.0,0.0,1.0,9.0,10.0,6.9025,2021,7,24259,231,26,1.0,1.0,2.0,1.3333333333333333,0.0,-0.5,32.0,1.3714285714285714
2021-08-31,Saginaw,MI,Passenger,1.0,0.0,1.0,9.0,10.0,6.9025,2021,8,24260,231,27,1.0,1.0,1.0,1.0,0.0,0.0,33.0,1.1428571428571437
2021-09-30,Saginaw,MI,Passenger,1.0,0.0,1.0,8.0,9.0,6.9025,2021,9,24261,231,28,1.0,1.0,1.0,1.0,0.0,0.0,34.0,1.0000000000000004
2021-10-31,Saginaw,MI,Passenger,1.0,0.0,1.0,8.0,9.0,6.9025,2021,10,24262,231,29,1.0,1.0,1.0,1.0,0.0,0.0,35.0,1.000000000000002
2021-11-30,Saginaw,MI,Passenger,1.0,0.0,1.0,8.0,9.0,6.9025,2021,11,24263,231,30,1.0,1.0,1.0,1.0,0.0,0.0,36.0,1.0000000000000029
2017-06-30,Salt Lake,UT,Passenger,0.0,1.0,1.0,267.0,268.0,0.37,2017,6,24210,232,5,1.0,1.0,1.0,1.0,0.0,0.0,6.0,0.9999999999999998
2020-06-30,Salt Lake,UT,Passenger,0.0,1.0,1.0,201.0,202.0,0.5,2020,6,24246,232,6,1.0,1.0,1.0,1.0,0.0,0.0,7.0,0.9999999999999998
2020-07-31,Salt Lake,UT,Passenger,0.0,1.0,1.0,189.0,190.0,0.53,2020,7,24247,232,7,1.0,1.0,1.0,1.0,0.0,0.0,8.0,0.9999999999999999
2020-08-31,Salt Lake,UT,Passenger,0.0,1.0,1.0,192.0,193.0,0.52,2020,8,24248,232,8,1.0,1.0,1.0,1.0,0.0,0.0,9.0,1.0000000000000002
2020-09-30,Salt Lake,UT,Passenger,0.0,1.0,1.0,186.0,187.0,0.53,2020,9,24249,232,9,1.0,1.0,1.0,1.0,0.0,0.0,10.0,1.0000000000000002
2020-10-31,Salt Lake,UT,Passenger,0.0,1.0,1.0,186.0,187.0,0.53,2020,10,24250,232,10,1.0,1.0,1.0,1.0,0.0,0.0,11.0,1.0
2020-11-30,Salt Lake,UT,Passenger,0.0,1.0,1.0,182.0,183.0,0.55,2020,11,24251,232,11,1.0,1.0,1.0,1.0,0.0,0.0,12.0,1.0000000000000002
2020-12-31,Salt Lake,UT,Passenger,0.0,1.0,1.0,183.0,184.0,0.54,2020,12,24252,232,12,1.0,1.0,1.0,1.0,0.0,0.0,13.0,1.0000000000000002
2021-01-31,Salt Lake,UT,Passenger,0.0,1.0,1.0,183.0,184.0,0.54,2021,1,24253,232,13,1.0,1.0,1.0,1.0,0.0,0.0,14.0,1.0000000000000009
2021-02-28,Salt Lake,UT,Passenger,0.0,1.0,1.0,183.0,184.0,0.54,2021,2,24254,232,14,1.0,1.0,1.0,1.0,0.0,0.0,15.0,1.0000000000000007
2021-03-31,Salt Lake,UT,Passenger,0.0,1.0,1.0,185.0,186.0,0.54,2021,3,24255,232,15,1.0,1.0,1.0,1.0,0.0,0.0,16.0,1.0000000000000009
2021-04-30,Salt Lake,UT,Passenger,0.0,1.0,1.0,185.0,186.0,0.54,2021,4,24256,232,16,1.0,1.0,1.0,1.0,0.0,0.0,17.0,1.0
2021-05-31,Salt Lake,UT,Passenger,0.0,1.0,1.0,185.0,186.0,0.54,2021,5,24257,232,17,1.0,1.0,1.0,1.0,0.0,0.0,18.0,1.0000000000000002
2021-06-30,Salt Lake,UT,Passenger,0.0,1.0,1.0,179.0,180.0,0.56,2021,6,24258,232,18,1.0,1.0,1.0,1.0,0.0,0.0,19.0,1.000000000000002
2021-07-31,Salt Lake,UT,Passenger,0.0,1.0,1.0,175.0,176.0,0.57,2021,7,24259,232,19,1.0,1.0,1.0,1.0,0.0,0.0,20.0,0.9999999999999998
2021-08-31,Salt Lake,UT,Passenger,0.0,1.0,1.0,171.0,172.0,0.58,2021,8,24260,232,20,1.0,1.0,1.0,1.0,0.0,0.0,21.0,1.000000000000001
2021-09-30,Salt Lake,UT,Passenger,0.0,1.0,1.0,168.0,169.0,0.59,2021,9,24261,232,21,1.0,1.0,1.0,1.0,0.0,0.0,22.0,1.0000000000000013
2021-10-31,Salt Lake,UT,Passenger,0.0,1.0,1.0,171.0,172.0,0.58,2021,10,24262,232,22,1.0,1.0,1.0,1.0,0.0,0.0,23.0,1.0000000000000013
2021-11-30,Salt Lake,UT,Passenger,0.0,1.0,1.0,168.0,169.0,0.59,2021,11,24263,232,23,1.0,1.0,1.0,1.0,0.0,0.0,24.0,1.0000000000000004
2021-12-31,Salt Lake,UT,Passenger,1.0,1.0,2.0,164.0,166.0,1.2,2021,12,24264,232,24,1.0,1.0,1.0,1.0,1.0,1.0,26.0,1.1428571428571432
2022-01-31,Salt Lake,UT,Passenger,1.0,1.0,2.0,163.0,165.0,1.21,2022,1,24265,232,25,2.0,1.0,1.0,1.3333333333333333,0.0,1.0,28.0,1.3714285714285723
2022-02-28,Salt Lake,UT,Passenger,1.0,1.0,2.0,160.0,162.0,1.23,2022,2,24266,232,26,2.0,2.0,1.0,1.6666666666666667,0.0,1.0,30.0,1.628571428571429
2022-03-31,Salt Lake,UT,Passenger,1.0,1.0,2.0,155.0,157.0,1.27,2022,3,24267,232,27,2.0,2.0,2.0,2.0,0.0,0.0,32.0,1.8571428571428592
2022-04-30,Salt Lake,UT,Passenger,1.0,1.0,2.0,146.0,148.0,1.35,2022,4,24268,232,28,2.0,2.0,2.0,2.0,0.0,0.0,34.0,2.0
2022-05-31,Salt Lake,UT,Passenger,1.0,1.0,2.0,145.0,147.0,1.36,2022,5,24269,232,29,2.0,2.0,2.0,2.0,0.0,0.0,36.0,2.0000000000000004
2022-06-30,Salt Lake,UT,Passenger,1.0,1.0,2.0,138.0,140.0,1.43,2022,6,24270,232,30,2.0,2.0,2.0,2.0,0.0,0.0,38.0,2.000000000000004
2022-07-31,Salt Lake,UT,Passenger,1.0,1.0,2.0,133.0,135.0,1.48,2022,7,24271,232,31,2.0,2.0,2.0,2.0,0.0,0.0,40.0,1.9999999999999996
2022-08-31,Salt Lake,UT,Passenger,1.0,1.0,2.0,131.0,133.0,1.5,2022,8,24272,232,32,2.0,2.0,2.0,2.0,0.0,0.0,42.0,2.000000000000002
2022-09-30,Salt Lake,UT,Passenger,1.0,1.0,2.0,130.0,132.0,1.52,2022,9,24273,232,33,2.0,2.0,2.0,2.0,0.0,0.0,44.0,2.0000000000000027
2022-10-31,Salt Lake,UT,Passenger,1.0,1.0,2.0,127.0,129.0,1.55,2022,10,24274,232,34,2.0,2.0,2.0,2.0,0.0,0.0,46.0,2.0000000000000027
2022-11-30,Salt Lake,UT,Passenger,1.0,1.0,2.0,126.0,128.0,1.56,2022,11,24275,232,35,2.0,2.0,2.0,2.0,0.0,0.0,48.0,2.000000000000001
2022-12-31,Salt Lake,UT,Passenger,0.0,1.0,1.0,126.0,127.0,0.79,2022,12,24276,232,36,2.0,2.0,2.0,2.0,-0.5,-0.5,49.0,1.8571428571428596
2023-01-31,Salt Lake,UT,Passenger,0.0,1.0,1.0,122.0,123.0,0.81,2023,1,24277,232,37,1.0,2.0,2.0,1.6666666666666667,0.0,-0.5,50.0,1.628571428571432
2023-02-28,Salt Lake,UT,Passenger,0.0,1.0,1.0,119.0,120.0,0.83,2023,2,24278,232,38,1.0,1.0,2.0,1.3333333333333333,0.0,-0.5,51.0,1.371428571428573
2023-03-31,Salt Lake,UT,Passenger,0.0,1.0,1.0,116.0,117.0,0.85,2023,3,24279,232,39,1.0,1.0,1.0,1.0,0.0,0.0,52.0,1.142857142857147
2023-04-30,Salt Lake,UT,Passenger,0.0,1.0,1.0,112.0,113.0,0.88,2023,4,24280,232,40,1.0,1.0,1.0,1.0,0.0,0.0,53.0,1.0000000000000029
2023-05-31,Salt Lake,UT,Passenger,0.0,1.0,1.0,110.0,111.0,0.9,2023,5,24281,232,41,1.0,1.0,1.0,1.0,0.0,0.0,54.0,1.0000000000000049
2023-06-30,Salt Lake,UT,Passenger,0.0,1.0,1.0,104.0,105.0,0.95,2023,6,24282,232,42,1.0,1.0,1.0,1.0,0.0,0.0,55.0,1.0000000000000038
2023-07-31,Salt Lake,UT,Passenger,1.0,1.0,2.0,101.0,103.0,1.94,2023,7,24283,232,43,1.0,1.0,1.0,1.0,1.0,1.0,57.0,1.1428571428571441
2023-08-31,Salt Lake,UT,Passenger,1.0,1.0,2.0,96.0,98.0,2.04,2023,8,24284,232,44,2.0,1.0,1.0,1.3333333333333333,0.0,1.0,59.0,1.3714285714285748
2023-09-30,Salt Lake,UT,Passenger,1.0,1.0,2.0,93.0,95.0,2.11,2023,9,24285,232,45,2.0,2.0,1.0,1.6666666666666667,0.0,1.0,61.0,1.628571428571431
2023-10-31,Salt Lake,UT,Passenger,1.0,1.0,2.0,85.0,87.0,2.3,2023,10,24286,232,46,2.0,2.0,2.0,2.0,0.0,0.0,63.0,1.8571428571428588
2023-11-30,Salt Lake,UT,Passenger,1.0,1.0,2.0,81.0,83.0,2.41,2023,11,24287,232,47,2.0,2.0,2.0,2.0,0.0,0.0,65.0,2.0
2023-12-31,Salt Lake,UT,Passenger,1.0,1.0,2.0,83.0,85.0,2.35,2023,12,24288,232,48,2.0,2.0,2.0,2.0,0.0,0.0,67.0,2.000000000000004
2024-01-31,Salt Lake,UT,Passenger,1.0,1.0,2.0,77.0,79.0,2.53,2024,1,24289,232,49,2.0,2.0,2.0,2.0,0.0,0.0,69.0,2.0
2024-02-29,Salt Lake,UT,Passenger,1.0,1.0,2.0,77.0,79.0,2.53,2024,2,24290,232,50,2.0,2.0,2.0,2.0,0.0,0.0,71.0,2.0
2021-06-30,San Bernardino,CA,Passenger,1.0,0.0,1.0,387.0,388.0,0.26,2021,6,24258,233,5,1.0,1.0,1.0,1.0,0.0,0.0,6.0,0.9999999999999998
2021-07-31,San Bernardino,CA,Passenger,1.0,0.0,1.0,384.0,385.0,0.26,2021,7,24259,233,6,1.0,1.0,1.0,1.0,0.0,0.0,7.0,0.9999999999999998
2021-08-31,San Bernardino,CA,Passenger,1.0,0.0,1.0,385.0,386.0,0.26,2021,8,24260,233,7,1.0,1.0,1.0,1.0,0.0,0.0,8.0,0.9999999999999999
2021-09-30,San Bernardino,CA,Passenger,1.0,0.0,1.0,384.0,385.0,0.26,2021,9,24261,233,8,1.0,1.0,1.0,1.0,0.0,0.0,9.0,1.0000000000000002
2021-10-31,San Bernardino,CA,Passenger,1.0,0.0,1.0,380.0,381.0,0.26,2021,10,24262,233,9,1.0,1.0,1.0,1.0,0.0,0.0,10.0,1.0000000000000002
2021-11-30,San Bernardino,CA,Passenger,1.0,1.0,2.0,379.0,381.0,0.52,2021,11,24263,233,10,1.0,1.0,1.0,1.0,1.0,1.0,12.0,1.1428571428571428
2021-12-31,San Bernardino,CA,Passenger,1.0,1.0,2.0,375.0,377.0,0.53,2021,12,24264,233,11,2.0,1.0,1.0,1.3333333333333333,0.0,1.0,14.0,1.3714285714285717
2022-01-31,San Bernardino,CA,Passenger,2.0,1.0,3.0,370.0,373.0,0.8,2022,1,24265,233,12,2.0,2.0,1.0,1.6666666666666667,0.5,2.0,17.0,1.7714285714285716
2022-02-28,San Bernardino,CA,Passenger,2.0,1.0,3.0,366.0,369.0,0.81,2022,2,24266,233,13,3.0,2.0,2.0,2.3333333333333335,0.0,0.5,20.0,2.2285714285714286
2022-03-31,San Bernardino,CA,Passenger,2.0,1.0,3.0,358.0,361.0,0.83,2022,3,24267,233,14,3.0,3.0,2.0,2.6666666666666665,0.0,0.5,23.0,2.628571428571428
2022-04-30,San Bernardino,CA,Passenger,2.0,1.0,3.0,358.0,361.0,0.83,2022,4,24268,233,15,3.0,3.0,3.0,3.0,0.0,0.0,26.0,2.8571428571428568
2022-05-31,San Bernardino,CA,Passenger,2.0,1.0,3.0,346.0,349.0,0.86,2022,5,24269,233,16,3.0,3.0,3.0,3.0,0.0,0.0,29.0,3.0000000000000013
2022-06-30,San Bernardino,CA,Passenger,2.0,1.0,3.0,343.0,346.0,0.87,2022,6,24270,233,17,3.0,3.0,3.0,3.0,0.0,0.0,32.0,3.000000000000001
2022-07-31,San Bernardino,CA,Passenger,2.0,1.0,3.0,335.0,338.0,0.89,2022,7,24271,233,18,3.0,3.0,3.0,3.0,0.0,0.0,35.0,3.0
2022-08-31,San Bernardino,CA,Passenger,2.0,1.0,3.0,329.0,332.0,0.9,2022,8,24272,233,19,3.0,3.0,3.0,3.0,0.0,0.0,38.0,3.000000000000001
2022-09-30,San Bernardino,CA,Passenger,2.0,1.0,3.0,326.0,329.0,0.91,2022,9,24273,233,20,3.0,3.0,3.0,3.0,0.0,0.0,41.0,3.0000000000000013
2022-10-31,San Bernardino,CA,Passenger,2.0,1.0,3.0,324.0,327.0,0.92,2022,10,24274,233,21,3.0,3.0,3.0,3.0,0.0,0.0,44.0,2.9999999999999996
2022-11-30,San Bernardino,CA,Passenger,2.0,1.0,3.0,323.0,326.0,0.92,2022,11,24275,233,22,3.0,3.0,3.0,3.0,0.0,0.0,47.0,3.0000000000000004
2022-12-31,San Bernardino,CA,Passenger,2.0,1.0,3.0,315.0,318.0,0.94,2022,12,24276,233,23,3.0,3.0,3.0,3.0,0.0,0.0,50.0,3.0000000000000013
2023-01-31,San Bernardino,CA,Passenger,3.0,1.0,4.0,312.0,316.0,1.27,2023,1,24277,233,24,3.0,3.0,3.0,3.0,0.33333333333333326,0.33333333333333326,54.0,3.142857142857144
2023-02-28,San Bernardino,CA,Passenger,3.0,1.0,4.0,308.0,312.0,1.28,2023,2,24278,233,25,4.0,3.0,3.0,3.3333333333333335,0.0,0.33333333333333326,58.0,3.3714285714285737
2023-03-31,San Bernardino,CA,Passenger,3.0,1.0,4.0,298.0,302.0,1.32,2023,3,24279,233,26,4.0,4.0,3.0,3.6666666666666665,0.0,0.33333333333333326,62.0,3.62857142857143
2023-04-30,San Bernardino,CA,Passenger,3.0,1.0,4.0,290.0,294.0,1.36,2023,4,24280,233,27,4.0,4.0,4.0,4.0,0.0,0.0,66.0,3.85714285714286
2023-05-31,San Bernardino,CA,Passenger,3.0,1.0,4.0,282.0,286.0,1.4,2023,5,24281,233,28,4.0,4.0,4.0,4.0,0.0,0.0,70.0,4.000000000000002
2023-06-30,San Bernardino,CA,Passenger,3.0,1.0,4.0,280.0,284.0,1.41,2023,6,24282,233,29,4.0,4.0,4.0,4.0,0.0,0.0,74.0,4.000000000000001
2023-07-31,San Bernardino,CA,Passenger,3.0,1.0,4.0,275.0,279.0,1.43,2023,7,24283,233,30,4.0,4.0,4.0,4.0,0.0,0.0,78.0,3.9999999999999982
2023-08-31,San Bernardino,CA,Passenger,3.0,1.0,4.0,272.0,276.0,1.45,2023,8,24284,233,31,4.0,4.0,4.0,4.0,0.0,0.0,82.0,4.000000000000005
2023-09-30,San Bernardino,CA,Passenger,3.0,1.0,4.0,263.0,267.0,1.5,2023,9,24285,233,32,4.0,4.0,4.0,4.0,0.0,0.0,86.0,4.000000000000005
2023-10-31,San Bernardino,CA,Passenger,3.0,1.0,4.0,256.0,260.0,1.54,2023,10,24286,233,33,4.0,4.0,4.0,4.0,0.0,0.0,90.0,4.000000000000002
2023-11-30,San Bernardino,CA,Passenger,3.0,1.0,4.0,251.0,255.0,1.57,2023,11,24287,233,34,4.0,4.0,4.0,4.0,0.0,0.0,94.0,4.000000000000005
2023-12-31,San Bernardino,CA,Passenger,2.0,1.0,3.0,243.0,246.0,1.22,2023,12,24288,233,35,4.0,4.0,4.0,4.0,-0.25,-0.25,97.0,3.8571428571428656
2024-01-31,San Bernardino,CA,Passenger,2.0,1.0,3.0,234.0,237.0,1.27,2024,1,24289,233,36,3.0,4.0,4.0,3.6666666666666665,0.0,-0.25,100.0,3.6285714285714357
2024-02-29,San Bernardino,CA,Passenger,2.0,1.0,3.0,225.0,228.0,1.32,2024,2,24290,233,37,3.0,3.0,4.0,3.3333333333333335,0.0,-0.25,103.0,3.3714285714285728
2018-09-30,San Francisco,CA,Passenger,1.0,1.0,2.0,121.0,123.0,1.63,2018,9,24225,235,5,2.0,2.0,2.0,2.0,0.0,0.0,10.0,1.8571428571428568
2018-10-31,San Francisco,CA,Passenger,1.0,1.0,2.0,119.0,121.0,1.65,2018,10,24226,235,6,2.0,2.0,2.0,2.0,0.0,0.0,12.0,1.9999999999999996
2018-11-30,San Francisco,CA,Passenger,2.0,1.0,3.0,121.0,124.0,2.42,2018,11,24227,235,7,2.0,2.0,2.0,2.0,0.5,0.5,15.0,2.1428571428571423
2018-12-31,San Francisco,CA,Passenger,2.0,1.0,3.0,119.0,122.0,2.46,2018,12,24228,235,8,3.0,2.0,2.0,2.3333333333333335,0.0,0.5,18.0,2.371428571428572
2019-01-31,San Francisco,CA,Passenger,2.0,1.0,3.0,119.0,122.0,2.46,2019,1,24229,235,9,3.0,3.0,2.0,2.6666666666666665,0.0,0.5,21.0,2.628571428571428
2019-02-28,San Francisco,CA,Passenger,2.0,1.0,3.0,119.0,122.0,2.46,2019,2,24230,235,10,3.0,3.0,3.0,3.0,0.0,0.0,24.0,2.8571428571428577
2019-03-31,San Francisco,CA,Passenger,2.0,1.0,3.0,116.0,119.0,2.52,2019,3,24231,235,11,3.0,3.0,3.0,3.0,0.0,0.0,27.0,2.9999999999999996
2019-04-30,San Francisco,CA,Passenger,2.0,1.0,3.0,116.0,119.0,2.52,2019,4,24232,235,12,3.0,3.0,3.0,3.0,0.0,0.0,30.0,3.0
2019-05-31,San Francisco,CA,Passenger,2.0,1.0,3.0,112.0,115.0,2.61,2019,5,24233,235,13,3.0,3.0,3.0,3.0,0.0,0.0,33.0,3.0000000000000018
2019-06-30,San Francisco,CA,Passenger,2.0,1.0,3.0,110.0,113.0,2.65,2019,6,24234,235,14,3.0,3.0,3.0,3.0,0.0,0.0,36.0,3.0000000000000004
2019-07-31,San Francisco,CA,Passenger,2.0,1.0,3.0,110.0,113.0,2.65,2019,7,24235,235,15,3.0,3.0,3.0,3.0,0.0,0.0,39.0,3.000000000000001
2019-08-31,San Francisco,CA,Passenger,2.0,1.0,3.0,111.0,114.0,2.63,2019,8,24236,235,16,3.0,3.0,3.0,3.0,0.0,0.0,42.0,3.0000000000000018
2019-09-30,San Francisco,CA,Passenger,2.0,1.0,3.0,110.0,113.0,2.65,2019,9,24237,235,17,3.0,3.0,3.0,3.0,0.0,0.0,45.0,3.0
2019-10-31,San Francisco,CA,Passenger,2.0,1.0,3.0,105.0,108.0,2.78,2019,10,24238,235,18,3.0,3.0,3.0,3.0,0.0,0.0,48.0,3.0
2019-11-30,San Francisco,CA,Passenger,2.0,1.0,3.0,106.0,109.0,2.75,2019,11,24239,235,19,3.0,3.0,3.0,3.0,0.0,0.0,51.0,3.0000000000000018
2019-12-31,San Francisco,CA,Passenger,2.0,1.0,3.0,106.0,109.0,2.75,2019,12,24240,235,20,3.0,3.0,3.0,3.0,0.0,0.0,54.0,3.000000000000004
2020-01-31,San Francisco,CA,Passenger,2.0,1.0,3.0,107.0,110.0,2.73,2020,1,24241,235,21,3.0,3.0,3.0,3.0,0.0,0.0,57.0,3.000000000000001
2020-02-29,San Francisco,CA,Passenger,2.0,1.0,3.0,106.0,109.0,2.75,2020,2,24242,235,22,3.0,3.0,3.0,3.0,0.0,0.0,60.0,3.0000000000000027
2020-03-31,San Francisco,CA,Passenger,2.0,1.0,3.0,105.0,108.0,2.78,2020,3,24243,235,23,3.0,3.0,3.0,3.0,0.0,0.0,63.0,3.0000000000000018
2020-04-30,San Francisco,CA,Passenger,2.0,1.0,3.0,104.0,107.0,2.8,2020,4,24244,235,24,3.0,3.0,3.0,3.0,0.0,0.0,66.0,3.0000000000000027
2020-05-31,San Francisco,CA,Passenger,1.0,1.0,2.0,102.0,104.0,1.92,2020,5,24245,235,25,3.0,3.0,3.0,3.0,-0.33333333333333337,-0.33333333333333337,68.0,2.85714285714286
2020-06-30,San Francisco,CA,Passenger,1.0,1.0,2.0,100.0,102.0,1.96,2020,6,24246,235,26,2.0,3.0,3.0,2.6666666666666665,0.0,-0.33333333333333337,70.0,2.628571428571429
2020-07-31,San Francisco,CA,Passenger,2.0,1.0,3.0,98.0,101.0,2.97,2020,7,24247,235,27,2.0,2.0,3.0,2.3333333333333335,0.5,0.0,73.0,2.514285714285716
2020-08-31,San Francisco,CA,Passenger,2.0,1.0,3.0,98.0,101.0,2.97,2020,8,24248,235,28,3.0,2.0,2.0,2.3333333333333335,0.0,0.5,76.0,2.514285714285718
2020-09-30,San Francisco,CA,Passenger,2.0,1.0,3.0,97.0,100.0,3.0,2020,9,24249,235,29,3.0,3.0,2.0,2.6666666666666665,0.0,0.5,79.0,2.628571428571433
2020-10-31,San Francisco,CA,Passenger,1.0,1.0,2.0,99.0,101.0,1.98,2020,10,24250,235,30,3.0,3.0,3.0,3.0,-0.33333333333333337,-0.33333333333333337,81.0,2.7142857142857126
2020-11-30,San Francisco,CA,Passenger,1.0,1.0,2.0,100.0,102.0,1.96,2020,11,24251,235,31,2.0,3.0,3.0,2.6666666666666665,0.0,-0.33333333333333337,83.0,2.628571428571433
2020-12-31,San Francisco,CA,Passenger,1.0,1.0,2.0,102.0,104.0,1.92,2020,12,24252,235,32,2.0,2.0,3.0,2.3333333333333335,0.0,-0.33333333333333337,85.0,2.371428571428576
2021-01-31,San Francisco,CA,Passenger,1.0,1.0,2.0,102.0,104.0,1.92,2021,1,24253,235,33,2.0,2.0,2.0,2.0,0.0,0.0,87.0,2.1428571428571517
2021-02-28,San Francisco,CA,Passenger,1.0,1.0,2.0,104.0,106.0,1.89,2021,2,24254,235,34,2.0,2.0,2.0,2.0,0.0,0.0,89.0,2.0000000000000058
2021-03-31,San Francisco,CA,Passenger,1.0,1.0,2.0,104.0,106.0,1.89,2021,3,24255,235,35,2.0,2.0,2.0,2.0,0.0,0.0,91.0,2.0000000000000098
2021-04-30,San Francisco,CA,Passenger,1.0,1.0,2.0,103.0,105.0,1.9,2021,4,24256,235,36,2.0,2.0,2.0,2.0,0.0,0.0,93.0,2.0000000000000058
2021-05-31,San Francisco,CA,Passenger,1.0,1.0,2.0,102.0,104.0,1.92,2021,5,24257,235,37,2.0,2.0,2.0,2.0,0.0,0.0,95.0,2.0000000000000058
2021-06-30,San Francisco,CA,Passenger,0.0,1.0,1.0,100.0,101.0,0.99,2021,6,24258,235,38,2.0,2.0,2.0,2.0,-0.5,-0.5,96.0,1.8571428571428579
2021-07-31,San Francisco,CA,Passenger,0.0,1.0,1.0,99.0,100.0,1.0,2021,7,24259,235,39,1.0,2.0,2.0,1.6666666666666667,0.0,-0.5,97.0,1.628571428571432
2021-08-31,San Francisco,CA,Passenger,0.0,1.0,1.0,99.0,100.0,1.0,2021,8,24260,235,40,1.0,1.0,2.0,1.3333333333333333,0.0,-0.5,98.0,1.3714285714285843
2021-09-30,San Francisco,CA,Passenger,0.0,1.0,1.0,98.0,99.0,1.01,2021,9,24261,235,41,1.0,1.0,1.0,1.0,0.0,0.0,99.0,1.1428571428571508
2021-10-31,San Francisco,CA,Passenger,0.0,1.0,1.0,101.0,102.0,0.98,2021,10,24262,235,42,1.0,1.0,1.0,1.0,0.0,0.0,100.0,1.0000000000000029
2021-11-30,San Francisco,CA,Passenger,0.0,1.0,1.0,100.0,101.0,0.99,2021,11,24263,235,43,1.0,1.0,1.0,1.0,0.0,0.0,101.0,1.0000000000000087
2021-12-31,San Francisco,CA,Passenger,0.0,1.0,1.0,101.0,102.0,0.98,2021,12,24264,235,44,1.0,1.0,1.0,1.0,0.0,0.0,102.0,1.0000000000000009
2022-01-31,San Francisco,CA,Passenger,0.0,1.0,1.0,97.0,98.0,1.02,2022,1,24265,235,45,1.0,1.0,1.0,1.0,0.0,0.0,103.0,1.0000000000000087
2022-02-28,San Francisco,CA,Passenger,0.0,1.0,1.0,96.0,97.0,1.03,2022,2,24266,235,46,1.0,1.0,1.0,1.0,0.0,0.0,104.0,1.0000000000000067
2019-09-30,San Joaquin,CA,Passenger,1.0,0.0,1.0,137.0,138.0,0.72,2019,9,24237,236,5,1.0,1.0,1.0,1.0,0.0,0.0,6.0,0.9999999999999998
2019-10-31,San Joaquin,CA,Passenger,1.0,0.0,1.0,140.0,141.0,0.71,2019,10,24238,236,6,1.0,1.0,1.0,1.0,0.0,0.0,7.0,0.9999999999999998
2019-11-30,San Joaquin,CA,Passenger,1.0,0.0,1.0,138.0,139.0,0.72,2019,11,24239,236,7,1.0,1.0,1.0,1.0,0.0,0.0,8.0,0.9999999999999999
2019-12-31,San Joaquin,CA,Passenger,1.0,0.0,1.0,140.0,141.0,0.71,2019,12,24240,236,8,1.0,1.0,1.0,1.0,0.0,0.0,9.0,1.0000000000000002
2020-01-31,San Joaquin,CA,Passenger,1.0,0.0,1.0,139.0,140.0,0.71,2020,1,24241,236,9,1.0,1.0,1.0,1.0,0.0,0.0,10.0,1.0000000000000002
2020-02-29,San Joaquin,CA,Passenger,1.0,0.0,1.0,138.0,139.0,0.72,2020,2,24242,236,10,1.0,1.0,1.0,1.0,0.0,0.0,11.0,1.0
2020-03-31,San Joaquin,CA,Passenger,1.0,0.0,1.0,135.0,136.0,0.74,2020,3,24243,236,11,1.0,1.0,1.0,1.0,0.0,0.0,12.0,1.0000000000000002
2020-04-30,San Joaquin,CA,Passenger,1.0,0.0,1.0,133.0,134.0,0.75,2020,4,24244,236,12,1.0,1.0,1.0,1.0,0.0,0.0,13.0,1.0000000000000002
2020-05-31,San Joaquin,CA,Passenger,1.0,0.0,1.0,130.0,131.0,0.76,2020,5,24245,236,13,1.0,1.0,1.0,1.0,0.0,0.0,14.0,1.0000000000000009
2020-06-30,San Joaquin,CA,Passenger,1.0,0.0,1.0,130.0,131.0,0.76,2020,6,24246,236,14,1.0,1.0,1.0,1.0,0.0,0.0,15.0,1.0000000000000007
2020-07-31,San Joaquin,CA,Passenger,1.0,0.0,1.0,129.0,130.0,0.77,2020,7,24247,236,15,1.0,1.0,1.0,1.0,0.0,0.0,16.0,1.0000000000000009
2020-08-31,San Joaquin,CA,Passenger,1.0,0.0,1.0,126.0,127.0,0.79,2020,8,24248,236,16,1.0,1.0,1.0,1.0,0.0,0.0,17.0,1.0
2020-09-30,San Joaquin,CA,Passenger,1.0,0.0,1.0,120.0,121.0,0.83,2020,9,24249,236,17,1.0,1.0,1.0,1.0,0.0,0.0,18.0,1.0000000000000002
2020-10-31,San Joaquin,CA,Passenger,1.0,0.0,1.0,118.0,119.0,0.84,2020,10,24250,236,18,1.0,1.0,1.0,1.0,0.0,0.0,19.0,1.000000000000002
2020-11-30,San Joaquin,CA,Passenger,1.0,0.0,1.0,115.0,116.0,0.86,2020,11,24251,236,19,1.0,1.0,1.0,1.0,0.0,0.0,20.0,0.9999999999999998
2020-12-31,San Joaquin,CA,Passenger,1.0,0.0,1.0,113.0,114.0,0.88,2020,12,24252,236,20,1.0,1.0,1.0,1.0,0.0,0.0,21.0,1.000000000000001
2021-01-31,San Joaquin,CA,Passenger,1.0,0.0,1.0,112.0,113.0,0.88,2021,1,24253,236,21,1.0,1.0,1.0,1.0,0.0,0.0,22.0,1.0000000000000013
2021-02-28,San Joaquin,CA,Passenger,1.0,0.0,1.0,113.0,114.0,0.88,2021,2,24254,236,22,1.0,1.0,1.0,1.0,0.0,0.0,23.0,1.0000000000000013
2021-03-31,San Joaquin,CA,Passenger,1.0,0.0,1.0,109.0,110.0,0.91,2021,3,24255,236,23,1.0,1.0,1.0,1.0,0.0,0.0,24.0,1.0000000000000004
2021-04-30,San Joaquin,CA,Passenger,1.0,0.0,1.0,110.0,111.0,0.9,2021,4,24256,236,24,1.0,1.0,1.0,1.0,0.0,0.0,25.0,1.0000000000000013
2021-05-31,San Joaquin,CA,Passenger,1.0,0.0,1.0,110.0,111.0,0.9,2021,5,24257,236,25,1.0,1.0,1.0,1.0,0.0,0.0,26.0,1.0000000000000013
2021-06-30,San Joaquin,CA,Passenger,1.0,0.0,1.0,111.0,112.0,0.89,2021,6,24258,236,26,1.0,1.0,1.0,1.0,0.0,0.0,27.0,1.0000000000000013
2021-07-31,San Joaquin,CA,Passenger,1.0,0.0,1.0,107.0,108.0,0.93,2021,7,24259,236,27,1.0,1.0,1.0,1.0,0.0,0.0,28.0,1.0000000000000013
2021-08-31,San Joaquin,CA,Passenger,1.0,0.0,1.0,106.0,107.0,0.93,2021,8,24260,236,28,1.0,1.0,1.0,1.0,0.0,0.0,29.0,1.0000000000000024
2021-09-30,San Joaquin,CA,Passenger,1.0,1.0,2.0,103.0,105.0,1.9,2021,9,24261,236,29,1.0,1.0,1.0,1.0,1.0,1.0,31.0,1.1428571428571455
2021-10-31,San Joaquin,CA,Passenger,1.0,1.0,2.0,102.0,104.0,1.92,2021,10,24262,236,30,2.0,1.0,1.0,1.3333333333333333,0.0,1.0,33.0,1.3714285714285714
2021-11-30,San Joaquin,CA,Passenger,1.0,1.0,2.0,101.0,103.0,1.94,2021,11,24263,236,31,2.0,2.0,1.0,1.6666666666666667,0.0,1.0,35.0,1.628571428571429
2021-12-31,San Joaquin,CA,Passenger,1.0,1.0,2.0,101.0,103.0,1.94,2021,12,24264,236,32,2.0,2.0,2.0,2.0,0.0,0.0,37.0,1.8571428571428596
2022-01-31,San Joaquin,CA,Passenger,1.0,1.0,2.0,97.0,99.0,2.02,2022,1,24265,236,33,2.0,2.0,2.0,2.0,0.0,0.0,39.0,1.9999999999999991
2022-02-28,San Joaquin,CA,Passenger,1.0,1.0,2.0,96.0,98.0,2.04,2022,2,24266,236,34,2.0,2.0,2.0,2.0,0.0,0.0,41.0,2.0000000000000027
2022-03-31,San Joaquin,CA,Passenger,1.0,1.0,2.0,96.0,98.0,2.04,2022,3,24267,236,35,2.0,2.0,2.0,2.0,0.0,0.0,43.0,2.0000000000000027
2022-04-30,San Joaquin,CA,Passenger,1.0,1.0,2.0,98.0,100.0,2.0,2022,4,24268,236,36,2.0,2.0,2.0,2.0,0.0,0.0,45.0,2.000000000000001
2022-05-31,San Joaquin,CA,Passenger,1.0,1.0,2.0,98.0,100.0,2.0,2022,5,24269,236,37,2.0,2.0,2.0,2.0,0.0,0.0,47.0,2.0000000000000027
2022-06-30,San Joaquin,CA,Passenger,1.0,1.0,2.0,94.0,96.0,2.08,2022,6,24270,236,38,2.0,2.0,2.0,2.0,0.0,0.0,49.0,2.000000000000001
2022-07-31,San Joaquin,CA,Passenger,1.0,1.0,2.0,91.0,93.0,2.15,2022,7,24271,236,39,2.0,2.0,2.0,2.0,0.0,0.0,51.0,2.0000000000000018
2022-08-31,San Joaquin,CA,Passenger,1.0,1.0,2.0,90.0,92.0,2.17,2022,8,24272,236,40,2.0,2.0,2.0,2.0,0.0,0.0,53.0,2.0000000000000027
2022-09-30,San Joaquin,CA,Passenger,1.0,0.0,1.0,89.0,90.0,1.11,2022,9,24273,236,41,2.0,2.0,2.0,2.0,-0.5,-0.5,54.0,1.8571428571428568
2022-10-31,San Joaquin,CA,Passenger,1.0,0.0,1.0,87.0,88.0,1.14,2022,10,24274,236,42,1.0,2.0,2.0,1.6666666666666667,0.0,-0.5,55.0,1.628571428571429
2022-11-30,San Joaquin,CA,Passenger,1.0,0.0,1.0,87.0,88.0,1.14,2022,11,24275,236,43,1.0,1.0,2.0,1.3333333333333333,0.0,-0.5,56.0,1.3714285714285739
2022-12-31,San Joaquin,CA,Passenger,1.0,0.0,1.0,86.0,87.0,1.15,2022,12,24276,236,44,1.0,1.0,1.0,1.0,0.0,0.0,57.0,1.142857142857148
2023-01-31,San Joaquin,CA,Passenger,1.0,1.0,2.0,85.0,87.0,2.3,2023,1,24277,236,45,1.0,1.0,1.0,1.0,1.0,1.0,59.0,1.142857142857148
2023-02-28,San Joaquin,CA,Passenger,1.0,1.0,2.0,84.0,86.0,2.33,2023,2,24278,236,46,2.0,1.0,1.0,1.3333333333333333,0.0,1.0,61.0,1.3714285714285768
2023-03-31,San Joaquin,CA,Passenger,0.0,1.0,1.0,79.0,80.0,1.25,2023,3,24279,236,47,2.0,2.0,1.0,1.6666666666666667,-0.5,0.0,62.0,1.485714285714284
2023-04-30,San Joaquin,CA,Passenger,0.0,1.0,1.0,82.0,83.0,1.2,2023,4,24280,236,48,1.0,2.0,2.0,1.6666666666666667,0.0,-0.5,63.0,1.485714285714286
2023-05-31,San Joaquin,CA,Passenger,0.0,1.0,1.0,78.0,79.0,1.27,2023,5,24281,236,49,1.0,1.0,2.0,1.3333333333333333,0.0,-0.5,64.0,1.3714285714285748
2023-06-30,San Joaquin,CA,Passenger,0.0,1.0,1.0,75.0,76.0,1.32,2023,6,24282,236,50,1.0,1.0,1.0,1.0,0.0,0.0,65.0,1.142857142857147
2023-07-31,San Joaquin,CA,Passenger,0.0,1.0,1.0,70.0,71.0,1.41,2023,7,24283,236,51,1.0,1.0,1.0,1.0,0.0,0.0,66.0,1.0000000000000029
2023-08-31,San Joaquin,CA,Passenger,0.0,1.0,1.0,68.0,69.0,1.45,2023,8,24284,236,52,1.0,1.0,1.0,1.0,0.0,0.0,67.0,1.0000000000000049
2023-09-30,San Joaquin,CA,Passenger,0.0,1.0,1.0,64.0,65.0,1.54,2023,9,24285,236,53,1.0,1.0,1.0,1.0,0.0,0.0,68.0,1.0000000000000087
2023-10-31,San Joaquin,CA,Passenger,0.0,1.0,1.0,62.0,63.0,1.59,2023,10,24286,236,54,1.0,1.0,1.0,1.0,0.0,0.0,69.0,1.0000000000000067
2023-11-30,San Joaquin,CA,Passenger,0.0,1.0,1.0,61.0,62.0,1.61,2023,11,24287,236,55,1.0,1.0,1.0,1.0,0.0,0.0,70.0,1.0000000000000049
2018-07-31,San Juan,PR,Passenger,0.0,1.0,1.0,4.0,5.0,6.9025,2018,7,24223,237,37,211.0,206.0,0.0,139.0,-0.995260663507109,0.0,3119.0,129.48571428571438
2018-08-31,San Juan,PR,Passenger,0.0,1.0,1.0,4.0,5.0,6.9025,2018,8,24224,237,40,0.0,0.0,1.0,0.3333333333333333,0.0,0.0,3120.0,30.514285714285645
2018-09-30,San Juan,PR,Passenger,0.0,1.0,1.0,4.0,5.0,6.9025,2018,9,24225,237,44,229.0,0.0,218.0,149.0,-0.9956331877729258,-0.9954128440366973,3568.0,102.45714285714308
2018-10-31,San Juan,PR,Passenger,0.0,1.0,1.0,4.0,5.0,6.9025,2018,10,24226,237,47,238.0,0.0,1.0,79.66666666666667,-0.9957983193277311,0.0,3807.0,87.4857142857145
2018-11-30,San Juan,PR,Passenger,0.0,1.0,1.0,5.0,6.0,6.9025,2018,11,24227,237,50,0.0,244.0,1.0,81.66666666666667,0.0,0.0,4052.0,97.11428571428597
2018-12-31,San Juan,PR,Passenger,0.0,1.0,1.0,5.0,6.0,6.9025,2018,12,24228,237,51,1.0,0.0,244.0,81.66666666666667,0.0,-0.9959016393442623,4053.0,56.285714285714626
2019-01-31,San Juan,PR,Passenger,0.0,1.0,1.0,5.0,6.0,6.9025,2019,1,24229,237,54,0.0,252.0,1.0,84.33333333333333,0.0,0.0,4306.0,65.31428571428579
2019-02-28,San Juan,PR,Passenger,0.0,1.0,1.0,3.0,4.0,6.9025,2019,2,24230,237,59,262.0,0.0,0.0,87.33333333333333,-0.9961832061068703,0.0,4827.0,96.88571428571447
2019-03-31,San Juan,PR,Passenger,0.0,1.0,1.0,3.0,4.0,6.9025,2019,3,24231,237,61,0.0,1.0,262.0,87.66666666666667,0.0,-0.9961832061068703,4828.0,60.28571428571477
2019-04-30,San Juan,PR,Passenger,0.0,1.0,1.0,3.0,4.0,6.9025,2019,4,24232,237,65,273.0,0.0,267.0,180.0,-0.9963369963369964,-0.9962546816479401,5369.0,123.71428571428575
2019-05-31,San Juan,PR,Passenger,0.0,1.0,1.0,3.0,4.0,6.9025,2019,5,24233,237,66,1.0,273.0,0.0,91.33333333333333,0.0,0.0,5370.0,108.71428571428598
2022-01-31,San Luis Obispo,CA,Passenger,1.0,0.0,1.0,62.0,63.0,1.59,2022,1,24265,238,5,1.0,1.0,1.0,1.0,0.0,0.0,6.0,0.9999999999999998
2022-02-28,San Luis Obispo,CA,Passenger,1.0,0.0,1.0,62.0,63.0,1.59,2022,2,24266,238,6,1.0,1.0,1.0,1.0,0.0,0.0,7.0,0.9999999999999998
2022-03-31,San Luis Obispo,CA,Passenger,1.0,0.0,1.0,62.0,63.0,1.59,2022,3,24267,238,7,1.0,1.0,1.0,1.0,0.0,0.0,8.0,0.9999999999999999
2022-04-30,San Luis Obispo,CA,Passenger,1.0,0.0,1.0,62.0,63.0,1.59,2022,4,24268,238,8,1.0,1.0,1.0,1.0,0.0,0.0,9.0,1.0000000000000002
2022-05-31,San Luis Obispo,CA,Passenger,1.0,0.0,1.0,61.0,62.0,1.61,2022,5,24269,238,9,1.0,1.0,1.0,1.0,0.0,0.0,10.0,1.0000000000000002
2022-06-30,San Luis Obispo,CA,Passenger,1.0,0.0,1.0,60.0,61.0,1.64,2022,6,24270,238,10,1.0,1.0,1.0,1.0,0.0,0.0,11.0,1.0
2017-06-30,San Mateo,CA,Passenger,0.0,1.0,1.0,153.0,154.0,0.65,2017,6,24210,239,5,1.0,1.0,1.0,1.0,0.0,0.0,6.0,0.9999999999999998
2017-07-31,San Mateo,CA,Passenger,0.0,1.0,1.0,153.0,154.0,0.65,2017,7,24211,239,6,1.0,1.0,1.0,1.0,0.0,0.0,7.0,0.9999999999999998
2017-08-31,San Mateo,CA,Passenger,0.0,1.0,1.0,152.0,153.0,0.65,2017,8,24212,239,7,1.0,1.0,1.0,1.0,0.0,0.0,8.0,0.9999999999999999
2017-09-30,San Mateo,CA,Passenger,0.0,1.0,1.0,149.0,150.0,0.67,2017,9,24213,239,8,1.0,1.0,1.0,1.0,0.0,0.0,9.0,1.0000000000000002
2017-10-31,San Mateo,CA,Passenger,0.0,1.0,1.0,151.0,152.0,0.66,2017,10,24214,239,9,1.0,1.0,1.0,1.0,0.0,0.0,10.0,1.0000000000000002
2017-11-30,San Mateo,CA,Passenger,0.0,1.0,1.0,149.0,150.0,0.67,2017,11,24215,239,10,1.0,1.0,1.0,1.0,0.0,0.0,11.0,1.0
2017-12-31,San Mateo,CA,Passenger,0.0,1.0,1.0,149.0,150.0,0.67,2017,12,24216,239,11,1.0,1.0,1.0,1.0,0.0,0.0,12.0,1.0000000000000002
2018-01-31,San Mateo,CA,Passenger,0.0,1.0,1.0,144.0,145.0,0.69,2018,1,24217,239,12,1.0,1.0,1.0,1.0,0.0,0.0,13.0,1.0000000000000002
2018-02-28,San Mateo,CA,Passenger,0.0,1.0,1.0,140.0,141.0,0.71,2018,2,24218,239,13,1.0,1.0,1.0,1.0,0.0,0.0,14.0,1.0000000000000009
2018-03-31,San Mateo,CA,Passenger,1.0,1.0,2.0,136.0,138.0,1.45,2018,3,24219,239,14,1.0,1.0,1.0,1.0,1.0,1.0,16.0,1.1428571428571435
2018-04-30,San Mateo,CA,Passenger,1.0,1.0,2.0,135.0,137.0,1.46,2018,4,24220,239,15,2.0,1.0,1.0,1.3333333333333333,0.0,1.0,18.0,1.3714285714285723
2018-05-31,San Mateo,CA,Passenger,1.0,1.0,2.0,137.0,139.0,1.44,2018,5,24221,239,16,2.0,2.0,1.0,1.6666666666666667,0.0,1.0,20.0,1.6285714285714294
2018-06-30,San Mateo,CA,Passenger,1.0,1.0,2.0,134.0,136.0,1.47,2018,6,24222,239,17,2.0,2.0,2.0,2.0,0.0,0.0,22.0,1.8571428571428574
2018-07-31,San Mateo,CA,Passenger,1.0,1.0,2.0,133.0,135.0,1.48,2018,7,24223,239,18,2.0,2.0,2.0,2.0,0.0,0.0,24.0,2.0000000000000004
2018-08-31,San Mateo,CA,Passenger,1.0,1.0,2.0,137.0,139.0,1.44,2018,8,24224,239,19,2.0,2.0,2.0,2.0,0.0,0.0,26.0,2.0000000000000004
2018-09-30,San Mateo,CA,Passenger,1.0,1.0,2.0,137.0,139.0,1.44,2018,9,24225,239,20,2.0,2.0,2.0,2.0,0.0,0.0,28.0,2.0000000000000018
2018-10-31,San Mateo,CA,Passenger,1.0,1.0,2.0,133.0,135.0,1.48,2018,10,24226,239,21,2.0,2.0,2.0,2.0,0.0,0.0,30.0,2.0000000000000013
2018-11-30,San Mateo,CA,Passenger,2.0,1.0,3.0,133.0,136.0,2.21,2018,11,24227,239,22,2.0,2.0,2.0,2.0,0.5,0.5,33.0,2.1428571428571446
2018-12-31,San Mateo,CA,Passenger,2.0,1.0,3.0,133.0,136.0,2.21,2018,12,24228,239,23,3.0,2.0,2.0,2.3333333333333335,0.0,0.5,36.0,2.3714285714285728
2019-01-31,San Mateo,CA,Passenger,2.0,1.0,3.0,132.0,135.0,2.22,2019,1,24229,239,24,3.0,3.0,2.0,2.6666666666666665,0.0,0.5,39.0,2.62857142857143
2019-02-28,San Mateo,CA,Passenger,2.0,1.0,3.0,131.0,134.0,2.24,2019,2,24230,239,25,3.0,3.0,3.0,3.0,0.0,0.0,42.0,2.8571428571428608
2019-03-31,San Mateo,CA,Passenger,2.0,1.0,3.0,132.0,135.0,2.22,2019,3,24231,239,26,3.0,3.0,3.0,3.0,0.0,0.0,45.0,3.0
2019-04-30,San Mateo,CA,Passenger,2.0,1.0,3.0,127.0,130.0,2.31,2019,4,24232,239,27,3.0,3.0,3.0,3.0,0.0,0.0,48.0,3.0
2019-05-31,San Mateo,CA,Passenger,2.0,1.0,3.0,128.0,131.0,2.29,2019,5,24233,239,28,3.0,3.0,3.0,3.0,0.0,0.0,51.0,3.0000000000000018
2019-06-30,San Mateo,CA,Passenger,2.0,1.0,3.0,120.0,123.0,2.44,2019,6,24234,239,29,3.0,3.0,3.0,3.0,0.0,0.0,54.0,3.000000000000004
2019-07-31,San Mateo,CA,Passenger,2.0,1.0,3.0,123.0,126.0,2.38,2019,7,24235,239,30,3.0,3.0,3.0,3.0,0.0,0.0,57.0,3.000000000000001
2019-08-31,San Mateo,CA,Passenger,2.0,1.0,3.0,122.0,125.0,2.4,2019,8,24236,239,31,3.0,3.0,3.0,3.0,0.0,0.0,60.0,3.0000000000000027
2019-09-30,San Mateo,CA,Passenger,2.0,1.0,3.0,127.0,130.0,2.31,2019,9,24237,239,32,3.0,3.0,3.0,3.0,0.0,0.0,63.0,3.0000000000000018
2019-10-31,San Mateo,CA,Passenger,1.0,1.0,2.0,128.0,130.0,1.54,2019,10,24238,239,33,3.0,3.0,3.0,3.0,-0.33333333333333337,-0.33333333333333337,65.0,2.857142857142859
2019-11-30,San Mateo,CA,Passenger,1.0,1.0,2.0,130.0,132.0,1.52,2019,11,24239,239,34,2.0,3.0,3.0,2.6666666666666665,0.0,-0.33333333333333337,67.0,2.628571428571431
2019-12-31,San Mateo,CA,Passenger,1.0,1.0,2.0,128.0,130.0,1.54,2019,12,24240,239,35,2.0,2.0,3.0,2.3333333333333335,0.0,-0.33333333333333337,69.0,2.3714285714285737
2020-01-31,San Mateo,CA,Passenger,1.0,1.0,2.0,125.0,127.0,1.57,2020,1,24241,239,36,2.0,2.0,2.0,2.0,0.0,0.0,71.0,2.1428571428571517
2020-02-29,San Mateo,CA,Passenger,0.0,1.0,1.0,125.0,126.0,0.79,2020,2,24242,239,37,2.0,2.0,2.0,2.0,-0.5,-0.5,72.0,1.8571428571428616
2020-03-31,San Mateo,CA,Passenger,0.0,1.0,1.0,123.0,124.0,0.81,2020,3,24243,239,38,1.0,2.0,2.0,1.6666666666666667,0.0,-0.5,73.0,1.6285714285714339
2020-04-30,San Mateo,CA,Passenger,0.0,1.0,1.0,126.0,127.0,0.79,2020,4,24244,239,39,1.0,1.0,2.0,1.3333333333333333,0.0,-0.5,74.0,1.3714285714285768
2020-05-31,San Mateo,CA,Passenger,0.0,1.0,1.0,123.0,124.0,0.81,2020,5,24245,239,40,1.0,1.0,1.0,1.0,0.0,0.0,75.0,1.1428571428571508
2020-06-30,San Mateo,CA,Passenger,0.0,1.0,1.0,120.0,121.0,0.83,2020,6,24246,239,41,1.0,1.0,1.0,1.0,0.0,0.0,76.0,1.0000000000000049
2020-07-31,San Mateo,CA,Passenger,0.0,1.0,1.0,118.0,119.0,0.84,2020,7,24247,239,42,1.0,1.0,1.0,1.0,0.0,0.0,77.0,1.0000000000000087
2020-08-31,San Mateo,CA,Passenger,0.0,1.0,1.0,115.0,116.0,0.86,2020,8,24248,239,43,1.0,1.0,1.0,1.0,0.0,0.0,78.0,1.0000000000000049
2020-09-30,San Mateo,CA,Passenger,0.0,1.0,1.0,115.0,116.0,0.86,2020,9,24249,239,44,1.0,1.0,1.0,1.0,0.0,0.0,79.0,1.0000000000000029
2020-10-31,San Mateo,CA,Passenger,1.0,1.0,2.0,115.0,117.0,1.71,2020,10,24250,239,45,1.0,1.0,1.0,1.0,1.0,1.0,81.0,1.1428571428571488
2020-11-30,San Mateo,CA,Passenger,1.0,1.0,2.0,118.0,120.0,1.67,2020,11,24251,239,46,2.0,1.0,1.0,1.3333333333333333,0.0,1.0,83.0,1.3714285714285748
2020-12-31,San Mateo,CA,Passenger,1.0,1.0,2.0,117.0,119.0,1.68,2020,12,24252,239,47,2.0,2.0,1.0,1.6666666666666667,0.0,1.0,85.0,1.6285714285714357
2021-01-31,San Mateo,CA,Passenger,1.0,1.0,2.0,116.0,118.0,1.69,2021,1,24253,239,48,2.0,2.0,2.0,2.0,0.0,0.0,87.0,1.8571428571428636
2021-02-28,San Mateo,CA,Passenger,1.0,1.0,2.0,114.0,116.0,1.72,2021,2,24254,239,49,2.0,2.0,2.0,2.0,0.0,0.0,89.0,2.0000000000000058
2021-03-31,San Mateo,CA,Passenger,1.0,1.0,2.0,112.0,114.0,1.75,2021,3,24255,239,50,2.0,2.0,2.0,2.0,0.0,0.0,91.0,2.0000000000000098
2021-04-30,San Mateo,CA,Passenger,1.0,1.0,2.0,112.0,114.0,1.75,2021,4,24256,239,51,2.0,2.0,2.0,2.0,0.0,0.0,93.0,2.0000000000000058
2021-05-31,San Mateo,CA,Passenger,1.0,0.0,1.0,113.0,114.0,0.88,2021,5,24257,239,52,2.0,2.0,2.0,2.0,-0.5,-0.5,94.0,1.8571428571428674
2021-06-30,San Mateo,CA,Passenger,1.0,0.0,1.0,110.0,111.0,0.9,2021,6,24258,239,53,1.0,2.0,2.0,1.6666666666666667,0.0,-0.5,95.0,1.62857142857143
2021-07-31,San Mateo,CA,Passenger,1.0,0.0,1.0,105.0,106.0,0.94,2021,7,24259,239,54,1.0,1.0,2.0,1.3333333333333333,0.0,-0.5,96.0,1.3714285714285768
2021-08-31,San Mateo,CA,Passenger,1.0,0.0,1.0,102.0,103.0,0.97,2021,8,24260,239,55,1.0,1.0,1.0,1.0,0.0,0.0,97.0,1.1428571428571508
2021-09-30,San Mateo,CA,Passenger,1.0,0.0,1.0,98.0,99.0,1.01,2021,9,24261,239,56,1.0,1.0,1.0,1.0,0.0,0.0,98.0,1.0000000000000049
2021-10-31,San Mateo,CA,Passenger,2.0,0.0,2.0,93.0,95.0,2.11,2021,10,24262,239,57,1.0,1.0,1.0,1.0,1.0,1.0,100.0,1.1428571428571528
2021-11-30,San Mateo,CA,Passenger,2.0,0.0,2.0,89.0,91.0,2.2,2021,11,24263,239,58,2.0,1.0,1.0,1.3333333333333333,0.0,1.0,102.0,1.3714285714285843
2021-12-31,San Mateo,CA,Passenger,2.0,0.0,2.0,88.0,90.0,2.22,2021,12,24264,239,59,2.0,2.0,1.0,1.6666666666666667,0.0,1.0,104.0,1.6285714285714394
2022-01-31,San Mateo,CA,Passenger,2.0,0.0,2.0,87.0,89.0,2.25,2022,1,24265,239,60,2.0,2.0,2.0,2.0,0.0,0.0,106.0,1.8571428571428596
2022-02-28,San Mateo,CA,Passenger,2.0,0.0,2.0,86.0,88.0,2.27,2022,2,24266,239,61,2.0,2.0,2.0,2.0,0.0,0.0,108.0,2.0000000000000098
2022-03-31,San Mateo,CA,Passenger,2.0,0.0,2.0,86.0,88.0,2.27,2022,3,24267,239,62,2.0,2.0,2.0,2.0,0.0,0.0,110.0,2.0000000000000075
2022-04-30,San Mateo,CA,Passenger,2.0,0.0,2.0,87.0,89.0,2.25,2022,4,24268,239,63,2.0,2.0,2.0,2.0,0.0,0.0,112.0,2.0
2022-05-31,San Mateo,CA,Passenger,2.0,0.0,2.0,88.0,90.0,2.22,2022,5,24269,239,64,2.0,2.0,2.0,2.0,0.0,0.0,114.0,2.000000000000004
2022-06-30,San Mateo,CA,Passenger,2.0,0.0,2.0,87.0,89.0,2.25,2022,6,24270,239,65,2.0,2.0,2.0,2.0,0.0,0.0,116.0,2.0000000000000075
2022-07-31,San Mateo,CA,Passenger,2.0,0.0,2.0,84.0,86.0,2.33,2022,7,24271,239,66,2.0,2.0,2.0,2.0,0.0,0.0,118.0,2.0000000000000075
2022-08-31,San Mateo,CA,Passenger,1.0,0.0,1.0,80.0,81.0,1.23,2022,8,24272,239,67,2.0,2.0,2.0,2.0,-0.5,-0.5,119.0,1.8571428571428616
2022-09-30,San Mateo,CA,Passenger,1.0,0.0,1.0,80.0,81.0,1.23,2022,9,24273,239,68,1.0,2.0,2.0,1.6666666666666667,0.0,-0.5,120.0,1.628571428571432
2023-02-28,San Mateo,CA,Passenger,1.0,0.0,1.0,72.0,73.0,1.37,2023,2,24278,239,69,1.0,1.0,2.0,1.3333333333333333,0.0,-0.5,121.0,1.3714285714285748
2023-03-31,San Mateo,CA,Passenger,1.0,0.0,1.0,70.0,71.0,1.41,2023,3,24279,239,70,1.0,1.0,1.0,1.0,0.0,0.0,122.0,1.1428571428571488
2023-04-30,San Mateo,CA,Passenger,2.0,0.0,2.0,69.0,71.0,2.82,2023,4,24280,239,71,1.0,1.0,1.0,1.0,1.0,1.0,124.0,1.1428571428571528
2023-05-31,San Mateo,CA,Passenger,2.0,0.0,2.0,65.0,67.0,2.99,2023,5,24281,239,72,2.0,1.0,1.0,1.3333333333333333,0.0,1.0,126.0,1.3714285714285785
2023-06-30,San Mateo,CA,Passenger,2.0,0.0,2.0,64.0,66.0,3.03,2023,6,24282,239,73,2.0,2.0,1.0,1.6666666666666667,0.0,1.0,128.0,1.6285714285714357
2023-07-31,San Mateo,CA,Passenger,2.0,0.0,2.0,61.0,63.0,3.17,2023,7,24283,239,74,2.0,2.0,2.0,2.0,0.0,0.0,130.0,1.8571428571428694
2023-08-31,San Mateo,CA,Passenger,2.0,0.0,2.0,59.0,61.0,3.28,2023,8,24284,239,75,2.0,2.0,2.0,2.0,0.0,0.0,132.0,2.0000000000000058
2023-09-30,San Mateo,CA,Passenger,2.0,0.0,2.0,58.0,60.0,3.33,2023,9,24285,239,76,2.0,2.0,2.0,2.0,0.0,0.0,134.0,2.0000000000000098
2023-10-31,San Mateo,CA,Passenger,2.0,0.0,2.0,54.0,56.0,3.57,2023,10,24286,239,77,2.0,2.0,2.0,2.0,0.0,0.0,136.0,2.0000000000000173
2023-11-30,San Mateo,CA,Passenger,2.0,0.0,2.0,54.0,56.0,3.57,2023,11,24287,239,78,2.0,2.0,2.0,2.0,0.0,0.0,138.0,2.0000000000000133
2023-12-31,San Mateo,CA,Passenger,2.0,0.0,2.0,52.0,54.0,3.7,2023,12,24288,239,79,2.0,2.0,2.0,2.0,0.0,0.0,140.0,2.0000000000000098
2024-01-31,San Mateo,CA,Passenger,2.0,0.0,2.0,50.0,52.0,3.85,2024,1,24289,239,80,2.0,2.0,2.0,2.0,0.0,0.0,142.0,2.0000000000000098
2024-02-29,San Mateo,CA,Passenger,2.0,0.0,2.0,52.0,54.0,3.7,2024,2,24290,239,81,2.0,2.0,2.0,2.0,0.0,0.0,144.0,2.0000000000000133
2017-11-30,Sangamon,IL,Passenger,1.0,0.0,1.0,11.0,12.0,6.9025,2017,11,24215,240,5,1.0,1.0,1.0,1.0,0.0,0.0,6.0,0.9999999999999998
2017-12-31,Sangamon,IL,Passenger,1.0,0.0,1.0,10.0,11.0,6.9025,2017,12,24216,240,6,1.0,1.0,1.0,1.0,0.0,0.0,7.0,0.9999999999999998
2018-01-31,Sangamon,IL,Passenger,1.0,0.0,1.0,11.0,12.0,6.9025,2018,1,24217,240,7,1.0,1.0,1.0,1.0,0.0,0.0,8.0,0.9999999999999999
2018-02-28,Sangamon,IL,Passenger,1.0,0.0,1.0,11.0,12.0,6.9025,2018,2,24218,240,8,1.0,1.0,1.0,1.0,0.0,0.0,9.0,1.0000000000000002
2018-03-31,Sangamon,IL,Passenger,1.0,0.0,1.0,11.0,12.0,6.9025,2018,3,24219,240,9,1.0,1.0,1.0,1.0,0.0,0.0,10.0,1.0000000000000002
2018-04-30,Sangamon,IL,Passenger,1.0,0.0,1.0,11.0,12.0,6.9025,2018,4,24220,240,10,1.0,1.0,1.0,1.0,0.0,0.0,11.0,1.0
2018-05-31,Sangamon,IL,Passenger,1.0,0.0,1.0,11.0,12.0,6.9025,2018,5,24221,240,11,1.0,1.0,1.0,1.0,0.0,0.0,12.0,1.0000000000000002
2018-06-30,Sangamon,IL,Passenger,1.0,0.0,1.0,11.0,12.0,6.9025,2018,6,24222,240,12,1.0,1.0,1.0,1.0,0.0,0.0,13.0,1.0000000000000002
2018-07-31,Sangamon,IL,Passenger,1.0,0.0,1.0,11.0,12.0,6.9025,2018,7,24223,240,13,1.0,1.0,1.0,1.0,0.0,0.0,14.0,1.0000000000000009
2018-08-31,Sangamon,IL,Passenger,1.0,0.0,1.0,11.0,12.0,6.9025,2018,8,24224,240,14,1.0,1.0,1.0,1.0,0.0,0.0,15.0,1.0000000000000007
2018-09-30,Sangamon,IL,Passenger,1.0,0.0,1.0,11.0,12.0,6.9025,2018,9,24225,240,15,1.0,1.0,1.0,1.0,0.0,0.0,16.0,1.0000000000000009
2018-10-31,Sangamon,IL,Passenger,1.0,0.0,1.0,11.0,12.0,6.9025,2018,10,24226,240,16,1.0,1.0,1.0,1.0,0.0,0.0,17.0,1.0
2018-11-30,Sangamon,IL,Passenger,1.0,0.0,1.0,9.0,10.0,6.9025,2018,11,24227,240,17,1.0,1.0,1.0,1.0,0.0,0.0,18.0,1.0000000000000002
2018-12-31,Sangamon,IL,Passenger,1.0,0.0,1.0,9.0,10.0,6.9025,2018,12,24228,240,18,1.0,1.0,1.0,1.0,0.0,0.0,19.0,1.000000000000002
2019-01-31,Sangamon,IL,Passenger,1.0,0.0,1.0,8.0,9.0,6.9025,2019,1,24229,240,19,1.0,1.0,1.0,1.0,0.0,0.0,20.0,0.9999999999999998
2019-02-28,Sangamon,IL,Passenger,2.0,0.0,2.0,7.0,9.0,6.9025,2019,2,24230,240,20,1.0,1.0,1.0,1.0,1.0,1.0,22.0,1.1428571428571432
2019-03-31,Sangamon,IL,Passenger,2.0,0.0,2.0,7.0,9.0,6.9025,2019,3,24231,240,21,2.0,1.0,1.0,1.3333333333333333,0.0,1.0,24.0,1.371428571428573
2019-04-30,Sangamon,IL,Passenger,2.0,0.0,2.0,7.0,9.0,6.9025,2019,4,24232,240,22,2.0,2.0,1.0,1.6666666666666667,0.0,1.0,26.0,1.6285714285714294
2019-05-31,Sangamon,IL,Passenger,1.0,0.0,1.0,7.0,8.0,6.9025,2019,5,24233,240,23,2.0,2.0,2.0,2.0,-0.5,-0.5,27.0,1.7142857142857166
2019-06-30,Sangamon,IL,Passenger,1.0,0.0,1.0,6.0,7.0,6.9025,2019,6,24234,240,24,1.0,2.0,2.0,1.6666666666666667,0.0,-0.5,28.0,1.62857142857143
2019-07-31,Sangamon,IL,Passenger,1.0,0.0,1.0,6.0,7.0,6.9025,2019,7,24235,240,25,1.0,1.0,2.0,1.3333333333333333,0.0,-0.5,29.0,1.3714285714285723
2019-08-31,Sangamon,IL,Passenger,1.0,0.0,1.0,6.0,7.0,6.9025,2019,8,24236,240,26,1.0,1.0,1.0,1.0,0.0,0.0,30.0,1.1428571428571437
2019-09-30,Sangamon,IL,Passenger,1.0,0.0,1.0,6.0,7.0,6.9025,2019,9,24237,240,27,1.0,1.0,1.0,1.0,0.0,0.0,31.0,1.0000000000000009
2019-10-31,Sangamon,IL,Passenger,1.0,0.0,1.0,5.0,6.0,6.9025,2019,10,24238,240,28,1.0,1.0,1.0,1.0,0.0,0.0,32.0,1.000000000000002
2019-11-30,Sangamon,IL,Passenger,1.0,0.0,1.0,5.0,6.0,6.9025,2019,11,24239,240,29,1.0,1.0,1.0,1.0,0.0,0.0,33.0,1.0000000000000038
2017-06-30,Santa Clara,CA,Passenger,5.0,2.0,7.0,407.0,414.0,1.69,2017,6,24210,242,5,7.0,8.0,8.0,7.666666666666667,0.0,-0.125,46.0,7.628571428571428
2017-07-31,Santa Clara,CA,Passenger,5.0,2.0,7.0,407.0,414.0,1.69,2017,7,24211,242,6,7.0,7.0,8.0,7.333333333333333,0.0,-0.125,53.0,7.371428571428569
2017-08-31,Santa Clara,CA,Passenger,5.0,2.0,7.0,400.0,407.0,1.72,2017,8,24212,242,7,7.0,7.0,7.0,7.0,0.0,0.0,60.0,7.142857142857142
2017-09-30,Santa Clara,CA,Passenger,5.0,2.0,7.0,395.0,402.0,1.74,2017,9,24213,242,8,7.0,7.0,7.0,7.0,0.0,0.0,67.0,6.999999999999999
2017-10-31,Santa Clara,CA,Passenger,6.0,1.0,7.0,393.0,400.0,1.75,2017,10,24214,242,9,7.0,7.0,7.0,7.0,0.0,0.0,74.0,7.000000000000001
2017-11-30,Santa Clara,CA,Passenger,7.0,1.0,8.0,392.0,400.0,2.0,2017,11,24215,242,10,7.0,7.0,7.0,7.0,0.1428571428571428,0.1428571428571428,82.0,7.142857142857145
2017-12-31,Santa Clara,CA,Passenger,7.0,1.0,8.0,390.0,398.0,2.01,2017,12,24216,242,11,8.0,7.0,7.0,7.333333333333333,0.0,0.1428571428571428,90.0,7.371428571428571
2018-01-31,Santa Clara,CA,Passenger,7.0,1.0,8.0,396.0,404.0,1.98,2018,1,24217,242,12,8.0,8.0,7.0,7.666666666666667,0.0,0.1428571428571428,98.0,7.628571428571433
2018-02-28,Santa Clara,CA,Passenger,7.0,1.0,8.0,387.0,395.0,2.03,2018,2,24218,242,13,8.0,8.0,8.0,8.0,0.0,0.0,106.0,7.85714285714286
2018-03-31,Santa Clara,CA,Passenger,6.0,1.0,7.0,386.0,393.0,1.78,2018,3,24219,242,14,8.0,8.0,8.0,8.0,-0.125,-0.125,113.0,7.857142857142857
2018-04-30,Santa Clara,CA,Passenger,6.0,1.0,7.0,389.0,396.0,1.77,2018,4,24220,242,15,7.0,8.0,8.0,7.666666666666667,0.0,-0.125,120.0,7.628571428571433
2018-05-31,Santa Clara,CA,Passenger,7.0,0.0,7.0,390.0,397.0,1.76,2018,5,24221,242,16,7.0,7.0,8.0,7.333333333333333,0.0,-0.125,127.0,7.371428571428576
2018-06-30,Santa Clara,CA,Passenger,7.0,0.0,7.0,384.0,391.0,1.79,2018,6,24222,242,17,7.0,7.0,7.0,7.0,0.0,0.0,134.0,7.142857142857145
2018-07-31,Santa Clara,CA,Passenger,7.0,0.0,7.0,382.0,389.0,1.8,2018,7,24223,242,18,7.0,7.0,7.0,7.0,0.0,0.0,141.0,6.999999999999996
2018-08-31,Santa Clara,CA,Passenger,8.0,0.0,8.0,387.0,395.0,2.03,2018,8,24224,242,19,7.0,7.0,7.0,7.0,0.1428571428571428,0.1428571428571428,149.0,7.142857142857145
2018-09-30,Santa Clara,CA,Passenger,8.0,0.0,8.0,384.0,392.0,2.04,2018,9,24225,242,20,8.0,7.0,7.0,7.333333333333333,0.0,0.1428571428571428,157.0,7.371428571428579
2018-10-31,Santa Clara,CA,Passenger,8.0,0.0,8.0,384.0,392.0,2.04,2018,10,24226,242,21,8.0,8.0,7.0,7.666666666666667,0.0,0.1428571428571428,165.0,7.628571428571433
2018-11-30,Santa Clara,CA,Passenger,8.0,1.0,9.0,384.0,393.0,2.29,2018,11,24227,242,22,8.0,8.0,8.0,8.0,0.125,0.125,174.0,8.000000000000016
2018-12-31,Santa Clara,CA,Passenger,8.0,1.0,9.0,383.0,392.0,2.3,2018,12,24228,242,23,9.0,8.0,8.0,8.333333333333334,0.0,0.125,183.0,8.37142857142859
2019-01-31,Santa Clara,CA,Passenger,8.0,1.0,9.0,381.0,390.0,2.31,2019,1,24229,242,24,9.0,9.0,8.0,8.666666666666666,0.0,0.125,192.0,8.628571428571432
2019-02-28,Santa Clara,CA,Passenger,8.0,1.0,9.0,380.0,389.0,2.31,2019,2,24230,242,25,9.0,9.0,9.0,9.0,0.0,0.0,201.0,8.857142857142868
2019-03-31,Santa Clara,CA,Passenger,8.0,1.0,9.0,375.0,384.0,2.34,2019,3,24231,242,26,9.0,9.0,9.0,9.0,0.0,0.0,210.0,8.999999999999996
2019-04-30,Santa Clara,CA,Passenger,8.0,1.0,9.0,376.0,385.0,2.34,2019,4,24232,242,27,9.0,9.0,9.0,9.0,0.0,0.0,219.0,9.000000000000012
2019-05-31,Santa Clara,CA,Passenger,7.0,1.0,8.0,380.0,388.0,2.06,2019,5,24233,242,28,9.0,9.0,9.0,9.0,-0.11111111111111116,-0.11111111111111116,227.0,8.857142857142872
2019-06-30,Santa Clara,CA,Passenger,5.0,2.0,7.0,377.0,384.0,1.82,2019,6,24234,242,29,8.0,9.0,9.0,8.666666666666666,-0.125,-0.2222222222222222,234.0,8.485714285714305
2019-07-31,Santa Clara,CA,Passenger,4.0,2.0,6.0,378.0,384.0,1.56,2019,7,24235,242,30,7.0,8.0,9.0,8.0,-0.1428571428571429,-0.33333333333333337,240.0,7.8571428571428825
2019-08-31,Santa Clara,CA,Passenger,4.0,2.0,6.0,379.0,385.0,1.56,2019,8,24236,242,31,6.0,7.0,8.0,7.0,0.0,-0.25,246.0,7.142857142857158
2019-09-30,Santa Clara,CA,Passenger,4.0,2.0,6.0,373.0,379.0,1.58,2019,9,24237,242,32,6.0,6.0,7.0,6.333333333333333,0.0,-0.1428571428571429,252.0,6.514285714285724
2019-10-31,Santa Clara,CA,Passenger,6.0,2.0,8.0,379.0,387.0,2.07,2019,10,24238,242,33,6.0,6.0,6.0,6.0,0.33333333333333326,0.33333333333333326,260.0,6.428571428571446
2019-11-30,Santa Clara,CA,Passenger,7.0,2.0,9.0,376.0,385.0,2.34,2019,11,24239,242,34,8.0,6.0,6.0,6.666666666666667,0.125,0.5,269.0,6.885714285714301
2019-12-31,Santa Clara,CA,Passenger,8.0,2.0,10.0,367.0,377.0,2.65,2019,12,24240,242,35,9.0,8.0,6.0,7.666666666666667,0.11111111111111116,0.6666666666666667,279.0,7.771428571428582
2020-01-31,Santa Clara,CA,Passenger,8.0,2.0,10.0,358.0,368.0,2.72,2020,1,24241,242,36,10.0,9.0,8.0,9.0,0.0,0.25,289.0,8.714285714285731
2020-02-29,Santa Clara,CA,Passenger,8.0,2.0,10.0,350.0,360.0,2.78,2020,2,24242,242,37,10.0,10.0,9.0,9.666666666666666,0.0,0.11111111111111116,299.0,9.485714285714304
2020-03-31,Santa Clara,CA,Passenger,8.0,2.0,10.0,340.0,350.0,2.86,2020,3,24243,242,38,10.0,10.0,10.0,10.0,0.0,0.0,309.0,9.857142857142884
2020-04-30,Santa Clara,CA,Passenger,8.0,2.0,10.0,334.0,344.0,2.91,2020,4,24244,242,39,10.0,10.0,10.0,10.0,0.0,0.0,319.0,10.000000000000032
2020-05-31,Santa Clara,CA,Passenger,8.0,2.0,10.0,320.0,330.0,3.03,2020,5,24245,242,40,10.0,10.0,10.0,10.0,0.0,0.0,329.0,10.000000000000009
2020-06-30,Santa Clara,CA,Passenger,8.0,2.0,10.0,314.0,324.0,3.09,2020,6,24246,242,41,10.0,10.0,10.0,10.0,0.0,0.0,339.0,10.000000000000025
2020-07-31,Santa Clara,CA,Passenger,9.0,2.0,11.0,300.0,311.0,3.54,2020,7,24247,242,42,10.0,10.0,10.0,10.0,0.10000000000000009,0.10000000000000009,350.0,10.14285714285715
2020-08-31,Santa Clara,CA,Passenger,9.0,2.0,11.0,291.0,302.0,3.64,2020,8,24248,242,43,11.0,10.0,10.0,10.333333333333334,0.0,0.10000000000000009,361.0,10.371428571428591
2020-09-30,Santa Clara,CA,Passenger,7.0,2.0,9.0,295.0,304.0,2.96,2020,9,24249,242,44,11.0,11.0,10.0,10.666666666666666,-0.18181818181818177,-0.09999999999999998,370.0,10.342857142857152
2020-10-31,Santa Clara,CA,Passenger,6.0,2.0,8.0,290.0,298.0,2.68,2020,10,24250,242,45,9.0,11.0,11.0,10.333333333333334,-0.11111111111111116,-0.2727272727272727,378.0,9.971428571428579
2020-11-30,Santa Clara,CA,Passenger,7.0,2.0,9.0,290.0,299.0,3.01,2020,11,24251,242,46,8.0,9.0,11.0,9.333333333333334,0.125,-0.18181818181818177,387.0,9.514285714285727
2020-12-31,Santa Clara,CA,Passenger,8.0,2.0,10.0,287.0,297.0,3.37,2020,12,24252,242,47,9.0,8.0,9.0,8.666666666666666,0.11111111111111116,0.11111111111111116,397.0,9.171428571428592
2021-01-31,Santa Clara,CA,Passenger,8.0,2.0,10.0,285.0,295.0,3.39,2021,1,24253,242,48,10.0,9.0,8.0,9.0,0.0,0.25,407.0,9.142857142857146
2021-02-28,Santa Clara,CA,Passenger,8.0,2.0,10.0,286.0,296.0,3.38,2021,2,24254,242,49,10.0,10.0,9.0,9.666666666666666,0.0,0.11111111111111116,417.0,9.485714285714318
2021-03-31,Santa Clara,CA,Passenger,9.0,2.0,11.0,285.0,296.0,3.72,2021,3,24255,242,50,10.0,10.0,10.0,10.0,0.10000000000000009,0.10000000000000009,428.0,10.000000000000032
2021-04-30,Santa Clara,CA,Passenger,9.0,2.0,11.0,284.0,295.0,3.73,2021,4,24256,242,51,11.0,10.0,10.0,10.333333333333334,0.0,0.10000000000000009,439.0,10.371428571428591
2021-05-31,Santa Clara,CA,Passenger,9.0,3.0,12.0,279.0,291.0,4.12,2021,5,24257,242,52,11.0,11.0,10.0,10.666666666666666,0.09090909090909083,0.19999999999999996,451.0,10.771428571428595
2021-06-30,Santa Clara,CA,Passenger,9.0,2.0,11.0,268.0,279.0,3.94,2021,6,24258,242,53,12.0,11.0,11.0,11.333333333333334,-0.08333333333333337,0.0,462.0,11.085714285714332
2021-07-31,Santa Clara,CA,Passenger,9.0,2.0,11.0,269.0,280.0,3.93,2021,7,24259,242,54,11.0,12.0,11.0,11.333333333333334,0.0,0.0,473.0,11.257142857142917
2021-08-31,Santa Clara,CA,Passenger,9.0,2.0,11.0,266.0,277.0,3.97,2021,8,24260,242,55,11.0,11.0,12.0,11.333333333333334,0.0,-0.08333333333333337,484.0,11.22857142857147
2021-09-30,Santa Clara,CA,Passenger,9.0,2.0,11.0,267.0,278.0,3.96,2021,9,24261,242,56,11.0,11.0,11.0,11.0,0.0,0.0,495.0,11.142857142857155
2021-10-31,Santa Clara,CA,Passenger,8.0,2.0,10.0,265.0,275.0,3.64,2021,10,24262,242,57,11.0,11.0,11.0,11.0,-0.09090909090909094,-0.09090909090909094,505.0,10.857142857142874
2021-11-30,Santa Clara,CA,Passenger,8.0,1.0,9.0,261.0,270.0,3.33,2021,11,24263,242,58,10.0,11.0,11.0,10.666666666666666,-0.09999999999999998,-0.18181818181818177,514.0,10.485714285714339
2021-12-31,Santa Clara,CA,Passenger,8.0,1.0,9.0,259.0,268.0,3.36,2021,12,24264,242,59,9.0,10.0,11.0,10.0,0.0,-0.18181818181818177,523.0,10.000000000000048
2022-01-31,Santa Clara,CA,Passenger,9.0,1.0,10.0,260.0,270.0,3.7,2022,1,24265,242,60,9.0,9.0,10.0,9.333333333333334,0.11111111111111116,0.0,533.0,9.65714285714289
2022-02-28,Santa Clara,CA,Passenger,9.0,1.0,10.0,258.0,268.0,3.73,2022,2,24266,242,61,10.0,9.0,9.0,9.333333333333334,0.0,0.11111111111111116,543.0,9.51428571428571
2022-03-31,Santa Clara,CA,Passenger,11.0,1.0,12.0,257.0,269.0,4.46,2022,3,24267,242,62,10.0,10.0,9.0,9.666666666666666,0.19999999999999996,0.33333333333333326,555.0,9.914285714285732
2022-04-30,Santa Clara,CA,Passenger,11.0,1.0,12.0,251.0,263.0,4.56,2022,4,24268,242,63,12.0,10.0,10.0,10.666666666666666,0.0,0.19999999999999996,567.0,10.600000000000048
2022-05-31,Santa Clara,CA,Passenger,12.0,1.0,13.0,250.0,263.0,4.94,2022,5,24269,242,64,12.0,12.0,10.0,11.333333333333334,0.08333333333333326,0.30000000000000004,580.0,11.400000000000011
2022-06-30,Santa Clara,CA,Passenger,12.0,2.0,14.0,251.0,265.0,5.28,2022,6,24270,242,65,13.0,12.0,12.0,12.333333333333334,0.07692307692307687,0.16666666666666674,594.0,12.228571428571446
2022-07-31,Santa Clara,CA,Passenger,12.0,2.0,14.0,245.0,259.0,5.41,2022,7,24271,242,66,14.0,13.0,12.0,13.0,0.0,0.16666666666666674,608.0,13.000000000000032
2022-08-31,Santa Clara,CA,Passenger,12.0,2.0,14.0,242.0,256.0,5.47,2022,8,24272,242,67,14.0,14.0,13.0,13.666666666666666,0.0,0.07692307692307687,622.0,13.485714285714307
2022-09-30,Santa Clara,CA,Passenger,12.0,2.0,14.0,233.0,247.0,5.67,2022,9,24273,242,68,14.0,14.0,14.0,14.0,0.0,0.0,636.0,13.85714285714292
2022-10-31,Santa Clara,CA,Passenger,11.0,4.0,15.0,223.0,238.0,6.3,2022,10,24274,242,69,14.0,14.0,14.0,14.0,0.0714285714285714,0.0714285714285714,651.0,14.142857142857185
2022-11-30,Santa Clara,CA,Passenger,11.0,4.0,15.0,220.0,235.0,6.38,2022,11,24275,242,70,15.0,14.0,14.0,14.333333333333334,0.0,0.0714285714285714,666.0,14.371428571428602
2022-12-31,Santa Clara,CA,Passenger,11.0,4.0,15.0,211.0,226.0,6.64,2022,12,24276,242,71,15.0,15.0,14.0,14.666666666666666,0.0,0.0714285714285714,681.0,14.628571428571474
2023-01-31,Santa Clara,CA,Passenger,11.0,4.0,15.0,208.0,223.0,6.73,2023,1,24277,242,72,15.0,15.0,15.0,15.0,0.0,0.0,696.0,14.857142857142923
2023-02-28,Santa Clara,CA,Passenger,10.0,4.0,14.0,204.0,218.0,6.42,2023,2,24278,242,73,15.0,15.0,15.0,15.0,-0.06666666666666665,-0.06666666666666665,710.0,14.857142857142923
2023-03-31,Santa Clara,CA,Passenger,10.0,4.0,14.0,196.0,210.0,6.67,2023,3,24279,242,74,14.0,15.0,15.0,14.666666666666666,0.0,-0.06666666666666665,724.0,14.62857142857146
2023-04-30,Santa Clara,CA,Passenger,10.0,4.0,14.0,191.0,205.0,6.83,2023,4,24280,242,75,14.0,14.0,15.0,14.333333333333334,0.0,-0.06666666666666665,738.0,14.371428571428588
2023-05-31,Santa Clara,CA,Passenger,10.0,3.0,13.0,188.0,201.0,6.47,2023,5,24281,242,76,14.0,14.0,14.0,14.0,-0.0714285714285714,-0.0714285714285714,751.0,14.000000000000082
2023-06-30,Santa Clara,CA,Passenger,10.0,3.0,13.0,184.0,197.0,6.6,2023,6,24282,242,77,13.0,14.0,14.0,13.666666666666666,0.0,-0.0714285714285714,764.0,13.62857142857147
2023-07-31,Santa Clara,CA,Passenger,11.0,3.0,14.0,176.0,190.0,6.9025,2023,7,24283,242,78,13.0,13.0,14.0,13.333333333333334,0.07692307692307687,0.0,778.0,13.514285714285792
2023-08-31,Santa Clara,CA,Passenger,11.0,3.0,14.0,165.0,179.0,6.9025,2023,8,24284,242,79,14.0,13.0,13.0,13.333333333333334,0.0,0.07692307692307687,792.0,13.514285714285792
2023-09-30,Santa Clara,CA,Passenger,11.0,2.0,13.0,155.0,168.0,6.9025,2023,9,24285,242,80,14.0,14.0,13.0,13.666666666666666,-0.0714285714285714,0.0,805.0,13.485714285714307
2023-10-31,Santa Clara,CA,Passenger,11.0,2.0,13.0,149.0,162.0,6.9025,2023,10,24286,242,81,13.0,14.0,14.0,13.666666666666666,0.0,-0.0714285714285714,818.0,13.485714285714307
2023-11-30,Santa Clara,CA,Passenger,11.0,2.0,13.0,141.0,154.0,6.9025,2023,11,24287,242,82,13.0,13.0,14.0,13.333333333333334,0.0,-0.0714285714285714,831.0,13.371428571428643
2023-12-31,Santa Clara,CA,Passenger,9.0,2.0,11.0,134.0,145.0,6.9025,2023,12,24288,242,83,13.0,13.0,13.0,13.0,-0.15384615384615385,-0.15384615384615385,842.0,12.857142857142899
2024-01-31,Santa Clara,CA,Passenger,9.0,2.0,11.0,127.0,138.0,6.9025,2024,1,24289,242,84,11.0,13.0,13.0,12.333333333333334,0.0,-0.15384615384615385,853.0,12.257142857142899
2024-02-29,Santa Clara,CA,Passenger,7.0,2.0,9.0,124.0,133.0,6.77,2024,2,24290,242,85,11.0,11.0,13.0,11.666666666666666,-0.18181818181818177,-0.3076923076923077,862.0,11.457142857142873
2019-03-31,Santa Cruz,CA,Passenger,1.0,0.0,1.0,43.0,44.0,2.27,2019,3,24231,243,5,1.0,1.0,1.0,1.0,0.0,0.0,6.0,0.9999999999999998
2019-04-30,Santa Cruz,CA,Passenger,1.0,0.0,1.0,41.0,42.0,2.38,2019,4,24232,243,6,1.0,1.0,1.0,1.0,0.0,0.0,7.0,0.9999999999999998
2019-05-31,Santa Cruz,CA,Passenger,1.0,0.0,1.0,42.0,43.0,2.33,2019,5,24233,243,7,1.0,1.0,1.0,1.0,0.0,0.0,8.0,0.9999999999999999
2019-06-30,Santa Cruz,CA,Passenger,1.0,0.0,1.0,43.0,44.0,2.27,2019,6,24234,243,8,1.0,1.0,1.0,1.0,0.0,0.0,9.0,1.0000000000000002
2019-07-31,Santa Cruz,CA,Passenger,1.0,0.0,1.0,41.0,42.0,2.38,2019,7,24235,243,9,1.0,1.0,1.0,1.0,0.0,0.0,10.0,1.0000000000000002
2019-08-31,Santa Cruz,CA,Passenger,1.0,0.0,1.0,40.0,41.0,2.44,2019,8,24236,243,10,1.0,1.0,1.0,1.0,0.0,0.0,11.0,1.0
2019-09-30,Santa Cruz,CA,Passenger,1.0,0.0,1.0,38.0,39.0,2.56,2019,9,24237,243,11,1.0,1.0,1.0,1.0,0.0,0.0,12.0,1.0000000000000002
2019-10-31,Santa Cruz,CA,Passenger,1.0,0.0,1.0,38.0,39.0,2.56,2019,10,24238,243,12,1.0,1.0,1.0,1.0,0.0,0.0,13.0,1.0000000000000002
2019-11-30,Santa Cruz,CA,Passenger,1.0,0.0,1.0,38.0,39.0,2.56,2019,11,24239,243,13,1.0,1.0,1.0,1.0,0.0,0.0,14.0,1.0000000000000009
2019-12-31,Santa Cruz,CA,Passenger,1.0,0.0,1.0,38.0,39.0,2.56,2019,12,24240,243,14,1.0,1.0,1.0,1.0,0.0,0.0,15.0,1.0000000000000007
2020-01-31,Santa Cruz,CA,Passenger,1.0,0.0,1.0,36.0,37.0,2.7,2020,1,24241,243,15,1.0,1.0,1.0,1.0,0.0,0.0,16.0,1.0000000000000009
2020-02-29,Santa Cruz,CA,Passenger,1.0,0.0,1.0,38.0,39.0,2.56,2020,2,24242,243,16,1.0,1.0,1.0,1.0,0.0,0.0,17.0,1.0
2020-03-31,Santa Cruz,CA,Passenger,1.0,0.0,1.0,40.0,41.0,2.44,2020,3,24243,243,17,1.0,1.0,1.0,1.0,0.0,0.0,18.0,1.0000000000000002
2020-04-30,Santa Cruz,CA,Passenger,1.0,0.0,1.0,40.0,41.0,2.44,2020,4,24244,243,18,1.0,1.0,1.0,1.0,0.0,0.0,19.0,1.000000000000002
2020-05-31,Santa Cruz,CA,Passenger,1.0,0.0,1.0,37.0,38.0,2.63,2020,5,24245,243,19,1.0,1.0,1.0,1.0,0.0,0.0,20.0,0.9999999999999998
2020-06-30,Santa Cruz,CA,Passenger,1.0,0.0,1.0,35.0,36.0,2.78,2020,6,24246,243,20,1.0,1.0,1.0,1.0,0.0,0.0,21.0,1.000000000000001
2020-07-31,Santa Cruz,CA,Passenger,1.0,0.0,1.0,34.0,35.0,2.86,2020,7,24247,243,21,1.0,1.0,1.0,1.0,0.0,0.0,22.0,1.0000000000000013
2020-08-31,Santa Cruz,CA,Passenger,1.0,0.0,1.0,35.0,36.0,2.78,2020,8,24248,243,22,1.0,1.0,1.0,1.0,0.0,0.0,23.0,1.0000000000000013
2020-09-30,Santa Cruz,CA,Passenger,1.0,0.0,1.0,34.0,35.0,2.86,2020,9,24249,243,23,1.0,1.0,1.0,1.0,0.0,0.0,24.0,1.0000000000000004
2020-10-31,Santa Cruz,CA,Passenger,1.0,0.0,1.0,34.0,35.0,2.86,2020,10,24250,243,24,1.0,1.0,1.0,1.0,0.0,0.0,25.0,1.0000000000000013
2020-11-30,Santa Cruz,CA,Passenger,1.0,0.0,1.0,33.0,34.0,2.94,2020,11,24251,243,25,1.0,1.0,1.0,1.0,0.0,0.0,26.0,1.0000000000000013
2020-12-31,Santa Cruz,CA,Passenger,1.0,0.0,1.0,31.0,32.0,3.12,2020,12,24252,243,26,1.0,1.0,1.0,1.0,0.0,0.0,27.0,1.0000000000000013
2021-01-31,Santa Cruz,CA,Passenger,1.0,0.0,1.0,31.0,32.0,3.12,2021,1,24253,243,27,1.0,1.0,1.0,1.0,0.0,0.0,28.0,1.0000000000000013
2021-02-28,Santa Cruz,CA,Passenger,1.0,0.0,1.0,34.0,35.0,2.86,2021,2,24254,243,28,1.0,1.0,1.0,1.0,0.0,0.0,29.0,1.0000000000000024
2021-03-31,Santa Cruz,CA,Passenger,1.0,0.0,1.0,33.0,34.0,2.94,2021,3,24255,243,29,1.0,1.0,1.0,1.0,0.0,0.0,30.0,1.000000000000002
2021-04-30,Santa Cruz,CA,Passenger,1.0,0.0,1.0,30.0,31.0,3.23,2021,4,24256,243,30,1.0,1.0,1.0,1.0,0.0,0.0,31.0,1.0000000000000009
2021-05-31,Santa Cruz,CA,Passenger,1.0,0.0,1.0,29.0,30.0,3.33,2021,5,24257,243,31,1.0,1.0,1.0,1.0,0.0,0.0,32.0,1.000000000000002
2021-06-30,Santa Cruz,CA,Passenger,1.0,0.0,1.0,28.0,29.0,3.45,2021,6,24258,243,32,1.0,1.0,1.0,1.0,0.0,0.0,33.0,1.0000000000000038
2021-07-31,Santa Cruz,CA,Passenger,1.0,0.0,1.0,28.0,29.0,3.45,2021,7,24259,243,33,1.0,1.0,1.0,1.0,0.0,0.0,34.0,1.0000000000000004
2021-08-31,Santa Cruz,CA,Passenger,1.0,0.0,1.0,29.0,30.0,3.33,2021,8,24260,243,34,1.0,1.0,1.0,1.0,0.0,0.0,35.0,1.000000000000002
2021-09-30,Santa Cruz,CA,Passenger,1.0,0.0,1.0,29.0,30.0,3.33,2021,9,24261,243,35,1.0,1.0,1.0,1.0,0.0,0.0,36.0,1.0000000000000029
2021-10-31,Santa Cruz,CA,Passenger,1.0,0.0,1.0,29.0,30.0,3.33,2021,10,24262,243,36,1.0,1.0,1.0,1.0,0.0,0.0,37.0,1.0000000000000038
2021-11-30,Santa Cruz,CA,Passenger,1.0,0.0,1.0,27.0,28.0,3.57,2021,11,24263,243,37,1.0,1.0,1.0,1.0,0.0,0.0,38.0,1.0
2021-12-31,Santa Cruz,CA,Passenger,1.0,0.0,1.0,28.0,29.0,3.45,2021,12,24264,243,38,1.0,1.0,1.0,1.0,0.0,0.0,39.0,1.0000000000000009
2022-01-31,Santa Cruz,CA,Passenger,1.0,0.0,1.0,28.0,29.0,3.45,2022,1,24265,243,39,1.0,1.0,1.0,1.0,0.0,0.0,40.0,1.0000000000000009
2022-02-28,Santa Cruz,CA,Passenger,1.0,0.0,1.0,29.0,30.0,3.33,2022,2,24266,243,40,1.0,1.0,1.0,1.0,0.0,0.0,41.0,1.0000000000000038
2022-03-31,Santa Cruz,CA,Passenger,1.0,0.0,1.0,29.0,30.0,3.33,2022,3,24267,243,41,1.0,1.0,1.0,1.0,0.0,0.0,42.0,1.0000000000000009
2022-04-30,Santa Cruz,CA,Passenger,1.0,0.0,1.0,30.0,31.0,3.23,2022,4,24268,243,42,1.0,1.0,1.0,1.0,0.0,0.0,43.0,1.0000000000000029
2022-05-31,Santa Cruz,CA,Passenger,1.0,0.0,1.0,29.0,30.0,3.33,2022,5,24269,243,43,1.0,1.0,1.0,1.0,0.0,0.0,44.0,1.0000000000000029
2022-06-30,Santa Cruz,CA,Passenger,1.0,0.0,1.0,28.0,29.0,3.45,2022,6,24270,243,44,1.0,1.0,1.0,1.0,0.0,0.0,45.0,1.0000000000000009
2022-07-31,Santa Cruz,CA,Passenger,1.0,0.0,1.0,27.0,28.0,3.57,2022,7,24271,243,45,1.0,1.0,1.0,1.0,0.0,0.0,46.0,1.0000000000000009
2022-08-31,Santa Cruz,CA,Passenger,1.0,0.0,1.0,26.0,27.0,3.7,2022,8,24272,243,46,1.0,1.0,1.0,1.0,0.0,0.0,47.0,1.0000000000000029
2022-09-30,Santa Cruz,CA,Passenger,1.0,0.0,1.0,25.0,26.0,3.85,2022,9,24273,243,47,1.0,1.0,1.0,1.0,0.0,0.0,48.0,1.0000000000000009
2022-10-31,Santa Cruz,CA,Passenger,1.0,0.0,1.0,26.0,27.0,3.7,2022,10,24274,243,48,1.0,1.0,1.0,1.0,0.0,0.0,49.0,1.000000000000002
2022-11-30,Santa Cruz,CA,Passenger,1.0,0.0,1.0,25.0,26.0,3.85,2022,11,24275,243,49,1.0,1.0,1.0,1.0,0.0,0.0,50.0,1.000000000000002
2022-12-31,Santa Cruz,CA,Passenger,1.0,0.0,1.0,22.0,23.0,4.35,2022,12,24276,243,50,1.0,1.0,1.0,1.0,0.0,0.0,51.0,1.000000000000002
2023-01-31,Santa Cruz,CA,Passenger,1.0,0.0,1.0,20.0,21.0,4.76,2023,1,24277,243,51,1.0,1.0,1.0,1.0,0.0,0.0,52.0,1.0000000000000009
2023-02-28,Santa Cruz,CA,Passenger,1.0,0.0,1.0,20.0,21.0,4.76,2023,2,24278,243,52,1.0,1.0,1.0,1.0,0.0,0.0,53.0,1.0000000000000029
2023-03-31,Santa Cruz,CA,Passenger,1.0,0.0,1.0,21.0,22.0,4.55,2023,3,24279,243,53,1.0,1.0,1.0,1.0,0.0,0.0,54.0,1.0000000000000049
2023-04-30,Santa Cruz,CA,Passenger,1.0,0.0,1.0,21.0,22.0,4.55,2023,4,24280,243,54,1.0,1.0,1.0,1.0,0.0,0.0,55.0,1.0000000000000038
2023-05-31,Santa Cruz,CA,Passenger,1.0,0.0,1.0,21.0,22.0,4.55,2023,5,24281,243,55,1.0,1.0,1.0,1.0,0.0,0.0,56.0,1.0
2023-06-30,Santa Cruz,CA,Passenger,1.0,0.0,1.0,21.0,22.0,4.55,2023,6,24282,243,56,1.0,1.0,1.0,1.0,0.0,0.0,57.0,1.000000000000002
2023-07-31,Santa Cruz,CA,Passenger,1.0,0.0,1.0,20.0,21.0,4.76,2023,7,24283,243,57,1.0,1.0,1.0,1.0,0.0,0.0,58.0,1.0000000000000038
2023-08-31,Santa Cruz,CA,Passenger,1.0,0.0,1.0,20.0,21.0,4.76,2023,8,24284,243,58,1.0,1.0,1.0,1.0,0.0,0.0,59.0,1.0000000000000038
2023-09-30,Santa Cruz,CA,Passenger,1.0,0.0,1.0,20.0,21.0,4.76,2023,9,24285,243,59,1.0,1.0,1.0,1.0,0.0,0.0,60.0,1.0000000000000038
2023-10-31,Santa Cruz,CA,Passenger,1.0,0.0,1.0,20.0,21.0,4.76,2023,10,24286,243,60,1.0,1.0,1.0,1.0,0.0,0.0,61.0,1.0000000000000049
2023-11-30,Santa Cruz,CA,Passenger,1.0,0.0,1.0,20.0,21.0,4.76,2023,11,24287,243,61,1.0,1.0,1.0,1.0,0.0,0.0,62.0,1.0000000000000067
2023-12-31,Santa Cruz,CA,Passenger,1.0,0.0,1.0,19.0,20.0,5.0,2023,12,24288,243,62,1.0,1.0,1.0,1.0,0.0,0.0,63.0,1.0000000000000009
2024-01-31,Santa Cruz,CA,Passenger,1.0,0.0,1.0,19.0,20.0,5.0,2024,1,24289,243,63,1.0,1.0,1.0,1.0,0.0,0.0,64.0,0.999999999999999
2024-02-29,Santa Cruz,CA,Passenger,1.0,0.0,1.0,16.0,17.0,5.88,2024,2,24290,243,64,1.0,1.0,1.0,1.0,0.0,0.0,65.0,1.0000000000000049
2017-06-30,Santa Fe,NM,Passenger,0.0,1.0,1.0,46.0,47.0,2.13,2017,6,24210,244,5,1.0,1.0,1.0,1.0,0.0,0.0,6.0,0.9999999999999998
2017-07-31,Santa Fe,NM,Passenger,0.0,1.0,1.0,43.0,44.0,2.27,2017,7,24211,244,6,1.0,1.0,1.0,1.0,0.0,0.0,7.0,0.9999999999999998
2017-08-31,Santa Fe,NM,Passenger,0.0,1.0,1.0,43.0,44.0,2.27,2017,8,24212,244,7,1.0,1.0,1.0,1.0,0.0,0.0,8.0,0.9999999999999999
2017-09-30,Santa Fe,NM,Passenger,0.0,1.0,1.0,42.0,43.0,2.33,2017,9,24213,244,8,1.0,1.0,1.0,1.0,0.0,0.0,9.0,1.0000000000000002
2017-10-31,Santa Fe,NM,Passenger,0.0,1.0,1.0,41.0,42.0,2.38,2017,10,24214,244,9,1.0,1.0,1.0,1.0,0.0,0.0,10.0,1.0000000000000002
2017-11-30,Santa Fe,NM,Passenger,0.0,1.0,1.0,42.0,43.0,2.33,2017,11,24215,244,10,1.0,1.0,1.0,1.0,0.0,0.0,11.0,1.0
2017-12-31,Santa Fe,NM,Passenger,0.0,1.0,1.0,43.0,44.0,2.27,2017,12,24216,244,11,1.0,1.0,1.0,1.0,0.0,0.0,12.0,1.0000000000000002
2018-01-31,Santa Fe,NM,Passenger,0.0,1.0,1.0,44.0,45.0,2.22,2018,1,24217,244,12,1.0,1.0,1.0,1.0,0.0,0.0,13.0,1.0000000000000002
2018-02-28,Santa Fe,NM,Passenger,0.0,1.0,1.0,43.0,44.0,2.27,2018,2,24218,244,13,1.0,1.0,1.0,1.0,0.0,0.0,14.0,1.0000000000000009
2018-03-31,Santa Fe,NM,Passenger,0.0,1.0,1.0,41.0,42.0,2.38,2018,3,24219,244,14,1.0,1.0,1.0,1.0,0.0,0.0,15.0,1.0000000000000007
2018-04-30,Santa Fe,NM,Passenger,0.0,1.0,1.0,41.0,42.0,2.38,2018,4,24220,244,15,1.0,1.0,1.0,1.0,0.0,0.0,16.0,1.0000000000000009
2018-05-31,Santa Fe,NM,Passenger,0.0,1.0,1.0,42.0,43.0,2.33,2018,5,24221,244,16,1.0,1.0,1.0,1.0,0.0,0.0,17.0,1.0
2018-06-30,Santa Fe,NM,Passenger,0.0,1.0,1.0,43.0,44.0,2.27,2018,6,24222,244,17,1.0,1.0,1.0,1.0,0.0,0.0,18.0,1.0000000000000002
2018-07-31,Santa Fe,NM,Passenger,0.0,1.0,1.0,44.0,45.0,2.22,2018,7,24223,244,18,1.0,1.0,1.0,1.0,0.0,0.0,19.0,1.000000000000002
2018-08-31,Santa Fe,NM,Passenger,0.0,1.0,1.0,45.0,46.0,2.17,2018,8,24224,244,19,1.0,1.0,1.0,1.0,0.0,0.0,20.0,0.9999999999999998
2018-09-30,Santa Fe,NM,Passenger,0.0,1.0,1.0,45.0,46.0,2.17,2018,9,24225,244,20,1.0,1.0,1.0,1.0,0.0,0.0,21.0,1.000000000000001
2018-10-31,Santa Fe,NM,Passenger,0.0,1.0,1.0,44.0,45.0,2.22,2018,10,24226,244,21,1.0,1.0,1.0,1.0,0.0,0.0,22.0,1.0000000000000013
2018-11-30,Santa Fe,NM,Passenger,0.0,1.0,1.0,44.0,45.0,2.22,2018,11,24227,244,22,1.0,1.0,1.0,1.0,0.0,0.0,23.0,1.0000000000000013
2018-12-31,Santa Fe,NM,Passenger,0.0,1.0,1.0,42.0,43.0,2.33,2018,12,24228,244,23,1.0,1.0,1.0,1.0,0.0,0.0,24.0,1.0000000000000004
2019-01-31,Santa Fe,NM,Passenger,0.0,1.0,1.0,42.0,43.0,2.33,2019,1,24229,244,24,1.0,1.0,1.0,1.0,0.0,0.0,25.0,1.0000000000000013
2019-02-28,Santa Fe,NM,Passenger,0.0,1.0,1.0,42.0,43.0,2.33,2019,2,24230,244,25,1.0,1.0,1.0,1.0,0.0,0.0,26.0,1.0000000000000013
2019-03-31,Santa Fe,NM,Passenger,0.0,1.0,1.0,40.0,41.0,2.44,2019,3,24231,244,26,1.0,1.0,1.0,1.0,0.0,0.0,27.0,1.0000000000000013
2019-04-30,Santa Fe,NM,Passenger,0.0,1.0,1.0,41.0,42.0,2.38,2019,4,24232,244,27,1.0,1.0,1.0,1.0,0.0,0.0,28.0,1.0000000000000013
2019-05-31,Santa Fe,NM,Passenger,0.0,1.0,1.0,41.0,42.0,2.38,2019,5,24233,244,28,1.0,1.0,1.0,1.0,0.0,0.0,29.0,1.0000000000000024
2019-06-30,Santa Fe,NM,Passenger,0.0,1.0,1.0,40.0,41.0,2.44,2019,6,24234,244,29,1.0,1.0,1.0,1.0,0.0,0.0,30.0,1.000000000000002
2019-07-31,Santa Fe,NM,Passenger,0.0,1.0,1.0,40.0,41.0,2.44,2019,7,24235,244,30,1.0,1.0,1.0,1.0,0.0,0.0,31.0,1.0000000000000009
2019-08-31,Santa Fe,NM,Passenger,0.0,1.0,1.0,40.0,41.0,2.44,2019,8,24236,244,31,1.0,1.0,1.0,1.0,0.0,0.0,32.0,1.000000000000002
2019-09-30,Santa Fe,NM,Passenger,0.0,1.0,1.0,42.0,43.0,2.33,2019,9,24237,244,32,1.0,1.0,1.0,1.0,0.0,0.0,33.0,1.0000000000000038
2019-10-31,Santa Fe,NM,Passenger,0.0,1.0,1.0,41.0,42.0,2.38,2019,10,24238,244,33,1.0,1.0,1.0,1.0,0.0,0.0,34.0,1.0000000000000004
2017-09-30,Santa Rosa,FL,Passenger,1.0,0.0,1.0,112.0,113.0,0.88,2017,9,24213,245,5,1.0,1.0,1.0,1.0,0.0,0.0,6.0,0.9999999999999998
2017-10-31,Santa Rosa,FL,Passenger,1.0,0.0,1.0,110.0,111.0,0.9,2017,10,24214,245,6,1.0,1.0,1.0,1.0,0.0,0.0,7.0,0.9999999999999998
2017-11-30,Santa Rosa,FL,Passenger,1.0,0.0,1.0,107.0,108.0,0.93,2017,11,24215,245,7,1.0,1.0,1.0,1.0,0.0,0.0,8.0,0.9999999999999999
2017-12-31,Santa Rosa,FL,Passenger,1.0,0.0,1.0,105.0,106.0,0.94,2017,12,24216,245,8,1.0,1.0,1.0,1.0,0.0,0.0,9.0,1.0000000000000002
2018-01-31,Santa Rosa,FL,Passenger,1.0,0.0,1.0,104.0,105.0,0.95,2018,1,24217,245,9,1.0,1.0,1.0,1.0,0.0,0.0,10.0,1.0000000000000002
2018-02-28,Santa Rosa,FL,Passenger,1.0,0.0,1.0,101.0,102.0,0.98,2018,2,24218,245,10,1.0,1.0,1.0,1.0,0.0,0.0,11.0,1.0
2018-03-31,Santa Rosa,FL,Passenger,1.0,0.0,1.0,102.0,103.0,0.97,2018,3,24219,245,11,1.0,1.0,1.0,1.0,0.0,0.0,12.0,1.0000000000000002
2018-04-30,Santa Rosa,FL,Passenger,1.0,0.0,1.0,102.0,103.0,0.97,2018,4,24220,245,12,1.0,1.0,1.0,1.0,0.0,0.0,13.0,1.0000000000000002
2018-05-31,Santa Rosa,FL,Passenger,1.0,0.0,1.0,99.0,100.0,1.0,2018,5,24221,245,13,1.0,1.0,1.0,1.0,0.0,0.0,14.0,1.0000000000000009
2018-06-30,Santa Rosa,FL,Passenger,1.0,0.0,1.0,98.0,99.0,1.01,2018,6,24222,245,14,1.0,1.0,1.0,1.0,0.0,0.0,15.0,1.0000000000000007
2018-07-31,Santa Rosa,FL,Passenger,1.0,0.0,1.0,96.0,97.0,1.03,2018,7,24223,245,15,1.0,1.0,1.0,1.0,0.0,0.0,16.0,1.0000000000000009
2018-08-31,Santa Rosa,FL,Passenger,1.0,0.0,1.0,94.0,95.0,1.05,2018,8,24224,245,16,1.0,1.0,1.0,1.0,0.0,0.0,17.0,1.0
2018-09-30,Santa Rosa,FL,Passenger,1.0,0.0,1.0,91.0,92.0,1.09,2018,9,24225,245,17,1.0,1.0,1.0,1.0,0.0,0.0,18.0,1.0000000000000002
2018-10-31,Santa Rosa,FL,Passenger,1.0,0.0,1.0,91.0,92.0,1.09,2018,10,24226,245,18,1.0,1.0,1.0,1.0,0.0,0.0,19.0,1.000000000000002
2018-11-30,Santa Rosa,FL,Passenger,1.0,0.0,1.0,90.0,91.0,1.1,2018,11,24227,245,19,1.0,1.0,1.0,1.0,0.0,0.0,20.0,0.9999999999999998
2018-12-31,Santa Rosa,FL,Passenger,1.0,0.0,1.0,90.0,91.0,1.1,2018,12,24228,245,20,1.0,1.0,1.0,1.0,0.0,0.0,21.0,1.000000000000001
2019-01-31,Santa Rosa,FL,Passenger,1.0,0.0,1.0,91.0,92.0,1.09,2019,1,24229,245,21,1.0,1.0,1.0,1.0,0.0,0.0,22.0,1.0000000000000013
2019-02-28,Santa Rosa,FL,Passenger,1.0,0.0,1.0,91.0,92.0,1.09,2019,2,24230,245,22,1.0,1.0,1.0,1.0,0.0,0.0,23.0,1.0000000000000013
2019-03-31,Santa Rosa,FL,Passenger,1.0,0.0,1.0,89.0,90.0,1.11,2019,3,24231,245,23,1.0,1.0,1.0,1.0,0.0,0.0,24.0,1.0000000000000004
2019-04-30,Santa Rosa,FL,Passenger,1.0,0.0,1.0,89.0,90.0,1.11,2019,4,24232,245,24,1.0,1.0,1.0,1.0,0.0,0.0,25.0,1.0000000000000013
2019-05-31,Santa Rosa,FL,Passenger,1.0,0.0,1.0,90.0,91.0,1.1,2019,5,24233,245,25,1.0,1.0,1.0,1.0,0.0,0.0,26.0,1.0000000000000013
2019-06-30,Santa Rosa,FL,Passenger,1.0,0.0,1.0,90.0,91.0,1.1,2019,6,24234,245,26,1.0,1.0,1.0,1.0,0.0,0.0,27.0,1.0000000000000013
2019-07-31,Santa Rosa,FL,Passenger,1.0,0.0,1.0,92.0,93.0,1.08,2019,7,24235,245,27,1.0,1.0,1.0,1.0,0.0,0.0,28.0,1.0000000000000013
2019-08-31,Santa Rosa,FL,Passenger,1.0,0.0,1.0,90.0,91.0,1.1,2019,8,24236,245,28,1.0,1.0,1.0,1.0,0.0,0.0,29.0,1.0000000000000024
2019-09-30,Santa Rosa,FL,Passenger,1.0,0.0,1.0,90.0,91.0,1.1,2019,9,24237,245,29,1.0,1.0,1.0,1.0,0.0,0.0,30.0,1.000000000000002
2019-10-31,Santa Rosa,FL,Passenger,1.0,0.0,1.0,91.0,92.0,1.09,2019,10,24238,245,30,1.0,1.0,1.0,1.0,0.0,0.0,31.0,1.0000000000000009
2019-11-30,Santa Rosa,FL,Passenger,1.0,0.0,1.0,92.0,93.0,1.08,2019,11,24239,245,31,1.0,1.0,1.0,1.0,0.0,0.0,32.0,1.000000000000002
2019-12-31,Santa Rosa,FL,Passenger,1.0,0.0,1.0,90.0,91.0,1.1,2019,12,24240,245,32,1.0,1.0,1.0,1.0,0.0,0.0,33.0,1.0000000000000038
2020-01-31,Santa Rosa,FL,Passenger,1.0,0.0,1.0,90.0,91.0,1.1,2020,1,24241,245,33,1.0,1.0,1.0,1.0,0.0,0.0,34.0,1.0000000000000004
2020-02-29,Santa Rosa,FL,Passenger,1.0,0.0,1.0,89.0,90.0,1.11,2020,2,24242,245,34,1.0,1.0,1.0,1.0,0.0,0.0,35.0,1.000000000000002
2019-11-30,Sarasota,FL,Passenger,2.0,0.0,2.0,32.0,34.0,5.88,2019,11,24239,246,5,2.0,1.0,1.0,1.3333333333333333,0.0,1.0,8.0,1.371428571428571
2019-12-31,Sarasota,FL,Passenger,2.0,0.0,2.0,32.0,34.0,5.88,2019,12,24240,246,6,2.0,2.0,1.0,1.6666666666666667,0.0,1.0,10.0,1.6285714285714281
2020-01-31,Sarasota,FL,Passenger,2.0,0.0,2.0,33.0,35.0,5.71,2020,1,24241,246,7,2.0,2.0,2.0,2.0,0.0,0.0,12.0,1.8571428571428568
2020-02-29,Sarasota,FL,Passenger,2.0,0.0,2.0,35.0,37.0,5.41,2020,2,24242,246,8,2.0,2.0,2.0,2.0,0.0,0.0,14.0,1.9999999999999996
2020-03-31,Sarasota,FL,Passenger,2.0,0.0,2.0,35.0,37.0,5.41,2020,3,24243,246,9,2.0,2.0,2.0,2.0,0.0,0.0,16.0,1.9999999999999998
2020-04-30,Sarasota,FL,Passenger,2.0,0.0,2.0,33.0,35.0,5.71,2020,4,24244,246,10,2.0,2.0,2.0,2.0,0.0,0.0,18.0,2.0000000000000004
2020-05-31,Sarasota,FL,Passenger,2.0,0.0,2.0,33.0,35.0,5.71,2020,5,24245,246,11,2.0,2.0,2.0,2.0,0.0,0.0,20.0,2.0000000000000004
2020-06-30,Sarasota,FL,Passenger,2.0,0.0,2.0,34.0,36.0,5.56,2020,6,24246,246,12,2.0,2.0,2.0,2.0,0.0,0.0,22.0,2.0
2020-07-31,Sarasota,FL,Passenger,2.0,0.0,2.0,33.0,35.0,5.71,2020,7,24247,246,13,2.0,2.0,2.0,2.0,0.0,0.0,24.0,2.0000000000000004
2020-08-31,Sarasota,FL,Passenger,2.0,0.0,2.0,31.0,33.0,6.06,2020,8,24248,246,14,2.0,2.0,2.0,2.0,0.0,0.0,26.0,2.0000000000000004
2020-09-30,Sarasota,FL,Passenger,2.0,0.0,2.0,32.0,34.0,5.88,2020,9,24249,246,15,2.0,2.0,2.0,2.0,0.0,0.0,28.0,2.0000000000000018
2020-10-31,Sarasota,FL,Passenger,2.0,0.0,2.0,33.0,35.0,5.71,2020,10,24250,246,16,2.0,2.0,2.0,2.0,0.0,0.0,30.0,2.0000000000000013
2020-11-30,Sarasota,FL,Passenger,2.0,0.0,2.0,35.0,37.0,5.41,2020,11,24251,246,17,2.0,2.0,2.0,2.0,0.0,0.0,32.0,2.0000000000000018
2020-12-31,Sarasota,FL,Passenger,2.0,0.0,2.0,34.0,36.0,5.56,2020,12,24252,246,18,2.0,2.0,2.0,2.0,0.0,0.0,34.0,2.0
2021-01-31,Sarasota,FL,Passenger,2.0,0.0,2.0,33.0,35.0,5.71,2021,1,24253,246,19,2.0,2.0,2.0,2.0,0.0,0.0,36.0,2.0000000000000004
2021-02-28,Sarasota,FL,Passenger,2.0,0.0,2.0,33.0,35.0,5.71,2021,2,24254,246,20,2.0,2.0,2.0,2.0,0.0,0.0,38.0,2.000000000000004
2021-03-31,Sarasota,FL,Passenger,2.0,0.0,2.0,34.0,36.0,5.56,2021,3,24255,246,21,2.0,2.0,2.0,2.0,0.0,0.0,40.0,1.9999999999999996
2021-04-30,Sarasota,FL,Passenger,2.0,0.0,2.0,34.0,36.0,5.56,2021,4,24256,246,22,2.0,2.0,2.0,2.0,0.0,0.0,42.0,2.000000000000002
2021-05-31,Sarasota,FL,Passenger,2.0,0.0,2.0,33.0,35.0,5.71,2021,5,24257,246,23,2.0,2.0,2.0,2.0,0.0,0.0,44.0,2.0000000000000027
2021-06-30,Sarasota,FL,Passenger,2.0,0.0,2.0,34.0,36.0,5.56,2021,6,24258,246,24,2.0,2.0,2.0,2.0,0.0,0.0,46.0,2.0000000000000027
2021-07-31,Sarasota,FL,Passenger,2.0,0.0,2.0,34.0,36.0,5.56,2021,7,24259,246,25,2.0,2.0,2.0,2.0,0.0,0.0,48.0,2.000000000000001
2021-08-31,Sarasota,FL,Passenger,2.0,0.0,2.0,36.0,38.0,5.26,2021,8,24260,246,26,2.0,2.0,2.0,2.0,0.0,0.0,50.0,2.0000000000000027
2021-09-30,Sarasota,FL,Passenger,2.0,0.0,2.0,36.0,38.0,5.26,2021,9,24261,246,27,2.0,2.0,2.0,2.0,0.0,0.0,52.0,2.0000000000000027
2021-10-31,Sarasota,FL,Passenger,2.0,0.0,2.0,38.0,40.0,5.0,2021,10,24262,246,28,2.0,2.0,2.0,2.0,0.0,0.0,54.0,2.0000000000000027
2021-11-30,Sarasota,FL,Passenger,2.0,0.0,2.0,37.0,39.0,5.13,2021,11,24263,246,29,2.0,2.0,2.0,2.0,0.0,0.0,56.0,2.0000000000000027
2021-12-31,Sarasota,FL,Passenger,2.0,0.0,2.0,38.0,40.0,5.0,2021,12,24264,246,30,2.0,2.0,2.0,2.0,0.0,0.0,58.0,2.000000000000005
2022-01-31,Sarasota,FL,Passenger,2.0,0.0,2.0,36.0,38.0,5.26,2022,1,24265,246,31,2.0,2.0,2.0,2.0,0.0,0.0,60.0,2.000000000000004
2022-02-28,Sarasota,FL,Passenger,2.0,0.0,2.0,35.0,37.0,5.41,2022,2,24266,246,32,2.0,2.0,2.0,2.0,0.0,0.0,62.0,2.0000000000000018
2022-03-31,Sarasota,FL,Passenger,2.0,0.0,2.0,33.0,35.0,5.71,2022,3,24267,246,33,2.0,2.0,2.0,2.0,0.0,0.0,64.0,2.000000000000004
2022-04-30,Sarasota,FL,Passenger,2.0,0.0,2.0,33.0,35.0,5.71,2022,4,24268,246,34,2.0,2.0,2.0,2.0,0.0,0.0,66.0,2.0000000000000075
2022-05-31,Sarasota,FL,Passenger,2.0,0.0,2.0,34.0,36.0,5.56,2022,5,24269,246,35,2.0,2.0,2.0,2.0,0.0,0.0,68.0,2.000000000000001
2022-06-30,Sarasota,FL,Passenger,2.0,0.0,2.0,32.0,34.0,5.88,2022,6,24270,246,36,2.0,2.0,2.0,2.0,0.0,0.0,70.0,2.000000000000004
2022-07-31,Sarasota,FL,Passenger,2.0,0.0,2.0,31.0,33.0,6.06,2022,7,24271,246,37,2.0,2.0,2.0,2.0,0.0,0.0,72.0,2.0000000000000058
2022-08-31,Sarasota,FL,Passenger,2.0,0.0,2.0,31.0,33.0,6.06,2022,8,24272,246,38,2.0,2.0,2.0,2.0,0.0,0.0,74.0,2.0000000000000075
2022-09-30,Sarasota,FL,Passenger,1.0,0.0,1.0,29.0,30.0,3.33,2022,9,24273,246,39,2.0,2.0,2.0,2.0,-0.5,-0.5,75.0,1.8571428571428616
2022-10-31,Sarasota,FL,Passenger,1.0,0.0,1.0,27.0,28.0,3.57,2022,10,24274,246,40,1.0,2.0,2.0,1.6666666666666667,0.0,-0.5,76.0,1.628571428571432
2022-11-30,Sarasota,FL,Passenger,1.0,0.0,1.0,27.0,28.0,3.57,2022,11,24275,246,41,1.0,1.0,2.0,1.3333333333333333,0.0,-0.5,77.0,1.3714285714285768
2022-12-31,Sarasota,FL,Passenger,1.0,0.0,1.0,26.0,27.0,3.7,2022,12,24276,246,42,1.0,1.0,1.0,1.0,0.0,0.0,78.0,1.1428571428571488
2023-01-31,Sarasota,FL,Passenger,1.0,0.0,1.0,25.0,26.0,3.85,2023,1,24277,246,43,1.0,1.0,1.0,1.0,0.0,0.0,79.0,1.0000000000000029
2023-02-28,Sarasota,FL,Passenger,1.0,0.0,1.0,26.0,27.0,3.7,2023,2,24278,246,44,1.0,1.0,1.0,1.0,0.0,0.0,80.0,1.0000000000000087
2023-03-31,Sarasota,FL,Passenger,1.0,0.0,1.0,25.0,26.0,3.85,2023,3,24279,246,45,1.0,1.0,1.0,1.0,0.0,0.0,81.0,1.0000000000000029
2023-04-30,Sarasota,FL,Passenger,1.0,0.0,1.0,25.0,26.0,3.85,2023,4,24280,246,46,1.0,1.0,1.0,1.0,0.0,0.0,82.0,1.0000000000000104
2023-05-31,Sarasota,FL,Passenger,1.0,0.0,1.0,25.0,26.0,3.85,2023,5,24281,246,47,1.0,1.0,1.0,1.0,0.0,0.0,83.0,1.0000000000000049
2023-06-30,Sarasota,FL,Passenger,1.0,0.0,1.0,26.0,27.0,3.7,2023,6,24282,246,48,1.0,1.0,1.0,1.0,0.0,0.0,84.0,1.0000000000000049
2023-07-31,Sarasota,FL,Passenger,1.0,0.0,1.0,26.0,27.0,3.7,2023,7,24283,246,49,1.0,1.0,1.0,1.0,0.0,0.0,85.0,1.0000000000000009
2023-08-31,Sarasota,FL,Passenger,1.0,0.0,1.0,23.0,24.0,4.17,2023,8,24284,246,50,1.0,1.0,1.0,1.0,0.0,0.0,86.0,1.0000000000000067
2023-09-30,Sarasota,FL,Passenger,1.0,0.0,1.0,23.0,24.0,4.17,2023,9,24285,246,51,1.0,1.0,1.0,1.0,0.0,0.0,87.0,1.0000000000000049
2023-10-31,Sarasota,FL,Passenger,1.0,0.0,1.0,21.0,22.0,4.55,2023,10,24286,246,52,1.0,1.0,1.0,1.0,0.0,0.0,88.0,1.0000000000000087
2023-11-30,Sarasota,FL,Passenger,1.0,0.0,1.0,20.0,21.0,4.76,2023,11,24287,246,53,1.0,1.0,1.0,1.0,0.0,0.0,89.0,1.0000000000000009
2023-12-31,Sarasota,FL,Passenger,1.0,0.0,1.0,20.0,21.0,4.76,2023,12,24288,246,54,1.0,1.0,1.0,1.0,0.0,0.0,90.0,1.0000000000000049
2024-01-31,Sarasota,FL,Passenger,1.0,0.0,1.0,19.0,20.0,5.0,2024,1,24289,246,55,1.0,1.0,1.0,1.0,0.0,0.0,91.0,1.0000000000000049
2024-02-29,Sarasota,FL,Passenger,1.0,0.0,1.0,19.0,20.0,5.0,2024,2,24290,246,56,1.0,1.0,1.0,1.0,0.0,0.0,92.0,1.0000000000000029
2017-06-30,Saratoga,NY,Passenger,1.0,1.0,2.0,74.0,76.0,2.63,2017,6,24210,247,5,2.0,2.0,2.0,2.0,0.0,0.0,12.0,1.9999999999999996
2017-07-31,Saratoga,NY,Passenger,1.0,1.0,2.0,73.0,75.0,2.67,2017,7,24211,247,6,2.0,2.0,2.0,2.0,0.0,0.0,14.0,1.9999999999999996
2017-08-31,Saratoga,NY,Passenger,1.0,1.0,2.0,71.0,73.0,2.74,2017,8,24212,247,7,2.0,2.0,2.0,2.0,0.0,0.0,16.0,1.9999999999999998
2017-09-30,Saratoga,NY,Passenger,1.0,1.0,2.0,71.0,73.0,2.74,2017,9,24213,247,8,2.0,2.0,2.0,2.0,0.0,0.0,18.0,2.0000000000000004
2017-10-31,Saratoga,NY,Passenger,1.0,1.0,2.0,72.0,74.0,2.7,2017,10,24214,247,9,2.0,2.0,2.0,2.0,0.0,0.0,20.0,2.0000000000000004
2017-11-30,Saratoga,NY,Passenger,1.0,1.0,2.0,70.0,72.0,2.78,2017,11,24215,247,10,2.0,2.0,2.0,2.0,0.0,0.0,22.0,2.0
2017-12-31,Saratoga,NY,Passenger,1.0,1.0,2.0,69.0,71.0,2.82,2017,12,24216,247,11,2.0,2.0,2.0,2.0,0.0,0.0,24.0,2.0000000000000004
2018-01-31,Saratoga,NY,Passenger,1.0,1.0,2.0,68.0,70.0,2.86,2018,1,24217,247,12,2.0,2.0,2.0,2.0,0.0,0.0,26.0,2.0000000000000004
2018-02-28,Saratoga,NY,Passenger,1.0,1.0,2.0,67.0,69.0,2.9,2018,2,24218,247,13,2.0,2.0,2.0,2.0,0.0,0.0,28.0,2.0000000000000018
2018-03-31,Saratoga,NY,Passenger,1.0,1.0,2.0,65.0,67.0,2.99,2018,3,24219,247,14,2.0,2.0,2.0,2.0,0.0,0.0,30.0,2.0000000000000013
2018-04-30,Saratoga,NY,Passenger,1.0,1.0,2.0,65.0,67.0,2.99,2018,4,24220,247,15,2.0,2.0,2.0,2.0,0.0,0.0,32.0,2.0000000000000018
2018-05-31,Saratoga,NY,Passenger,1.0,1.0,2.0,63.0,65.0,3.08,2018,5,24221,247,16,2.0,2.0,2.0,2.0,0.0,0.0,34.0,2.0
2018-06-30,Saratoga,NY,Passenger,1.0,1.0,2.0,63.0,65.0,3.08,2018,6,24222,247,17,2.0,2.0,2.0,2.0,0.0,0.0,36.0,2.0000000000000004
2018-07-31,Saratoga,NY,Passenger,1.0,1.0,2.0,62.0,64.0,3.12,2018,7,24223,247,18,2.0,2.0,2.0,2.0,0.0,0.0,38.0,2.000000000000004
2018-08-31,Saratoga,NY,Passenger,1.0,0.0,1.0,61.0,62.0,1.61,2018,8,24224,247,19,2.0,2.0,2.0,2.0,-0.5,-0.5,39.0,1.8571428571428592
2018-09-30,Saratoga,NY,Passenger,1.0,0.0,1.0,60.0,61.0,1.64,2018,9,24225,247,20,1.0,2.0,2.0,1.6666666666666667,0.0,-0.5,40.0,1.628571428571431
2018-10-31,Saratoga,NY,Passenger,1.0,0.0,1.0,58.0,59.0,1.69,2018,10,24226,247,21,1.0,1.0,2.0,1.3333333333333333,0.0,-0.5,41.0,1.3714285714285739
2018-11-30,Saratoga,NY,Passenger,1.0,0.0,1.0,60.0,61.0,1.64,2018,11,24227,247,22,1.0,1.0,1.0,1.0,0.0,0.0,42.0,1.142857142857145
2018-12-31,Saratoga,NY,Passenger,1.0,0.0,1.0,60.0,61.0,1.64,2018,12,24228,247,23,1.0,1.0,1.0,1.0,0.0,0.0,43.0,1.0000000000000029
2019-01-31,Saratoga,NY,Passenger,1.0,0.0,1.0,59.0,60.0,1.67,2019,1,24229,247,24,1.0,1.0,1.0,1.0,0.0,0.0,44.0,1.0000000000000029
2019-02-28,Saratoga,NY,Passenger,1.0,0.0,1.0,60.0,61.0,1.64,2019,2,24230,247,25,1.0,1.0,1.0,1.0,0.0,0.0,45.0,1.0000000000000009
2019-03-31,Saratoga,NY,Passenger,1.0,0.0,1.0,56.0,57.0,1.75,2019,3,24231,247,26,1.0,1.0,1.0,1.0,0.0,0.0,46.0,1.0000000000000009
2019-04-30,Saratoga,NY,Passenger,1.0,0.0,1.0,56.0,57.0,1.75,2019,4,24232,247,27,1.0,1.0,1.0,1.0,0.0,0.0,47.0,1.0000000000000029
2019-05-31,Saratoga,NY,Passenger,1.0,0.0,1.0,53.0,54.0,1.85,2019,5,24233,247,28,1.0,1.0,1.0,1.0,0.0,0.0,48.0,1.0000000000000009
2019-06-30,Saratoga,NY,Passenger,1.0,0.0,1.0,52.0,53.0,1.89,2019,6,24234,247,29,1.0,1.0,1.0,1.0,0.0,0.0,49.0,1.000000000000002
2019-07-31,Saratoga,NY,Passenger,1.0,0.0,1.0,52.0,53.0,1.89,2019,7,24235,247,30,1.0,1.0,1.0,1.0,0.0,0.0,50.0,1.000000000000002
2019-08-31,Saratoga,NY,Passenger,1.0,0.0,1.0,51.0,52.0,1.92,2019,8,24236,247,31,1.0,1.0,1.0,1.0,0.0,0.0,51.0,1.000000000000002
2021-07-31,Saratoga,NY,Passenger,1.0,0.0,1.0,43.0,44.0,2.27,2021,7,24259,247,32,1.0,1.0,1.0,1.0,0.0,0.0,52.0,1.0000000000000009
2021-08-31,Saratoga,NY,Passenger,1.0,0.0,1.0,43.0,44.0,2.27,2021,8,24260,247,33,1.0,1.0,1.0,1.0,0.0,0.0,53.0,1.0000000000000029
2021-09-30,Saratoga,NY,Passenger,1.0,0.0,1.0,44.0,45.0,2.22,2021,9,24261,247,34,1.0,1.0,1.0,1.0,0.0,0.0,54.0,1.0000000000000049
2021-10-31,Saratoga,NY,Passenger,1.0,0.0,1.0,43.0,44.0,2.27,2021,10,24262,247,35,1.0,1.0,1.0,1.0,0.0,0.0,55.0,1.0000000000000038
2021-11-30,Saratoga,NY,Passenger,1.0,0.0,1.0,41.0,42.0,2.38,2021,11,24263,247,36,1.0,1.0,1.0,1.0,0.0,0.0,56.0,1.0
2021-12-31,Saratoga,NY,Passenger,1.0,0.0,1.0,41.0,42.0,2.38,2021,12,24264,247,37,1.0,1.0,1.0,1.0,0.0,0.0,57.0,1.000000000000002
2022-01-31,Saratoga,NY,Passenger,1.0,0.0,1.0,41.0,42.0,2.38,2022,1,24265,247,38,1.0,1.0,1.0,1.0,0.0,0.0,58.0,1.0000000000000038
2022-02-28,Saratoga,NY,Passenger,1.0,0.0,1.0,41.0,42.0,2.38,2022,2,24266,247,39,1.0,1.0,1.0,1.0,0.0,0.0,59.0,1.0000000000000038
2022-03-31,Saratoga,NY,Passenger,1.0,0.0,1.0,43.0,44.0,2.27,2022,3,24267,247,40,1.0,1.0,1.0,1.0,0.0,0.0,60.0,1.0000000000000038
2022-04-30,Saratoga,NY,Passenger,1.0,0.0,1.0,41.0,42.0,2.38,2022,4,24268,247,41,1.0,1.0,1.0,1.0,0.0,0.0,61.0,1.0000000000000049
2022-05-31,Saratoga,NY,Passenger,1.0,0.0,1.0,42.0,43.0,2.33,2022,5,24269,247,42,1.0,1.0,1.0,1.0,0.0,0.0,62.0,1.0000000000000067
2022-06-30,Saratoga,NY,Passenger,1.0,0.0,1.0,43.0,44.0,2.27,2022,6,24270,247,43,1.0,1.0,1.0,1.0,0.0,0.0,63.0,1.0000000000000009
2022-07-31,Saratoga,NY,Passenger,1.0,0.0,1.0,43.0,44.0,2.27,2022,7,24271,247,44,1.0,1.0,1.0,1.0,0.0,0.0,64.0,0.999999999999999
2022-08-31,Saratoga,NY,Passenger,1.0,0.0,1.0,43.0,44.0,2.27,2022,8,24272,247,45,1.0,1.0,1.0,1.0,0.0,0.0,65.0,1.0000000000000049
2022-09-30,Saratoga,NY,Passenger,1.0,0.0,1.0,41.0,42.0,2.38,2022,9,24273,247,46,1.0,1.0,1.0,1.0,0.0,0.0,66.0,1.0000000000000029
2022-10-31,Saratoga,NY,Passenger,1.0,0.0,1.0,41.0,42.0,2.38,2022,10,24274,247,47,1.0,1.0,1.0,1.0,0.0,0.0,67.0,1.0000000000000049
2022-11-30,Saratoga,NY,Passenger,1.0,0.0,1.0,40.0,41.0,2.44,2022,11,24275,247,48,1.0,1.0,1.0,1.0,0.0,0.0,68.0,1.0000000000000087
2022-12-31,Saratoga,NY,Passenger,1.0,0.0,1.0,41.0,42.0,2.38,2022,12,24276,247,49,1.0,1.0,1.0,1.0,0.0,0.0,69.0,1.0000000000000067
2023-01-31,Saratoga,NY,Passenger,1.0,1.0,2.0,41.0,43.0,4.65,2023,1,24277,247,50,1.0,1.0,1.0,1.0,1.0,1.0,71.0,1.1428571428571432
2023-02-28,Saratoga,NY,Passenger,1.0,1.0,2.0,39.0,41.0,4.88,2023,2,24278,247,51,2.0,1.0,1.0,1.3333333333333333,0.0,1.0,73.0,1.3714285714285768
2023-03-31,Saratoga,NY,Passenger,1.0,1.0,2.0,38.0,40.0,5.0,2023,3,24279,247,52,2.0,2.0,1.0,1.6666666666666667,0.0,1.0,75.0,1.628571428571432
2023-04-30,Saratoga,NY,Passenger,1.0,1.0,2.0,37.0,39.0,5.13,2023,4,24280,247,53,2.0,2.0,2.0,2.0,0.0,0.0,77.0,1.8571428571428636
2023-05-31,Saratoga,NY,Passenger,1.0,1.0,2.0,34.0,36.0,5.56,2023,5,24281,247,54,2.0,2.0,2.0,2.0,0.0,0.0,79.0,2.0
2023-06-30,Saratoga,NY,Passenger,1.0,1.0,2.0,34.0,36.0,5.56,2023,6,24282,247,55,2.0,2.0,2.0,2.0,0.0,0.0,81.0,2.0000000000000075
2023-07-31,Saratoga,NY,Passenger,1.0,1.0,2.0,34.0,36.0,5.56,2023,7,24283,247,56,2.0,2.0,2.0,2.0,0.0,0.0,83.0,2.0000000000000075
2023-08-31,Saratoga,NY,Passenger,1.0,1.0,2.0,33.0,35.0,5.71,2023,8,24284,247,57,2.0,2.0,2.0,2.0,0.0,0.0,85.0,2.0000000000000098
2023-09-30,Saratoga,NY,Passenger,1.0,1.0,2.0,33.0,35.0,5.71,2023,9,24285,247,58,2.0,2.0,2.0,2.0,0.0,0.0,87.0,2.0000000000000075
2023-10-31,Saratoga,NY,Passenger,1.0,1.0,2.0,32.0,34.0,5.88,2023,10,24286,247,59,2.0,2.0,2.0,2.0,0.0,0.0,89.0,2.0000000000000058
2023-11-30,Saratoga,NY,Passenger,1.0,1.0,2.0,31.0,33.0,6.06,2023,11,24287,247,60,2.0,2.0,2.0,2.0,0.0,0.0,91.0,2.0000000000000098
2023-12-31,Saratoga,NY,Passenger,1.0,1.0,2.0,29.0,31.0,6.45,2023,12,24288,247,61,2.0,2.0,2.0,2.0,0.0,0.0,93.0,2.0000000000000058
2024-01-31,Saratoga,NY,Passenger,1.0,1.0,2.0,27.0,29.0,6.9,2024,1,24289,247,62,2.0,2.0,2.0,2.0,0.0,0.0,95.0,2.0000000000000058
2024-02-29,Saratoga,NY,Passenger,1.0,1.0,2.0,26.0,28.0,6.9025,2024,2,24290,247,63,2.0,2.0,2.0,2.0,0.0,0.0,97.0,2.0000000000000058
2022-03-31,Sarpy,NE,Passenger,1.0,0.0,1.0,63.0,64.0,1.56,2022,3,24267,248,5,1.0,1.0,1.0,1.0,0.0,0.0,6.0,0.9999999999999998
2022-04-30,Sarpy,NE,Passenger,1.0,0.0,1.0,62.0,63.0,1.59,2022,4,24268,248,6,1.0,1.0,1.0,1.0,0.0,0.0,7.0,0.9999999999999998
2022-05-31,Sarpy,NE,Passenger,1.0,0.0,1.0,62.0,63.0,1.59,2022,5,24269,248,7,1.0,1.0,1.0,1.0,0.0,0.0,8.0,0.9999999999999999
2022-06-30,Sarpy,NE,Passenger,1.0,0.0,1.0,63.0,64.0,1.56,2022,6,24270,248,8,1.0,1.0,1.0,1.0,0.0,0.0,9.0,1.0000000000000002
2022-07-31,Sarpy,NE,Passenger,1.0,0.0,1.0,63.0,64.0,1.56,2022,7,24271,248,9,1.0,1.0,1.0,1.0,0.0,0.0,10.0,1.0000000000000002
2022-08-31,Sarpy,NE,Passenger,1.0,0.0,1.0,60.0,61.0,1.64,2022,8,24272,248,10,1.0,1.0,1.0,1.0,0.0,0.0,11.0,1.0
2022-09-30,Sarpy,NE,Passenger,1.0,0.0,1.0,60.0,61.0,1.64,2022,9,24273,248,11,1.0,1.0,1.0,1.0,0.0,0.0,12.0,1.0000000000000002
2022-10-31,Sarpy,NE,Passenger,1.0,0.0,1.0,60.0,61.0,1.64,2022,10,24274,248,12,1.0,1.0,1.0,1.0,0.0,0.0,13.0,1.0000000000000002
2022-11-30,Sarpy,NE,Passenger,1.0,0.0,1.0,60.0,61.0,1.64,2022,11,24275,248,13,1.0,1.0,1.0,1.0,0.0,0.0,14.0,1.0000000000000009
2022-12-31,Sarpy,NE,Passenger,1.0,0.0,1.0,57.0,58.0,1.72,2022,12,24276,248,14,1.0,1.0,1.0,1.0,0.0,0.0,15.0,1.0000000000000007
2023-01-31,Sarpy,NE,Passenger,1.0,0.0,1.0,57.0,58.0,1.72,2023,1,24277,248,15,1.0,1.0,1.0,1.0,0.0,0.0,16.0,1.0000000000000009
2023-02-28,Sarpy,NE,Passenger,1.0,0.0,1.0,56.0,57.0,1.75,2023,2,24278,248,16,1.0,1.0,1.0,1.0,0.0,0.0,17.0,1.0
2023-03-31,Sarpy,NE,Passenger,1.0,0.0,1.0,58.0,59.0,1.69,2023,3,24279,248,17,1.0,1.0,1.0,1.0,0.0,0.0,18.0,1.0000000000000002
2023-04-30,Sarpy,NE,Passenger,1.0,0.0,1.0,57.0,58.0,1.72,2023,4,24280,248,18,1.0,1.0,1.0,1.0,0.0,0.0,19.0,1.000000000000002
2023-05-31,Sarpy,NE,Passenger,1.0,0.0,1.0,57.0,58.0,1.72,2023,5,24281,248,19,1.0,1.0,1.0,1.0,0.0,0.0,20.0,0.9999999999999998
2023-06-30,Sarpy,NE,Passenger,1.0,0.0,1.0,55.0,56.0,1.79,2023,6,24282,248,20,1.0,1.0,1.0,1.0,0.0,0.0,21.0,1.000000000000001
2023-07-31,Sarpy,NE,Passenger,1.0,0.0,1.0,54.0,55.0,1.82,2023,7,24283,248,21,1.0,1.0,1.0,1.0,0.0,0.0,22.0,1.0000000000000013
2023-08-31,Sarpy,NE,Passenger,1.0,0.0,1.0,52.0,53.0,1.89,2023,8,24284,248,22,1.0,1.0,1.0,1.0,0.0,0.0,23.0,1.0000000000000013
2023-09-30,Sarpy,NE,Passenger,1.0,0.0,1.0,51.0,52.0,1.92,2023,9,24285,248,23,1.0,1.0,1.0,1.0,0.0,0.0,24.0,1.0000000000000004
2023-10-31,Sarpy,NE,Passenger,1.0,0.0,1.0,51.0,52.0,1.92,2023,10,24286,248,24,1.0,1.0,1.0,1.0,0.0,0.0,25.0,1.0000000000000013
2023-11-30,Sarpy,NE,Passenger,1.0,0.0,1.0,50.0,51.0,1.96,2023,11,24287,248,25,1.0,1.0,1.0,1.0,0.0,0.0,26.0,1.0000000000000013
2023-12-31,Sarpy,NE,Passenger,1.0,0.0,1.0,50.0,51.0,1.96,2023,12,24288,248,26,1.0,1.0,1.0,1.0,0.0,0.0,27.0,1.0000000000000013
2024-01-31,Sarpy,NE,Passenger,1.0,0.0,1.0,49.0,50.0,2.0,2024,1,24289,248,27,1.0,1.0,1.0,1.0,0.0,0.0,28.0,1.0000000000000013
2024-02-29,Sarpy,NE,Passenger,1.0,0.0,1.0,49.0,50.0,2.0,2024,2,24290,248,28,1.0,1.0,1.0,1.0,0.0,0.0,29.0,1.0000000000000024
2017-10-31,Sedgwick,KS,Passenger,0.0,1.0,1.0,105.0,106.0,0.94,2017,10,24214,249,5,1.0,1.0,1.0,1.0,0.0,0.0,6.0,0.9999999999999998
2017-11-30,Sedgwick,KS,Passenger,0.0,1.0,1.0,107.0,108.0,0.93,2017,11,24215,249,6,1.0,1.0,1.0,1.0,0.0,0.0,7.0,0.9999999999999998
2017-12-31,Sedgwick,KS,Passenger,0.0,1.0,1.0,108.0,109.0,0.92,2017,12,24216,249,7,1.0,1.0,1.0,1.0,0.0,0.0,8.0,0.9999999999999999
2018-01-31,Sedgwick,KS,Passenger,0.0,1.0,1.0,108.0,109.0,0.92,2018,1,24217,249,8,1.0,1.0,1.0,1.0,0.0,0.0,9.0,1.0000000000000002
2018-02-28,Sedgwick,KS,Passenger,0.0,1.0,1.0,105.0,106.0,0.94,2018,2,24218,249,9,1.0,1.0,1.0,1.0,0.0,0.0,10.0,1.0000000000000002
2018-03-31,Sedgwick,KS,Passenger,0.0,1.0,1.0,106.0,107.0,0.93,2018,3,24219,249,10,1.0,1.0,1.0,1.0,0.0,0.0,11.0,1.0
2018-04-30,Sedgwick,KS,Passenger,0.0,1.0,1.0,101.0,102.0,0.98,2018,4,24220,249,11,1.0,1.0,1.0,1.0,0.0,0.0,12.0,1.0000000000000002
2018-05-31,Sedgwick,KS,Passenger,0.0,1.0,1.0,99.0,100.0,1.0,2018,5,24221,249,12,1.0,1.0,1.0,1.0,0.0,0.0,13.0,1.0000000000000002
2018-06-30,Sedgwick,KS,Passenger,0.0,1.0,1.0,101.0,102.0,0.98,2018,6,24222,249,13,1.0,1.0,1.0,1.0,0.0,0.0,14.0,1.0000000000000009
2018-07-31,Sedgwick,KS,Passenger,0.0,1.0,1.0,101.0,102.0,0.98,2018,7,24223,249,14,1.0,1.0,1.0,1.0,0.0,0.0,15.0,1.0000000000000007
2018-08-31,Sedgwick,KS,Passenger,0.0,1.0,1.0,102.0,103.0,0.97,2018,8,24224,249,15,1.0,1.0,1.0,1.0,0.0,0.0,16.0,1.0000000000000009
2018-09-30,Sedgwick,KS,Passenger,0.0,1.0,1.0,100.0,101.0,0.99,2018,9,24225,249,16,1.0,1.0,1.0,1.0,0.0,0.0,17.0,1.0
2018-10-31,Sedgwick,KS,Passenger,0.0,1.0,1.0,102.0,103.0,0.97,2018,10,24226,249,17,1.0,1.0,1.0,1.0,0.0,0.0,18.0,1.0000000000000002
2018-11-30,Sedgwick,KS,Passenger,0.0,1.0,1.0,102.0,103.0,0.97,2018,11,24227,249,18,1.0,1.0,1.0,1.0,0.0,0.0,19.0,1.000000000000002
2018-12-31,Sedgwick,KS,Passenger,0.0,1.0,1.0,101.0,102.0,0.98,2018,12,24228,249,19,1.0,1.0,1.0,1.0,0.0,0.0,20.0,0.9999999999999998
2019-01-31,Sedgwick,KS,Passenger,0.0,1.0,1.0,102.0,103.0,0.97,2019,1,24229,249,20,1.0,1.0,1.0,1.0,0.0,0.0,21.0,1.000000000000001
2019-02-28,Sedgwick,KS,Passenger,0.0,1.0,1.0,104.0,105.0,0.95,2019,2,24230,249,21,1.0,1.0,1.0,1.0,0.0,0.0,22.0,1.0000000000000013
2019-03-31,Sedgwick,KS,Passenger,0.0,1.0,1.0,106.0,107.0,0.93,2019,3,24231,249,22,1.0,1.0,1.0,1.0,0.0,0.0,23.0,1.0000000000000013
2019-04-30,Sedgwick,KS,Passenger,0.0,1.0,1.0,105.0,106.0,0.94,2019,4,24232,249,23,1.0,1.0,1.0,1.0,0.0,0.0,24.0,1.0000000000000004
2019-05-31,Sedgwick,KS,Passenger,0.0,1.0,1.0,105.0,106.0,0.94,2019,5,24233,249,24,1.0,1.0,1.0,1.0,0.0,0.0,25.0,1.0000000000000013
2019-06-30,Sedgwick,KS,Passenger,1.0,1.0,2.0,105.0,107.0,1.87,2019,6,24234,249,25,1.0,1.0,1.0,1.0,1.0,1.0,27.0,1.1428571428571437
2019-07-31,Sedgwick,KS,Passenger,1.0,1.0,2.0,102.0,104.0,1.92,2019,7,24235,249,26,2.0,1.0,1.0,1.3333333333333333,0.0,1.0,29.0,1.371428571428573
2019-08-31,Sedgwick,KS,Passenger,1.0,1.0,2.0,101.0,103.0,1.94,2019,8,24236,249,27,2.0,2.0,1.0,1.6666666666666667,0.0,1.0,31.0,1.62857142857143
2019-09-30,Sedgwick,KS,Passenger,1.0,1.0,2.0,102.0,104.0,1.92,2019,9,24237,249,28,2.0,2.0,2.0,2.0,0.0,0.0,33.0,1.8571428571428579
2019-10-31,Sedgwick,KS,Passenger,1.0,1.0,2.0,100.0,102.0,1.96,2019,10,24238,249,29,2.0,2.0,2.0,2.0,0.0,0.0,35.0,2.000000000000001
2019-11-30,Sedgwick,KS,Passenger,1.0,1.0,2.0,100.0,102.0,1.96,2019,11,24239,249,30,2.0,2.0,2.0,2.0,0.0,0.0,37.0,2.0000000000000004
2019-12-31,Sedgwick,KS,Passenger,1.0,1.0,2.0,100.0,102.0,1.96,2019,12,24240,249,31,2.0,2.0,2.0,2.0,0.0,0.0,39.0,1.9999999999999991
2020-01-31,Sedgwick,KS,Passenger,1.0,1.0,2.0,99.0,101.0,1.98,2020,1,24241,249,32,2.0,2.0,2.0,2.0,0.0,0.0,41.0,2.0000000000000027
2020-02-29,Sedgwick,KS,Passenger,1.0,1.0,2.0,99.0,101.0,1.98,2020,2,24242,249,33,2.0,2.0,2.0,2.0,0.0,0.0,43.0,2.0000000000000027
2020-03-31,Sedgwick,KS,Passenger,1.0,1.0,2.0,97.0,99.0,2.02,2020,3,24243,249,34,2.0,2.0,2.0,2.0,0.0,0.0,45.0,2.000000000000001
2020-04-30,Sedgwick,KS,Passenger,1.0,1.0,2.0,97.0,99.0,2.02,2020,4,24244,249,35,2.0,2.0,2.0,2.0,0.0,0.0,47.0,2.0000000000000027
2020-05-31,Sedgwick,KS,Passenger,1.0,1.0,2.0,96.0,98.0,2.04,2020,5,24245,249,36,2.0,2.0,2.0,2.0,0.0,0.0,49.0,2.000000000000001
2020-06-30,Sedgwick,KS,Passenger,1.0,1.0,2.0,96.0,98.0,2.04,2020,6,24246,249,37,2.0,2.0,2.0,2.0,0.0,0.0,51.0,2.0000000000000018
2020-07-31,Sedgwick,KS,Passenger,1.0,1.0,2.0,100.0,102.0,1.96,2020,7,24247,249,38,2.0,2.0,2.0,2.0,0.0,0.0,53.0,2.0000000000000027
2020-08-31,Sedgwick,KS,Passenger,1.0,1.0,2.0,93.0,95.0,2.11,2020,8,24248,249,39,2.0,2.0,2.0,2.0,0.0,0.0,55.0,2.000000000000001
2020-09-30,Sedgwick,KS,Passenger,1.0,1.0,2.0,96.0,98.0,2.04,2020,9,24249,249,40,2.0,2.0,2.0,2.0,0.0,0.0,57.0,2.000000000000001
2020-10-31,Sedgwick,KS,Passenger,1.0,1.0,2.0,95.0,97.0,2.06,2020,10,24250,249,41,2.0,2.0,2.0,2.0,0.0,0.0,59.0,2.0000000000000018
2020-11-30,Sedgwick,KS,Passenger,1.0,1.0,2.0,92.0,94.0,2.13,2020,11,24251,249,42,2.0,2.0,2.0,2.0,0.0,0.0,61.0,2.0000000000000018
2020-12-31,Sedgwick,KS,Passenger,1.0,1.0,2.0,92.0,94.0,2.13,2020,12,24252,249,43,2.0,2.0,2.0,2.0,0.0,0.0,63.0,2.0000000000000018
2021-01-31,Sedgwick,KS,Passenger,1.0,1.0,2.0,92.0,94.0,2.13,2021,1,24253,249,44,2.0,2.0,2.0,2.0,0.0,0.0,65.0,2.0
2021-02-28,Sedgwick,KS,Passenger,1.0,1.0,2.0,92.0,94.0,2.13,2021,2,24254,249,45,2.0,2.0,2.0,2.0,0.0,0.0,67.0,2.000000000000004
2021-03-31,Sedgwick,KS,Passenger,1.0,1.0,2.0,89.0,91.0,2.2,2021,3,24255,249,46,2.0,2.0,2.0,2.0,0.0,0.0,69.0,2.0
2021-04-30,Sedgwick,KS,Passenger,1.0,1.0,2.0,91.0,93.0,2.15,2021,4,24256,249,47,2.0,2.0,2.0,2.0,0.0,0.0,71.0,2.0
2021-05-31,Sedgwick,KS,Passenger,0.0,1.0,1.0,91.0,92.0,1.09,2021,5,24257,249,48,2.0,2.0,2.0,2.0,-0.5,-0.5,72.0,1.8571428571428616
2021-06-30,Sedgwick,KS,Passenger,1.0,1.0,2.0,88.0,90.0,2.22,2021,6,24258,249,49,1.0,2.0,2.0,1.6666666666666667,1.0,0.0,74.0,1.771428571428574
2021-07-31,Sedgwick,KS,Passenger,1.0,1.0,2.0,87.0,89.0,2.25,2021,7,24259,249,50,2.0,1.0,2.0,1.6666666666666667,0.0,0.0,76.0,1.7428571428571487
2021-08-31,Sedgwick,KS,Passenger,1.0,1.0,2.0,85.0,87.0,2.3,2021,8,24260,249,51,2.0,2.0,1.0,1.6666666666666667,0.0,1.0,78.0,1.771428571428576
2021-09-30,Sedgwick,KS,Passenger,1.0,1.0,2.0,86.0,88.0,2.27,2021,9,24261,249,52,2.0,2.0,2.0,2.0,0.0,0.0,80.0,1.8571428571428616
2021-10-31,Sedgwick,KS,Passenger,1.0,1.0,2.0,84.0,86.0,2.33,2021,10,24262,249,53,2.0,2.0,2.0,2.0,0.0,0.0,82.0,2.0000000000000075
2021-11-30,Sedgwick,KS,Passenger,1.0,1.0,2.0,86.0,88.0,2.27,2021,11,24263,249,54,2.0,2.0,2.0,2.0,0.0,0.0,84.0,2.0000000000000018
2021-12-31,Sedgwick,KS,Passenger,1.0,1.0,2.0,85.0,87.0,2.3,2021,12,24264,249,55,2.0,2.0,2.0,2.0,0.0,0.0,86.0,2.0000000000000058
2022-01-31,Sedgwick,KS,Passenger,1.0,1.0,2.0,86.0,88.0,2.27,2022,1,24265,249,56,2.0,2.0,2.0,2.0,0.0,0.0,88.0,2.0000000000000058
2022-02-28,Sedgwick,KS,Passenger,1.0,1.0,2.0,86.0,88.0,2.27,2022,2,24266,249,57,2.0,2.0,2.0,2.0,0.0,0.0,90.0,2.0000000000000018
2022-03-31,Sedgwick,KS,Passenger,1.0,1.0,2.0,85.0,87.0,2.3,2022,3,24267,249,58,2.0,2.0,2.0,2.0,0.0,0.0,92.0,2.0000000000000018
2022-04-30,Sedgwick,KS,Passenger,1.0,1.0,2.0,82.0,84.0,2.38,2022,4,24268,249,59,2.0,2.0,2.0,2.0,0.0,0.0,94.0,2.0000000000000058
2022-05-31,Sedgwick,KS,Passenger,1.0,1.0,2.0,78.0,80.0,2.5,2022,5,24269,249,60,2.0,2.0,2.0,2.0,0.0,0.0,96.0,2.0000000000000018
2022-06-30,Sedgwick,KS,Passenger,1.0,1.0,2.0,78.0,80.0,2.5,2022,6,24270,249,61,2.0,2.0,2.0,2.0,0.0,0.0,98.0,2.000000000000004
2022-07-31,Sedgwick,KS,Passenger,1.0,1.0,2.0,73.0,75.0,2.67,2022,7,24271,249,62,2.0,2.0,2.0,2.0,0.0,0.0,100.0,2.000000000000004
2022-08-31,Sedgwick,KS,Passenger,1.0,1.0,2.0,68.0,70.0,2.86,2022,8,24272,249,63,2.0,2.0,2.0,2.0,0.0,0.0,102.0,2.000000000000004
2022-09-30,Sedgwick,KS,Passenger,1.0,1.0,2.0,68.0,70.0,2.86,2022,9,24273,249,64,2.0,2.0,2.0,2.0,0.0,0.0,104.0,2.0000000000000018
2022-10-31,Sedgwick,KS,Passenger,1.0,1.0,2.0,68.0,70.0,2.86,2022,10,24274,249,65,2.0,2.0,2.0,2.0,0.0,0.0,106.0,2.0000000000000058
2022-11-30,Sedgwick,KS,Passenger,1.0,1.0,2.0,69.0,71.0,2.82,2022,11,24275,249,66,2.0,2.0,2.0,2.0,0.0,0.0,108.0,2.0000000000000098
2022-12-31,Sedgwick,KS,Passenger,1.0,1.0,2.0,69.0,71.0,2.82,2022,12,24276,249,67,2.0,2.0,2.0,2.0,0.0,0.0,110.0,2.0000000000000075
2023-01-31,Sedgwick,KS,Passenger,1.0,1.0,2.0,67.0,69.0,2.9,2023,1,24277,249,68,2.0,2.0,2.0,2.0,0.0,0.0,112.0,2.0
2023-02-28,Sedgwick,KS,Passenger,1.0,1.0,2.0,66.0,68.0,2.94,2023,2,24278,249,69,2.0,2.0,2.0,2.0,0.0,0.0,114.0,2.000000000000004
2023-03-31,Sedgwick,KS,Passenger,1.0,1.0,2.0,61.0,63.0,3.17,2023,3,24279,249,70,2.0,2.0,2.0,2.0,0.0,0.0,116.0,2.0000000000000075
2023-04-30,Sedgwick,KS,Passenger,1.0,0.0,1.0,57.0,58.0,1.72,2023,4,24280,249,71,2.0,2.0,2.0,2.0,-0.5,-0.5,117.0,1.8571428571428712
2023-05-31,Sedgwick,KS,Passenger,1.0,0.0,1.0,56.0,57.0,1.75,2023,5,24281,249,72,1.0,2.0,2.0,1.6666666666666667,0.0,-0.5,118.0,1.6285714285714394
2023-06-30,Sedgwick,KS,Passenger,1.0,0.0,1.0,55.0,56.0,1.79,2023,6,24282,249,73,1.0,1.0,2.0,1.3333333333333333,0.0,-0.5,119.0,1.3714285714285863
2023-07-31,Sedgwick,KS,Passenger,1.0,0.0,1.0,50.0,51.0,1.96,2023,7,24283,249,74,1.0,1.0,1.0,1.0,0.0,0.0,120.0,1.1428571428571488
2023-08-31,Sedgwick,KS,Passenger,1.0,0.0,1.0,50.0,51.0,1.96,2023,8,24284,249,75,1.0,1.0,1.0,1.0,0.0,0.0,121.0,1.0000000000000049
2023-09-30,Sedgwick,KS,Passenger,1.0,0.0,1.0,48.0,49.0,2.04,2023,9,24285,249,76,1.0,1.0,1.0,1.0,0.0,0.0,122.0,1.0000000000000049
2023-10-31,Sedgwick,KS,Passenger,1.0,0.0,1.0,46.0,47.0,2.13,2023,10,24286,249,77,1.0,1.0,1.0,1.0,0.0,0.0,123.0,1.0000000000000009
2023-11-30,Sedgwick,KS,Passenger,1.0,0.0,1.0,44.0,45.0,2.22,2023,11,24287,249,78,1.0,1.0,1.0,1.0,0.0,0.0,124.0,1.0000000000000124
2023-12-31,Sedgwick,KS,Passenger,1.0,0.0,1.0,42.0,43.0,2.33,2023,12,24288,249,79,1.0,1.0,1.0,1.0,0.0,0.0,125.0,1.0000000000000124
2024-01-31,Sedgwick,KS,Passenger,1.0,0.0,1.0,41.0,42.0,2.38,2024,1,24289,249,80,1.0,1.0,1.0,1.0,0.0,0.0,126.0,1.0000000000000162
2024-02-29,Sedgwick,KS,Passenger,1.0,0.0,1.0,39.0,40.0,2.5,2024,2,24290,249,81,1.0,1.0,1.0,1.0,0.0,0.0,127.0,1.0000000000000049
2021-06-30,Sevier,AR,Passenger,0.0,1.0,1.0,0.0,1.0,6.9025,2021,6,24258,250,5,1.0,1.0,1.0,1.0,0.0,0.0,6.0,0.9999999999999998
2021-07-31,Sevier,AR,Passenger,0.0,1.0,1.0,0.0,1.0,6.9025,2021,7,24259,250,6,1.0,1.0,1.0,1.0,0.0,0.0,7.0,0.9999999999999998
2021-08-31,Sevier,AR,Passenger,0.0,1.0,1.0,0.0,1.0,6.9025,2021,8,24260,250,7,1.0,1.0,1.0,1.0,0.0,0.0,8.0,0.9999999999999999
2021-09-30,Sevier,AR,Passenger,0.0,1.0,1.0,0.0,1.0,6.9025,2021,9,24261,250,8,1.0,1.0,1.0,1.0,0.0,0.0,9.0,1.0000000000000002
2021-10-31,Sevier,AR,Passenger,0.0,1.0,1.0,0.0,1.0,6.9025,2021,10,24262,250,9,1.0,1.0,1.0,1.0,0.0,0.0,10.0,1.0000000000000002
2021-11-30,Sevier,AR,Passenger,0.0,1.0,1.0,0.0,1.0,6.9025,2021,11,24263,250,10,1.0,1.0,1.0,1.0,0.0,0.0,11.0,1.0
2021-12-31,Sevier,AR,Passenger,0.0,1.0,1.0,0.0,1.0,6.9025,2021,12,24264,250,11,1.0,1.0,1.0,1.0,0.0,0.0,12.0,1.0000000000000002
2022-01-31,Sevier,AR,Passenger,0.0,1.0,1.0,0.0,1.0,6.9025,2022,1,24265,250,12,1.0,1.0,1.0,1.0,0.0,0.0,13.0,1.0000000000000002
2022-02-28,Sevier,AR,Passenger,0.0,1.0,1.0,0.0,1.0,6.9025,2022,2,24266,250,13,1.0,1.0,1.0,1.0,0.0,0.0,14.0,1.0000000000000009
2022-03-31,Sevier,AR,Passenger,0.0,1.0,1.0,0.0,1.0,6.9025,2022,3,24267,250,14,1.0,1.0,1.0,1.0,0.0,0.0,15.0,1.0000000000000007
2022-04-30,Sevier,AR,Passenger,0.0,1.0,1.0,0.0,1.0,6.9025,2022,4,24268,250,15,1.0,1.0,1.0,1.0,0.0,0.0,16.0,1.0000000000000009
2022-05-31,Sevier,AR,Passenger,0.0,1.0,1.0,0.0,1.0,6.9025,2022,5,24269,250,16,1.0,1.0,1.0,1.0,0.0,0.0,17.0,1.0
2022-06-30,Sevier,AR,Passenger,0.0,1.0,1.0,0.0,1.0,6.9025,2022,6,24270,250,17,1.0,1.0,1.0,1.0,0.0,0.0,18.0,1.0000000000000002
2022-07-31,Sevier,AR,Passenger,0.0,1.0,1.0,0.0,1.0,6.9025,2022,7,24271,250,18,1.0,1.0,1.0,1.0,0.0,0.0,19.0,1.000000000000002
2022-08-31,Sevier,AR,Passenger,0.0,1.0,1.0,0.0,1.0,6.9025,2022,8,24272,250,19,1.0,1.0,1.0,1.0,0.0,0.0,20.0,0.9999999999999998
2022-09-30,Sevier,AR,Passenger,0.0,1.0,1.0,0.0,1.0,6.9025,2022,9,24273,250,20,1.0,1.0,1.0,1.0,0.0,0.0,21.0,1.000000000000001
2022-10-31,Sevier,AR,Passenger,0.0,1.0,1.0,0.0,1.0,6.9025,2022,10,24274,250,21,1.0,1.0,1.0,1.0,0.0,0.0,22.0,1.0000000000000013
2022-11-30,Sevier,AR,Passenger,0.0,1.0,1.0,0.0,1.0,6.9025,2022,11,24275,250,22,1.0,1.0,1.0,1.0,0.0,0.0,23.0,1.0000000000000013
2019-03-31,Shasta,CA,Passenger,1.0,0.0,1.0,43.0,44.0,2.27,2019,3,24231,251,5,1.0,1.0,1.0,1.0,0.0,0.0,6.0,0.9999999999999998
2019-04-30,Shasta,CA,Passenger,1.0,0.0,1.0,42.0,43.0,2.33,2019,4,24232,251,6,1.0,1.0,1.0,1.0,0.0,0.0,7.0,0.9999999999999998
2019-05-31,Shasta,CA,Passenger,1.0,0.0,1.0,45.0,46.0,2.17,2019,5,24233,251,7,1.0,1.0,1.0,1.0,0.0,0.0,8.0,0.9999999999999999
2019-06-30,Shasta,CA,Passenger,1.0,0.0,1.0,45.0,46.0,2.17,2019,6,24234,251,8,1.0,1.0,1.0,1.0,0.0,0.0,9.0,1.0000000000000002
2019-07-31,Shasta,CA,Passenger,1.0,0.0,1.0,43.0,44.0,2.27,2019,7,24235,251,9,1.0,1.0,1.0,1.0,0.0,0.0,10.0,1.0000000000000002
2019-08-31,Shasta,CA,Passenger,1.0,0.0,1.0,43.0,44.0,2.27,2019,8,24236,251,10,1.0,1.0,1.0,1.0,0.0,0.0,11.0,1.0
2019-09-30,Shasta,CA,Passenger,1.0,0.0,1.0,42.0,43.0,2.33,2019,9,24237,251,11,1.0,1.0,1.0,1.0,0.0,0.0,12.0,1.0000000000000002
2019-10-31,Shasta,CA,Passenger,1.0,0.0,1.0,43.0,44.0,2.27,2019,10,24238,251,12,1.0,1.0,1.0,1.0,0.0,0.0,13.0,1.0000000000000002
2019-11-30,Shasta,CA,Passenger,1.0,0.0,1.0,41.0,42.0,2.38,2019,11,24239,251,13,1.0,1.0,1.0,1.0,0.0,0.0,14.0,1.0000000000000009
2019-12-31,Shasta,CA,Passenger,1.0,0.0,1.0,40.0,41.0,2.44,2019,12,24240,251,14,1.0,1.0,1.0,1.0,0.0,0.0,15.0,1.0000000000000007
2020-01-31,Shasta,CA,Passenger,1.0,0.0,1.0,38.0,39.0,2.56,2020,1,24241,251,15,1.0,1.0,1.0,1.0,0.0,0.0,16.0,1.0000000000000009
2020-02-29,Shasta,CA,Passenger,1.0,0.0,1.0,39.0,40.0,2.5,2020,2,24242,251,16,1.0,1.0,1.0,1.0,0.0,0.0,17.0,1.0
2020-03-31,Shasta,CA,Passenger,1.0,0.0,1.0,41.0,42.0,2.38,2020,3,24243,251,17,1.0,1.0,1.0,1.0,0.0,0.0,18.0,1.0000000000000002
2020-04-30,Shasta,CA,Passenger,1.0,0.0,1.0,40.0,41.0,2.44,2020,4,24244,251,18,1.0,1.0,1.0,1.0,0.0,0.0,19.0,1.000000000000002
2020-05-31,Shasta,CA,Passenger,1.0,0.0,1.0,37.0,38.0,2.63,2020,5,24245,251,19,1.0,1.0,1.0,1.0,0.0,0.0,20.0,0.9999999999999998
2020-06-30,Shasta,CA,Passenger,1.0,0.0,1.0,37.0,38.0,2.63,2020,6,24246,251,20,1.0,1.0,1.0,1.0,0.0,0.0,21.0,1.000000000000001
2020-07-31,Shasta,CA,Passenger,1.0,0.0,1.0,39.0,40.0,2.5,2020,7,24247,251,21,1.0,1.0,1.0,1.0,0.0,0.0,22.0,1.0000000000000013
2020-08-31,Shasta,CA,Passenger,1.0,0.0,1.0,37.0,38.0,2.63,2020,8,24248,251,22,1.0,1.0,1.0,1.0,0.0,0.0,23.0,1.0000000000000013
2022-12-31,Shasta,CA,Passenger,1.0,0.0,1.0,26.0,27.0,3.7,2022,12,24276,251,23,1.0,1.0,1.0,1.0,0.0,0.0,24.0,1.0000000000000004
2023-01-31,Shasta,CA,Passenger,1.0,0.0,1.0,24.0,25.0,4.0,2023,1,24277,251,24,1.0,1.0,1.0,1.0,0.0,0.0,25.0,1.0000000000000013
2023-02-28,Shasta,CA,Passenger,1.0,0.0,1.0,24.0,25.0,4.0,2023,2,24278,251,25,1.0,1.0,1.0,1.0,0.0,0.0,26.0,1.0000000000000013
2023-03-31,Shasta,CA,Passenger,1.0,0.0,1.0,23.0,24.0,4.17,2023,3,24279,251,26,1.0,1.0,1.0,1.0,0.0,0.0,27.0,1.0000000000000013
2023-04-30,Shasta,CA,Passenger,1.0,0.0,1.0,23.0,24.0,4.17,2023,4,24280,251,27,1.0,1.0,1.0,1.0,0.0,0.0,28.0,1.0000000000000013
2023-05-31,Shasta,CA,Passenger,1.0,0.0,1.0,24.0,25.0,4.0,2023,5,24281,251,28,1.0,1.0,1.0,1.0,0.0,0.0,29.0,1.0000000000000024
2023-06-30,Shasta,CA,Passenger,1.0,0.0,1.0,24.0,25.0,4.0,2023,6,24282,251,29,1.0,1.0,1.0,1.0,0.0,0.0,30.0,1.000000000000002
2023-07-31,Shasta,CA,Passenger,1.0,0.0,1.0,23.0,24.0,4.17,2023,7,24283,251,30,1.0,1.0,1.0,1.0,0.0,0.0,31.0,1.0000000000000009
2023-08-31,Shasta,CA,Passenger,1.0,0.0,1.0,21.0,22.0,4.55,2023,8,24284,251,31,1.0,1.0,1.0,1.0,0.0,0.0,32.0,1.000000000000002
2023-09-30,Shasta,CA,Passenger,1.0,0.0,1.0,20.0,21.0,4.76,2023,9,24285,251,32,1.0,1.0,1.0,1.0,0.0,0.0,33.0,1.0000000000000038
2023-10-31,Shasta,CA,Passenger,1.0,0.0,1.0,21.0,22.0,4.55,2023,10,24286,251,33,1.0,1.0,1.0,1.0,0.0,0.0,34.0,1.0000000000000004
2023-11-30,Shasta,CA,Passenger,1.0,0.0,1.0,21.0,22.0,4.55,2023,11,24287,251,34,1.0,1.0,1.0,1.0,0.0,0.0,35.0,1.000000000000002
2017-06-30,Shelby,TN,Passenger,0.0,1.0,1.0,114.0,115.0,0.87,2017,6,24210,252,5,1.0,1.0,1.0,1.0,0.0,0.0,6.0,0.9999999999999998
2017-07-31,Shelby,TN,Passenger,0.0,1.0,1.0,113.0,114.0,0.88,2017,7,24211,252,6,1.0,1.0,1.0,1.0,0.0,0.0,7.0,0.9999999999999998
2017-08-31,Shelby,TN,Passenger,0.0,1.0,1.0,107.0,108.0,0.93,2017,8,24212,252,7,1.0,1.0,1.0,1.0,0.0,0.0,8.0,0.9999999999999999
2017-09-30,Shelby,TN,Passenger,0.0,1.0,1.0,110.0,111.0,0.9,2017,9,24213,252,8,1.0,1.0,1.0,1.0,0.0,0.0,9.0,1.0000000000000002
2017-10-31,Shelby,TN,Passenger,0.0,1.0,1.0,107.0,108.0,0.93,2017,10,24214,252,9,1.0,1.0,1.0,1.0,0.0,0.0,10.0,1.0000000000000002
2017-11-30,Shelby,TN,Passenger,0.0,1.0,1.0,107.0,108.0,0.93,2017,11,24215,252,10,1.0,1.0,1.0,1.0,0.0,0.0,11.0,1.0
2017-12-31,Shelby,TN,Passenger,0.0,1.0,1.0,107.0,108.0,0.93,2017,12,24216,252,11,1.0,1.0,1.0,1.0,0.0,0.0,12.0,1.0000000000000002
2018-01-31,Shelby,TN,Passenger,0.0,1.0,1.0,107.0,108.0,0.93,2018,1,24217,252,12,1.0,1.0,1.0,1.0,0.0,0.0,13.0,1.0000000000000002
2018-02-28,Shelby,TN,Passenger,0.0,1.0,1.0,108.0,109.0,0.92,2018,2,24218,252,13,1.0,1.0,1.0,1.0,0.0,0.0,14.0,1.0000000000000009
2018-03-31,Shelby,TN,Passenger,0.0,1.0,1.0,104.0,105.0,0.95,2018,3,24219,252,14,1.0,1.0,1.0,1.0,0.0,0.0,15.0,1.0000000000000007
2018-04-30,Shelby,TN,Passenger,0.0,1.0,1.0,104.0,105.0,0.95,2018,4,24220,252,15,1.0,1.0,1.0,1.0,0.0,0.0,16.0,1.0000000000000009
2018-05-31,Shelby,TN,Passenger,0.0,1.0,1.0,106.0,107.0,0.93,2018,5,24221,252,16,1.0,1.0,1.0,1.0,0.0,0.0,17.0,1.0
2018-06-30,Shelby,TN,Passenger,0.0,1.0,1.0,105.0,106.0,0.94,2018,6,24222,252,17,1.0,1.0,1.0,1.0,0.0,0.0,18.0,1.0000000000000002
2018-07-31,Shelby,TN,Passenger,0.0,1.0,1.0,105.0,106.0,0.94,2018,7,24223,252,18,1.0,1.0,1.0,1.0,0.0,0.0,19.0,1.000000000000002
2018-08-31,Shelby,TN,Passenger,0.0,1.0,1.0,104.0,105.0,0.95,2018,8,24224,252,19,1.0,1.0,1.0,1.0,0.0,0.0,20.0,0.9999999999999998
2018-09-30,Shelby,TN,Passenger,0.0,1.0,1.0,105.0,106.0,0.94,2018,9,24225,252,20,1.0,1.0,1.0,1.0,0.0,0.0,21.0,1.000000000000001
2018-10-31,Shelby,TN,Passenger,0.0,1.0,1.0,106.0,107.0,0.93,2018,10,24226,252,21,1.0,1.0,1.0,1.0,0.0,0.0,22.0,1.0000000000000013
2018-11-30,Shelby,TN,Passenger,0.0,1.0,1.0,105.0,106.0,0.94,2018,11,24227,252,22,1.0,1.0,1.0,1.0,0.0,0.0,23.0,1.0000000000000013
2018-12-31,Shelby,TN,Passenger,0.0,1.0,1.0,101.0,102.0,0.98,2018,12,24228,252,23,1.0,1.0,1.0,1.0,0.0,0.0,24.0,1.0000000000000004
2019-01-31,Shelby,TN,Passenger,0.0,1.0,1.0,99.0,100.0,1.0,2019,1,24229,252,24,1.0,1.0,1.0,1.0,0.0,0.0,25.0,1.0000000000000013
2019-02-28,Shelby,TN,Passenger,0.0,1.0,1.0,99.0,100.0,1.0,2019,2,24230,252,25,1.0,1.0,1.0,1.0,0.0,0.0,26.0,1.0000000000000013
2019-03-31,Shelby,TN,Passenger,0.0,1.0,1.0,99.0,100.0,1.0,2019,3,24231,252,26,1.0,1.0,1.0,1.0,0.0,0.0,27.0,1.0000000000000013
2019-04-30,Shelby,TN,Passenger,0.0,1.0,1.0,97.0,98.0,1.02,2019,4,24232,252,27,1.0,1.0,1.0,1.0,0.0,0.0,28.0,1.0000000000000013
2019-05-31,Shelby,TN,Passenger,0.0,1.0,1.0,96.0,97.0,1.03,2019,5,24233,252,28,1.0,1.0,1.0,1.0,0.0,0.0,29.0,1.0000000000000024
2019-06-30,Shelby,OH,Passenger,0.0,1.0,1.0,2.0,3.0,6.9025,2019,6,24234,252,29,1.0,1.0,1.0,1.0,0.0,0.0,30.0,1.000000000000002
2019-06-30,Shelby,TN,Passenger,0.0,1.0,1.0,96.0,97.0,1.03,2019,6,24234,252,30,1.0,1.0,1.0,1.0,0.0,0.0,31.0,1.0000000000000009
2019-07-31,Shelby,OH,Passenger,0.0,1.0,1.0,2.0,3.0,6.9025,2019,7,24235,252,31,1.0,1.0,1.0,1.0,0.0,0.0,32.0,1.000000000000002
2019-07-31,Shelby,TN,Passenger,0.0,1.0,1.0,94.0,95.0,1.05,2019,7,24235,252,32,1.0,1.0,1.0,1.0,0.0,0.0,33.0,1.0000000000000038
2019-08-31,Shelby,TN,Passenger,0.0,1.0,1.0,95.0,96.0,1.04,2019,8,24236,252,33,1.0,1.0,1.0,1.0,0.0,0.0,34.0,1.0000000000000004
2019-08-31,Shelby,OH,Passenger,0.0,1.0,1.0,2.0,3.0,6.9025,2019,8,24236,252,34,1.0,1.0,1.0,1.0,0.0,0.0,35.0,1.000000000000002
2019-09-30,Shelby,OH,Passenger,0.0,1.0,1.0,2.0,3.0,6.9025,2019,9,24237,252,35,1.0,1.0,1.0,1.0,0.0,0.0,36.0,1.0000000000000029
2019-09-30,Shelby,TN,Passenger,0.0,1.0,1.0,97.0,98.0,1.02,2019,9,24237,252,36,1.0,1.0,1.0,1.0,0.0,0.0,37.0,1.0000000000000038
2019-10-31,Shelby,TN,Passenger,0.0,1.0,1.0,99.0,100.0,1.0,2019,10,24238,252,37,1.0,1.0,1.0,1.0,0.0,0.0,38.0,1.0
2019-10-31,Shelby,OH,Passenger,0.0,1.0,1.0,2.0,3.0,6.9025,2019,10,24238,252,38,1.0,1.0,1.0,1.0,0.0,0.0,39.0,1.0000000000000009
2019-11-30,Shelby,OH,Passenger,0.0,1.0,1.0,2.0,3.0,6.9025,2019,11,24239,252,39,1.0,1.0,1.0,1.0,0.0,0.0,40.0,1.0000000000000009
2019-11-30,Shelby,TN,Passenger,0.0,1.0,1.0,100.0,101.0,0.99,2019,11,24239,252,40,1.0,1.0,1.0,1.0,0.0,0.0,41.0,1.0000000000000038
2019-12-31,Shelby,TN,Passenger,0.0,1.0,1.0,99.0,100.0,1.0,2019,12,24240,252,41,1.0,1.0,1.0,1.0,0.0,0.0,42.0,1.0000000000000009
2019-12-31,Shelby,OH,Passenger,0.0,1.0,1.0,2.0,3.0,6.9025,2019,12,24240,252,42,1.0,1.0,1.0,1.0,0.0,0.0,43.0,1.0000000000000029
2020-01-31,Shelby,TN,Passenger,0.0,1.0,1.0,100.0,101.0,0.99,2020,1,24241,252,43,1.0,1.0,1.0,1.0,0.0,0.0,44.0,1.0000000000000029
2020-01-31,Shelby,OH,Passenger,0.0,1.0,1.0,2.0,3.0,6.9025,2020,1,24241,252,44,1.0,1.0,1.0,1.0,0.0,0.0,45.0,1.0000000000000009
2020-02-29,Shelby,OH,Passenger,0.0,1.0,1.0,2.0,3.0,6.9025,2020,2,24242,252,45,1.0,1.0,1.0,1.0,0.0,0.0,46.0,1.0000000000000009
2020-02-29,Shelby,TN,Passenger,0.0,1.0,1.0,97.0,98.0,1.02,2020,2,24242,252,46,1.0,1.0,1.0,1.0,0.0,0.0,47.0,1.0000000000000029
2020-03-31,Shelby,TN,Passenger,0.0,1.0,1.0,93.0,94.0,1.06,2020,3,24243,252,47,1.0,1.0,1.0,1.0,0.0,0.0,48.0,1.0000000000000009
2020-03-31,Shelby,OH,Passenger,0.0,1.0,1.0,2.0,3.0,6.9025,2020,3,24243,252,48,1.0,1.0,1.0,1.0,0.0,0.0,49.0,1.000000000000002
2020-04-30,Shelby,OH,Passenger,0.0,1.0,1.0,2.0,3.0,6.9025,2020,4,24244,252,49,1.0,1.0,1.0,1.0,0.0,0.0,50.0,1.000000000000002
2020-04-30,Shelby,TN,Passenger,0.0,1.0,1.0,94.0,95.0,1.05,2020,4,24244,252,50,1.0,1.0,1.0,1.0,0.0,0.0,51.0,1.000000000000002
2020-05-31,Shelby,TN,Passenger,0.0,1.0,1.0,91.0,92.0,1.09,2020,5,24245,252,51,1.0,1.0,1.0,1.0,0.0,0.0,52.0,1.0000000000000009
2020-05-31,Shelby,OH,Passenger,0.0,1.0,1.0,2.0,3.0,6.9025,2020,5,24245,252,52,1.0,1.0,1.0,1.0,0.0,0.0,53.0,1.0000000000000029
2020-06-30,Shelby,TN,Passenger,0.0,1.0,1.0,92.0,93.0,1.08,2020,6,24246,252,53,1.0,1.0,1.0,1.0,0.0,0.0,54.0,1.0000000000000049
2020-06-30,Shelby,OH,Passenger,0.0,1.0,1.0,2.0,3.0,6.9025,2020,6,24246,252,54,1.0,1.0,1.0,1.0,0.0,0.0,55.0,1.0000000000000038
2020-07-31,Shelby,OH,Passenger,0.0,1.0,1.0,2.0,3.0,6.9025,2020,7,24247,252,55,1.0,1.0,1.0,1.0,0.0,0.0,56.0,1.0
2020-07-31,Shelby,TN,Passenger,0.0,1.0,1.0,90.0,91.0,1.1,2020,7,24247,252,56,1.0,1.0,1.0,1.0,0.0,0.0,57.0,1.000000000000002
2020-08-31,Shelby,TN,Passenger,0.0,1.0,1.0,90.0,91.0,1.1,2020,8,24248,252,57,1.0,1.0,1.0,1.0,0.0,0.0,58.0,1.0000000000000038
2020-08-31,Shelby,OH,Passenger,0.0,1.0,1.0,2.0,3.0,6.9025,2020,8,24248,252,58,1.0,1.0,1.0,1.0,0.0,0.0,59.0,1.0000000000000038
2020-09-30,Shelby,OH,Passenger,0.0,1.0,1.0,2.0,3.0,6.9025,2020,9,24249,252,59,1.0,1.0,1.0,1.0,0.0,0.0,60.0,1.0000000000000038
2020-09-30,Shelby,TN,Passenger,0.0,1.0,1.0,85.0,86.0,1.16,2020,9,24249,252,60,1.0,1.0,1.0,1.0,0.0,0.0,61.0,1.0000000000000049
2020-10-31,Shelby,OH,Passenger,0.0,1.0,1.0,2.0,3.0,6.9025,2020,10,24250,252,61,1.0,1.0,1.0,1.0,0.0,0.0,62.0,1.0000000000000067
2020-11-30,Shelby,OH,Passenger,0.0,1.0,1.0,2.0,3.0,6.9025,2020,11,24251,252,62,1.0,1.0,1.0,1.0,0.0,0.0,63.0,1.0000000000000009
2020-12-31,Shelby,OH,Passenger,0.0,1.0,1.0,2.0,3.0,6.9025,2020,12,24252,252,63,1.0,1.0,1.0,1.0,0.0,0.0,64.0,0.999999999999999
2021-01-31,Shelby,OH,Passenger,0.0,1.0,1.0,2.0,3.0,6.9025,2021,1,24253,252,64,1.0,1.0,1.0,1.0,0.0,0.0,65.0,1.0000000000000049
2021-02-28,Shelby,OH,Passenger,0.0,1.0,1.0,2.0,3.0,6.9025,2021,2,24254,252,65,1.0,1.0,1.0,1.0,0.0,0.0,66.0,1.0000000000000029
2021-03-31,Shelby,OH,Passenger,0.0,1.0,1.0,2.0,3.0,6.9025,2021,3,24255,252,66,1.0,1.0,1.0,1.0,0.0,0.0,67.0,1.0000000000000049
2021-04-30,Shelby,OH,Passenger,0.0,1.0,1.0,2.0,3.0,6.9025,2021,4,24256,252,67,1.0,1.0,1.0,1.0,0.0,0.0,68.0,1.0000000000000087
2021-05-31,Shelby,OH,Passenger,0.0,1.0,1.0,2.0,3.0,6.9025,2021,5,24257,252,68,1.0,1.0,1.0,1.0,0.0,0.0,69.0,1.0000000000000067
2021-06-30,Shelby,OH,Passenger,0.0,1.0,1.0,2.0,3.0,6.9025,2021,6,24258,252,69,1.0,1.0,1.0,1.0,0.0,0.0,70.0,1.0000000000000049
2021-07-31,Shelby,OH,Passenger,0.0,1.0,1.0,2.0,3.0,6.9025,2021,7,24259,252,70,1.0,1.0,1.0,1.0,0.0,0.0,71.0,1.0000000000000049
2021-08-31,Shelby,OH,Passenger,0.0,1.0,1.0,3.0,4.0,6.9025,2021,8,24260,252,71,1.0,1.0,1.0,1.0,0.0,0.0,72.0,1.0000000000000067
2021-09-30,Shelby,OH,Passenger,0.0,1.0,1.0,3.0,4.0,6.9025,2021,9,24261,252,72,1.0,1.0,1.0,1.0,0.0,0.0,73.0,1.0000000000000049
2021-10-31,Shelby,OH,Passenger,0.0,1.0,1.0,3.0,4.0,6.9025,2021,10,24262,252,73,1.0,1.0,1.0,1.0,0.0,0.0,74.0,1.0000000000000009
2021-11-30,Shelby,OH,Passenger,0.0,1.0,1.0,3.0,4.0,6.9025,2021,11,24263,252,74,1.0,1.0,1.0,1.0,0.0,0.0,75.0,1.0000000000000029
2021-12-31,Shelby,OH,Passenger,0.0,1.0,1.0,3.0,4.0,6.9025,2021,12,24264,252,75,1.0,1.0,1.0,1.0,0.0,0.0,76.0,1.0000000000000049
2022-01-31,Shelby,OH,Passenger,0.0,1.0,1.0,3.0,4.0,6.9025,2022,1,24265,252,76,1.0,1.0,1.0,1.0,0.0,0.0,77.0,1.0000000000000087
2022-02-28,Shelby,OH,Passenger,0.0,1.0,1.0,3.0,4.0,6.9025,2022,2,24266,252,77,1.0,1.0,1.0,1.0,0.0,0.0,78.0,1.0000000000000049
2022-03-31,Shelby,OH,Passenger,0.0,1.0,1.0,3.0,4.0,6.9025,2022,3,24267,252,78,1.0,1.0,1.0,1.0,0.0,0.0,79.0,1.0000000000000029
2022-04-30,Shelby,OH,Passenger,0.0,1.0,1.0,3.0,4.0,6.9025,2022,4,24268,252,79,1.0,1.0,1.0,1.0,0.0,0.0,80.0,1.0000000000000087
2023-08-31,Shelby,AL,Passenger,1.0,0.0,1.0,7.0,8.0,6.9025,2023,8,24284,252,80,1.0,1.0,1.0,1.0,0.0,0.0,81.0,1.0000000000000029
2023-09-30,Shelby,AL,Passenger,1.0,0.0,1.0,5.0,6.0,6.9025,2023,9,24285,252,81,1.0,1.0,1.0,1.0,0.0,0.0,82.0,1.0000000000000104
2023-10-31,Shelby,AL,Passenger,1.0,0.0,1.0,5.0,6.0,6.9025,2023,10,24286,252,82,1.0,1.0,1.0,1.0,0.0,0.0,83.0,1.0000000000000049
2023-11-30,Shelby,AL,Passenger,1.0,0.0,1.0,5.0,6.0,6.9025,2023,11,24287,252,83,1.0,1.0,1.0,1.0,0.0,0.0,84.0,1.0000000000000049
2023-12-31,Shelby,AL,Passenger,1.0,0.0,1.0,5.0,6.0,6.9025,2023,12,24288,252,84,1.0,1.0,1.0,1.0,0.0,0.0,85.0,1.0000000000000009
2024-01-31,Shelby,AL,Passenger,1.0,0.0,1.0,5.0,6.0,6.9025,2024,1,24289,252,85,1.0,1.0,1.0,1.0,0.0,0.0,86.0,1.0000000000000067
2024-02-29,Shelby,AL,Passenger,1.0,0.0,1.0,5.0,6.0,6.9025,2024,2,24290,252,86,1.0,1.0,1.0,1.0,0.0,0.0,87.0,1.0000000000000049
2022-11-30,Sheridan,WY,Passenger,1.0,0.0,1.0,6.0,7.0,6.9025,2022,11,24275,253,5,1.0,1.0,1.0,1.0,0.0,0.0,6.0,0.9999999999999998
2022-12-31,Sheridan,WY,Passenger,1.0,0.0,1.0,6.0,7.0,6.9025,2022,12,24276,253,6,1.0,1.0,1.0,1.0,0.0,0.0,7.0,0.9999999999999998
2023-01-31,Sheridan,WY,Passenger,1.0,0.0,1.0,6.0,7.0,6.9025,2023,1,24277,253,7,1.0,1.0,1.0,1.0,0.0,0.0,8.0,0.9999999999999999
2023-02-28,Sheridan,WY,Passenger,1.0,0.0,1.0,6.0,7.0,6.9025,2023,2,24278,253,8,1.0,1.0,1.0,1.0,0.0,0.0,9.0,1.0000000000000002
2023-03-31,Sheridan,WY,Passenger,1.0,0.0,1.0,6.0,7.0,6.9025,2023,3,24279,253,9,1.0,1.0,1.0,1.0,0.0,0.0,10.0,1.0000000000000002
2023-04-30,Sheridan,WY,Passenger,1.0,0.0,1.0,6.0,7.0,6.9025,2023,4,24280,253,10,1.0,1.0,1.0,1.0,0.0,0.0,11.0,1.0
2023-05-31,Sheridan,WY,Passenger,1.0,0.0,1.0,5.0,6.0,6.9025,2023,5,24281,253,11,1.0,1.0,1.0,1.0,0.0,0.0,12.0,1.0000000000000002
2023-06-30,Sheridan,WY,Passenger,1.0,0.0,1.0,5.0,6.0,6.9025,2023,6,24282,253,12,1.0,1.0,1.0,1.0,0.0,0.0,13.0,1.0000000000000002
2023-07-31,Sheridan,WY,Passenger,1.0,0.0,1.0,5.0,6.0,6.9025,2023,7,24283,253,13,1.0,1.0,1.0,1.0,0.0,0.0,14.0,1.0000000000000009
2023-08-31,Sheridan,WY,Passenger,1.0,0.0,1.0,4.0,5.0,6.9025,2023,8,24284,253,14,1.0,1.0,1.0,1.0,0.0,0.0,15.0,1.0000000000000007
2023-09-30,Sheridan,WY,Passenger,1.0,0.0,1.0,3.0,4.0,6.9025,2023,9,24285,253,15,1.0,1.0,1.0,1.0,0.0,0.0,16.0,1.0000000000000009
2023-10-31,Sheridan,WY,Passenger,1.0,0.0,1.0,3.0,4.0,6.9025,2023,10,24286,253,16,1.0,1.0,1.0,1.0,0.0,0.0,17.0,1.0
2023-11-30,Sheridan,WY,Passenger,1.0,0.0,1.0,4.0,5.0,6.9025,2023,11,24287,253,17,1.0,1.0,1.0,1.0,0.0,0.0,18.0,1.0000000000000002
2023-12-31,Sheridan,WY,Passenger,1.0,0.0,1.0,3.0,4.0,6.9025,2023,12,24288,253,18,1.0,1.0,1.0,1.0,0.0,0.0,19.0,1.000000000000002
2024-01-31,Sheridan,WY,Passenger,1.0,0.0,1.0,3.0,4.0,6.9025,2024,1,24289,253,19,1.0,1.0,1.0,1.0,0.0,0.0,20.0,0.9999999999999998
2024-02-29,Sheridan,WY,Passenger,1.0,0.0,1.0,2.0,3.0,6.9025,2024,2,24290,253,20,1.0,1.0,1.0,1.0,0.0,0.0,21.0,1.000000000000001
2019-10-31,Solano,CA,Passenger,1.0,0.0,1.0,205.0,206.0,0.49,2019,10,24238,258,5,1.0,1.0,1.0,1.0,0.0,0.0,6.0,0.9999999999999998
2019-11-30,Solano,CA,Passenger,1.0,0.0,1.0,205.0,206.0,0.49,2019,11,24239,258,6,1.0,1.0,1.0,1.0,0.0,0.0,7.0,0.9999999999999998
2019-12-31,Solano,CA,Passenger,1.0,0.0,1.0,208.0,209.0,0.48,2019,12,24240,258,7,1.0,1.0,1.0,1.0,0.0,0.0,8.0,0.9999999999999999
2020-01-31,Solano,CA,Passenger,1.0,0.0,1.0,208.0,209.0,0.48,2020,1,24241,258,8,1.0,1.0,1.0,1.0,0.0,0.0,9.0,1.0000000000000002
2020-02-29,Solano,CA,Passenger,1.0,0.0,1.0,210.0,211.0,0.47,2020,2,24242,258,9,1.0,1.0,1.0,1.0,0.0,0.0,10.0,1.0000000000000002
2020-03-31,Solano,CA,Passenger,1.0,0.0,1.0,212.0,213.0,0.47,2020,3,24243,258,10,1.0,1.0,1.0,1.0,0.0,0.0,11.0,1.0
2020-04-30,Solano,CA,Passenger,1.0,0.0,1.0,211.0,212.0,0.47,2020,4,24244,258,11,1.0,1.0,1.0,1.0,0.0,0.0,12.0,1.0000000000000002
2020-05-31,Solano,CA,Passenger,1.0,0.0,1.0,206.0,207.0,0.48,2020,5,24245,258,12,1.0,1.0,1.0,1.0,0.0,0.0,13.0,1.0000000000000002
2020-06-30,Solano,CA,Passenger,1.0,0.0,1.0,209.0,210.0,0.48,2020,6,24246,258,13,1.0,1.0,1.0,1.0,0.0,0.0,14.0,1.0000000000000009
2020-07-31,Solano,CA,Passenger,1.0,0.0,1.0,207.0,208.0,0.48,2020,7,24247,258,14,1.0,1.0,1.0,1.0,0.0,0.0,15.0,1.0000000000000007
2020-08-31,Solano,CA,Passenger,1.0,0.0,1.0,208.0,209.0,0.48,2020,8,24248,258,15,1.0,1.0,1.0,1.0,0.0,0.0,16.0,1.0000000000000009
2020-09-30,Solano,CA,Passenger,1.0,0.0,1.0,202.0,203.0,0.49,2020,9,24249,258,16,1.0,1.0,1.0,1.0,0.0,0.0,17.0,1.0
2020-10-31,Solano,CA,Passenger,1.0,0.0,1.0,203.0,204.0,0.49,2020,10,24250,258,17,1.0,1.0,1.0,1.0,0.0,0.0,18.0,1.0000000000000002
2020-11-30,Solano,CA,Passenger,1.0,0.0,1.0,204.0,205.0,0.49,2020,11,24251,258,18,1.0,1.0,1.0,1.0,0.0,0.0,19.0,1.000000000000002
2020-12-31,Solano,CA,Passenger,1.0,0.0,1.0,204.0,205.0,0.49,2020,12,24252,258,19,1.0,1.0,1.0,1.0,0.0,0.0,20.0,0.9999999999999998
2021-01-31,Solano,CA,Passenger,1.0,0.0,1.0,197.0,198.0,0.51,2021,1,24253,258,20,1.0,1.0,1.0,1.0,0.0,0.0,21.0,1.000000000000001
2021-02-28,Solano,CA,Passenger,1.0,0.0,1.0,195.0,196.0,0.51,2021,2,24254,258,21,1.0,1.0,1.0,1.0,0.0,0.0,22.0,1.0000000000000013
2021-03-31,Solano,CA,Passenger,1.0,0.0,1.0,195.0,196.0,0.51,2021,3,24255,258,22,1.0,1.0,1.0,1.0,0.0,0.0,23.0,1.0000000000000013
2021-10-31,Solano,CA,Passenger,1.0,0.0,1.0,178.0,179.0,0.56,2021,10,24262,258,23,1.0,1.0,1.0,1.0,0.0,0.0,24.0,1.0000000000000004
2021-11-30,Solano,CA,Passenger,1.0,0.0,1.0,178.0,179.0,0.56,2021,11,24263,258,24,1.0,1.0,1.0,1.0,0.0,0.0,25.0,1.0000000000000013
2021-12-31,Solano,CA,Passenger,1.0,0.0,1.0,177.0,178.0,0.56,2021,12,24264,258,25,1.0,1.0,1.0,1.0,0.0,0.0,26.0,1.0000000000000013
2022-01-31,Solano,CA,Passenger,1.0,0.0,1.0,176.0,177.0,0.56,2022,1,24265,258,26,1.0,1.0,1.0,1.0,0.0,0.0,27.0,1.0000000000000013
2022-02-28,Solano,CA,Passenger,1.0,0.0,1.0,174.0,175.0,0.57,2022,2,24266,258,27,1.0,1.0,1.0,1.0,0.0,0.0,28.0,1.0000000000000013
2022-03-31,Solano,CA,Passenger,1.0,0.0,1.0,172.0,173.0,0.58,2022,3,24267,258,28,1.0,1.0,1.0,1.0,0.0,0.0,29.0,1.0000000000000024
2022-04-30,Solano,CA,Passenger,1.0,0.0,1.0,166.0,167.0,0.6,2022,4,24268,258,29,1.0,1.0,1.0,1.0,0.0,0.0,30.0,1.000000000000002
2022-05-31,Solano,CA,Passenger,1.0,0.0,1.0,167.0,168.0,0.6,2022,5,24269,258,30,1.0,1.0,1.0,1.0,0.0,0.0,31.0,1.0000000000000009
2022-06-30,Solano,CA,Passenger,1.0,0.0,1.0,163.0,164.0,0.61,2022,6,24270,258,31,1.0,1.0,1.0,1.0,0.0,0.0,32.0,1.000000000000002
2022-07-31,Solano,CA,Passenger,1.0,0.0,1.0,162.0,163.0,0.61,2022,7,24271,258,32,1.0,1.0,1.0,1.0,0.0,0.0,33.0,1.0000000000000038
2022-08-31,Solano,CA,Passenger,2.0,0.0,2.0,159.0,161.0,1.24,2022,8,24272,258,33,1.0,1.0,1.0,1.0,1.0,1.0,35.0,1.142857142857146
2022-09-30,Solano,CA,Passenger,2.0,0.0,2.0,160.0,162.0,1.23,2022,9,24273,258,34,2.0,1.0,1.0,1.3333333333333333,0.0,1.0,37.0,1.3714285714285743
2022-10-31,Solano,CA,Passenger,2.0,0.0,2.0,157.0,159.0,1.26,2022,10,24274,258,35,2.0,2.0,1.0,1.6666666666666667,0.0,1.0,39.0,1.62857142857143
2022-11-30,Solano,CA,Passenger,2.0,0.0,2.0,155.0,157.0,1.27,2022,11,24275,258,36,2.0,2.0,2.0,2.0,0.0,0.0,41.0,1.8571428571428603
2022-12-31,Solano,CA,Passenger,2.0,0.0,2.0,153.0,155.0,1.29,2022,12,24276,258,37,2.0,2.0,2.0,2.0,0.0,0.0,43.0,2.0000000000000027
2023-01-31,Solano,CA,Passenger,4.0,0.0,4.0,151.0,155.0,2.58,2023,1,24277,258,38,2.0,2.0,2.0,2.0,1.0,1.0,47.0,2.2857142857142883
2023-02-28,Solano,CA,Passenger,4.0,0.0,4.0,145.0,149.0,2.68,2023,2,24278,258,39,4.0,2.0,2.0,2.6666666666666665,0.0,1.0,51.0,2.742857142857143
2023-03-31,Solano,CA,Passenger,4.0,0.0,4.0,144.0,148.0,2.7,2023,3,24279,258,40,4.0,4.0,2.0,3.3333333333333335,0.0,1.0,55.0,3.25714285714286
2023-04-30,Solano,CA,Passenger,5.0,0.0,5.0,143.0,148.0,3.38,2023,4,24280,258,41,4.0,4.0,4.0,4.0,0.25,0.25,60.0,3.8571428571428577
2023-05-31,Solano,CA,Passenger,5.0,0.0,5.0,140.0,145.0,3.45,2023,5,24281,258,42,5.0,4.0,4.0,4.333333333333333,0.0,0.25,65.0,4.371428571428574
2023-06-30,Solano,CA,Passenger,5.0,0.0,5.0,138.0,143.0,3.5,2023,6,24282,258,43,5.0,5.0,4.0,4.666666666666667,0.0,0.25,70.0,4.628571428571431
2023-07-31,Solano,CA,Passenger,5.0,0.0,5.0,133.0,138.0,3.62,2023,7,24283,258,44,5.0,5.0,5.0,5.0,0.0,0.0,75.0,4.857142857142858
2023-08-31,Solano,CA,Passenger,5.0,0.0,5.0,130.0,135.0,3.7,2023,8,24284,258,45,5.0,5.0,5.0,5.0,0.0,0.0,80.0,5.000000000000001
2023-09-30,Solano,CA,Passenger,5.0,0.0,5.0,128.0,133.0,3.76,2023,9,24285,258,46,5.0,5.0,5.0,5.0,0.0,0.0,85.0,5.000000000000001
2023-10-31,Solano,CA,Passenger,5.0,0.0,5.0,126.0,131.0,3.82,2023,10,24286,258,47,5.0,5.0,5.0,5.0,0.0,0.0,90.0,5.000000000000003
2023-11-30,Solano,CA,Passenger,5.0,0.0,5.0,123.0,128.0,3.91,2023,11,24287,258,48,5.0,5.0,5.0,5.0,0.0,0.0,95.0,5.000000000000003
2023-12-31,Solano,CA,Passenger,5.0,0.0,5.0,122.0,127.0,3.94,2023,12,24288,258,49,5.0,5.0,5.0,5.0,0.0,0.0,100.0,5.000000000000004
2024-01-31,Solano,CA,Passenger,4.0,0.0,4.0,126.0,130.0,3.08,2024,1,24289,258,50,5.0,5.0,5.0,5.0,-0.19999999999999996,-0.19999999999999996,104.0,4.857142857142863
2024-02-29,Solano,CA,Passenger,4.0,0.0,4.0,121.0,125.0,3.2,2024,2,24290,258,51,4.0,5.0,5.0,4.666666666666667,0.0,-0.19999999999999996,108.0,4.628571428571437
2021-12-31,Sonoma,CA,Passenger,0.0,1.0,1.0,92.0,93.0,1.08,2021,12,24264,259,5,1.0,1.0,1.0,1.0,0.0,0.0,6.0,0.9999999999999998
2022-01-31,Sonoma,CA,Passenger,0.0,1.0,1.0,87.0,88.0,1.14,2022,1,24265,259,6,1.0,1.0,1.0,1.0,0.0,0.0,7.0,0.9999999999999998
2022-02-28,Sonoma,CA,Passenger,0.0,1.0,1.0,86.0,87.0,1.15,2022,2,24266,259,7,1.0,1.0,1.0,1.0,0.0,0.0,8.0,0.9999999999999999
2022-03-31,Sonoma,CA,Passenger,0.0,1.0,1.0,88.0,89.0,1.12,2022,3,24267,259,8,1.0,1.0,1.0,1.0,0.0,0.0,9.0,1.0000000000000002
2022-04-30,Sonoma,CA,Passenger,0.0,1.0,1.0,86.0,87.0,1.15,2022,4,24268,259,9,1.0,1.0,1.0,1.0,0.0,0.0,10.0,1.0000000000000002
2022-05-31,Sonoma,CA,Passenger,0.0,1.0,1.0,88.0,89.0,1.12,2022,5,24269,259,10,1.0,1.0,1.0,1.0,0.0,0.0,11.0,1.0
2022-06-30,Sonoma,CA,Passenger,0.0,1.0,1.0,90.0,91.0,1.1,2022,6,24270,259,11,1.0,1.0,1.0,1.0,0.0,0.0,12.0,1.0000000000000002
2022-07-31,Sonoma,CA,Passenger,0.0,1.0,1.0,89.0,90.0,1.11,2022,7,24271,259,12,1.0,1.0,1.0,1.0,0.0,0.0,13.0,1.0000000000000002
2022-08-31,Sonoma,CA,Passenger,1.0,1.0,2.0,87.0,89.0,2.25,2022,8,24272,259,13,1.0,1.0,1.0,1.0,1.0,1.0,15.0,1.1428571428571437
2022-09-30,Sonoma,CA,Passenger,1.0,1.0,2.0,85.0,87.0,2.3,2022,9,24273,259,14,2.0,1.0,1.0,1.3333333333333333,0.0,1.0,17.0,1.3714285714285714
2022-10-31,Sonoma,CA,Passenger,2.0,1.0,3.0,85.0,88.0,3.41,2022,10,24274,259,15,2.0,2.0,1.0,1.6666666666666667,0.5,2.0,20.0,1.7714285714285722
2022-11-30,Sonoma,CA,Passenger,2.0,1.0,3.0,81.0,84.0,3.57,2022,11,24275,259,16,3.0,2.0,2.0,2.3333333333333335,0.0,0.5,23.0,2.228571428571428
2022-12-31,Sonoma,CA,Passenger,2.0,1.0,3.0,80.0,83.0,3.61,2022,12,24276,259,17,3.0,3.0,2.0,2.6666666666666665,0.0,0.5,26.0,2.628571428571428
2023-01-31,Sonoma,CA,Passenger,2.0,1.0,3.0,79.0,82.0,3.66,2023,1,24277,259,18,3.0,3.0,3.0,3.0,0.0,0.0,29.0,2.8571428571428568
2023-02-28,Sonoma,CA,Passenger,3.0,1.0,4.0,77.0,81.0,4.94,2023,2,24278,259,19,3.0,3.0,3.0,3.0,0.33333333333333326,0.33333333333333326,33.0,3.1428571428571432
2023-03-31,Sonoma,CA,Passenger,3.0,1.0,4.0,73.0,77.0,5.19,2023,3,24279,259,20,4.0,3.0,3.0,3.3333333333333335,0.0,0.33333333333333326,37.0,3.3714285714285723
2023-04-30,Sonoma,CA,Passenger,3.0,1.0,4.0,71.0,75.0,5.33,2023,4,24280,259,21,4.0,4.0,3.0,3.6666666666666665,0.0,0.33333333333333326,41.0,3.628571428571429
2023-05-31,Sonoma,CA,Passenger,3.0,1.0,4.0,70.0,74.0,5.41,2023,5,24281,259,22,4.0,4.0,4.0,4.0,0.0,0.0,45.0,3.8571428571428563
2023-06-30,Sonoma,CA,Passenger,3.0,1.0,4.0,67.0,71.0,5.63,2023,6,24282,259,23,4.0,4.0,4.0,4.0,0.0,0.0,49.0,4.000000000000001
2023-07-31,Sonoma,CA,Passenger,3.0,1.0,4.0,65.0,69.0,5.8,2023,7,24283,259,24,4.0,4.0,4.0,4.0,0.0,0.0,53.0,4.000000000000001
2023-08-31,Sonoma,CA,Passenger,3.0,1.0,4.0,63.0,67.0,5.97,2023,8,24284,259,25,4.0,4.0,4.0,4.0,0.0,0.0,57.0,4.000000000000003
2023-09-30,Sonoma,CA,Passenger,3.0,1.0,4.0,64.0,68.0,5.88,2023,9,24285,259,26,4.0,4.0,4.0,4.0,0.0,0.0,61.0,4.000000000000002
2023-10-31,Sonoma,CA,Passenger,2.0,1.0,3.0,63.0,66.0,4.55,2023,10,24286,259,27,4.0,4.0,4.0,4.0,-0.25,-0.25,64.0,3.857142857142859
2023-11-30,Sonoma,CA,Passenger,2.0,1.0,3.0,62.0,65.0,4.62,2023,11,24287,259,28,3.0,4.0,4.0,3.6666666666666665,0.0,-0.25,67.0,3.628571428571429
2023-12-31,Sonoma,CA,Passenger,2.0,1.0,3.0,63.0,66.0,4.55,2023,12,24288,259,29,3.0,3.0,4.0,3.3333333333333335,0.0,-0.25,70.0,3.371428571428576
2024-01-31,Sonoma,CA,Passenger,2.0,1.0,3.0,63.0,66.0,4.55,2024,1,24289,259,30,3.0,3.0,3.0,3.0,0.0,0.0,73.0,3.1428571428571423
2024-02-29,Sonoma,CA,Passenger,2.0,1.0,3.0,62.0,65.0,4.62,2024,2,24290,259,31,3.0,3.0,3.0,3.0,0.0,0.0,76.0,3.000000000000001
2019-06-30,Spartanburg,SC,Passenger,0.0,1.0,1.0,39.0,40.0,2.5,2019,6,24234,260,5,1.0,1.0,1.0,1.0,0.0,0.0,6.0,0.9999999999999998
2019-07-31,Spartanburg,SC,Passenger,0.0,1.0,1.0,40.0,41.0,2.44,2019,7,24235,260,6,1.0,1.0,1.0,1.0,0.0,0.0,7.0,0.9999999999999998
2019-08-31,Spartanburg,SC,Passenger,0.0,1.0,1.0,41.0,42.0,2.38,2019,8,24236,260,7,1.0,1.0,1.0,1.0,0.0,0.0,8.0,0.9999999999999999
2019-09-30,Spartanburg,SC,Passenger,0.0,1.0,1.0,42.0,43.0,2.33,2019,9,24237,260,8,1.0,1.0,1.0,1.0,0.0,0.0,9.0,1.0000000000000002
2019-10-31,Spartanburg,SC,Passenger,0.0,1.0,1.0,44.0,45.0,2.22,2019,10,24238,260,9,1.0,1.0,1.0,1.0,0.0,0.0,10.0,1.0000000000000002
2019-11-30,Spartanburg,SC,Passenger,0.0,1.0,1.0,46.0,47.0,2.13,2019,11,24239,260,10,1.0,1.0,1.0,1.0,0.0,0.0,11.0,1.0
2019-12-31,Spartanburg,SC,Passenger,0.0,1.0,1.0,46.0,47.0,2.13,2019,12,24240,260,11,1.0,1.0,1.0,1.0,0.0,0.0,12.0,1.0000000000000002
2020-01-31,Spartanburg,SC,Passenger,0.0,1.0,1.0,46.0,47.0,2.13,2020,1,24241,260,12,1.0,1.0,1.0,1.0,0.0,0.0,13.0,1.0000000000000002
2020-02-29,Spartanburg,SC,Passenger,0.0,1.0,1.0,48.0,49.0,2.04,2020,2,24242,260,13,1.0,1.0,1.0,1.0,0.0,0.0,14.0,1.0000000000000009
2020-03-31,Spartanburg,SC,Passenger,0.0,1.0,1.0,50.0,51.0,1.96,2020,3,24243,260,14,1.0,1.0,1.0,1.0,0.0,0.0,15.0,1.0000000000000007
2020-04-30,Spartanburg,SC,Passenger,0.0,1.0,1.0,52.0,53.0,1.89,2020,4,24244,260,15,1.0,1.0,1.0,1.0,0.0,0.0,16.0,1.0000000000000009
2020-05-31,Spartanburg,SC,Passenger,0.0,1.0,1.0,50.0,51.0,1.96,2020,5,24245,260,16,1.0,1.0,1.0,1.0,0.0,0.0,17.0,1.0
2020-06-30,Spartanburg,SC,Passenger,0.0,1.0,1.0,49.0,50.0,2.0,2020,6,24246,260,17,1.0,1.0,1.0,1.0,0.0,0.0,18.0,1.0000000000000002
2020-07-31,Spartanburg,SC,Passenger,0.0,1.0,1.0,49.0,50.0,2.0,2020,7,24247,260,18,1.0,1.0,1.0,1.0,0.0,0.0,19.0,1.000000000000002
2020-08-31,Spartanburg,SC,Passenger,0.0,1.0,1.0,50.0,51.0,1.96,2020,8,24248,260,19,1.0,1.0,1.0,1.0,0.0,0.0,20.0,0.9999999999999998
2020-09-30,Spartanburg,SC,Passenger,0.0,1.0,1.0,52.0,53.0,1.89,2020,9,24249,260,20,1.0,1.0,1.0,1.0,0.0,0.0,21.0,1.000000000000001
2020-10-31,Spartanburg,SC,Passenger,0.0,1.0,1.0,52.0,53.0,1.89,2020,10,24250,260,21,1.0,1.0,1.0,1.0,0.0,0.0,22.0,1.0000000000000013
2020-11-30,Spartanburg,SC,Passenger,0.0,1.0,1.0,51.0,52.0,1.92,2020,11,24251,260,22,1.0,1.0,1.0,1.0,0.0,0.0,23.0,1.0000000000000013
2020-12-31,Spartanburg,SC,Passenger,0.0,1.0,1.0,52.0,53.0,1.89,2020,12,24252,260,23,1.0,1.0,1.0,1.0,0.0,0.0,24.0,1.0000000000000004
2021-01-31,Spartanburg,SC,Passenger,0.0,1.0,1.0,53.0,54.0,1.85,2021,1,24253,260,24,1.0,1.0,1.0,1.0,0.0,0.0,25.0,1.0000000000000013
2021-02-28,Spartanburg,SC,Passenger,0.0,1.0,1.0,52.0,53.0,1.89,2021,2,24254,260,25,1.0,1.0,1.0,1.0,0.0,0.0,26.0,1.0000000000000013
2021-03-31,Spartanburg,SC,Passenger,0.0,1.0,1.0,53.0,54.0,1.85,2021,3,24255,260,26,1.0,1.0,1.0,1.0,0.0,0.0,27.0,1.0000000000000013
2021-04-30,Spartanburg,SC,Passenger,0.0,1.0,1.0,54.0,55.0,1.82,2021,4,24256,260,27,1.0,1.0,1.0,1.0,0.0,0.0,28.0,1.0000000000000013
2021-05-31,Spartanburg,SC,Passenger,0.0,1.0,1.0,55.0,56.0,1.79,2021,5,24257,260,28,1.0,1.0,1.0,1.0,0.0,0.0,29.0,1.0000000000000024
2021-06-30,Spartanburg,SC,Passenger,0.0,1.0,1.0,53.0,54.0,1.85,2021,6,24258,260,29,1.0,1.0,1.0,1.0,0.0,0.0,30.0,1.000000000000002
2021-07-31,Spartanburg,SC,Passenger,0.0,1.0,1.0,54.0,55.0,1.82,2021,7,24259,260,30,1.0,1.0,1.0,1.0,0.0,0.0,31.0,1.0000000000000009
2021-08-31,Spartanburg,SC,Passenger,0.0,1.0,1.0,52.0,53.0,1.89,2021,8,24260,260,31,1.0,1.0,1.0,1.0,0.0,0.0,32.0,1.000000000000002
2021-09-30,Spartanburg,SC,Passenger,0.0,1.0,1.0,50.0,51.0,1.96,2021,9,24261,260,32,1.0,1.0,1.0,1.0,0.0,0.0,33.0,1.0000000000000038
2021-10-31,Spartanburg,SC,Passenger,0.0,1.0,1.0,50.0,51.0,1.96,2021,10,24262,260,33,1.0,1.0,1.0,1.0,0.0,0.0,34.0,1.0000000000000004
2021-11-30,Spartanburg,SC,Passenger,0.0,1.0,1.0,49.0,50.0,2.0,2021,11,24263,260,34,1.0,1.0,1.0,1.0,0.0,0.0,35.0,1.000000000000002
2021-12-31,Spartanburg,SC,Passenger,0.0,1.0,1.0,49.0,50.0,2.0,2021,12,24264,260,35,1.0,1.0,1.0,1.0,0.0,0.0,36.0,1.0000000000000029
2022-01-31,Spartanburg,SC,Passenger,0.0,1.0,1.0,48.0,49.0,2.04,2022,1,24265,260,36,1.0,1.0,1.0,1.0,0.0,0.0,37.0,1.0000000000000038
2022-02-28,Spartanburg,SC,Passenger,0.0,1.0,1.0,45.0,46.0,2.17,2022,2,24266,260,37,1.0,1.0,1.0,1.0,0.0,0.0,38.0,1.0
2022-03-31,Spartanburg,SC,Passenger,0.0,1.0,1.0,44.0,45.0,2.22,2022,3,24267,260,38,1.0,1.0,1.0,1.0,0.0,0.0,39.0,1.0000000000000009
2022-04-30,Spartanburg,SC,Passenger,0.0,1.0,1.0,41.0,42.0,2.38,2022,4,24268,260,39,1.0,1.0,1.0,1.0,0.0,0.0,40.0,1.0000000000000009
2022-05-31,Spartanburg,SC,Passenger,0.0,1.0,1.0,41.0,42.0,2.38,2022,5,24269,260,40,1.0,1.0,1.0,1.0,0.0,0.0,41.0,1.0000000000000038
2022-06-30,Spartanburg,SC,Passenger,0.0,1.0,1.0,39.0,40.0,2.5,2022,6,24270,260,41,1.0,1.0,1.0,1.0,0.0,0.0,42.0,1.0000000000000009
2022-07-31,Spartanburg,SC,Passenger,0.0,1.0,1.0,38.0,39.0,2.56,2022,7,24271,260,42,1.0,1.0,1.0,1.0,0.0,0.0,43.0,1.0000000000000029
2022-08-31,Spartanburg,SC,Passenger,0.0,1.0,1.0,36.0,37.0,2.7,2022,8,24272,260,43,1.0,1.0,1.0,1.0,0.0,0.0,44.0,1.0000000000000029
2022-09-30,Spartanburg,SC,Passenger,0.0,1.0,1.0,33.0,34.0,2.94,2022,9,24273,260,44,1.0,1.0,1.0,1.0,0.0,0.0,45.0,1.0000000000000009
2022-10-31,Spartanburg,SC,Passenger,0.0,1.0,1.0,30.0,31.0,3.23,2022,10,24274,260,45,1.0,1.0,1.0,1.0,0.0,0.0,46.0,1.0000000000000009
2018-01-31,St. Clair,IL,Passenger,0.0,1.0,1.0,162.0,163.0,0.61,2018,1,24217,263,5,1.0,1.0,1.0,1.0,0.0,0.0,6.0,0.9999999999999998
2018-02-28,St. Clair,IL,Passenger,0.0,1.0,1.0,160.0,161.0,0.62,2018,2,24218,263,6,1.0,1.0,1.0,1.0,0.0,0.0,7.0,0.9999999999999998
2018-03-31,St. Clair,IL,Passenger,0.0,1.0,1.0,157.0,158.0,0.63,2018,3,24219,263,7,1.0,1.0,1.0,1.0,0.0,0.0,8.0,0.9999999999999999
2018-04-30,St. Clair,IL,Passenger,0.0,1.0,1.0,154.0,155.0,0.65,2018,4,24220,263,8,1.0,1.0,1.0,1.0,0.0,0.0,9.0,1.0000000000000002
2018-05-31,St. Clair,IL,Passenger,0.0,1.0,1.0,156.0,157.0,0.64,2018,5,24221,263,9,1.0,1.0,1.0,1.0,0.0,0.0,10.0,1.0000000000000002
2018-06-30,St. Clair,IL,Passenger,0.0,1.0,1.0,157.0,158.0,0.63,2018,6,24222,263,10,1.0,1.0,1.0,1.0,0.0,0.0,11.0,1.0
2018-07-31,St. Clair,IL,Passenger,0.0,1.0,1.0,156.0,157.0,0.64,2018,7,24223,263,11,1.0,1.0,1.0,1.0,0.0,0.0,12.0,1.0000000000000002
2018-08-31,St. Clair,IL,Passenger,0.0,1.0,1.0,161.0,162.0,0.62,2018,8,24224,263,12,1.0,1.0,1.0,1.0,0.0,0.0,13.0,1.0000000000000002
2018-09-30,St. Clair,IL,Passenger,0.0,1.0,1.0,163.0,164.0,0.61,2018,9,24225,263,13,1.0,1.0,1.0,1.0,0.0,0.0,14.0,1.0000000000000009
2018-10-31,St. Clair,IL,Passenger,0.0,1.0,1.0,166.0,167.0,0.6,2018,10,24226,263,14,1.0,1.0,1.0,1.0,0.0,0.0,15.0,1.0000000000000007
2018-11-30,St. Clair,IL,Passenger,0.0,1.0,1.0,166.0,167.0,0.6,2018,11,24227,263,15,1.0,1.0,1.0,1.0,0.0,0.0,16.0,1.0000000000000009
2018-12-31,St. Clair,IL,Passenger,0.0,1.0,1.0,167.0,168.0,0.6,2018,12,24228,263,16,1.0,1.0,1.0,1.0,0.0,0.0,17.0,1.0
2019-01-31,St. Clair,IL,Passenger,0.0,1.0,1.0,170.0,171.0,0.58,2019,1,24229,263,17,1.0,1.0,1.0,1.0,0.0,0.0,18.0,1.0000000000000002
2019-02-28,St. Clair,IL,Passenger,0.0,1.0,1.0,169.0,170.0,0.59,2019,2,24230,263,18,1.0,1.0,1.0,1.0,0.0,0.0,19.0,1.000000000000002
2019-03-31,St. Clair,IL,Passenger,0.0,1.0,1.0,165.0,166.0,0.6,2019,3,24231,263,19,1.0,1.0,1.0,1.0,0.0,0.0,20.0,0.9999999999999998
2019-04-30,St. Clair,IL,Passenger,0.0,1.0,1.0,163.0,164.0,0.61,2019,4,24232,263,20,1.0,1.0,1.0,1.0,0.0,0.0,21.0,1.000000000000001
2019-05-31,St. Clair,IL,Passenger,0.0,1.0,1.0,162.0,163.0,0.61,2019,5,24233,263,21,1.0,1.0,1.0,1.0,0.0,0.0,22.0,1.0000000000000013
2019-06-30,St. Clair,IL,Passenger,0.0,1.0,1.0,166.0,167.0,0.6,2019,6,24234,263,22,1.0,1.0,1.0,1.0,0.0,0.0,23.0,1.0000000000000013
2019-07-31,St. Clair,IL,Passenger,0.0,1.0,1.0,161.0,162.0,0.62,2019,7,24235,263,23,1.0,1.0,1.0,1.0,0.0,0.0,24.0,1.0000000000000004
2021-06-30,St. Clair,IL,Passenger,1.0,0.0,1.0,140.0,141.0,0.71,2021,6,24258,263,24,1.0,1.0,1.0,1.0,0.0,0.0,25.0,1.0000000000000013
2021-07-31,St. Clair,IL,Passenger,1.0,0.0,1.0,139.0,140.0,0.71,2021,7,24259,263,25,1.0,1.0,1.0,1.0,0.0,0.0,26.0,1.0000000000000013
2021-08-31,St. Clair,IL,Passenger,1.0,0.0,1.0,135.0,136.0,0.74,2021,8,24260,263,26,1.0,1.0,1.0,1.0,0.0,0.0,27.0,1.0000000000000013
2021-09-30,St. Clair,IL,Passenger,1.0,0.0,1.0,130.0,131.0,0.76,2021,9,24261,263,27,1.0,1.0,1.0,1.0,0.0,0.0,28.0,1.0000000000000013
2021-10-31,St. Clair,IL,Passenger,1.0,0.0,1.0,126.0,127.0,0.79,2021,10,24262,263,28,1.0,1.0,1.0,1.0,0.0,0.0,29.0,1.0000000000000024
2021-11-30,St. Clair,IL,Passenger,1.0,0.0,1.0,123.0,124.0,0.81,2021,11,24263,263,29,1.0,1.0,1.0,1.0,0.0,0.0,30.0,1.000000000000002
2021-12-31,St. Clair,IL,Passenger,1.0,0.0,1.0,123.0,124.0,0.81,2021,12,24264,263,30,1.0,1.0,1.0,1.0,0.0,0.0,31.0,1.0000000000000009
2022-01-31,St. Clair,IL,Passenger,1.0,0.0,1.0,122.0,123.0,0.81,2022,1,24265,263,31,1.0,1.0,1.0,1.0,0.0,0.0,32.0,1.000000000000002
2022-02-28,St. Clair,IL,Passenger,1.0,0.0,1.0,124.0,125.0,0.8,2022,2,24266,263,32,1.0,1.0,1.0,1.0,0.0,0.0,33.0,1.0000000000000038
2022-03-31,St. Clair,IL,Passenger,1.0,0.0,1.0,126.0,127.0,0.79,2022,3,24267,263,33,1.0,1.0,1.0,1.0,0.0,0.0,34.0,1.0000000000000004
2022-04-30,St. Clair,IL,Passenger,1.0,0.0,1.0,125.0,126.0,0.79,2022,4,24268,263,34,1.0,1.0,1.0,1.0,0.0,0.0,35.0,1.000000000000002
2022-05-31,St. Clair,IL,Passenger,1.0,0.0,1.0,122.0,123.0,0.81,2022,5,24269,263,35,1.0,1.0,1.0,1.0,0.0,0.0,36.0,1.0000000000000029
2022-06-30,St. Clair,IL,Passenger,1.0,0.0,1.0,120.0,121.0,0.83,2022,6,24270,263,36,1.0,1.0,1.0,1.0,0.0,0.0,37.0,1.0000000000000038
2022-07-31,St. Clair,IL,Passenger,1.0,0.0,1.0,119.0,120.0,0.83,2022,7,24271,263,37,1.0,1.0,1.0,1.0,0.0,0.0,38.0,1.0
2022-08-31,St. Clair,IL,Passenger,1.0,0.0,1.0,117.0,118.0,0.85,2022,8,24272,263,38,1.0,1.0,1.0,1.0,0.0,0.0,39.0,1.0000000000000009
2022-09-30,St. Clair,IL,Passenger,1.0,0.0,1.0,119.0,120.0,0.83,2022,9,24273,263,39,1.0,1.0,1.0,1.0,0.0,0.0,40.0,1.0000000000000009
2022-10-31,St. Clair,IL,Passenger,1.0,0.0,1.0,120.0,121.0,0.83,2022,10,24274,263,40,1.0,1.0,1.0,1.0,0.0,0.0,41.0,1.0000000000000038
2022-11-30,St. Clair,IL,Passenger,1.0,0.0,1.0,117.0,118.0,0.85,2022,11,24275,263,41,1.0,1.0,1.0,1.0,0.0,0.0,42.0,1.0000000000000009
2022-12-31,St. Clair,IL,Passenger,1.0,0.0,1.0,113.0,114.0,0.88,2022,12,24276,263,42,1.0,1.0,1.0,1.0,0.0,0.0,43.0,1.0000000000000029
2023-01-31,St. Clair,IL,Passenger,1.0,0.0,1.0,112.0,113.0,0.88,2023,1,24277,263,43,1.0,1.0,1.0,1.0,0.0,0.0,44.0,1.0000000000000029
2023-02-28,St. Clair,IL,Passenger,1.0,0.0,1.0,111.0,112.0,0.89,2023,2,24278,263,44,1.0,1.0,1.0,1.0,0.0,0.0,45.0,1.0000000000000009
2023-03-31,St. Clair,IL,Passenger,1.0,0.0,1.0,107.0,108.0,0.93,2023,3,24279,263,45,1.0,1.0,1.0,1.0,0.0,0.0,46.0,1.0000000000000009
2023-04-30,St. Clair,IL,Passenger,1.0,0.0,1.0,106.0,107.0,0.93,2023,4,24280,263,46,1.0,1.0,1.0,1.0,0.0,0.0,47.0,1.0000000000000029
2022-08-31,St. Lawrence,NY,Passenger,1.0,0.0,1.0,1.0,2.0,6.9025,2022,8,24272,264,5,1.0,1.0,1.0,1.0,0.0,0.0,6.0,0.9999999999999998
2022-09-30,St. Lawrence,NY,Passenger,1.0,0.0,1.0,1.0,2.0,6.9025,2022,9,24273,264,6,1.0,1.0,1.0,1.0,0.0,0.0,7.0,0.9999999999999998
2022-10-31,St. Lawrence,NY,Passenger,1.0,0.0,1.0,1.0,2.0,6.9025,2022,10,24274,264,7,1.0,1.0,1.0,1.0,0.0,0.0,8.0,0.9999999999999999
2022-11-30,St. Lawrence,NY,Passenger,1.0,0.0,1.0,1.0,2.0,6.9025,2022,11,24275,264,8,1.0,1.0,1.0,1.0,0.0,0.0,9.0,1.0000000000000002
2022-12-31,St. Lawrence,NY,Passenger,1.0,0.0,1.0,1.0,2.0,6.9025,2022,12,24276,264,9,1.0,1.0,1.0,1.0,0.0,0.0,10.0,1.0000000000000002
2023-01-31,St. Lawrence,NY,Passenger,1.0,0.0,1.0,1.0,2.0,6.9025,2023,1,24277,264,10,1.0,1.0,1.0,1.0,0.0,0.0,11.0,1.0
2023-02-28,St. Lawrence,NY,Passenger,1.0,0.0,1.0,1.0,2.0,6.9025,2023,2,24278,264,11,1.0,1.0,1.0,1.0,0.0,0.0,12.0,1.0000000000000002
2023-03-31,St. Lawrence,NY,Passenger,1.0,0.0,1.0,1.0,2.0,6.9025,2023,3,24279,264,12,1.0,1.0,1.0,1.0,0.0,0.0,13.0,1.0000000000000002
2023-04-30,St. Lawrence,NY,Passenger,1.0,0.0,1.0,1.0,2.0,6.9025,2023,4,24280,264,13,1.0,1.0,1.0,1.0,0.0,0.0,14.0,1.0000000000000009
2023-05-31,St. Lawrence,NY,Passenger,1.0,0.0,1.0,1.0,2.0,6.9025,2023,5,24281,264,14,1.0,1.0,1.0,1.0,0.0,0.0,15.0,1.0000000000000007
2023-06-30,St. Lawrence,NY,Passenger,1.0,0.0,1.0,1.0,2.0,6.9025,2023,6,24282,264,15,1.0,1.0,1.0,1.0,0.0,0.0,16.0,1.0000000000000009
2023-07-31,St. Lawrence,NY,Passenger,1.0,0.0,1.0,1.0,2.0,6.9025,2023,7,24283,264,16,1.0,1.0,1.0,1.0,0.0,0.0,17.0,1.0
2023-08-31,St. Lawrence,NY,Passenger,1.0,0.0,1.0,1.0,2.0,6.9025,2023,8,24284,264,17,1.0,1.0,1.0,1.0,0.0,0.0,18.0,1.0000000000000002
2023-09-30,St. Lawrence,NY,Passenger,1.0,0.0,1.0,1.0,2.0,6.9025,2023,9,24285,264,18,1.0,1.0,1.0,1.0,0.0,0.0,19.0,1.000000000000002
2023-10-31,St. Lawrence,NY,Passenger,1.0,0.0,1.0,1.0,2.0,6.9025,2023,10,24286,264,19,1.0,1.0,1.0,1.0,0.0,0.0,20.0,0.9999999999999998
2023-11-30,St. Lawrence,NY,Passenger,1.0,0.0,1.0,1.0,2.0,6.9025,2023,11,24287,264,20,1.0,1.0,1.0,1.0,0.0,0.0,21.0,1.000000000000001
2023-12-31,St. Lawrence,NY,Passenger,1.0,0.0,1.0,1.0,2.0,6.9025,2023,12,24288,264,21,1.0,1.0,1.0,1.0,0.0,0.0,22.0,1.0000000000000013
2024-01-31,St. Lawrence,NY,Passenger,1.0,0.0,1.0,0.0,1.0,6.9025,2024,1,24289,264,22,1.0,1.0,1.0,1.0,0.0,0.0,23.0,1.0000000000000013
2024-02-29,St. Lawrence,NY,Passenger,1.0,0.0,1.0,0.0,1.0,6.9025,2024,2,24290,264,23,1.0,1.0,1.0,1.0,0.0,0.0,24.0,1.0000000000000004
2020-08-31,St. Louis,MO,Passenger,1.0,0.0,1.0,100.0,101.0,0.99,2020,8,24248,265,5,1.0,1.0,1.0,1.0,0.0,0.0,6.0,0.9999999999999998
2020-09-30,St. Louis,MO,Passenger,1.0,0.0,1.0,99.0,100.0,1.0,2020,9,24249,265,6,1.0,1.0,1.0,1.0,0.0,0.0,7.0,0.9999999999999998
2020-10-31,St. Louis,MO,Passenger,1.0,0.0,1.0,101.0,102.0,0.98,2020,10,24250,265,7,1.0,1.0,1.0,1.0,0.0,0.0,8.0,0.9999999999999999
2020-11-30,St. Louis,MO,Passenger,1.0,0.0,1.0,99.0,100.0,1.0,2020,11,24251,265,8,1.0,1.0,1.0,1.0,0.0,0.0,9.0,1.0000000000000002
2020-12-31,St. Louis,MO,Passenger,1.0,0.0,1.0,100.0,101.0,0.99,2020,12,24252,265,9,1.0,1.0,1.0,1.0,0.0,0.0,10.0,1.0000000000000002
2021-01-31,St. Louis,MO,Passenger,1.0,0.0,1.0,99.0,100.0,1.0,2021,1,24253,265,10,1.0,1.0,1.0,1.0,0.0,0.0,11.0,1.0
2021-02-28,St. Louis,MO,Passenger,1.0,0.0,1.0,95.0,96.0,1.04,2021,2,24254,265,11,1.0,1.0,1.0,1.0,0.0,0.0,12.0,1.0000000000000002
2021-03-31,St. Louis,MO,Passenger,1.0,0.0,1.0,95.0,96.0,1.04,2021,3,24255,265,12,1.0,1.0,1.0,1.0,0.0,0.0,13.0,1.0000000000000002
2021-04-30,St. Louis,MO,Passenger,1.0,0.0,1.0,92.0,93.0,1.08,2021,4,24256,265,13,1.0,1.0,1.0,1.0,0.0,0.0,14.0,1.0000000000000009
2021-05-31,St. Louis,MO,Passenger,1.0,0.0,1.0,85.0,86.0,1.16,2021,5,24257,265,14,1.0,1.0,1.0,1.0,0.0,0.0,15.0,1.0000000000000007
2021-06-30,St. Louis,MO,Passenger,1.0,0.0,1.0,85.0,86.0,1.16,2021,6,24258,265,15,1.0,1.0,1.0,1.0,0.0,0.0,16.0,1.0000000000000009
2021-07-31,St. Louis,MO,Passenger,1.0,0.0,1.0,84.0,85.0,1.18,2021,7,24259,265,16,1.0,1.0,1.0,1.0,0.0,0.0,17.0,1.0
2021-08-31,St. Louis,MO,Passenger,1.0,0.0,1.0,83.0,84.0,1.19,2021,8,24260,265,17,1.0,1.0,1.0,1.0,0.0,0.0,18.0,1.0000000000000002
2021-09-30,St. Louis,MO,Passenger,1.0,0.0,1.0,83.0,84.0,1.19,2021,9,24261,265,18,1.0,1.0,1.0,1.0,0.0,0.0,19.0,1.000000000000002
2021-10-31,St. Louis,MO,Passenger,1.0,0.0,1.0,77.0,78.0,1.28,2021,10,24262,265,19,1.0,1.0,1.0,1.0,0.0,0.0,20.0,0.9999999999999998
2021-11-30,St. Louis,MO,Passenger,1.0,0.0,1.0,75.0,76.0,1.32,2021,11,24263,265,20,1.0,1.0,1.0,1.0,0.0,0.0,21.0,1.000000000000001
2021-12-31,St. Louis,MO,Passenger,1.0,0.0,1.0,78.0,79.0,1.27,2021,12,24264,265,21,1.0,1.0,1.0,1.0,0.0,0.0,22.0,1.0000000000000013
2022-01-31,St. Louis,MO,Passenger,1.0,0.0,1.0,78.0,79.0,1.27,2022,1,24265,265,22,1.0,1.0,1.0,1.0,0.0,0.0,23.0,1.0000000000000013
2022-02-28,St. Louis,MO,Passenger,2.0,0.0,2.0,77.0,79.0,2.53,2022,2,24266,265,23,1.0,1.0,1.0,1.0,1.0,1.0,25.0,1.1428571428571426
2022-03-31,St. Louis,MO,Passenger,2.0,0.0,2.0,74.0,76.0,2.63,2022,3,24267,265,24,2.0,1.0,1.0,1.3333333333333333,0.0,1.0,27.0,1.371428571428573
2022-04-30,St. Louis,MO,Passenger,2.0,0.0,2.0,72.0,74.0,2.7,2022,4,24268,265,25,2.0,2.0,1.0,1.6666666666666667,0.0,1.0,29.0,1.6285714285714294
2022-05-31,St. Louis,MO,Passenger,2.0,0.0,2.0,70.0,72.0,2.78,2022,5,24269,265,26,2.0,2.0,2.0,2.0,0.0,0.0,31.0,1.8571428571428588
2022-06-30,St. Louis,MO,Passenger,2.0,0.0,2.0,67.0,69.0,2.9,2022,6,24270,265,27,2.0,2.0,2.0,2.0,0.0,0.0,33.0,2.0000000000000013
2022-07-31,St. Louis,MO,Passenger,2.0,0.0,2.0,65.0,67.0,2.99,2022,7,24271,265,28,2.0,2.0,2.0,2.0,0.0,0.0,35.0,2.000000000000001
2022-08-31,St. Louis,MO,Passenger,2.0,0.0,2.0,63.0,65.0,3.08,2022,8,24272,265,29,2.0,2.0,2.0,2.0,0.0,0.0,37.0,2.0000000000000004
2022-09-30,St. Louis,MO,Passenger,2.0,0.0,2.0,61.0,63.0,3.17,2022,9,24273,265,30,2.0,2.0,2.0,2.0,0.0,0.0,39.0,1.9999999999999991
2022-10-31,St. Louis,MO,Passenger,2.0,0.0,2.0,63.0,65.0,3.08,2022,10,24274,265,31,2.0,2.0,2.0,2.0,0.0,0.0,41.0,2.0000000000000027
2022-11-30,St. Louis,MO,Passenger,2.0,0.0,2.0,62.0,64.0,3.12,2022,11,24275,265,32,2.0,2.0,2.0,2.0,0.0,0.0,43.0,2.0000000000000027
2022-12-31,St. Louis,MO,Passenger,2.0,0.0,2.0,61.0,63.0,3.17,2022,12,24276,265,33,2.0,2.0,2.0,2.0,0.0,0.0,45.0,2.000000000000001
2023-01-31,St. Louis,MO,Passenger,2.0,0.0,2.0,59.0,61.0,3.28,2023,1,24277,265,34,2.0,2.0,2.0,2.0,0.0,0.0,47.0,2.0000000000000027
2023-02-28,St. Louis,MO,Passenger,1.0,0.0,1.0,58.0,59.0,1.69,2023,2,24278,265,35,2.0,2.0,2.0,2.0,-0.5,-0.5,48.0,1.8571428571428608
2023-03-31,St. Louis,MO,Passenger,1.0,0.0,1.0,58.0,59.0,1.69,2023,3,24279,265,36,1.0,2.0,2.0,1.6666666666666667,0.0,-0.5,49.0,1.62857142857143
2023-03-31,St. Louis,MN,Passenger,0.0,1.0,1.0,8.0,9.0,6.9025,2023,3,24279,265,37,1.0,1.0,2.0,1.3333333333333333,0.0,-0.5,50.0,1.3714285714285748
2023-04-30,St. Louis,MN,Passenger,0.0,1.0,1.0,8.0,9.0,6.9025,2023,4,24280,265,38,1.0,1.0,1.0,1.0,0.0,0.0,51.0,1.142857142857146
2023-04-30,St. Louis,MO,Passenger,1.0,0.0,1.0,58.0,59.0,1.69,2023,4,24280,265,39,1.0,1.0,1.0,1.0,0.0,0.0,52.0,1.0000000000000009
2023-05-31,St. Louis,MO,Passenger,1.0,0.0,1.0,55.0,56.0,1.79,2023,5,24281,265,40,1.0,1.0,1.0,1.0,0.0,0.0,53.0,1.0000000000000029
2023-05-31,St. Louis,MN,Passenger,0.0,1.0,1.0,8.0,9.0,6.9025,2023,5,24281,265,41,1.0,1.0,1.0,1.0,0.0,0.0,54.0,1.0000000000000049
2023-06-30,St. Louis,MN,Passenger,0.0,1.0,1.0,7.0,8.0,6.9025,2023,6,24282,265,42,1.0,1.0,1.0,1.0,0.0,0.0,55.0,1.0000000000000038
2023-06-30,St. Louis,MO,Passenger,1.0,0.0,1.0,52.0,53.0,1.89,2023,6,24282,265,43,1.0,1.0,1.0,1.0,0.0,0.0,56.0,1.0
2023-07-31,St. Louis,MN,Passenger,0.0,1.0,1.0,7.0,8.0,6.9025,2023,7,24283,265,44,1.0,1.0,1.0,1.0,0.0,0.0,57.0,1.000000000000002
2023-07-31,St. Louis,MO,Passenger,1.0,0.0,1.0,51.0,52.0,1.92,2023,7,24283,265,45,1.0,1.0,1.0,1.0,0.0,0.0,58.0,1.0000000000000038
2023-08-31,St. Louis,MN,Passenger,0.0,1.0,1.0,6.0,7.0,6.9025,2023,8,24284,265,46,1.0,1.0,1.0,1.0,0.0,0.0,59.0,1.0000000000000038
2023-08-31,St. Louis,MO,Passenger,1.0,0.0,1.0,49.0,50.0,2.0,2023,8,24284,265,47,1.0,1.0,1.0,1.0,0.0,0.0,60.0,1.0000000000000038
2023-09-30,St. Louis,MN,Passenger,0.0,1.0,1.0,6.0,7.0,6.9025,2023,9,24285,265,48,1.0,1.0,1.0,1.0,0.0,0.0,61.0,1.0000000000000049
2023-09-30,St. Louis,MO,Passenger,1.0,0.0,1.0,49.0,50.0,2.0,2023,9,24285,265,49,1.0,1.0,1.0,1.0,0.0,0.0,62.0,1.0000000000000067
2023-10-31,St. Louis,MO,Passenger,1.0,0.0,1.0,50.0,51.0,1.96,2023,10,24286,265,50,1.0,1.0,1.0,1.0,0.0,0.0,63.0,1.0000000000000009
2023-10-31,St. Louis,MN,Passenger,0.0,1.0,1.0,5.0,6.0,6.9025,2023,10,24286,265,51,1.0,1.0,1.0,1.0,0.0,0.0,64.0,0.999999999999999
2023-11-30,St. Louis,MN,Passenger,0.0,1.0,1.0,5.0,6.0,6.9025,2023,11,24287,265,52,1.0,1.0,1.0,1.0,0.0,0.0,65.0,1.0000000000000049
2023-11-30,St. Louis,MO,Passenger,1.0,0.0,1.0,48.0,49.0,2.04,2023,11,24287,265,53,1.0,1.0,1.0,1.0,0.0,0.0,66.0,1.0000000000000029
2023-12-31,St. Louis,MO,Passenger,1.0,0.0,1.0,49.0,50.0,2.0,2023,12,24288,265,54,1.0,1.0,1.0,1.0,0.0,0.0,67.0,1.0000000000000049
2023-12-31,St. Louis,MN,Passenger,0.0,1.0,1.0,5.0,6.0,6.9025,2023,12,24288,265,55,1.0,1.0,1.0,1.0,0.0,0.0,68.0,1.0000000000000087
2024-01-31,St. Louis,MO,Passenger,1.0,0.0,1.0,48.0,49.0,2.04,2024,1,24289,265,56,1.0,1.0,1.0,1.0,0.0,0.0,69.0,1.0000000000000067
2024-01-31,St. Louis,MN,Passenger,0.0,1.0,1.0,5.0,6.0,6.9025,2024,1,24289,265,57,1.0,1.0,1.0,1.0,0.0,0.0,70.0,1.0000000000000049
2024-02-29,St. Louis,MN,Passenger,0.0,1.0,1.0,5.0,6.0,6.9025,2024,2,24290,265,58,1.0,1.0,1.0,1.0,0.0,0.0,71.0,1.0000000000000049
2024-02-29,St. Louis,MO,Passenger,1.0,0.0,1.0,46.0,47.0,2.13,2024,2,24290,265,59,1.0,1.0,1.0,1.0,0.0,0.0,72.0,1.0000000000000067
2017-06-30,St. Lucie,FL,Passenger,1.0,0.0,1.0,33.0,34.0,2.94,2017,6,24210,266,5,1.0,1.0,1.0,1.0,0.0,0.0,6.0,0.9999999999999998
2017-07-31,St. Lucie,FL,Passenger,1.0,0.0,1.0,32.0,33.0,3.03,2017,7,24211,266,6,1.0,1.0,1.0,1.0,0.0,0.0,7.0,0.9999999999999998
2017-08-31,St. Lucie,FL,Passenger,1.0,0.0,1.0,28.0,29.0,3.45,2017,8,24212,266,7,1.0,1.0,1.0,1.0,0.0,0.0,8.0,0.9999999999999999
2017-09-30,St. Lucie,FL,Passenger,1.0,0.0,1.0,27.0,28.0,3.57,2017,9,24213,266,8,1.0,1.0,1.0,1.0,0.0,0.0,9.0,1.0000000000000002
2017-10-31,St. Lucie,FL,Passenger,1.0,0.0,1.0,27.0,28.0,3.57,2017,10,24214,266,9,1.0,1.0,1.0,1.0,0.0,0.0,10.0,1.0000000000000002
2017-11-30,St. Lucie,FL,Passenger,1.0,0.0,1.0,26.0,27.0,3.7,2017,11,24215,266,10,1.0,1.0,1.0,1.0,0.0,0.0,11.0,1.0
2017-12-31,St. Lucie,FL,Passenger,1.0,0.0,1.0,26.0,27.0,3.7,2017,12,24216,266,11,1.0,1.0,1.0,1.0,0.0,0.0,12.0,1.0000000000000002
2018-01-31,St. Lucie,FL,Passenger,1.0,0.0,1.0,27.0,28.0,3.57,2018,1,24217,266,12,1.0,1.0,1.0,1.0,0.0,0.0,13.0,1.0000000000000002
2018-02-28,St. Lucie,FL,Passenger,1.0,0.0,1.0,26.0,27.0,3.7,2018,2,24218,266,13,1.0,1.0,1.0,1.0,0.0,0.0,14.0,1.0000000000000009
2018-03-31,St. Lucie,FL,Passenger,1.0,0.0,1.0,27.0,28.0,3.57,2018,3,24219,266,14,1.0,1.0,1.0,1.0,0.0,0.0,15.0,1.0000000000000007
2018-04-30,St. Lucie,FL,Passenger,1.0,0.0,1.0,26.0,27.0,3.7,2018,4,24220,266,15,1.0,1.0,1.0,1.0,0.0,0.0,16.0,1.0000000000000009
2018-05-31,St. Lucie,FL,Passenger,1.0,0.0,1.0,28.0,29.0,3.45,2018,5,24221,266,16,1.0,1.0,1.0,1.0,0.0,0.0,17.0,1.0
2018-06-30,St. Lucie,FL,Passenger,1.0,0.0,1.0,28.0,29.0,3.45,2018,6,24222,266,17,1.0,1.0,1.0,1.0,0.0,0.0,18.0,1.0000000000000002
2018-07-31,St. Lucie,FL,Passenger,1.0,0.0,1.0,29.0,30.0,3.33,2018,7,24223,266,18,1.0,1.0,1.0,1.0,0.0,0.0,19.0,1.000000000000002
2018-08-31,St. Lucie,FL,Passenger,1.0,0.0,1.0,30.0,31.0,3.23,2018,8,24224,266,19,1.0,1.0,1.0,1.0,0.0,0.0,20.0,0.9999999999999998
2018-09-30,St. Lucie,FL,Passenger,1.0,0.0,1.0,30.0,31.0,3.23,2018,9,24225,266,20,1.0,1.0,1.0,1.0,0.0,0.0,21.0,1.000000000000001
2018-10-31,St. Lucie,FL,Passenger,1.0,0.0,1.0,29.0,30.0,3.33,2018,10,24226,266,21,1.0,1.0,1.0,1.0,0.0,0.0,22.0,1.0000000000000013
2018-11-30,St. Lucie,FL,Passenger,1.0,0.0,1.0,29.0,30.0,3.33,2018,11,24227,266,22,1.0,1.0,1.0,1.0,0.0,0.0,23.0,1.0000000000000013
2018-12-31,St. Lucie,FL,Passenger,1.0,0.0,1.0,30.0,31.0,3.23,2018,12,24228,266,23,1.0,1.0,1.0,1.0,0.0,0.0,24.0,1.0000000000000004
2019-01-31,St. Lucie,FL,Passenger,1.0,0.0,1.0,30.0,31.0,3.23,2019,1,24229,266,24,1.0,1.0,1.0,1.0,0.0,0.0,25.0,1.0000000000000013
2019-02-28,St. Lucie,FL,Passenger,1.0,0.0,1.0,30.0,31.0,3.23,2019,2,24230,266,25,1.0,1.0,1.0,1.0,0.0,0.0,26.0,1.0000000000000013
2019-03-31,St. Lucie,FL,Passenger,1.0,0.0,1.0,30.0,31.0,3.23,2019,3,24231,266,26,1.0,1.0,1.0,1.0,0.0,0.0,27.0,1.0000000000000013
2019-04-30,St. Lucie,FL,Passenger,1.0,0.0,1.0,30.0,31.0,3.23,2019,4,24232,266,27,1.0,1.0,1.0,1.0,0.0,0.0,28.0,1.0000000000000013
2019-05-31,St. Lucie,FL,Passenger,1.0,0.0,1.0,29.0,30.0,3.33,2019,5,24233,266,28,1.0,1.0,1.0,1.0,0.0,0.0,29.0,1.0000000000000024
2018-10-31,St. Mary's,MD,Passenger,1.0,0.0,1.0,216.0,217.0,0.46,2018,10,24226,267,5,1.0,1.0,1.0,1.0,0.0,0.0,6.0,0.9999999999999998
2018-11-30,St. Mary's,MD,Passenger,1.0,0.0,1.0,215.0,216.0,0.46,2018,11,24227,267,6,1.0,1.0,1.0,1.0,0.0,0.0,7.0,0.9999999999999998
2018-12-31,St. Mary's,MD,Passenger,1.0,0.0,1.0,211.0,212.0,0.47,2018,12,24228,267,7,1.0,1.0,1.0,1.0,0.0,0.0,8.0,0.9999999999999999
2019-01-31,St. Mary's,MD,Passenger,1.0,0.0,1.0,208.0,209.0,0.48,2019,1,24229,267,8,1.0,1.0,1.0,1.0,0.0,0.0,9.0,1.0000000000000002
2019-02-28,St. Mary's,MD,Passenger,1.0,0.0,1.0,207.0,208.0,0.48,2019,2,24230,267,9,1.0,1.0,1.0,1.0,0.0,0.0,10.0,1.0000000000000002
2019-03-31,St. Mary's,MD,Passenger,1.0,0.0,1.0,210.0,211.0,0.47,2019,3,24231,267,10,1.0,1.0,1.0,1.0,0.0,0.0,11.0,1.0
2019-04-30,St. Mary's,MD,Passenger,1.0,0.0,1.0,208.0,209.0,0.48,2019,4,24232,267,11,1.0,1.0,1.0,1.0,0.0,0.0,12.0,1.0000000000000002
2019-05-31,St. Mary's,MD,Passenger,1.0,0.0,1.0,209.0,210.0,0.48,2019,5,24233,267,12,1.0,1.0,1.0,1.0,0.0,0.0,13.0,1.0000000000000002
2019-06-30,St. Mary's,MD,Passenger,1.0,0.0,1.0,210.0,211.0,0.47,2019,6,24234,267,13,1.0,1.0,1.0,1.0,0.0,0.0,14.0,1.0000000000000009
2019-07-31,St. Mary's,MD,Passenger,1.0,0.0,1.0,215.0,216.0,0.46,2019,7,24235,267,14,1.0,1.0,1.0,1.0,0.0,0.0,15.0,1.0000000000000007
2019-08-31,St. Mary's,MD,Passenger,1.0,0.0,1.0,215.0,216.0,0.46,2019,8,24236,267,15,1.0,1.0,1.0,1.0,0.0,0.0,16.0,1.0000000000000009
2019-09-30,St. Mary's,MD,Passenger,1.0,0.0,1.0,216.0,217.0,0.46,2019,9,24237,267,16,1.0,1.0,1.0,1.0,0.0,0.0,17.0,1.0
2019-10-31,St. Mary's,MD,Passenger,1.0,0.0,1.0,214.0,215.0,0.47,2019,10,24238,267,17,1.0,1.0,1.0,1.0,0.0,0.0,18.0,1.0000000000000002
2019-11-30,St. Mary's,MD,Passenger,1.0,0.0,1.0,215.0,216.0,0.46,2019,11,24239,267,18,1.0,1.0,1.0,1.0,0.0,0.0,19.0,1.000000000000002
2019-12-31,St. Mary's,MD,Passenger,1.0,0.0,1.0,214.0,215.0,0.47,2019,12,24240,267,19,1.0,1.0,1.0,1.0,0.0,0.0,20.0,0.9999999999999998
2020-01-31,St. Mary's,MD,Passenger,1.0,0.0,1.0,210.0,211.0,0.47,2020,1,24241,267,20,1.0,1.0,1.0,1.0,0.0,0.0,21.0,1.000000000000001
2020-02-29,St. Mary's,MD,Passenger,1.0,0.0,1.0,211.0,212.0,0.47,2020,2,24242,267,21,1.0,1.0,1.0,1.0,0.0,0.0,22.0,1.0000000000000013
2020-03-31,St. Mary's,MD,Passenger,1.0,0.0,1.0,210.0,211.0,0.47,2020,3,24243,267,22,1.0,1.0,1.0,1.0,0.0,0.0,23.0,1.0000000000000013
2020-04-30,St. Mary's,MD,Passenger,1.0,0.0,1.0,212.0,213.0,0.47,2020,4,24244,267,23,1.0,1.0,1.0,1.0,0.0,0.0,24.0,1.0000000000000004
2020-05-31,St. Mary's,MD,Passenger,1.0,0.0,1.0,211.0,212.0,0.47,2020,5,24245,267,24,1.0,1.0,1.0,1.0,0.0,0.0,25.0,1.0000000000000013
2020-06-30,St. Mary's,MD,Passenger,1.0,0.0,1.0,215.0,216.0,0.46,2020,6,24246,267,25,1.0,1.0,1.0,1.0,0.0,0.0,26.0,1.0000000000000013
2020-07-31,St. Mary's,MD,Passenger,1.0,0.0,1.0,214.0,215.0,0.47,2020,7,24247,267,26,1.0,1.0,1.0,1.0,0.0,0.0,27.0,1.0000000000000013
2020-08-31,St. Mary's,MD,Passenger,1.0,0.0,1.0,213.0,214.0,0.47,2020,8,24248,267,27,1.0,1.0,1.0,1.0,0.0,0.0,28.0,1.0000000000000013
2020-09-30,St. Mary's,MD,Passenger,1.0,0.0,1.0,214.0,215.0,0.47,2020,9,24249,267,28,1.0,1.0,1.0,1.0,0.0,0.0,29.0,1.0000000000000024
2020-10-31,St. Mary's,MD,Passenger,1.0,0.0,1.0,215.0,216.0,0.46,2020,10,24250,267,29,1.0,1.0,1.0,1.0,0.0,0.0,30.0,1.000000000000002
2020-11-30,St. Mary's,MD,Passenger,1.0,0.0,1.0,215.0,216.0,0.46,2020,11,24251,267,30,1.0,1.0,1.0,1.0,0.0,0.0,31.0,1.0000000000000009
2020-12-31,St. Mary's,MD,Passenger,1.0,0.0,1.0,209.0,210.0,0.48,2020,12,24252,267,31,1.0,1.0,1.0,1.0,0.0,0.0,32.0,1.000000000000002
2021-01-31,St. Mary's,MD,Passenger,1.0,0.0,1.0,213.0,214.0,0.47,2021,1,24253,267,32,1.0,1.0,1.0,1.0,0.0,0.0,33.0,1.0000000000000038
2021-02-28,St. Mary's,MD,Passenger,1.0,0.0,1.0,211.0,212.0,0.47,2021,2,24254,267,33,1.0,1.0,1.0,1.0,0.0,0.0,34.0,1.0000000000000004
2021-03-31,St. Mary's,MD,Passenger,1.0,0.0,1.0,212.0,213.0,0.47,2021,3,24255,267,34,1.0,1.0,1.0,1.0,0.0,0.0,35.0,1.000000000000002
2021-04-30,St. Mary's,MD,Passenger,1.0,0.0,1.0,210.0,211.0,0.47,2021,4,24256,267,35,1.0,1.0,1.0,1.0,0.0,0.0,36.0,1.0000000000000029
2021-05-31,St. Mary's,MD,Passenger,1.0,0.0,1.0,207.0,208.0,0.48,2021,5,24257,267,36,1.0,1.0,1.0,1.0,0.0,0.0,37.0,1.0000000000000038
2021-06-30,St. Mary's,MD,Passenger,1.0,0.0,1.0,204.0,205.0,0.49,2021,6,24258,267,37,1.0,1.0,1.0,1.0,0.0,0.0,38.0,1.0
2021-07-31,St. Mary's,MD,Passenger,1.0,0.0,1.0,205.0,206.0,0.49,2021,7,24259,267,38,1.0,1.0,1.0,1.0,0.0,0.0,39.0,1.0000000000000009
2021-08-31,St. Mary's,MD,Passenger,1.0,0.0,1.0,203.0,204.0,0.49,2021,8,24260,267,39,1.0,1.0,1.0,1.0,0.0,0.0,40.0,1.0000000000000009
2021-09-30,St. Mary's,MD,Passenger,1.0,0.0,1.0,203.0,204.0,0.49,2021,9,24261,267,40,1.0,1.0,1.0,1.0,0.0,0.0,41.0,1.0000000000000038
2021-10-31,St. Mary's,MD,Passenger,1.0,0.0,1.0,203.0,204.0,0.49,2021,10,24262,267,41,1.0,1.0,1.0,1.0,0.0,0.0,42.0,1.0000000000000009
2021-11-30,St. Mary's,MD,Passenger,1.0,0.0,1.0,202.0,203.0,0.49,2021,11,24263,267,42,1.0,1.0,1.0,1.0,0.0,0.0,43.0,1.0000000000000029
2021-12-31,St. Mary's,MD,Passenger,1.0,0.0,1.0,202.0,203.0,0.49,2021,12,24264,267,43,1.0,1.0,1.0,1.0,0.0,0.0,44.0,1.0000000000000029
2022-01-31,St. Mary's,MD,Passenger,1.0,0.0,1.0,201.0,202.0,0.5,2022,1,24265,267,44,1.0,1.0,1.0,1.0,0.0,0.0,45.0,1.0000000000000009
2022-02-28,St. Mary's,MD,Passenger,1.0,0.0,1.0,203.0,204.0,0.49,2022,2,24266,267,45,1.0,1.0,1.0,1.0,0.0,0.0,46.0,1.0000000000000009
2022-03-31,St. Mary's,MD,Passenger,1.0,0.0,1.0,201.0,202.0,0.5,2022,3,24267,267,46,1.0,1.0,1.0,1.0,0.0,0.0,47.0,1.0000000000000029
2022-04-30,St. Mary's,MD,Passenger,1.0,0.0,1.0,196.0,197.0,0.51,2022,4,24268,267,47,1.0,1.0,1.0,1.0,0.0,0.0,48.0,1.0000000000000009
2022-05-31,St. Mary's,MD,Passenger,1.0,0.0,1.0,194.0,195.0,0.51,2022,5,24269,267,48,1.0,1.0,1.0,1.0,0.0,0.0,49.0,1.000000000000002
2022-06-30,St. Mary's,MD,Passenger,1.0,0.0,1.0,196.0,197.0,0.51,2022,6,24270,267,49,1.0,1.0,1.0,1.0,0.0,0.0,50.0,1.000000000000002
2022-07-31,St. Mary's,MD,Passenger,1.0,0.0,1.0,190.0,191.0,0.52,2022,7,24271,267,50,1.0,1.0,1.0,1.0,0.0,0.0,51.0,1.000000000000002
2022-08-31,St. Mary's,MD,Passenger,1.0,0.0,1.0,187.0,188.0,0.53,2022,8,24272,267,51,1.0,1.0,1.0,1.0,0.0,0.0,52.0,1.0000000000000009
2022-09-30,St. Mary's,MD,Passenger,1.0,0.0,1.0,185.0,186.0,0.54,2022,9,24273,267,52,1.0,1.0,1.0,1.0,0.0,0.0,53.0,1.0000000000000029
2022-10-31,St. Mary's,MD,Passenger,1.0,0.0,1.0,179.0,180.0,0.56,2022,10,24274,267,53,1.0,1.0,1.0,1.0,0.0,0.0,54.0,1.0000000000000049
2022-11-30,St. Mary's,MD,Passenger,1.0,0.0,1.0,178.0,179.0,0.56,2022,11,24275,267,54,1.0,1.0,1.0,1.0,0.0,0.0,55.0,1.0000000000000038
2022-12-31,St. Mary's,MD,Passenger,1.0,0.0,1.0,178.0,179.0,0.56,2022,12,24276,267,55,1.0,1.0,1.0,1.0,0.0,0.0,56.0,1.0
2023-01-31,St. Mary's,MD,Passenger,1.0,0.0,1.0,177.0,178.0,0.56,2023,1,24277,267,56,1.0,1.0,1.0,1.0,0.0,0.0,57.0,1.000000000000002
2023-02-28,St. Mary's,MD,Passenger,1.0,0.0,1.0,177.0,178.0,0.56,2023,2,24278,267,57,1.0,1.0,1.0,1.0,0.0,0.0,58.0,1.0000000000000038
2023-03-31,St. Mary's,MD,Passenger,1.0,0.0,1.0,176.0,177.0,0.56,2023,3,24279,267,58,1.0,1.0,1.0,1.0,0.0,0.0,59.0,1.0000000000000038
2023-04-30,St. Mary's,MD,Passenger,1.0,0.0,1.0,174.0,175.0,0.57,2023,4,24280,267,59,1.0,1.0,1.0,1.0,0.0,0.0,60.0,1.0000000000000038
2023-05-31,St. Mary's,MD,Passenger,1.0,0.0,1.0,172.0,173.0,0.58,2023,5,24281,267,60,1.0,1.0,1.0,1.0,0.0,0.0,61.0,1.0000000000000049
2023-06-30,St. Mary's,MD,Passenger,1.0,0.0,1.0,169.0,170.0,0.59,2023,6,24282,267,61,1.0,1.0,1.0,1.0,0.0,0.0,62.0,1.0000000000000067
2023-07-31,St. Mary's,MD,Passenger,1.0,0.0,1.0,170.0,171.0,0.58,2023,7,24283,267,62,1.0,1.0,1.0,1.0,0.0,0.0,63.0,1.0000000000000009
2023-08-31,St. Mary's,MD,Passenger,1.0,0.0,1.0,168.0,169.0,0.59,2023,8,24284,267,63,1.0,1.0,1.0,1.0,0.0,0.0,64.0,0.999999999999999
2023-09-30,St. Mary's,MD,Passenger,1.0,0.0,1.0,166.0,167.0,0.6,2023,9,24285,267,64,1.0,1.0,1.0,1.0,0.0,0.0,65.0,1.0000000000000049
2023-10-31,St. Mary's,MD,Passenger,1.0,0.0,1.0,167.0,168.0,0.6,2023,10,24286,267,65,1.0,1.0,1.0,1.0,0.0,0.0,66.0,1.0000000000000029
2023-11-30,St. Mary's,MD,Passenger,1.0,0.0,1.0,166.0,167.0,0.6,2023,11,24287,267,66,1.0,1.0,1.0,1.0,0.0,0.0,67.0,1.0000000000000049
2023-12-31,St. Mary's,MD,Passenger,1.0,0.0,1.0,163.0,164.0,0.61,2023,12,24288,267,67,1.0,1.0,1.0,1.0,0.0,0.0,68.0,1.0000000000000087
2024-01-31,St. Mary's,MD,Passenger,1.0,0.0,1.0,158.0,159.0,0.63,2024,1,24289,267,68,1.0,1.0,1.0,1.0,0.0,0.0,69.0,1.0000000000000067
2024-02-29,St. Mary's,MD,Passenger,1.0,0.0,1.0,157.0,158.0,0.63,2024,2,24290,267,69,1.0,1.0,1.0,1.0,0.0,0.0,70.0,1.0000000000000049
2020-01-31,Stafford,VA,Passenger,1.0,1.0,2.0,97.0,99.0,2.02,2020,1,24241,268,5,2.0,2.0,2.0,2.0,0.0,0.0,12.0,1.9999999999999996
2020-02-29,Stafford,VA,Passenger,1.0,1.0,2.0,95.0,97.0,2.06,2020,2,24242,268,6,2.0,2.0,2.0,2.0,0.0,0.0,14.0,1.9999999999999996
2020-03-31,Stafford,VA,Passenger,1.0,1.0,2.0,94.0,96.0,2.08,2020,3,24243,268,7,2.0,2.0,2.0,2.0,0.0,0.0,16.0,1.9999999999999998
2020-04-30,Stafford,VA,Passenger,1.0,1.0,2.0,93.0,95.0,2.11,2020,4,24244,268,8,2.0,2.0,2.0,2.0,0.0,0.0,18.0,2.0000000000000004
2020-05-31,Stafford,VA,Passenger,1.0,1.0,2.0,95.0,97.0,2.06,2020,5,24245,268,9,2.0,2.0,2.0,2.0,0.0,0.0,20.0,2.0000000000000004
2020-06-30,Stafford,VA,Passenger,1.0,1.0,2.0,96.0,98.0,2.04,2020,6,24246,268,10,2.0,2.0,2.0,2.0,0.0,0.0,22.0,2.0
2020-07-31,Stafford,VA,Passenger,1.0,1.0,2.0,95.0,97.0,2.06,2020,7,24247,268,11,2.0,2.0,2.0,2.0,0.0,0.0,24.0,2.0000000000000004
2020-08-31,Stafford,VA,Passenger,1.0,1.0,2.0,98.0,100.0,2.0,2020,8,24248,268,12,2.0,2.0,2.0,2.0,0.0,0.0,26.0,2.0000000000000004
2020-09-30,Stafford,VA,Passenger,1.0,1.0,2.0,100.0,102.0,1.96,2020,9,24249,268,13,2.0,2.0,2.0,2.0,0.0,0.0,28.0,2.0000000000000018
2020-10-31,Stafford,VA,Passenger,1.0,1.0,2.0,101.0,103.0,1.94,2020,10,24250,268,14,2.0,2.0,2.0,2.0,0.0,0.0,30.0,2.0000000000000013
2020-11-30,Stafford,VA,Passenger,1.0,1.0,2.0,100.0,102.0,1.96,2020,11,24251,268,15,2.0,2.0,2.0,2.0,0.0,0.0,32.0,2.0000000000000018
2020-12-31,Stafford,VA,Passenger,2.0,1.0,3.0,99.0,102.0,2.94,2020,12,24252,268,16,2.0,2.0,2.0,2.0,0.5,0.5,35.0,2.1428571428571432
2021-01-31,Stafford,VA,Passenger,2.0,1.0,3.0,101.0,104.0,2.88,2021,1,24253,268,17,3.0,2.0,2.0,2.3333333333333335,0.0,0.5,38.0,2.3714285714285745
2021-02-28,Stafford,VA,Passenger,2.0,1.0,3.0,102.0,105.0,2.86,2021,2,24254,268,18,3.0,3.0,2.0,2.6666666666666665,0.0,0.5,41.0,2.6285714285714286
2021-03-31,Stafford,VA,Passenger,2.0,1.0,3.0,104.0,107.0,2.8,2021,3,24255,268,19,3.0,3.0,3.0,3.0,0.0,0.0,44.0,2.8571428571428594
2021-04-30,Stafford,VA,Passenger,2.0,1.0,3.0,106.0,109.0,2.75,2021,4,24256,268,20,3.0,3.0,3.0,3.0,0.0,0.0,47.0,3.0000000000000004
2021-05-31,Stafford,VA,Passenger,2.0,1.0,3.0,104.0,107.0,2.8,2021,5,24257,268,21,3.0,3.0,3.0,3.0,0.0,0.0,50.0,3.0000000000000013
2021-06-30,Stafford,VA,Passenger,2.0,1.0,3.0,105.0,108.0,2.78,2021,6,24258,268,22,3.0,3.0,3.0,3.0,0.0,0.0,53.0,3.0000000000000027
2021-07-31,Stafford,VA,Passenger,2.0,1.0,3.0,104.0,107.0,2.8,2021,7,24259,268,23,3.0,3.0,3.0,3.0,0.0,0.0,56.0,3.000000000000001
2021-08-31,Stafford,VA,Passenger,2.0,1.0,3.0,104.0,107.0,2.8,2021,8,24260,268,24,3.0,3.0,3.0,3.0,0.0,0.0,59.0,3.000000000000004
2021-09-30,Stafford,VA,Passenger,2.0,1.0,3.0,103.0,106.0,2.83,2021,9,24261,268,25,3.0,3.0,3.0,3.0,0.0,0.0,62.0,3.0000000000000018
2021-10-31,Stafford,VA,Passenger,2.0,1.0,3.0,104.0,107.0,2.8,2021,10,24262,268,26,3.0,3.0,3.0,3.0,0.0,0.0,65.0,3.0000000000000058
2021-11-30,Stafford,VA,Passenger,2.0,1.0,3.0,103.0,106.0,2.83,2021,11,24263,268,27,3.0,3.0,3.0,3.0,0.0,0.0,68.0,3.0000000000000027
2021-12-31,Stafford,VA,Passenger,2.0,1.0,3.0,100.0,103.0,2.91,2021,12,24264,268,28,3.0,3.0,3.0,3.0,0.0,0.0,71.0,3.0000000000000075
2022-01-31,Stafford,VA,Passenger,2.0,1.0,3.0,97.0,100.0,3.0,2022,1,24265,268,29,3.0,3.0,3.0,3.0,0.0,0.0,74.0,3.0000000000000018
2022-02-28,Stafford,VA,Passenger,2.0,1.0,3.0,98.0,101.0,2.97,2022,2,24266,268,30,3.0,3.0,3.0,3.0,0.0,0.0,77.0,3.000000000000001
2022-03-31,Stafford,VA,Passenger,2.0,1.0,3.0,94.0,97.0,3.09,2022,3,24267,268,31,3.0,3.0,3.0,3.0,0.0,0.0,80.0,3.0000000000000027
2022-04-30,Stafford,VA,Passenger,2.0,1.0,3.0,95.0,98.0,3.06,2022,4,24268,268,32,3.0,3.0,3.0,3.0,0.0,0.0,83.0,3.000000000000005
2022-05-31,Stafford,VA,Passenger,2.0,1.0,3.0,95.0,98.0,3.06,2022,5,24269,268,33,3.0,3.0,3.0,3.0,0.0,0.0,86.0,3.0000000000000027
2022-06-30,Stafford,VA,Passenger,2.0,1.0,3.0,93.0,96.0,3.12,2022,6,24270,268,34,3.0,3.0,3.0,3.0,0.0,0.0,89.0,3.000000000000005
2022-07-31,Stafford,VA,Passenger,2.0,1.0,3.0,90.0,93.0,3.23,2022,7,24271,268,35,3.0,3.0,3.0,3.0,0.0,0.0,92.0,2.999999999999999
2022-08-31,Stafford,VA,Passenger,2.0,1.0,3.0,89.0,92.0,3.26,2022,8,24272,268,36,3.0,3.0,3.0,3.0,0.0,0.0,95.0,3.0000000000000067
2022-09-30,Stafford,VA,Passenger,2.0,1.0,3.0,90.0,93.0,3.23,2022,9,24273,268,37,3.0,3.0,3.0,3.0,0.0,0.0,98.0,3.000000000000005
2022-10-31,Stafford,VA,Passenger,2.0,1.0,3.0,88.0,91.0,3.3,2022,10,24274,268,38,3.0,3.0,3.0,3.0,0.0,0.0,101.0,3.0000000000000067
2022-11-30,Stafford,VA,Passenger,3.0,1.0,4.0,88.0,92.0,4.35,2022,11,24275,268,39,3.0,3.0,3.0,3.0,0.33333333333333326,0.33333333333333326,105.0,3.142857142857145
2022-12-31,Stafford,VA,Passenger,3.0,1.0,4.0,89.0,93.0,4.3,2022,12,24276,268,40,4.0,3.0,3.0,3.3333333333333335,0.0,0.33333333333333326,109.0,3.3714285714285785
2023-01-31,Stafford,VA,Passenger,3.0,1.0,4.0,87.0,91.0,4.4,2023,1,24277,268,41,4.0,4.0,3.0,3.6666666666666665,0.0,0.33333333333333326,113.0,3.6285714285714357
2023-02-28,Stafford,VA,Passenger,3.0,1.0,4.0,86.0,90.0,4.44,2023,2,24278,268,42,4.0,4.0,4.0,4.0,0.0,0.0,117.0,3.8571428571428656
2023-03-31,Stafford,VA,Passenger,3.0,1.0,4.0,83.0,87.0,4.6,2023,3,24279,268,43,4.0,4.0,4.0,4.0,0.0,0.0,121.0,4.000000000000008
2023-04-30,Stafford,VA,Passenger,3.0,1.0,4.0,84.0,88.0,4.55,2023,4,24280,268,44,4.0,4.0,4.0,4.0,0.0,0.0,125.0,4.0000000000000036
2023-05-31,Stafford,VA,Passenger,3.0,1.0,4.0,82.0,86.0,4.65,2023,5,24281,268,45,4.0,4.0,4.0,4.0,0.0,0.0,129.0,4.0000000000000036
2023-06-30,Stafford,VA,Passenger,3.0,1.0,4.0,79.0,83.0,4.82,2023,6,24282,268,46,4.0,4.0,4.0,4.0,0.0,0.0,133.0,4.000000000000002
2023-07-31,Stafford,VA,Passenger,3.0,1.0,4.0,77.0,81.0,4.94,2023,7,24283,268,47,4.0,4.0,4.0,4.0,0.0,0.0,137.0,4.000000000000008
2023-08-31,Stafford,VA,Passenger,3.0,0.0,3.0,79.0,82.0,3.66,2023,8,24284,268,48,4.0,4.0,4.0,4.0,-0.25,-0.25,140.0,3.8571428571428674
2023-09-30,Stafford,VA,Passenger,3.0,0.0,3.0,76.0,79.0,3.8,2023,9,24285,268,49,3.0,4.0,4.0,3.6666666666666665,0.0,-0.25,143.0,3.62857142857143
2023-10-31,Stafford,VA,Passenger,3.0,0.0,3.0,73.0,76.0,3.95,2023,10,24286,268,50,3.0,3.0,4.0,3.3333333333333335,0.0,-0.25,146.0,3.3714285714285843
2023-11-30,Stafford,VA,Passenger,3.0,0.0,3.0,73.0,76.0,3.95,2023,11,24287,268,51,3.0,3.0,3.0,3.0,0.0,0.0,149.0,3.142857142857147
2023-12-31,Stafford,VA,Passenger,3.0,0.0,3.0,73.0,76.0,3.95,2023,12,24288,268,52,3.0,3.0,3.0,3.0,0.0,0.0,152.0,3.000000000000014
2024-01-31,Stafford,VA,Passenger,3.0,0.0,3.0,72.0,75.0,4.0,2024,1,24289,268,53,3.0,3.0,3.0,3.0,0.0,0.0,155.0,3.0000000000000107
2024-02-29,Stafford,VA,Passenger,3.0,0.0,3.0,68.0,71.0,4.23,2024,2,24290,268,54,3.0,3.0,3.0,3.0,0.0,0.0,158.0,3.0000000000000027
2019-01-31,Suffolk,MA,Passenger,0.0,1.0,1.0,41.0,42.0,2.38,2019,1,24229,270,5,1.0,1.0,1.0,1.0,0.0,0.0,6.0,0.9999999999999998
2019-02-28,Suffolk,MA,Passenger,0.0,1.0,1.0,42.0,43.0,2.33,2019,2,24230,270,6,1.0,1.0,1.0,1.0,0.0,0.0,7.0,0.9999999999999998
2019-03-31,Suffolk,MA,Passenger,0.0,1.0,1.0,42.0,43.0,2.33,2019,3,24231,270,7,1.0,1.0,1.0,1.0,0.0,0.0,8.0,0.9999999999999999
2019-04-30,Suffolk,MA,Passenger,0.0,1.0,1.0,41.0,42.0,2.38,2019,4,24232,270,8,1.0,1.0,1.0,1.0,0.0,0.0,9.0,1.0000000000000002
2019-05-31,Suffolk,MA,Passenger,0.0,1.0,1.0,40.0,41.0,2.44,2019,5,24233,270,9,1.0,1.0,1.0,1.0,0.0,0.0,10.0,1.0000000000000002
2019-06-30,Suffolk,MA,Passenger,0.0,1.0,1.0,40.0,41.0,2.44,2019,6,24234,270,10,1.0,1.0,1.0,1.0,0.0,0.0,11.0,1.0
2019-07-31,Suffolk,MA,Passenger,0.0,1.0,1.0,38.0,39.0,2.56,2019,7,24235,270,11,1.0,1.0,1.0,1.0,0.0,0.0,12.0,1.0000000000000002
2019-08-31,Suffolk,MA,Passenger,0.0,1.0,1.0,38.0,39.0,2.56,2019,8,24236,270,12,1.0,1.0,1.0,1.0,0.0,0.0,13.0,1.0000000000000002
2019-09-30,Suffolk,MA,Passenger,0.0,1.0,1.0,39.0,40.0,2.5,2019,9,24237,270,13,1.0,1.0,1.0,1.0,0.0,0.0,14.0,1.0000000000000009
2019-10-31,Suffolk,MA,Passenger,0.0,1.0,1.0,39.0,40.0,2.5,2019,10,24238,270,14,1.0,1.0,1.0,1.0,0.0,0.0,15.0,1.0000000000000007
2019-11-30,Suffolk,MA,Passenger,0.0,1.0,1.0,37.0,38.0,2.63,2019,11,24239,270,15,1.0,1.0,1.0,1.0,0.0,0.0,16.0,1.0000000000000009
2019-11-30,Suffolk,VA,Passenger,1.0,0.0,1.0,123.0,124.0,0.81,2019,11,24239,270,16,1.0,1.0,1.0,1.0,0.0,0.0,17.0,1.0
2019-12-31,Suffolk,MA,Passenger,0.0,1.0,1.0,35.0,36.0,2.78,2019,12,24240,270,17,1.0,1.0,1.0,1.0,0.0,0.0,18.0,1.0000000000000002
2019-12-31,Suffolk,VA,Passenger,1.0,0.0,1.0,123.0,124.0,0.81,2019,12,24240,270,18,1.0,1.0,1.0,1.0,0.0,0.0,19.0,1.000000000000002
2020-01-31,Suffolk,VA,Passenger,1.0,0.0,1.0,123.0,124.0,0.81,2020,1,24241,270,19,1.0,1.0,1.0,1.0,0.0,0.0,20.0,0.9999999999999998
2020-01-31,Suffolk,MA,Passenger,0.0,1.0,1.0,37.0,38.0,2.63,2020,1,24241,270,20,1.0,1.0,1.0,1.0,0.0,0.0,21.0,1.000000000000001
2020-02-29,Suffolk,VA,Passenger,1.0,0.0,1.0,123.0,124.0,0.81,2020,2,24242,270,21,1.0,1.0,1.0,1.0,0.0,0.0,22.0,1.0000000000000013
2020-02-29,Suffolk,MA,Passenger,0.0,1.0,1.0,39.0,40.0,2.5,2020,2,24242,270,22,1.0,1.0,1.0,1.0,0.0,0.0,23.0,1.0000000000000013
2020-03-31,Suffolk,VA,Passenger,1.0,0.0,1.0,123.0,124.0,0.81,2020,3,24243,270,23,1.0,1.0,1.0,1.0,0.0,0.0,24.0,1.0000000000000004
2020-03-31,Suffolk,MA,Passenger,0.0,2.0,2.0,38.0,40.0,5.0,2020,3,24243,270,24,1.0,1.0,1.0,1.0,1.0,1.0,26.0,1.1428571428571432
2020-04-30,Suffolk,VA,Passenger,1.0,0.0,1.0,125.0,126.0,0.79,2020,4,24244,270,25,2.0,1.0,1.0,1.3333333333333333,-0.5,0.0,27.0,1.2285714285714298
2020-04-30,Suffolk,MA,Passenger,0.0,2.0,2.0,38.0,40.0,5.0,2020,4,24244,270,26,1.0,2.0,1.0,1.3333333333333333,1.0,1.0,29.0,1.4000000000000001
2020-05-31,Suffolk,MA,Passenger,0.0,2.0,2.0,37.0,39.0,5.13,2020,5,24245,270,27,2.0,1.0,2.0,1.6666666666666667,0.0,0.0,31.0,1.6000000000000008
2020-05-31,Suffolk,VA,Passenger,1.0,0.0,1.0,121.0,122.0,0.82,2020,5,24245,270,28,2.0,2.0,1.0,1.6666666666666667,-0.5,0.0,32.0,1.6285714285714281
2020-06-30,Suffolk,MA,Passenger,0.0,2.0,2.0,37.0,39.0,5.13,2020,6,24246,270,29,1.0,2.0,2.0,1.6666666666666667,1.0,0.0,34.0,1.628571428571432
2020-06-30,Suffolk,VA,Passenger,1.0,0.0,1.0,125.0,126.0,0.79,2020,6,24246,270,30,2.0,1.0,2.0,1.6666666666666667,-0.5,-0.5,35.0,1.6000000000000003
2020-07-31,Suffolk,VA,Passenger,1.0,0.0,1.0,125.0,126.0,0.79,2020,7,24247,270,31,1.0,2.0,1.0,1.3333333333333333,0.0,0.0,36.0,1.3999999999999992
2020-07-31,Suffolk,MA,Passenger,0.0,2.0,2.0,38.0,40.0,5.0,2020,7,24247,270,32,1.0,1.0,2.0,1.3333333333333333,1.0,0.0,38.0,1.3714285714285719
2020-08-31,Suffolk,MA,Passenger,0.0,2.0,2.0,37.0,39.0,5.13,2020,8,24248,270,33,2.0,1.0,1.0,1.3333333333333333,0.0,1.0,40.0,1.514285714285716
2020-08-31,Suffolk,VA,Passenger,1.0,0.0,1.0,123.0,124.0,0.81,2020,8,24248,270,34,2.0,2.0,1.0,1.6666666666666667,-0.5,0.0,41.0,1.4857142857142878
2020-09-30,Suffolk,MA,Passenger,0.0,2.0,2.0,36.0,38.0,5.26,2020,9,24249,270,35,1.0,2.0,2.0,1.6666666666666667,1.0,0.0,43.0,1.62857142857143
2020-09-30,Suffolk,VA,Passenger,1.0,0.0,1.0,123.0,124.0,0.81,2020,9,24249,270,36,2.0,1.0,2.0,1.6666666666666667,-0.5,-0.5,44.0,1.6000000000000016
2020-10-31,Suffolk,MA,Passenger,0.0,2.0,2.0,36.0,38.0,5.26,2020,10,24250,270,37,1.0,2.0,1.0,1.3333333333333333,1.0,1.0,46.0,1.5428571428571451
2020-10-31,Suffolk,VA,Passenger,1.0,0.0,1.0,124.0,125.0,0.8,2020,10,24250,270,38,2.0,1.0,2.0,1.6666666666666667,-0.5,-0.5,47.0,1.4571428571428595
2020-11-30,Suffolk,VA,Passenger,1.0,0.0,1.0,123.0,124.0,0.81,2020,11,24251,270,39,1.0,2.0,1.0,1.3333333333333333,0.0,0.0,48.0,1.400000000000003
2020-11-30,Suffolk,MA,Passenger,0.0,2.0,2.0,35.0,37.0,5.41,2020,11,24251,270,40,1.0,1.0,2.0,1.3333333333333333,1.0,0.0,50.0,1.3714285714285748
2020-12-31,Suffolk,MA,Passenger,0.0,2.0,2.0,35.0,37.0,5.41,2020,12,24252,270,41,2.0,1.0,1.0,1.3333333333333333,0.0,1.0,52.0,1.514285714285717
2020-12-31,Suffolk,VA,Passenger,1.0,0.0,1.0,122.0,123.0,0.81,2020,12,24252,270,42,2.0,2.0,1.0,1.6666666666666667,-0.5,0.0,53.0,1.4857142857142887
2021-01-31,Suffolk,MA,Passenger,0.0,2.0,2.0,32.0,34.0,5.88,2021,1,24253,270,43,1.0,2.0,2.0,1.6666666666666667,1.0,0.0,55.0,1.62857142857143
2021-01-31,Suffolk,VA,Passenger,1.0,0.0,1.0,122.0,123.0,0.81,2021,1,24253,270,44,2.0,1.0,2.0,1.6666666666666667,-0.5,-0.5,56.0,1.6000000000000036
2021-02-28,Suffolk,VA,Passenger,1.0,0.0,1.0,122.0,123.0,0.81,2021,2,24254,270,45,1.0,2.0,1.0,1.3333333333333333,0.0,0.0,57.0,1.400000000000003
2021-02-28,Suffolk,MA,Passenger,0.0,2.0,2.0,33.0,35.0,5.71,2021,2,24254,270,46,1.0,1.0,2.0,1.3333333333333333,1.0,0.0,59.0,1.3714285714285719
2021-03-31,Suffolk,VA,Passenger,1.0,0.0,1.0,122.0,123.0,0.81,2021,3,24255,270,47,2.0,1.0,1.0,1.3333333333333333,-0.5,0.0,60.0,1.3714285714285785
2021-03-31,Suffolk,MA,Passenger,0.0,2.0,2.0,34.0,36.0,5.56,2021,3,24255,270,48,1.0,2.0,1.0,1.3333333333333333,1.0,1.0,62.0,1.4000000000000021
2021-04-30,Suffolk,VA,Passenger,1.0,0.0,1.0,125.0,126.0,0.79,2021,4,24256,270,49,2.0,1.0,2.0,1.6666666666666667,-0.5,-0.5,63.0,1.4571428571428653
2021-04-30,Suffolk,MA,Passenger,0.0,2.0,2.0,34.0,36.0,5.56,2021,4,24256,270,50,1.0,2.0,1.0,1.3333333333333333,1.0,1.0,65.0,1.5428571428571423
2021-05-31,Suffolk,VA,Passenger,1.0,0.0,1.0,124.0,125.0,0.8,2021,5,24257,270,51,2.0,1.0,2.0,1.6666666666666667,-0.5,-0.5,66.0,1.4571428571428604
2021-05-31,Suffolk,MA,Passenger,0.0,2.0,2.0,34.0,36.0,5.56,2021,5,24257,270,52,1.0,2.0,1.0,1.3333333333333333,1.0,1.0,68.0,1.5428571428571443
2021-06-30,Suffolk,VA,Passenger,1.0,0.0,1.0,123.0,124.0,0.81,2021,6,24258,270,53,2.0,1.0,2.0,1.6666666666666667,-0.5,-0.5,69.0,1.4571428571428604
2021-06-30,Suffolk,MA,Passenger,0.0,2.0,2.0,31.0,33.0,6.06,2021,6,24258,270,54,1.0,2.0,1.0,1.3333333333333333,1.0,1.0,71.0,1.542857142857152
2021-07-31,Suffolk,MA,Passenger,0.0,2.0,2.0,32.0,34.0,5.88,2021,7,24259,270,55,2.0,1.0,2.0,1.6666666666666667,0.0,0.0,73.0,1.6000000000000045
2021-07-31,Suffolk,VA,Passenger,1.0,0.0,1.0,123.0,124.0,0.81,2021,7,24259,270,56,2.0,2.0,1.0,1.6666666666666667,-0.5,0.0,74.0,1.6285714285714339
2021-08-31,Suffolk,VA,Passenger,1.0,0.0,1.0,123.0,124.0,0.81,2021,8,24260,270,57,1.0,2.0,2.0,1.6666666666666667,0.0,-0.5,75.0,1.4857142857142878
2021-08-31,Suffolk,MA,Passenger,0.0,2.0,2.0,29.0,31.0,6.45,2021,8,24260,270,58,1.0,1.0,2.0,1.3333333333333333,1.0,0.0,77.0,1.514285714285721
2021-09-30,Suffolk,VA,Passenger,1.0,0.0,1.0,125.0,126.0,0.79,2021,9,24261,270,59,2.0,1.0,1.0,1.3333333333333333,-0.5,0.0,78.0,1.3714285714285825
2021-09-30,Suffolk,MA,Passenger,0.0,2.0,2.0,28.0,30.0,6.67,2021,9,24261,270,60,1.0,2.0,1.0,1.3333333333333333,1.0,1.0,80.0,1.4000000000000001
2021-10-31,Suffolk,VA,Passenger,1.0,0.0,1.0,121.0,122.0,0.82,2021,10,24262,270,61,2.0,1.0,2.0,1.6666666666666667,-0.5,-0.5,81.0,1.4571428571428586
2021-10-31,Suffolk,MA,Passenger,0.0,2.0,2.0,28.0,30.0,6.67,2021,10,24262,270,62,1.0,2.0,1.0,1.3333333333333333,1.0,1.0,83.0,1.5428571428571443
2021-11-30,Suffolk,VA,Passenger,1.0,0.0,1.0,121.0,122.0,0.82,2021,11,24263,270,63,2.0,1.0,2.0,1.6666666666666667,-0.5,-0.5,84.0,1.4571428571428604
2021-11-30,Suffolk,MA,Passenger,0.0,2.0,2.0,28.0,30.0,6.67,2021,11,24263,270,64,1.0,2.0,1.0,1.3333333333333333,1.0,1.0,86.0,1.542857142857148
2021-12-31,Suffolk,MA,Passenger,0.0,2.0,2.0,27.0,29.0,6.9,2021,12,24264,270,65,2.0,1.0,2.0,1.6666666666666667,0.0,0.0,88.0,1.6000000000000065
2021-12-31,Suffolk,VA,Passenger,1.0,0.0,1.0,124.0,125.0,0.8,2021,12,24264,270,66,2.0,2.0,1.0,1.6666666666666667,-0.5,0.0,89.0,1.6285714285714357
2022-01-31,Suffolk,VA,Passenger,1.0,0.0,1.0,120.0,121.0,0.83,2022,1,24265,270,67,1.0,2.0,2.0,1.6666666666666667,0.0,-0.5,90.0,1.4857142857142915
2022-01-31,Suffolk,MA,Passenger,0.0,2.0,2.0,26.0,28.0,6.9025,2022,1,24265,270,68,1.0,1.0,2.0,1.3333333333333333,1.0,0.0,92.0,1.514285714285721
2022-02-28,Suffolk,VA,Passenger,1.0,0.0,1.0,121.0,122.0,0.82,2022,2,24266,270,69,2.0,1.0,1.0,1.3333333333333333,-0.5,0.0,93.0,1.3714285714285768
2022-02-28,Suffolk,MA,Passenger,0.0,2.0,2.0,25.0,27.0,6.9025,2022,2,24266,270,70,1.0,2.0,1.0,1.3333333333333333,1.0,1.0,95.0,1.4000000000000001
2022-03-31,Suffolk,VA,Passenger,1.0,0.0,1.0,120.0,121.0,0.83,2022,3,24267,270,71,2.0,1.0,2.0,1.6666666666666667,-0.5,-0.5,96.0,1.4571428571428644
2022-03-31,Suffolk,MA,Passenger,0.0,1.0,1.0,25.0,26.0,3.85,2022,3,24267,270,72,1.0,2.0,1.0,1.3333333333333333,0.0,0.0,97.0,1.400000000000006
2022-04-30,Suffolk,MA,Passenger,0.0,1.0,1.0,24.0,25.0,4.0,2022,4,24268,270,73,1.0,1.0,2.0,1.3333333333333333,0.0,-0.5,98.0,1.2285714285714364
2022-04-30,Suffolk,VA,Passenger,1.0,0.0,1.0,122.0,123.0,0.81,2022,4,24268,270,74,1.0,1.0,1.0,1.0,0.0,0.0,99.0,1.1428571428571508
2022-05-31,Suffolk,VA,Passenger,1.0,0.0,1.0,120.0,121.0,0.83,2022,5,24269,270,75,1.0,1.0,1.0,1.0,0.0,0.0,100.0,1.0000000000000029
2022-05-31,Suffolk,MA,Passenger,0.0,1.0,1.0,23.0,24.0,4.17,2022,5,24269,270,76,1.0,1.0,1.0,1.0,0.0,0.0,101.0,1.0000000000000087
2022-06-30,Suffolk,MA,Passenger,0.0,1.0,1.0,21.0,22.0,4.55,2022,6,24270,270,77,1.0,1.0,1.0,1.0,0.0,0.0,102.0,1.0000000000000009
2022-06-30,Suffolk,VA,Passenger,1.0,0.0,1.0,122.0,123.0,0.81,2022,6,24270,270,78,1.0,1.0,1.0,1.0,0.0,0.0,103.0,1.0000000000000087
2022-07-31,Suffolk,VA,Passenger,1.0,0.0,1.0,120.0,121.0,0.83,2022,7,24271,270,79,1.0,1.0,1.0,1.0,0.0,0.0,104.0,1.0000000000000067
2022-08-31,Suffolk,VA,Passenger,1.0,0.0,1.0,119.0,120.0,0.83,2022,8,24272,270,80,1.0,1.0,1.0,1.0,0.0,0.0,105.0,1.0000000000000104
2022-09-30,Suffolk,VA,Passenger,1.0,0.0,1.0,117.0,118.0,0.85,2022,9,24273,270,81,1.0,1.0,1.0,1.0,0.0,0.0,106.0,1.0000000000000067
2022-10-31,Suffolk,VA,Passenger,1.0,0.0,1.0,115.0,116.0,0.86,2022,10,24274,270,82,1.0,1.0,1.0,1.0,0.0,0.0,107.0,1.0000000000000067
2022-11-30,Suffolk,VA,Passenger,1.0,0.0,1.0,114.0,115.0,0.87,2022,11,24275,270,83,1.0,1.0,1.0,1.0,0.0,0.0,108.0,1.0000000000000067
2022-12-31,Suffolk,VA,Passenger,1.0,0.0,1.0,113.0,114.0,0.88,2022,12,24276,270,84,1.0,1.0,1.0,1.0,0.0,0.0,109.0,1.0000000000000067
2023-01-31,Suffolk,VA,Passenger,1.0,0.0,1.0,115.0,116.0,0.86,2023,1,24277,270,85,1.0,1.0,1.0,1.0,0.0,0.0,110.0,1.0000000000000067
2023-02-28,Suffolk,VA,Passenger,1.0,0.0,1.0,112.0,113.0,0.88,2023,2,24278,270,86,1.0,1.0,1.0,1.0,0.0,0.0,111.0,0.999999999999999
2023-03-31,Suffolk,VA,Passenger,1.0,0.0,1.0,109.0,110.0,0.91,2023,3,24279,270,87,1.0,1.0,1.0,1.0,0.0,0.0,112.0,1.0000000000000087
2023-04-30,Suffolk,VA,Passenger,1.0,0.0,1.0,105.0,106.0,0.94,2023,4,24280,270,88,1.0,1.0,1.0,1.0,0.0,0.0,113.0,1.0000000000000124
2023-05-31,Suffolk,VA,Passenger,1.0,0.0,1.0,105.0,106.0,0.94,2023,5,24281,270,89,1.0,1.0,1.0,1.0,0.0,0.0,114.0,1.0000000000000049
2023-06-30,Suffolk,VA,Passenger,1.0,0.0,1.0,101.0,102.0,0.98,2023,6,24282,270,90,1.0,1.0,1.0,1.0,0.0,0.0,115.0,1.0000000000000087
2023-07-31,Suffolk,VA,Passenger,1.0,0.0,1.0,96.0,97.0,1.03,2023,7,24283,270,91,1.0,1.0,1.0,1.0,0.0,0.0,116.0,1.0000000000000087
2023-08-31,Suffolk,VA,Passenger,1.0,0.0,1.0,93.0,94.0,1.06,2023,8,24284,270,92,1.0,1.0,1.0,1.0,0.0,0.0,117.0,1.0000000000000049
2023-09-30,Suffolk,VA,Passenger,1.0,0.0,1.0,92.0,93.0,1.08,2023,9,24285,270,93,1.0,1.0,1.0,1.0,0.0,0.0,118.0,1.0000000000000009
2023-10-31,Suffolk,VA,Passenger,1.0,0.0,1.0,90.0,91.0,1.1,2023,10,24286,270,94,1.0,1.0,1.0,1.0,0.0,0.0,119.0,1.0000000000000049
2023-11-30,Suffolk,VA,Passenger,1.0,0.0,1.0,91.0,92.0,1.09,2023,11,24287,270,95,1.0,1.0,1.0,1.0,0.0,0.0,120.0,1.0000000000000162
2023-12-31,Suffolk,VA,Passenger,1.0,0.0,1.0,86.0,87.0,1.15,2023,12,24288,270,96,1.0,1.0,1.0,1.0,0.0,0.0,121.0,1.0000000000000049
2024-01-31,Suffolk,VA,Passenger,1.0,0.0,1.0,84.0,85.0,1.18,2024,1,24289,270,97,1.0,1.0,1.0,1.0,0.0,0.0,122.0,1.0000000000000049
2024-02-29,Suffolk,VA,Passenger,1.0,0.0,1.0,78.0,79.0,1.27,2024,2,24290,270,98,1.0,1.0,1.0,1.0,0.0,0.0,123.0,1.0000000000000009
2017-06-30,Sumter,FL,Passenger,0.0,1.0,1.0,10.0,11.0,6.9025,2017,6,24210,271,5,1.0,1.0,1.0,1.0,0.0,0.0,6.0,0.9999999999999998
2017-07-31,Sumter,FL,Passenger,0.0,1.0,1.0,10.0,11.0,6.9025,2017,7,24211,271,6,1.0,1.0,1.0,1.0,0.0,0.0,7.0,0.9999999999999998
2017-08-31,Sumter,FL,Passenger,0.0,1.0,1.0,10.0,11.0,6.9025,2017,8,24212,271,7,1.0,1.0,1.0,1.0,0.0,0.0,8.0,0.9999999999999999
2017-09-30,Sumter,FL,Passenger,0.0,1.0,1.0,10.0,11.0,6.9025,2017,9,24213,271,8,1.0,1.0,1.0,1.0,0.0,0.0,9.0,1.0000000000000002
2017-10-31,Sumter,FL,Passenger,0.0,1.0,1.0,10.0,11.0,6.9025,2017,10,24214,271,9,1.0,1.0,1.0,1.0,0.0,0.0,10.0,1.0000000000000002
2017-11-30,Sumter,FL,Passenger,0.0,1.0,1.0,10.0,11.0,6.9025,2017,11,24215,271,10,1.0,1.0,1.0,1.0,0.0,0.0,11.0,1.0
2017-12-31,Sumter,FL,Passenger,0.0,1.0,1.0,10.0,11.0,6.9025,2017,12,24216,271,11,1.0,1.0,1.0,1.0,0.0,0.0,12.0,1.0000000000000002
2018-01-31,Sumter,FL,Passenger,0.0,1.0,1.0,10.0,11.0,6.9025,2018,1,24217,271,12,1.0,1.0,1.0,1.0,0.0,0.0,13.0,1.0000000000000002
2018-02-28,Sumter,FL,Passenger,0.0,1.0,1.0,10.0,11.0,6.9025,2018,2,24218,271,13,1.0,1.0,1.0,1.0,0.0,0.0,14.0,1.0000000000000009
2018-03-31,Sumter,FL,Passenger,0.0,1.0,1.0,10.0,11.0,6.9025,2018,3,24219,271,14,1.0,1.0,1.0,1.0,0.0,0.0,15.0,1.0000000000000007
2018-04-30,Sumter,FL,Passenger,0.0,1.0,1.0,10.0,11.0,6.9025,2018,4,24220,271,15,1.0,1.0,1.0,1.0,0.0,0.0,16.0,1.0000000000000009
2018-05-31,Sumter,FL,Passenger,0.0,1.0,1.0,9.0,10.0,6.9025,2018,5,24221,271,16,1.0,1.0,1.0,1.0,0.0,0.0,17.0,1.0
2018-06-30,Sumter,FL,Passenger,0.0,1.0,1.0,9.0,10.0,6.9025,2018,6,24222,271,17,1.0,1.0,1.0,1.0,0.0,0.0,18.0,1.0000000000000002
2018-07-31,Sumter,FL,Passenger,0.0,1.0,1.0,10.0,11.0,6.9025,2018,7,24223,271,18,1.0,1.0,1.0,1.0,0.0,0.0,19.0,1.000000000000002
2018-08-31,Sumter,FL,Passenger,0.0,1.0,1.0,10.0,11.0,6.9025,2018,8,24224,271,19,1.0,1.0,1.0,1.0,0.0,0.0,20.0,0.9999999999999998
2018-09-30,Sumter,FL,Passenger,0.0,1.0,1.0,10.0,11.0,6.9025,2018,9,24225,271,20,1.0,1.0,1.0,1.0,0.0,0.0,21.0,1.000000000000001
2018-10-31,Sumter,FL,Passenger,0.0,1.0,1.0,10.0,11.0,6.9025,2018,10,24226,271,21,1.0,1.0,1.0,1.0,0.0,0.0,22.0,1.0000000000000013
2018-11-30,Sumter,FL,Passenger,0.0,1.0,1.0,10.0,11.0,6.9025,2018,11,24227,271,22,1.0,1.0,1.0,1.0,0.0,0.0,23.0,1.0000000000000013
2018-12-31,Sumter,FL,Passenger,0.0,1.0,1.0,10.0,11.0,6.9025,2018,12,24228,271,23,1.0,1.0,1.0,1.0,0.0,0.0,24.0,1.0000000000000004
2019-01-31,Sumter,FL,Passenger,0.0,1.0,1.0,10.0,11.0,6.9025,2019,1,24229,271,24,1.0,1.0,1.0,1.0,0.0,0.0,25.0,1.0000000000000013
2019-02-28,Sumter,FL,Passenger,0.0,1.0,1.0,10.0,11.0,6.9025,2019,2,24230,271,25,1.0,1.0,1.0,1.0,0.0,0.0,26.0,1.0000000000000013
2019-03-31,Sumter,FL,Passenger,0.0,1.0,1.0,10.0,11.0,6.9025,2019,3,24231,271,26,1.0,1.0,1.0,1.0,0.0,0.0,27.0,1.0000000000000013
2019-04-30,Sumter,FL,Passenger,0.0,1.0,1.0,10.0,11.0,6.9025,2019,4,24232,271,27,1.0,1.0,1.0,1.0,0.0,0.0,28.0,1.0000000000000013
2019-05-31,Sumter,FL,Passenger,0.0,1.0,1.0,10.0,11.0,6.9025,2019,5,24233,271,28,1.0,1.0,1.0,1.0,0.0,0.0,29.0,1.0000000000000024
2019-06-30,Sumter,FL,Passenger,0.0,1.0,1.0,10.0,11.0,6.9025,2019,6,24234,271,29,1.0,1.0,1.0,1.0,0.0,0.0,30.0,1.000000000000002
2019-07-31,Sumter,FL,Passenger,0.0,1.0,1.0,10.0,11.0,6.9025,2019,7,24235,271,30,1.0,1.0,1.0,1.0,0.0,0.0,31.0,1.0000000000000009
2019-08-31,Sumter,FL,Passenger,0.0,1.0,1.0,9.0,10.0,6.9025,2019,8,24236,271,31,1.0,1.0,1.0,1.0,0.0,0.0,32.0,1.000000000000002
2019-09-30,Sumter,FL,Passenger,0.0,1.0,1.0,9.0,10.0,6.9025,2019,9,24237,271,32,1.0,1.0,1.0,1.0,0.0,0.0,33.0,1.0000000000000038
2019-10-31,Sumter,FL,Passenger,0.0,1.0,1.0,9.0,10.0,6.9025,2019,10,24238,271,33,1.0,1.0,1.0,1.0,0.0,0.0,34.0,1.0000000000000004
2019-11-30,Sumter,FL,Passenger,0.0,1.0,1.0,9.0,10.0,6.9025,2019,11,24239,271,34,1.0,1.0,1.0,1.0,0.0,0.0,35.0,1.000000000000002
2019-12-31,Sumter,FL,Passenger,0.0,1.0,1.0,9.0,10.0,6.9025,2019,12,24240,271,35,1.0,1.0,1.0,1.0,0.0,0.0,36.0,1.0000000000000029
2020-01-31,Sumter,FL,Passenger,0.0,1.0,1.0,9.0,10.0,6.9025,2020,1,24241,271,36,1.0,1.0,1.0,1.0,0.0,0.0,37.0,1.0000000000000038
2020-02-29,Sumter,FL,Passenger,0.0,1.0,1.0,9.0,10.0,6.9025,2020,2,24242,271,37,1.0,1.0,1.0,1.0,0.0,0.0,38.0,1.0
2020-03-31,Sumter,FL,Passenger,0.0,1.0,1.0,9.0,10.0,6.9025,2020,3,24243,271,38,1.0,1.0,1.0,1.0,0.0,0.0,39.0,1.0000000000000009
2020-04-30,Sumter,FL,Passenger,0.0,1.0,1.0,9.0,10.0,6.9025,2020,4,24244,271,39,1.0,1.0,1.0,1.0,0.0,0.0,40.0,1.0000000000000009
2020-05-31,Sumter,FL,Passenger,0.0,1.0,1.0,9.0,10.0,6.9025,2020,5,24245,271,40,1.0,1.0,1.0,1.0,0.0,0.0,41.0,1.0000000000000038
2020-06-30,Sumter,FL,Passenger,0.0,1.0,1.0,9.0,10.0,6.9025,2020,6,24246,271,41,1.0,1.0,1.0,1.0,0.0,0.0,42.0,1.0000000000000009
2020-07-31,Sumter,FL,Passenger,0.0,1.0,1.0,9.0,10.0,6.9025,2020,7,24247,271,42,1.0,1.0,1.0,1.0,0.0,0.0,43.0,1.0000000000000029
2020-08-31,Sumter,FL,Passenger,0.0,1.0,1.0,10.0,11.0,6.9025,2020,8,24248,271,43,1.0,1.0,1.0,1.0,0.0,0.0,44.0,1.0000000000000029
2020-09-30,Sumter,FL,Passenger,0.0,1.0,1.0,11.0,12.0,6.9025,2020,9,24249,271,44,1.0,1.0,1.0,1.0,0.0,0.0,45.0,1.0000000000000009
2020-10-31,Sumter,FL,Passenger,0.0,1.0,1.0,10.0,11.0,6.9025,2020,10,24250,271,45,1.0,1.0,1.0,1.0,0.0,0.0,46.0,1.0000000000000009
2020-11-30,Sumter,FL,Passenger,0.0,1.0,1.0,10.0,11.0,6.9025,2020,11,24251,271,46,1.0,1.0,1.0,1.0,0.0,0.0,47.0,1.0000000000000029
2020-12-31,Sumter,FL,Passenger,0.0,1.0,1.0,10.0,11.0,6.9025,2020,12,24252,271,47,1.0,1.0,1.0,1.0,0.0,0.0,48.0,1.0000000000000009
2021-01-31,Sumter,FL,Passenger,0.0,1.0,1.0,10.0,11.0,6.9025,2021,1,24253,271,48,1.0,1.0,1.0,1.0,0.0,0.0,49.0,1.000000000000002
2021-02-28,Sumter,FL,Passenger,0.0,1.0,1.0,10.0,11.0,6.9025,2021,2,24254,271,49,1.0,1.0,1.0,1.0,0.0,0.0,50.0,1.000000000000002
2021-03-31,Sumter,FL,Passenger,0.0,1.0,1.0,10.0,11.0,6.9025,2021,3,24255,271,50,1.0,1.0,1.0,1.0,0.0,0.0,51.0,1.000000000000002
2021-04-30,Sumter,SC,Passenger,0.0,1.0,1.0,37.0,38.0,2.63,2021,4,24256,271,51,1.0,1.0,1.0,1.0,0.0,0.0,52.0,1.0000000000000009
2021-04-30,Sumter,FL,Passenger,0.0,1.0,1.0,10.0,11.0,6.9025,2021,4,24256,271,52,1.0,1.0,1.0,1.0,0.0,0.0,53.0,1.0000000000000029
2021-05-31,Sumter,FL,Passenger,0.0,1.0,1.0,10.0,11.0,6.9025,2021,5,24257,271,53,1.0,1.0,1.0,1.0,0.0,0.0,54.0,1.0000000000000049
2021-05-31,Sumter,SC,Passenger,0.0,1.0,1.0,37.0,38.0,2.63,2021,5,24257,271,54,1.0,1.0,1.0,1.0,0.0,0.0,55.0,1.0000000000000038
2021-06-30,Sumter,FL,Passenger,0.0,1.0,1.0,8.0,9.0,6.9025,2021,6,24258,271,55,1.0,1.0,1.0,1.0,0.0,0.0,56.0,1.0
2021-06-30,Sumter,SC,Passenger,0.0,1.0,1.0,37.0,38.0,2.63,2021,6,24258,271,56,1.0,1.0,1.0,1.0,0.0,0.0,57.0,1.000000000000002
2021-07-31,Sumter,SC,Passenger,0.0,1.0,1.0,35.0,36.0,2.78,2021,7,24259,271,57,1.0,1.0,1.0,1.0,0.0,0.0,58.0,1.0000000000000038
2021-08-31,Sumter,SC,Passenger,0.0,1.0,1.0,36.0,37.0,2.7,2021,8,24260,271,58,1.0,1.0,1.0,1.0,0.0,0.0,59.0,1.0000000000000038
2021-09-30,Sumter,SC,Passenger,0.0,1.0,1.0,36.0,37.0,2.7,2021,9,24261,271,59,1.0,1.0,1.0,1.0,0.0,0.0,60.0,1.0000000000000038
2021-10-31,Sumter,SC,Passenger,0.0,1.0,1.0,36.0,37.0,2.7,2021,10,24262,271,60,1.0,1.0,1.0,1.0,0.0,0.0,61.0,1.0000000000000049
2021-11-30,Sumter,SC,Passenger,0.0,1.0,1.0,34.0,35.0,2.86,2021,11,24263,271,61,1.0,1.0,1.0,1.0,0.0,0.0,62.0,1.0000000000000067
2021-12-31,Sumter,SC,Passenger,0.0,1.0,1.0,34.0,35.0,2.86,2021,12,24264,271,62,1.0,1.0,1.0,1.0,0.0,0.0,63.0,1.0000000000000009
2022-01-31,Sumter,SC,Passenger,0.0,1.0,1.0,34.0,35.0,2.86,2022,1,24265,271,63,1.0,1.0,1.0,1.0,0.0,0.0,64.0,0.999999999999999
2022-02-28,Sumter,SC,Passenger,0.0,1.0,1.0,33.0,34.0,2.94,2022,2,24266,271,64,1.0,1.0,1.0,1.0,0.0,0.0,65.0,1.0000000000000049
2022-03-31,Sumter,SC,Passenger,0.0,1.0,1.0,32.0,33.0,3.03,2022,3,24267,271,65,1.0,1.0,1.0,1.0,0.0,0.0,66.0,1.0000000000000029
2022-04-30,Sumter,SC,Passenger,0.0,1.0,1.0,31.0,32.0,3.12,2022,4,24268,271,66,1.0,1.0,1.0,1.0,0.0,0.0,67.0,1.0000000000000049
2022-05-31,Sumter,SC,Passenger,0.0,1.0,1.0,32.0,33.0,3.03,2022,5,24269,271,67,1.0,1.0,1.0,1.0,0.0,0.0,68.0,1.0000000000000087
2022-06-30,Sumter,SC,Passenger,0.0,1.0,1.0,34.0,35.0,2.86,2022,6,24270,271,68,1.0,1.0,1.0,1.0,0.0,0.0,69.0,1.0000000000000067
2022-07-31,Sumter,SC,Passenger,0.0,1.0,1.0,35.0,36.0,2.78,2022,7,24271,271,69,1.0,1.0,1.0,1.0,0.0,0.0,70.0,1.0000000000000049
2022-08-31,Sumter,SC,Passenger,0.0,1.0,1.0,36.0,37.0,2.7,2022,8,24272,271,70,1.0,1.0,1.0,1.0,0.0,0.0,71.0,1.0000000000000049
2022-09-30,Sumter,SC,Passenger,0.0,1.0,1.0,36.0,37.0,2.7,2022,9,24273,271,71,1.0,1.0,1.0,1.0,0.0,0.0,72.0,1.0000000000000067
2022-10-31,Sumter,SC,Passenger,0.0,1.0,1.0,37.0,38.0,2.63,2022,10,24274,271,72,1.0,1.0,1.0,1.0,0.0,0.0,73.0,1.0000000000000049
2022-11-30,Sumter,SC,Passenger,0.0,1.0,1.0,37.0,38.0,2.63,2022,11,24275,271,73,1.0,1.0,1.0,1.0,0.0,0.0,74.0,1.0000000000000009
2022-12-31,Sumter,SC,Passenger,0.0,1.0,1.0,36.0,37.0,2.7,2022,12,24276,271,74,1.0,1.0,1.0,1.0,0.0,0.0,75.0,1.0000000000000029
2023-01-31,Sumter,SC,Passenger,0.0,1.0,1.0,36.0,37.0,2.7,2023,1,24277,271,75,1.0,1.0,1.0,1.0,0.0,0.0,76.0,1.0000000000000049
2023-02-28,Sumter,SC,Passenger,0.0,1.0,1.0,37.0,38.0,2.63,2023,2,24278,271,76,1.0,1.0,1.0,1.0,0.0,0.0,77.0,1.0000000000000087
2023-03-31,Sumter,SC,Passenger,0.0,1.0,1.0,38.0,39.0,2.56,2023,3,24279,271,77,1.0,1.0,1.0,1.0,0.0,0.0,78.0,1.0000000000000049
2017-07-31,Tarrant,TX,Passenger,1.0,0.0,1.0,241.0,242.0,0.41,2017,7,24211,272,5,1.0,2.0,2.0,1.6666666666666667,0.0,-0.5,10.0,1.6285714285714283
2017-08-31,Tarrant,TX,Passenger,1.0,0.0,1.0,232.0,233.0,0.43,2017,8,24212,272,6,1.0,1.0,2.0,1.3333333333333333,0.0,-0.5,11.0,1.3714285714285712
2017-09-30,Tarrant,TX,Passenger,1.0,0.0,1.0,234.0,235.0,0.43,2017,9,24213,272,7,1.0,1.0,1.0,1.0,0.0,0.0,12.0,1.1428571428571421
2017-10-31,Tarrant,TX,Passenger,1.0,0.0,1.0,227.0,228.0,0.44,2017,10,24214,272,8,1.0,1.0,1.0,1.0,0.0,0.0,13.0,1.0000000000000002
2017-11-30,Tarrant,TX,Passenger,1.0,0.0,1.0,229.0,230.0,0.43,2017,11,24215,272,9,1.0,1.0,1.0,1.0,0.0,0.0,14.0,1.0000000000000009
2017-12-31,Tarrant,TX,Passenger,1.0,0.0,1.0,227.0,228.0,0.44,2017,12,24216,272,10,1.0,1.0,1.0,1.0,0.0,0.0,15.0,1.0000000000000007
2018-01-31,Tarrant,TX,Passenger,1.0,0.0,1.0,225.0,226.0,0.44,2018,1,24217,272,11,1.0,1.0,1.0,1.0,0.0,0.0,16.0,1.0000000000000009
2018-02-28,Tarrant,TX,Passenger,1.0,0.0,1.0,225.0,226.0,0.44,2018,2,24218,272,12,1.0,1.0,1.0,1.0,0.0,0.0,17.0,1.0
2018-03-31,Tarrant,TX,Passenger,1.0,0.0,1.0,219.0,220.0,0.45,2018,3,24219,272,13,1.0,1.0,1.0,1.0,0.0,0.0,18.0,1.0000000000000002
2018-04-30,Tarrant,TX,Passenger,1.0,0.0,1.0,216.0,217.0,0.46,2018,4,24220,272,14,1.0,1.0,1.0,1.0,0.0,0.0,19.0,1.000000000000002
2018-05-31,Tarrant,TX,Passenger,1.0,0.0,1.0,216.0,217.0,0.46,2018,5,24221,272,15,1.0,1.0,1.0,1.0,0.0,0.0,20.0,0.9999999999999998
2018-06-30,Tarrant,TX,Passenger,1.0,0.0,1.0,220.0,221.0,0.45,2018,6,24222,272,16,1.0,1.0,1.0,1.0,0.0,0.0,21.0,1.000000000000001
2018-07-31,Tarrant,TX,Passenger,1.0,0.0,1.0,219.0,220.0,0.45,2018,7,24223,272,17,1.0,1.0,1.0,1.0,0.0,0.0,22.0,1.0000000000000013
2018-08-31,Tarrant,TX,Passenger,1.0,0.0,1.0,213.0,214.0,0.47,2018,8,24224,272,18,1.0,1.0,1.0,1.0,0.0,0.0,23.0,1.0000000000000013
2018-09-30,Tarrant,TX,Passenger,1.0,0.0,1.0,210.0,211.0,0.47,2018,9,24225,272,19,1.0,1.0,1.0,1.0,0.0,0.0,24.0,1.0000000000000004
2018-10-31,Tarrant,TX,Passenger,1.0,0.0,1.0,207.0,208.0,0.48,2018,10,24226,272,20,1.0,1.0,1.0,1.0,0.0,0.0,25.0,1.0000000000000013
2018-11-30,Tarrant,TX,Passenger,1.0,0.0,1.0,208.0,209.0,0.48,2018,11,24227,272,21,1.0,1.0,1.0,1.0,0.0,0.0,26.0,1.0000000000000013
2018-12-31,Tarrant,TX,Passenger,1.0,0.0,1.0,205.0,206.0,0.49,2018,12,24228,272,22,1.0,1.0,1.0,1.0,0.0,0.0,27.0,1.0000000000000013
2019-01-31,Tarrant,TX,Passenger,2.0,0.0,2.0,205.0,207.0,0.97,2019,1,24229,272,23,1.0,1.0,1.0,1.0,1.0,1.0,29.0,1.1428571428571446
2019-02-28,Tarrant,TX,Passenger,2.0,0.0,2.0,208.0,210.0,0.95,2019,2,24230,272,24,2.0,1.0,1.0,1.3333333333333333,0.0,1.0,31.0,1.3714285714285723
2019-03-31,Tarrant,TX,Passenger,3.0,0.0,3.0,204.0,207.0,1.45,2019,3,24231,272,25,2.0,2.0,1.0,1.6666666666666667,0.5,2.0,34.0,1.7714285714285711
2019-04-30,Tarrant,TX,Passenger,3.0,0.0,3.0,203.0,206.0,1.46,2019,4,24232,272,26,3.0,2.0,2.0,2.3333333333333335,0.0,0.5,37.0,2.228571428571428
2019-05-31,Tarrant,TX,Passenger,3.0,0.0,3.0,206.0,209.0,1.44,2019,5,24233,272,27,3.0,3.0,2.0,2.6666666666666665,0.0,0.5,40.0,2.628571428571428
2019-06-30,Tarrant,TX,Passenger,3.0,0.0,3.0,205.0,208.0,1.44,2019,6,24234,272,28,3.0,3.0,3.0,3.0,0.0,0.0,43.0,2.8571428571428603
2019-07-31,Tarrant,TX,Passenger,3.0,0.0,3.0,204.0,207.0,1.45,2019,7,24235,272,29,3.0,3.0,3.0,3.0,0.0,0.0,46.0,3.000000000000002
2019-08-31,Tarrant,TX,Passenger,3.0,0.0,3.0,204.0,207.0,1.45,2019,8,24236,272,30,3.0,3.0,3.0,3.0,0.0,0.0,49.0,3.0000000000000018
2019-09-30,Tarrant,TX,Passenger,3.0,0.0,3.0,199.0,202.0,1.49,2019,9,24237,272,31,3.0,3.0,3.0,3.0,0.0,0.0,52.0,3.000000000000001
2019-10-31,Tarrant,TX,Passenger,3.0,0.0,3.0,202.0,205.0,1.46,2019,10,24238,272,32,3.0,3.0,3.0,3.0,0.0,0.0,55.0,3.0000000000000027
2019-11-30,Tarrant,TX,Passenger,3.0,0.0,3.0,199.0,202.0,1.49,2019,11,24239,272,33,3.0,3.0,3.0,3.0,0.0,0.0,58.0,3.000000000000004
2019-12-31,Tarrant,TX,Passenger,3.0,0.0,3.0,196.0,199.0,1.51,2019,12,24240,272,34,3.0,3.0,3.0,3.0,0.0,0.0,61.0,3.000000000000001
2020-01-31,Tarrant,TX,Passenger,3.0,0.0,3.0,191.0,194.0,1.55,2020,1,24241,272,35,3.0,3.0,3.0,3.0,0.0,0.0,64.0,3.0000000000000058
2020-02-29,Tarrant,TX,Passenger,3.0,0.0,3.0,191.0,194.0,1.55,2020,2,24242,272,36,3.0,3.0,3.0,3.0,0.0,0.0,67.0,2.999999999999999
2020-03-31,Tarrant,TX,Passenger,2.0,0.0,2.0,187.0,189.0,1.06,2020,3,24243,272,37,3.0,3.0,3.0,3.0,-0.33333333333333337,-0.33333333333333337,69.0,2.8571428571428665
2020-04-30,Tarrant,TX,Passenger,2.0,0.0,2.0,186.0,188.0,1.06,2020,4,24244,272,38,2.0,3.0,3.0,2.6666666666666665,0.0,-0.33333333333333337,71.0,2.6285714285714317
2020-05-31,Tarrant,TX,Passenger,1.0,0.0,1.0,178.0,179.0,0.56,2020,5,24245,272,39,2.0,2.0,3.0,2.3333333333333335,-0.5,-0.6666666666666667,72.0,2.2285714285714278
2020-06-30,Tarrant,TX,Passenger,1.0,0.0,1.0,177.0,178.0,0.56,2020,6,24246,272,40,1.0,2.0,2.0,1.6666666666666667,0.0,-0.5,73.0,1.7714285714285778
2020-07-31,Tarrant,TX,Passenger,1.0,0.0,1.0,178.0,179.0,0.56,2020,7,24247,272,41,1.0,1.0,2.0,1.3333333333333333,0.0,-0.5,74.0,1.3714285714285768
2020-08-31,Tarrant,TX,Passenger,1.0,0.0,1.0,179.0,180.0,0.56,2020,8,24248,272,42,1.0,1.0,1.0,1.0,0.0,0.0,75.0,1.1428571428571508
2020-09-30,Tarrant,TX,Passenger,1.0,0.0,1.0,174.0,175.0,0.57,2020,9,24249,272,43,1.0,1.0,1.0,1.0,0.0,0.0,76.0,1.0000000000000049
2020-10-31,Tarrant,TX,Passenger,1.0,0.0,1.0,173.0,174.0,0.57,2020,10,24250,272,44,1.0,1.0,1.0,1.0,0.0,0.0,77.0,1.0000000000000087
2020-11-30,Tarrant,TX,Passenger,1.0,0.0,1.0,173.0,174.0,0.57,2020,11,24251,272,45,1.0,1.0,1.0,1.0,0.0,0.0,78.0,1.0000000000000049
2020-12-31,Tarrant,TX,Passenger,1.0,0.0,1.0,176.0,177.0,0.56,2020,12,24252,272,46,1.0,1.0,1.0,1.0,0.0,0.0,79.0,1.0000000000000029
2021-01-31,Tarrant,TX,Passenger,1.0,0.0,1.0,170.0,171.0,0.58,2021,1,24253,272,47,1.0,1.0,1.0,1.0,0.0,0.0,80.0,1.0000000000000087
2021-02-28,Tarrant,TX,Passenger,1.0,0.0,1.0,168.0,169.0,0.59,2021,2,24254,272,48,1.0,1.0,1.0,1.0,0.0,0.0,81.0,1.0000000000000029
2021-03-31,Tarrant,TX,Passenger,1.0,0.0,1.0,162.0,163.0,0.61,2021,3,24255,272,49,1.0,1.0,1.0,1.0,0.0,0.0,82.0,1.0000000000000104
2021-04-30,Tarrant,TX,Passenger,1.0,0.0,1.0,159.0,160.0,0.62,2021,4,24256,272,50,1.0,1.0,1.0,1.0,0.0,0.0,83.0,1.0000000000000049
2021-05-31,Tarrant,TX,Passenger,1.0,0.0,1.0,155.0,156.0,0.64,2021,5,24257,272,51,1.0,1.0,1.0,1.0,0.0,0.0,84.0,1.0000000000000049
2021-06-30,Tarrant,TX,Passenger,1.0,0.0,1.0,148.0,149.0,0.67,2021,6,24258,272,52,1.0,1.0,1.0,1.0,0.0,0.0,85.0,1.0000000000000009
2021-07-31,Tarrant,TX,Passenger,1.0,0.0,1.0,148.0,149.0,0.67,2021,7,24259,272,53,1.0,1.0,1.0,1.0,0.0,0.0,86.0,1.0000000000000067
2021-08-31,Tarrant,TX,Passenger,1.0,0.0,1.0,146.0,147.0,0.68,2021,8,24260,272,54,1.0,1.0,1.0,1.0,0.0,0.0,87.0,1.0000000000000049
2021-09-30,Tarrant,TX,Passenger,1.0,0.0,1.0,147.0,148.0,0.68,2021,9,24261,272,55,1.0,1.0,1.0,1.0,0.0,0.0,88.0,1.0000000000000087
2021-10-31,Tarrant,TX,Passenger,2.0,0.0,2.0,150.0,152.0,1.32,2021,10,24262,272,56,1.0,1.0,1.0,1.0,1.0,1.0,90.0,1.1428571428571528
2021-11-30,Tarrant,TX,Passenger,2.0,0.0,2.0,144.0,146.0,1.37,2021,11,24263,272,57,2.0,1.0,1.0,1.3333333333333333,0.0,1.0,92.0,1.3714285714285748
2021-12-31,Tarrant,TX,Passenger,2.0,0.0,2.0,144.0,146.0,1.37,2021,12,24264,272,58,2.0,2.0,1.0,1.6666666666666667,0.0,1.0,94.0,1.6285714285714339
2022-01-31,Tarrant,TX,Passenger,2.0,0.0,2.0,143.0,145.0,1.38,2022,1,24265,272,59,2.0,2.0,2.0,2.0,0.0,0.0,96.0,1.8571428571428579
2022-02-28,Tarrant,TX,Passenger,2.0,0.0,2.0,144.0,146.0,1.37,2022,2,24266,272,60,2.0,2.0,2.0,2.0,0.0,0.0,98.0,2.000000000000004
2022-03-31,Tarrant,TX,Passenger,2.0,0.0,2.0,141.0,143.0,1.4,2022,3,24267,272,61,2.0,2.0,2.0,2.0,0.0,0.0,100.0,2.000000000000004
2022-04-30,Tarrant,TX,Passenger,2.0,0.0,2.0,136.0,138.0,1.45,2022,4,24268,272,62,2.0,2.0,2.0,2.0,0.0,0.0,102.0,2.000000000000004
2022-05-31,Tarrant,TX,Passenger,2.0,0.0,2.0,128.0,130.0,1.54,2022,5,24269,272,63,2.0,2.0,2.0,2.0,0.0,0.0,104.0,2.0000000000000018
2022-06-30,Tarrant,TX,Passenger,2.0,0.0,2.0,125.0,127.0,1.57,2022,6,24270,272,64,2.0,2.0,2.0,2.0,0.0,0.0,106.0,2.0000000000000058
2022-07-31,Tarrant,TX,Passenger,2.0,0.0,2.0,118.0,120.0,1.67,2022,7,24271,272,65,2.0,2.0,2.0,2.0,0.0,0.0,108.0,2.0000000000000098
2022-08-31,Tarrant,TX,Passenger,2.0,0.0,2.0,118.0,120.0,1.67,2022,8,24272,272,66,2.0,2.0,2.0,2.0,0.0,0.0,110.0,2.0000000000000075
2022-09-30,Tarrant,TX,Passenger,2.0,0.0,2.0,111.0,113.0,1.77,2022,9,24273,272,67,2.0,2.0,2.0,2.0,0.0,0.0,112.0,2.0
2022-10-31,Tarrant,TX,Passenger,1.0,0.0,1.0,107.0,108.0,0.93,2022,10,24274,272,68,2.0,2.0,2.0,2.0,-0.5,-0.5,113.0,1.8571428571428616
2023-09-30,Texas,MO,Passenger,1.0,0.0,1.0,1.0,2.0,6.9025,2023,9,24285,273,5,1.0,1.0,1.0,1.0,0.0,0.0,6.0,0.9999999999999998
2023-10-31,Texas,MO,Passenger,1.0,0.0,1.0,1.0,2.0,6.9025,2023,10,24286,273,6,1.0,1.0,1.0,1.0,0.0,0.0,7.0,0.9999999999999998
2023-11-30,Texas,MO,Passenger,1.0,0.0,1.0,1.0,2.0,6.9025,2023,11,24287,273,7,1.0,1.0,1.0,1.0,0.0,0.0,8.0,0.9999999999999999
2023-12-31,Texas,MO,Passenger,1.0,0.0,1.0,1.0,2.0,6.9025,2023,12,24288,273,8,1.0,1.0,1.0,1.0,0.0,0.0,9.0,1.0000000000000002
2024-01-31,Texas,MO,Passenger,1.0,0.0,1.0,1.0,2.0,6.9025,2024,1,24289,273,9,1.0,1.0,1.0,1.0,0.0,0.0,10.0,1.0000000000000002
2024-02-29,Texas,MO,Passenger,1.0,0.0,1.0,1.0,2.0,6.9025,2024,2,24290,273,10,1.0,1.0,1.0,1.0,0.0,0.0,11.0,1.0
2023-05-31,Tooele,UT,Passenger,1.0,0.0,1.0,8.0,9.0,6.9025,2023,5,24281,275,5,1.0,1.0,1.0,1.0,0.0,0.0,6.0,0.9999999999999998
2023-06-30,Tooele,UT,Passenger,1.0,0.0,1.0,8.0,9.0,6.9025,2023,6,24282,275,6,1.0,1.0,1.0,1.0,0.0,0.0,7.0,0.9999999999999998
2023-07-31,Tooele,UT,Passenger,1.0,0.0,1.0,8.0,9.0,6.9025,2023,7,24283,275,7,1.0,1.0,1.0,1.0,0.0,0.0,8.0,0.9999999999999999
2023-08-31,Tooele,UT,Passenger,1.0,0.0,1.0,8.0,9.0,6.9025,2023,8,24284,275,8,1.0,1.0,1.0,1.0,0.0,0.0,9.0,1.0000000000000002
2023-09-30,Tooele,UT,Passenger,1.0,0.0,1.0,8.0,9.0,6.9025,2023,9,24285,275,9,1.0,1.0,1.0,1.0,0.0,0.0,10.0,1.0000000000000002
2023-10-31,Tooele,UT,Passenger,1.0,0.0,1.0,8.0,9.0,6.9025,2023,10,24286,275,10,1.0,1.0,1.0,1.0,0.0,0.0,11.0,1.0
2023-11-30,Tooele,UT,Passenger,1.0,0.0,1.0,8.0,9.0,6.9025,2023,11,24287,275,11,1.0,1.0,1.0,1.0,0.0,0.0,12.0,1.0000000000000002
2023-12-31,Tooele,UT,Passenger,1.0,0.0,1.0,8.0,9.0,6.9025,2023,12,24288,275,12,1.0,1.0,1.0,1.0,0.0,0.0,13.0,1.0000000000000002
2024-01-31,Tooele,UT,Passenger,1.0,0.0,1.0,7.0,8.0,6.9025,2024,1,24289,275,13,1.0,1.0,1.0,1.0,0.0,0.0,14.0,1.0000000000000009
2024-02-29,Tooele,UT,Passenger,1.0,0.0,1.0,7.0,8.0,6.9025,2024,2,24290,275,14,1.0,1.0,1.0,1.0,0.0,0.0,15.0,1.0000000000000007
2017-06-30,Travis,TX,Passenger,1.0,1.0,2.0,195.0,197.0,1.02,2017,6,24210,276,5,2.0,2.0,2.0,2.0,0.0,0.0,12.0,1.9999999999999996
2017-07-31,Travis,TX,Passenger,1.0,1.0,2.0,194.0,196.0,1.02,2017,7,24211,276,6,2.0,2.0,2.0,2.0,0.0,0.0,14.0,1.9999999999999996
2017-08-31,Travis,TX,Passenger,1.0,1.0,2.0,198.0,200.0,1.0,2017,8,24212,276,7,2.0,2.0,2.0,2.0,0.0,0.0,16.0,1.9999999999999998
2017-09-30,Travis,TX,Passenger,1.0,1.0,2.0,194.0,196.0,1.02,2017,9,24213,276,8,2.0,2.0,2.0,2.0,0.0,0.0,18.0,2.0000000000000004
2017-10-31,Travis,TX,Passenger,1.0,1.0,2.0,197.0,199.0,1.01,2017,10,24214,276,9,2.0,2.0,2.0,2.0,0.0,0.0,20.0,2.0000000000000004
2017-11-30,Travis,TX,Passenger,1.0,1.0,2.0,190.0,192.0,1.04,2017,11,24215,276,10,2.0,2.0,2.0,2.0,0.0,0.0,22.0,2.0
2017-12-31,Travis,TX,Passenger,1.0,1.0,2.0,194.0,196.0,1.02,2017,12,24216,276,11,2.0,2.0,2.0,2.0,0.0,0.0,24.0,2.0000000000000004
2018-01-31,Travis,TX,Passenger,1.0,1.0,2.0,193.0,195.0,1.03,2018,1,24217,276,12,2.0,2.0,2.0,2.0,0.0,0.0,26.0,2.0000000000000004
2018-02-28,Travis,TX,Passenger,1.0,1.0,2.0,194.0,196.0,1.02,2018,2,24218,276,13,2.0,2.0,2.0,2.0,0.0,0.0,28.0,2.0000000000000018
2018-03-31,Travis,TX,Passenger,1.0,1.0,2.0,196.0,198.0,1.01,2018,3,24219,276,14,2.0,2.0,2.0,2.0,0.0,0.0,30.0,2.0000000000000013
2018-04-30,Travis,TX,Passenger,1.0,1.0,2.0,198.0,200.0,1.0,2018,4,24220,276,15,2.0,2.0,2.0,2.0,0.0,0.0,32.0,2.0000000000000018
2018-05-31,Travis,TX,Passenger,1.0,1.0,2.0,200.0,202.0,0.99,2018,5,24221,276,16,2.0,2.0,2.0,2.0,0.0,0.0,34.0,2.0
2018-06-30,Travis,TX,Passenger,1.0,1.0,2.0,197.0,199.0,1.01,2018,6,24222,276,17,2.0,2.0,2.0,2.0,0.0,0.0,36.0,2.0000000000000004
2018-07-31,Travis,TX,Passenger,1.0,1.0,2.0,201.0,203.0,0.99,2018,7,24223,276,18,2.0,2.0,2.0,2.0,0.0,0.0,38.0,2.000000000000004
2018-08-31,Travis,TX,Passenger,1.0,1.0,2.0,205.0,207.0,0.97,2018,8,24224,276,19,2.0,2.0,2.0,2.0,0.0,0.0,40.0,1.9999999999999996
2018-09-30,Travis,TX,Passenger,1.0,0.0,1.0,206.0,207.0,0.48,2018,9,24225,276,20,2.0,2.0,2.0,2.0,-0.5,-0.5,41.0,1.8571428571428588
2018-10-31,Travis,TX,Passenger,1.0,0.0,1.0,205.0,206.0,0.49,2018,10,24226,276,21,1.0,2.0,2.0,1.6666666666666667,0.0,-0.5,42.0,1.628571428571429
2018-11-30,Travis,TX,Passenger,1.0,1.0,2.0,211.0,213.0,0.94,2018,11,24227,276,22,1.0,1.0,2.0,1.3333333333333333,1.0,0.0,44.0,1.514285714285718
2018-12-31,Travis,TX,Passenger,2.0,1.0,3.0,210.0,213.0,1.41,2018,12,24228,276,23,2.0,1.0,1.0,1.3333333333333333,0.5,2.0,47.0,1.6571428571428621
2019-01-31,Travis,TX,Passenger,3.0,1.0,4.0,213.0,217.0,1.84,2019,1,24229,276,24,3.0,2.0,1.0,2.0,0.33333333333333326,3.0,51.0,2.142857142857144
2019-02-28,Travis,TX,Passenger,4.0,1.0,5.0,213.0,218.0,2.29,2019,2,24230,276,25,4.0,3.0,2.0,3.0,0.25,1.5,56.0,3.0000000000000027
2019-03-31,Travis,TX,Passenger,4.0,1.0,5.0,215.0,220.0,2.27,2019,3,24231,276,26,5.0,4.0,3.0,4.0,0.0,0.6666666666666667,61.0,3.8571428571428608
2019-04-30,Travis,TX,Passenger,4.0,1.0,5.0,209.0,214.0,2.34,2019,4,24232,276,27,5.0,5.0,4.0,4.666666666666667,0.0,0.25,66.0,4.485714285714284
2019-05-31,Travis,TX,Passenger,4.0,1.0,5.0,215.0,220.0,2.27,2019,5,24233,276,28,5.0,5.0,5.0,5.0,0.0,0.0,71.0,4.85714285714286
2019-06-30,Travis,TX,Passenger,4.0,1.0,5.0,211.0,216.0,2.31,2019,6,24234,276,29,5.0,5.0,5.0,5.0,0.0,0.0,76.0,5.0
2019-07-31,Travis,TX,Passenger,4.0,1.0,5.0,213.0,218.0,2.29,2019,7,24235,276,30,5.0,5.0,5.0,5.0,0.0,0.0,81.0,5.000000000000001
2019-08-31,Travis,TX,Passenger,4.0,1.0,5.0,214.0,219.0,2.28,2019,8,24236,276,31,5.0,5.0,5.0,5.0,0.0,0.0,86.0,4.999999999999999
2019-09-30,Travis,TX,Passenger,4.0,1.0,5.0,216.0,221.0,2.26,2019,9,24237,276,32,5.0,5.0,5.0,5.0,0.0,0.0,91.0,5.0
2019-10-31,Travis,TX,Passenger,4.0,1.0,5.0,215.0,220.0,2.27,2019,10,24238,276,33,5.0,5.0,5.0,5.0,0.0,0.0,96.0,5.000000000000004
2019-11-30,Travis,TX,Passenger,4.0,1.0,5.0,212.0,217.0,2.3,2019,11,24239,276,34,5.0,5.0,5.0,5.0,0.0,0.0,101.0,5.000000000000004
2019-12-31,Travis,TX,Passenger,4.0,1.0,5.0,210.0,215.0,2.33,2019,12,24240,276,35,5.0,5.0,5.0,5.0,0.0,0.0,106.0,5.000000000000004
2020-01-31,Travis,TX,Passenger,3.0,1.0,4.0,202.0,206.0,1.94,2020,1,24241,276,36,5.0,5.0,5.0,5.0,-0.19999999999999996,-0.19999999999999996,110.0,4.857142857142865
2020-02-29,Travis,TX,Passenger,3.0,1.0,4.0,198.0,202.0,1.98,2020,2,24242,276,37,4.0,5.0,5.0,4.666666666666667,0.0,-0.19999999999999996,114.0,4.628571428571429
2020-03-31,Travis,TX,Passenger,3.0,1.0,4.0,196.0,200.0,2.0,2020,3,24243,276,38,4.0,4.0,5.0,4.333333333333333,0.0,-0.19999999999999996,118.0,4.371428571428575
2020-04-30,Travis,TX,Passenger,3.0,1.0,4.0,193.0,197.0,2.03,2020,4,24244,276,39,4.0,4.0,4.0,4.0,0.0,0.0,122.0,4.142857142857142
2020-05-31,Travis,TX,Passenger,3.0,1.0,4.0,191.0,195.0,2.05,2020,5,24245,276,40,4.0,4.0,4.0,4.0,0.0,0.0,126.0,4.0000000000000036
2020-06-30,Travis,TX,Passenger,3.0,1.0,4.0,188.0,192.0,2.08,2020,6,24246,276,41,4.0,4.0,4.0,4.0,0.0,0.0,130.0,4.0
2020-07-31,Travis,TX,Passenger,3.0,1.0,4.0,182.0,186.0,2.15,2020,7,24247,276,42,4.0,4.0,4.0,4.0,0.0,0.0,134.0,4.000000000000008
2020-08-31,Travis,TX,Passenger,3.0,1.0,4.0,184.0,188.0,2.13,2020,8,24248,276,43,4.0,4.0,4.0,4.0,0.0,0.0,138.0,4.0
2020-09-30,Travis,TX,Passenger,3.0,1.0,4.0,182.0,186.0,2.15,2020,9,24249,276,44,4.0,4.0,4.0,4.0,0.0,0.0,142.0,4.0
2020-10-31,Travis,TX,Passenger,3.0,1.0,4.0,181.0,185.0,2.16,2020,10,24250,276,45,4.0,4.0,4.0,4.0,0.0,0.0,146.0,4.0000000000000036
2020-11-30,Travis,TX,Passenger,3.0,0.0,3.0,183.0,186.0,1.61,2020,11,24251,276,46,4.0,4.0,4.0,4.0,-0.25,-0.25,149.0,3.8571428571428634
2020-12-31,Travis,TX,Passenger,3.0,1.0,4.0,182.0,186.0,2.15,2020,12,24252,276,47,3.0,4.0,4.0,3.6666666666666665,0.33333333333333326,0.0,153.0,3.771428571428574
2021-01-31,Travis,TX,Passenger,3.0,3.0,6.0,177.0,183.0,3.28,2021,1,24253,276,48,4.0,3.0,4.0,3.6666666666666665,0.5,0.5,159.0,4.028571428571439
2021-02-28,Travis,TX,Passenger,3.0,3.0,6.0,175.0,181.0,3.31,2021,2,24254,276,49,6.0,4.0,3.0,4.333333333333333,0.0,1.0,165.0,4.514285714285722
2021-03-31,Travis,TX,Passenger,3.0,3.0,6.0,178.0,184.0,3.26,2021,3,24255,276,50,6.0,6.0,4.0,5.333333333333333,0.0,0.5,171.0,5.114285714285725
2021-04-30,Travis,TX,Passenger,3.0,3.0,6.0,175.0,181.0,3.31,2021,4,24256,276,51,6.0,6.0,6.0,6.0,0.0,0.0,177.0,5.714285714285718
2021-05-31,Travis,TX,Passenger,3.0,3.0,6.0,174.0,180.0,3.33,2021,5,24257,276,52,6.0,6.0,6.0,6.0,0.0,0.0,183.0,6.00000000000001
2021-06-30,Travis,TX,Passenger,3.0,3.0,6.0,171.0,177.0,3.39,2021,6,24258,276,53,6.0,6.0,6.0,6.0,0.0,0.0,189.0,6.000000000000005
2021-07-31,Travis,TX,Passenger,4.0,3.0,7.0,167.0,174.0,4.02,2021,7,24259,276,54,6.0,6.0,6.0,6.0,0.16666666666666674,0.16666666666666674,196.0,6.142857142857161
2021-08-31,Travis,TX,Passenger,4.0,3.0,7.0,156.0,163.0,4.29,2021,8,24260,276,55,7.0,6.0,6.0,6.333333333333333,0.0,0.16666666666666674,203.0,6.371428571428583
2021-09-30,Travis,TX,Passenger,4.0,3.0,7.0,149.0,156.0,4.49,2021,9,24261,276,56,7.0,7.0,6.0,6.666666666666667,0.0,0.16666666666666674,210.0,6.628571428571444
2021-10-31,Travis,TX,Passenger,4.0,3.0,7.0,147.0,154.0,4.55,2021,10,24262,276,57,7.0,7.0,7.0,7.0,0.0,0.0,217.0,6.8571428571428745
2021-11-30,Travis,TX,Passenger,4.0,3.0,7.0,145.0,152.0,4.61,2021,11,24263,276,58,7.0,7.0,7.0,7.0,0.0,0.0,224.0,7.000000000000014
2021-12-31,Travis,TX,Passenger,3.0,0.0,3.0,146.0,149.0,2.01,2021,12,24264,276,59,7.0,7.0,7.0,7.0,-0.5714285714285714,-0.5714285714285714,227.0,6.428571428571442
2022-01-31,Travis,TX,Passenger,2.0,0.0,2.0,139.0,141.0,1.42,2022,1,24265,276,60,3.0,7.0,7.0,5.666666666666667,-0.33333333333333337,-0.7142857142857143,229.0,5.371428571428594
2022-02-28,Travis,TX,Passenger,2.0,0.0,2.0,134.0,136.0,1.47,2022,2,24266,276,61,2.0,3.0,7.0,4.0,0.0,-0.7142857142857143,231.0,4.114285714285743
2022-03-31,Travis,TX,Passenger,2.0,0.0,2.0,129.0,131.0,1.53,2022,3,24267,276,62,2.0,2.0,3.0,2.3333333333333335,0.0,-0.33333333333333337,233.0,2.942857142857152
2022-04-30,Travis,TX,Passenger,2.0,0.0,2.0,125.0,127.0,1.57,2022,4,24268,276,63,2.0,2.0,2.0,2.0,0.0,0.0,235.0,2.1428571428571574
2022-05-31,Travis,TX,Passenger,2.0,0.0,2.0,122.0,124.0,1.61,2022,5,24269,276,64,2.0,2.0,2.0,2.0,0.0,0.0,237.0,2.0000000000000324
2022-06-30,Travis,TX,Passenger,2.0,0.0,2.0,119.0,121.0,1.65,2022,6,24270,276,65,2.0,2.0,2.0,2.0,0.0,0.0,239.0,2.0000000000000173
2022-07-31,Travis,TX,Passenger,2.0,0.0,2.0,112.0,114.0,1.75,2022,7,24271,276,66,2.0,2.0,2.0,2.0,0.0,0.0,241.0,2.0000000000000173
2022-08-31,Travis,TX,Passenger,2.0,0.0,2.0,108.0,110.0,1.82,2022,8,24272,276,67,2.0,2.0,2.0,2.0,0.0,0.0,243.0,2.000000000000025
2022-09-30,Travis,TX,Passenger,2.0,0.0,2.0,111.0,113.0,1.77,2022,9,24273,276,68,2.0,2.0,2.0,2.0,0.0,0.0,245.0,2.0000000000000018
2022-10-31,Travis,TX,Passenger,2.0,0.0,2.0,105.0,107.0,1.87,2022,10,24274,276,69,2.0,2.0,2.0,2.0,0.0,0.0,247.0,2.0000000000000324
2022-11-30,Travis,TX,Passenger,2.0,0.0,2.0,100.0,102.0,1.96,2022,11,24275,276,70,2.0,2.0,2.0,2.0,0.0,0.0,249.0,2.0000000000000324
2022-12-31,Travis,TX,Passenger,2.0,0.0,2.0,96.0,98.0,2.04,2022,12,24276,276,71,2.0,2.0,2.0,2.0,0.0,0.0,251.0,2.0000000000000098
2023-01-31,Travis,TX,Passenger,2.0,0.0,2.0,95.0,97.0,2.06,2023,1,24277,276,72,2.0,2.0,2.0,2.0,0.0,0.0,253.0,2.000000000000025
2023-02-28,Travis,TX,Passenger,2.0,0.0,2.0,96.0,98.0,2.04,2023,2,24278,276,73,2.0,2.0,2.0,2.0,0.0,0.0,255.0,2.000000000000025
2023-03-31,Travis,TX,Passenger,2.0,0.0,2.0,95.0,97.0,2.06,2023,3,24279,276,74,2.0,2.0,2.0,2.0,0.0,0.0,257.0,2.000000000000025
2023-04-30,Travis,TX,Passenger,2.0,0.0,2.0,94.0,96.0,2.08,2023,4,24280,276,75,2.0,2.0,2.0,2.0,0.0,0.0,259.0,2.0000000000000098
2023-05-31,Travis,TX,Passenger,2.0,0.0,2.0,93.0,95.0,2.11,2023,5,24281,276,76,2.0,2.0,2.0,2.0,0.0,0.0,261.0,2.0000000000000173
2023-06-30,Travis,TX,Passenger,1.0,0.0,1.0,90.0,91.0,1.1,2023,6,24282,276,77,2.0,2.0,2.0,2.0,-0.5,-0.5,262.0,1.857142857142877
2023-07-31,Travis,TX,Passenger,1.0,0.0,1.0,90.0,91.0,1.1,2023,7,24283,276,78,1.0,2.0,2.0,1.6666666666666667,0.0,-0.5,263.0,1.6285714285714434
2023-08-31,Travis,TX,Passenger,1.0,0.0,1.0,87.0,88.0,1.14,2023,8,24284,276,79,1.0,1.0,2.0,1.3333333333333333,0.0,-0.5,264.0,1.371428571428594
2023-09-30,Travis,TX,Passenger,1.0,0.0,1.0,83.0,84.0,1.19,2023,9,24285,276,80,1.0,1.0,1.0,1.0,0.0,0.0,265.0,1.142857142857145
2023-10-31,Travis,TX,Passenger,1.0,0.0,1.0,76.0,77.0,1.3,2023,10,24286,276,81,1.0,1.0,1.0,1.0,0.0,0.0,266.0,1.0000000000000124
2023-11-30,Travis,TX,Passenger,1.0,0.0,1.0,75.0,76.0,1.32,2023,11,24287,276,82,1.0,1.0,1.0,1.0,0.0,0.0,267.0,1.0000000000000049
2023-12-31,Travis,TX,Passenger,1.0,0.0,1.0,71.0,72.0,1.39,2023,12,24288,276,83,1.0,1.0,1.0,1.0,0.0,0.0,268.0,1.0000000000000278
2024-01-31,Travis,TX,Passenger,1.0,0.0,1.0,67.0,68.0,1.47,2024,1,24289,276,84,1.0,1.0,1.0,1.0,0.0,0.0,269.0,1.0000000000000202
2024-02-29,Travis,TX,Passenger,1.0,0.0,1.0,63.0,64.0,1.56,2024,2,24290,276,85,1.0,1.0,1.0,1.0,0.0,0.0,270.0,1.0000000000000278
2017-06-30,Tulare,CA,Passenger,1.0,0.0,1.0,199.0,200.0,0.5,2017,6,24210,277,5,1.0,1.0,1.0,1.0,0.0,0.0,6.0,0.9999999999999998
2017-07-31,Tulare,CA,Passenger,1.0,0.0,1.0,196.0,197.0,0.51,2017,7,24211,277,6,1.0,1.0,1.0,1.0,0.0,0.0,7.0,0.9999999999999998
2017-08-31,Tulare,CA,Passenger,1.0,0.0,1.0,198.0,199.0,0.5,2017,8,24212,277,7,1.0,1.0,1.0,1.0,0.0,0.0,8.0,0.9999999999999999
2017-09-30,Tulare,CA,Passenger,1.0,0.0,1.0,198.0,199.0,0.5,2017,9,24213,277,8,1.0,1.0,1.0,1.0,0.0,0.0,9.0,1.0000000000000002
2017-10-31,Tulare,CA,Passenger,1.0,0.0,1.0,194.0,195.0,0.51,2017,10,24214,277,9,1.0,1.0,1.0,1.0,0.0,0.0,10.0,1.0000000000000002
2017-11-30,Tulare,CA,Passenger,1.0,0.0,1.0,190.0,191.0,0.52,2017,11,24215,277,10,1.0,1.0,1.0,1.0,0.0,0.0,11.0,1.0
2018-09-30,Tulsa,OK,Passenger,1.0,1.0,2.0,50.0,52.0,3.85,2018,9,24225,278,5,2.0,2.0,1.0,1.6666666666666667,0.0,1.0,9.0,1.6285714285714281
2018-10-31,Tulsa,OK,Passenger,1.0,1.0,2.0,51.0,53.0,3.77,2018,10,24226,278,6,2.0,2.0,2.0,2.0,0.0,0.0,11.0,1.8571428571428565
2018-11-30,Tulsa,OK,Passenger,1.0,1.0,2.0,51.0,53.0,3.77,2018,11,24227,278,7,2.0,2.0,2.0,2.0,0.0,0.0,13.0,2.0
2018-12-31,Tulsa,OK,Passenger,1.0,1.0,2.0,51.0,53.0,3.77,2018,12,24228,278,8,2.0,2.0,2.0,2.0,0.0,0.0,15.0,1.9999999999999998
2019-01-31,Tulsa,OK,Passenger,1.0,1.0,2.0,52.0,54.0,3.7,2019,1,24229,278,9,2.0,2.0,2.0,2.0,0.0,0.0,17.0,2.0
2019-02-28,Tulsa,OK,Passenger,1.0,1.0,2.0,52.0,54.0,3.7,2019,2,24230,278,10,2.0,2.0,2.0,2.0,0.0,0.0,19.0,2.0000000000000004
2019-03-31,Tulsa,OK,Passenger,1.0,1.0,2.0,51.0,53.0,3.77,2019,3,24231,278,11,2.0,2.0,2.0,2.0,0.0,0.0,21.0,2.0000000000000004
2019-04-30,Tulsa,OK,Passenger,1.0,1.0,2.0,50.0,52.0,3.85,2019,4,24232,278,12,2.0,2.0,2.0,2.0,0.0,0.0,23.0,1.9999999999999998
2019-05-31,Tulsa,OK,Passenger,1.0,1.0,2.0,49.0,51.0,3.92,2019,5,24233,278,13,2.0,2.0,2.0,2.0,0.0,0.0,25.0,1.9999999999999996
2019-06-30,Tulsa,OK,Passenger,1.0,1.0,2.0,51.0,53.0,3.77,2019,6,24234,278,14,2.0,2.0,2.0,2.0,0.0,0.0,27.0,2.000000000000001
2019-07-31,Tulsa,OK,Passenger,1.0,1.0,2.0,50.0,52.0,3.85,2019,7,24235,278,15,2.0,2.0,2.0,2.0,0.0,0.0,29.0,2.000000000000001
2019-08-31,Tulsa,OK,Passenger,1.0,1.0,2.0,51.0,53.0,3.77,2019,8,24236,278,16,2.0,2.0,2.0,2.0,0.0,0.0,31.0,2.0000000000000004
2019-09-30,Tulsa,OK,Passenger,1.0,1.0,2.0,53.0,55.0,3.64,2019,9,24237,278,17,2.0,2.0,2.0,2.0,0.0,0.0,33.0,2.0000000000000013
2019-10-31,Tulsa,OK,Passenger,1.0,1.0,2.0,52.0,54.0,3.7,2019,10,24238,278,18,2.0,2.0,2.0,2.0,0.0,0.0,35.0,2.000000000000001
2019-11-30,Tulsa,OK,Passenger,1.0,1.0,2.0,52.0,54.0,3.7,2019,11,24239,278,19,2.0,2.0,2.0,2.0,0.0,0.0,37.0,2.0000000000000004
2019-12-31,Tulsa,OK,Passenger,1.0,1.0,2.0,52.0,54.0,3.7,2019,12,24240,278,20,2.0,2.0,2.0,2.0,0.0,0.0,39.0,1.9999999999999991
2020-01-31,Tulsa,OK,Passenger,1.0,1.0,2.0,52.0,54.0,3.7,2020,1,24241,278,21,2.0,2.0,2.0,2.0,0.0,0.0,41.0,2.0000000000000027
2020-02-29,Tulsa,OK,Passenger,1.0,1.0,2.0,52.0,54.0,3.7,2020,2,24242,278,22,2.0,2.0,2.0,2.0,0.0,0.0,43.0,2.0000000000000027
2020-03-31,Tulsa,OK,Passenger,1.0,1.0,2.0,50.0,52.0,3.85,2020,3,24243,278,23,2.0,2.0,2.0,2.0,0.0,0.0,45.0,2.000000000000001
2020-04-30,Tulsa,OK,Passenger,1.0,1.0,2.0,48.0,50.0,4.0,2020,4,24244,278,24,2.0,2.0,2.0,2.0,0.0,0.0,47.0,2.0000000000000027
2020-05-31,Tulsa,OK,Passenger,1.0,1.0,2.0,49.0,51.0,3.92,2020,5,24245,278,25,2.0,2.0,2.0,2.0,0.0,0.0,49.0,2.000000000000001
2020-06-30,Tulsa,OK,Passenger,1.0,1.0,2.0,48.0,50.0,4.0,2020,6,24246,278,26,2.0,2.0,2.0,2.0,0.0,0.0,51.0,2.0000000000000018
2020-07-31,Tulsa,OK,Passenger,1.0,1.0,2.0,47.0,49.0,4.08,2020,7,24247,278,27,2.0,2.0,2.0,2.0,0.0,0.0,53.0,2.0000000000000027
2020-08-31,Tulsa,OK,Passenger,1.0,1.0,2.0,47.0,49.0,4.08,2020,8,24248,278,28,2.0,2.0,2.0,2.0,0.0,0.0,55.0,2.000000000000001
2020-09-30,Tulsa,OK,Passenger,1.0,1.0,2.0,45.0,47.0,4.26,2020,9,24249,278,29,2.0,2.0,2.0,2.0,0.0,0.0,57.0,2.000000000000001
2020-10-31,Tulsa,OK,Passenger,1.0,1.0,2.0,45.0,47.0,4.26,2020,10,24250,278,30,2.0,2.0,2.0,2.0,0.0,0.0,59.0,2.0000000000000018
2020-11-30,Tulsa,OK,Passenger,1.0,1.0,2.0,44.0,46.0,4.35,2020,11,24251,278,31,2.0,2.0,2.0,2.0,0.0,0.0,61.0,2.0000000000000018
2020-12-31,Tulsa,OK,Passenger,1.0,1.0,2.0,43.0,45.0,4.44,2020,12,24252,278,32,2.0,2.0,2.0,2.0,0.0,0.0,63.0,2.0000000000000018
2021-01-31,Tulsa,OK,Passenger,1.0,1.0,2.0,42.0,44.0,4.55,2021,1,24253,278,33,2.0,2.0,2.0,2.0,0.0,0.0,65.0,2.0
2021-02-28,Tulsa,OK,Passenger,1.0,1.0,2.0,43.0,45.0,4.44,2021,2,24254,278,34,2.0,2.0,2.0,2.0,0.0,0.0,67.0,2.000000000000004
2021-03-31,Tulsa,OK,Passenger,1.0,0.0,1.0,44.0,45.0,2.22,2021,3,24255,278,35,2.0,2.0,2.0,2.0,-0.5,-0.5,68.0,1.8571428571428579
2021-04-30,Tulsa,OK,Passenger,1.0,0.0,1.0,44.0,45.0,2.22,2021,4,24256,278,36,1.0,2.0,2.0,1.6666666666666667,0.0,-0.5,69.0,1.628571428571432
2021-05-31,Tulsa,OK,Passenger,1.0,0.0,1.0,42.0,43.0,2.33,2021,5,24257,278,37,1.0,1.0,2.0,1.3333333333333333,0.0,-0.5,70.0,1.3714285714285748
2017-10-31,Twin Falls,ID,Passenger,0.0,1.0,1.0,25.0,26.0,3.85,2017,10,24214,279,5,1.0,1.0,1.0,1.0,0.0,0.0,6.0,0.9999999999999998
2017-11-30,Twin Falls,ID,Passenger,0.0,1.0,1.0,25.0,26.0,3.85,2017,11,24215,279,6,1.0,1.0,1.0,1.0,0.0,0.0,7.0,0.9999999999999998
2017-12-31,Twin Falls,ID,Passenger,0.0,1.0,1.0,25.0,26.0,3.85,2017,12,24216,279,7,1.0,1.0,1.0,1.0,0.0,0.0,8.0,0.9999999999999999
2018-01-31,Twin Falls,ID,Passenger,0.0,1.0,1.0,24.0,25.0,4.0,2018,1,24217,279,8,1.0,1.0,1.0,1.0,0.0,0.0,9.0,1.0000000000000002
2018-02-28,Twin Falls,ID,Passenger,0.0,1.0,1.0,24.0,25.0,4.0,2018,2,24218,279,9,1.0,1.0,1.0,1.0,0.0,0.0,10.0,1.0000000000000002
2018-03-31,Twin Falls,ID,Passenger,0.0,1.0,1.0,25.0,26.0,3.85,2018,3,24219,279,10,1.0,1.0,1.0,1.0,0.0,0.0,11.0,1.0
2018-04-30,Twin Falls,ID,Passenger,0.0,1.0,1.0,24.0,25.0,4.0,2018,4,24220,279,11,1.0,1.0,1.0,1.0,0.0,0.0,12.0,1.0000000000000002
2018-05-31,Twin Falls,ID,Passenger,0.0,1.0,1.0,24.0,25.0,4.0,2018,5,24221,279,12,1.0,1.0,1.0,1.0,0.0,0.0,13.0,1.0000000000000002
2018-06-30,Twin Falls,ID,Passenger,0.0,1.0,1.0,23.0,24.0,4.17,2018,6,24222,279,13,1.0,1.0,1.0,1.0,0.0,0.0,14.0,1.0000000000000009
2018-07-31,Twin Falls,ID,Passenger,0.0,1.0,1.0,24.0,25.0,4.0,2018,7,24223,279,14,1.0,1.0,1.0,1.0,0.0,0.0,15.0,1.0000000000000007
2018-08-31,Twin Falls,ID,Passenger,0.0,1.0,1.0,24.0,25.0,4.0,2018,8,24224,279,15,1.0,1.0,1.0,1.0,0.0,0.0,16.0,1.0000000000000009
2018-09-30,Twin Falls,ID,Passenger,0.0,1.0,1.0,22.0,23.0,4.35,2018,9,24225,279,16,1.0,1.0,1.0,1.0,0.0,0.0,17.0,1.0
2018-10-31,Twin Falls,ID,Passenger,0.0,1.0,1.0,23.0,24.0,4.17,2018,10,24226,279,17,1.0,1.0,1.0,1.0,0.0,0.0,18.0,1.0000000000000002
2018-11-30,Twin Falls,ID,Passenger,0.0,1.0,1.0,24.0,25.0,4.0,2018,11,24227,279,18,1.0,1.0,1.0,1.0,0.0,0.0,19.0,1.000000000000002
2018-12-31,Twin Falls,ID,Passenger,0.0,1.0,1.0,24.0,25.0,4.0,2018,12,24228,279,19,1.0,1.0,1.0,1.0,0.0,0.0,20.0,0.9999999999999998
2019-01-31,Twin Falls,ID,Passenger,0.0,1.0,1.0,21.0,22.0,4.55,2019,1,24229,279,20,1.0,1.0,1.0,1.0,0.0,0.0,21.0,1.000000000000001
2019-02-28,Twin Falls,ID,Passenger,0.0,1.0,1.0,21.0,22.0,4.55,2019,2,24230,279,21,1.0,1.0,1.0,1.0,0.0,0.0,22.0,1.0000000000000013
2019-03-31,Twin Falls,ID,Passenger,0.0,1.0,1.0,22.0,23.0,4.35,2019,3,24231,279,22,1.0,1.0,1.0,1.0,0.0,0.0,23.0,1.0000000000000013
2019-04-30,Twin Falls,ID,Passenger,0.0,1.0,1.0,23.0,24.0,4.17,2019,4,24232,279,23,1.0,1.0,1.0,1.0,0.0,0.0,24.0,1.0000000000000004
2019-05-31,Twin Falls,ID,Passenger,0.0,1.0,1.0,23.0,24.0,4.17,2019,5,24233,279,24,1.0,1.0,1.0,1.0,0.0,0.0,25.0,1.0000000000000013
2019-06-30,Twin Falls,ID,Passenger,0.0,1.0,1.0,24.0,25.0,4.0,2019,6,24234,279,25,1.0,1.0,1.0,1.0,0.0,0.0,26.0,1.0000000000000013
2019-07-31,Twin Falls,ID,Passenger,0.0,1.0,1.0,25.0,26.0,3.85,2019,7,24235,279,26,1.0,1.0,1.0,1.0,0.0,0.0,27.0,1.0000000000000013
2019-08-31,Twin Falls,ID,Passenger,0.0,1.0,1.0,27.0,28.0,3.57,2019,8,24236,279,27,1.0,1.0,1.0,1.0,0.0,0.0,28.0,1.0000000000000013
2019-09-30,Twin Falls,ID,Passenger,0.0,1.0,1.0,27.0,28.0,3.57,2019,9,24237,279,28,1.0,1.0,1.0,1.0,0.0,0.0,29.0,1.0000000000000024
2019-10-31,Twin Falls,ID,Passenger,0.0,1.0,1.0,27.0,28.0,3.57,2019,10,24238,279,29,1.0,1.0,1.0,1.0,0.0,0.0,30.0,1.000000000000002
2019-11-30,Twin Falls,ID,Passenger,0.0,1.0,1.0,30.0,31.0,3.23,2019,11,24239,279,30,1.0,1.0,1.0,1.0,0.0,0.0,31.0,1.0000000000000009
2019-12-31,Twin Falls,ID,Passenger,0.0,1.0,1.0,30.0,31.0,3.23,2019,12,24240,279,31,1.0,1.0,1.0,1.0,0.0,0.0,32.0,1.000000000000002
2020-01-31,Twin Falls,ID,Passenger,0.0,1.0,1.0,30.0,31.0,3.23,2020,1,24241,279,32,1.0,1.0,1.0,1.0,0.0,0.0,33.0,1.0000000000000038
2020-02-29,Twin Falls,ID,Passenger,0.0,1.0,1.0,31.0,32.0,3.12,2020,2,24242,279,33,1.0,1.0,1.0,1.0,0.0,0.0,34.0,1.0000000000000004
2020-03-31,Twin Falls,ID,Passenger,0.0,1.0,1.0,30.0,31.0,3.23,2020,3,24243,279,34,1.0,1.0,1.0,1.0,0.0,0.0,35.0,1.000000000000002
2020-04-30,Twin Falls,ID,Passenger,0.0,1.0,1.0,30.0,31.0,3.23,2020,4,24244,279,35,1.0,1.0,1.0,1.0,0.0,0.0,36.0,1.0000000000000029
2020-05-31,Twin Falls,ID,Passenger,0.0,1.0,1.0,28.0,29.0,3.45,2020,5,24245,279,36,1.0,1.0,1.0,1.0,0.0,0.0,37.0,1.0000000000000038
2020-06-30,Twin Falls,ID,Passenger,0.0,1.0,1.0,26.0,27.0,3.7,2020,6,24246,279,37,1.0,1.0,1.0,1.0,0.0,0.0,38.0,1.0
2020-07-31,Twin Falls,ID,Passenger,0.0,1.0,1.0,24.0,25.0,4.0,2020,7,24247,279,38,1.0,1.0,1.0,1.0,0.0,0.0,39.0,1.0000000000000009
2020-08-31,Twin Falls,ID,Passenger,0.0,1.0,1.0,24.0,25.0,4.0,2020,8,24248,279,39,1.0,1.0,1.0,1.0,0.0,0.0,40.0,1.0000000000000009
2020-09-30,Twin Falls,ID,Passenger,0.0,1.0,1.0,25.0,26.0,3.85,2020,9,24249,279,40,1.0,1.0,1.0,1.0,0.0,0.0,41.0,1.0000000000000038
2020-10-31,Twin Falls,ID,Passenger,0.0,1.0,1.0,25.0,26.0,3.85,2020,10,24250,279,41,1.0,1.0,1.0,1.0,0.0,0.0,42.0,1.0000000000000009
2020-11-30,Twin Falls,ID,Passenger,0.0,1.0,1.0,26.0,27.0,3.7,2020,11,24251,279,42,1.0,1.0,1.0,1.0,0.0,0.0,43.0,1.0000000000000029
2020-12-31,Twin Falls,ID,Passenger,0.0,1.0,1.0,26.0,27.0,3.7,2020,12,24252,279,43,1.0,1.0,1.0,1.0,0.0,0.0,44.0,1.0000000000000029
2021-01-31,Twin Falls,ID,Passenger,0.0,1.0,1.0,27.0,28.0,3.57,2021,1,24253,279,44,1.0,1.0,1.0,1.0,0.0,0.0,45.0,1.0000000000000009
2021-02-28,Twin Falls,ID,Passenger,0.0,1.0,1.0,24.0,25.0,4.0,2021,2,24254,279,45,1.0,1.0,1.0,1.0,0.0,0.0,46.0,1.0000000000000009
2021-03-31,Twin Falls,ID,Passenger,0.0,1.0,1.0,23.0,24.0,4.17,2021,3,24255,279,46,1.0,1.0,1.0,1.0,0.0,0.0,47.0,1.0000000000000029
2020-07-31,Ulster,NY,Passenger,1.0,0.0,1.0,12.0,13.0,6.9025,2020,7,24247,280,5,1.0,1.0,1.0,1.0,0.0,0.0,6.0,0.9999999999999998
2020-08-31,Ulster,NY,Passenger,1.0,0.0,1.0,13.0,14.0,6.9025,2020,8,24248,280,6,1.0,1.0,1.0,1.0,0.0,0.0,7.0,0.9999999999999998
2020-09-30,Ulster,NY,Passenger,1.0,0.0,1.0,13.0,14.0,6.9025,2020,9,24249,280,7,1.0,1.0,1.0,1.0,0.0,0.0,8.0,0.9999999999999999
2020-10-31,Ulster,NY,Passenger,1.0,0.0,1.0,13.0,14.0,6.9025,2020,10,24250,280,8,1.0,1.0,1.0,1.0,0.0,0.0,9.0,1.0000000000000002
2020-11-30,Ulster,NY,Passenger,1.0,0.0,1.0,13.0,14.0,6.9025,2020,11,24251,280,9,1.0,1.0,1.0,1.0,0.0,0.0,10.0,1.0000000000000002
2020-12-31,Ulster,NY,Passenger,1.0,0.0,1.0,13.0,14.0,6.9025,2020,12,24252,280,10,1.0,1.0,1.0,1.0,0.0,0.0,11.0,1.0
2021-01-31,Ulster,NY,Passenger,1.0,0.0,1.0,12.0,13.0,6.9025,2021,1,24253,280,11,1.0,1.0,1.0,1.0,0.0,0.0,12.0,1.0000000000000002
2021-02-28,Ulster,NY,Passenger,1.0,0.0,1.0,12.0,13.0,6.9025,2021,2,24254,280,12,1.0,1.0,1.0,1.0,0.0,0.0,13.0,1.0000000000000002
2021-03-31,Ulster,NY,Passenger,1.0,0.0,1.0,12.0,13.0,6.9025,2021,3,24255,280,13,1.0,1.0,1.0,1.0,0.0,0.0,14.0,1.0000000000000009
2021-04-30,Ulster,NY,Passenger,1.0,0.0,1.0,12.0,13.0,6.9025,2021,4,24256,280,14,1.0,1.0,1.0,1.0,0.0,0.0,15.0,1.0000000000000007
2021-05-31,Ulster,NY,Passenger,1.0,0.0,1.0,13.0,14.0,6.9025,2021,5,24257,280,15,1.0,1.0,1.0,1.0,0.0,0.0,16.0,1.0000000000000009
2021-06-30,Ulster,NY,Passenger,1.0,0.0,1.0,13.0,14.0,6.9025,2021,6,24258,280,16,1.0,1.0,1.0,1.0,0.0,0.0,17.0,1.0
2021-07-31,Ulster,NY,Passenger,1.0,0.0,1.0,13.0,14.0,6.9025,2021,7,24259,280,17,1.0,1.0,1.0,1.0,0.0,0.0,18.0,1.0000000000000002
2021-08-31,Ulster,NY,Passenger,1.0,0.0,1.0,13.0,14.0,6.9025,2021,8,24260,280,18,1.0,1.0,1.0,1.0,0.0,0.0,19.0,1.000000000000002
2021-09-30,Ulster,NY,Passenger,1.0,0.0,1.0,13.0,14.0,6.9025,2021,9,24261,280,19,1.0,1.0,1.0,1.0,0.0,0.0,20.0,0.9999999999999998
2021-10-31,Ulster,NY,Passenger,1.0,0.0,1.0,14.0,15.0,6.67,2021,10,24262,280,20,1.0,1.0,1.0,1.0,0.0,0.0,21.0,1.000000000000001
2021-11-30,Ulster,NY,Passenger,1.0,0.0,1.0,14.0,15.0,6.67,2021,11,24263,280,21,1.0,1.0,1.0,1.0,0.0,0.0,22.0,1.0000000000000013
2021-12-31,Ulster,NY,Passenger,1.0,0.0,1.0,14.0,15.0,6.67,2021,12,24264,280,22,1.0,1.0,1.0,1.0,0.0,0.0,23.0,1.0000000000000013
2022-01-31,Ulster,NY,Passenger,1.0,0.0,1.0,14.0,15.0,6.67,2022,1,24265,280,23,1.0,1.0,1.0,1.0,0.0,0.0,24.0,1.0000000000000004
2022-02-28,Ulster,NY,Passenger,1.0,0.0,1.0,14.0,15.0,6.67,2022,2,24266,280,24,1.0,1.0,1.0,1.0,0.0,0.0,25.0,1.0000000000000013
2022-03-31,Ulster,NY,Passenger,1.0,0.0,1.0,14.0,15.0,6.67,2022,3,24267,280,25,1.0,1.0,1.0,1.0,0.0,0.0,26.0,1.0000000000000013
2022-04-30,Ulster,NY,Passenger,1.0,0.0,1.0,13.0,14.0,6.9025,2022,4,24268,280,26,1.0,1.0,1.0,1.0,0.0,0.0,27.0,1.0000000000000013
2022-05-31,Ulster,NY,Passenger,1.0,0.0,1.0,14.0,15.0,6.67,2022,5,24269,280,27,1.0,1.0,1.0,1.0,0.0,0.0,28.0,1.0000000000000013
2022-06-30,Ulster,NY,Passenger,1.0,0.0,1.0,14.0,15.0,6.67,2022,6,24270,280,28,1.0,1.0,1.0,1.0,0.0,0.0,29.0,1.0000000000000024
2022-07-31,Ulster,NY,Passenger,1.0,0.0,1.0,12.0,13.0,6.9025,2022,7,24271,280,29,1.0,1.0,1.0,1.0,0.0,0.0,30.0,1.000000000000002
2022-08-31,Ulster,NY,Passenger,1.0,0.0,1.0,11.0,12.0,6.9025,2022,8,24272,280,30,1.0,1.0,1.0,1.0,0.0,0.0,31.0,1.0000000000000009
2022-09-30,Ulster,NY,Passenger,1.0,0.0,1.0,11.0,12.0,6.9025,2022,9,24273,280,31,1.0,1.0,1.0,1.0,0.0,0.0,32.0,1.000000000000002
2022-10-31,Ulster,NY,Passenger,1.0,0.0,1.0,9.0,10.0,6.9025,2022,10,24274,280,32,1.0,1.0,1.0,1.0,0.0,0.0,33.0,1.0000000000000038
2022-11-30,Ulster,NY,Passenger,1.0,0.0,1.0,9.0,10.0,6.9025,2022,11,24275,280,33,1.0,1.0,1.0,1.0,0.0,0.0,34.0,1.0000000000000004
2022-12-31,Ulster,NY,Passenger,1.0,0.0,1.0,8.0,9.0,6.9025,2022,12,24276,280,34,1.0,1.0,1.0,1.0,0.0,0.0,35.0,1.000000000000002
2023-01-31,Ulster,NY,Passenger,1.0,0.0,1.0,8.0,9.0,6.9025,2023,1,24277,280,35,1.0,1.0,1.0,1.0,0.0,0.0,36.0,1.0000000000000029
2023-02-28,Ulster,NY,Passenger,1.0,0.0,1.0,8.0,9.0,6.9025,2023,2,24278,280,36,1.0,1.0,1.0,1.0,0.0,0.0,37.0,1.0000000000000038
2023-03-31,Ulster,NY,Passenger,1.0,0.0,1.0,8.0,9.0,6.9025,2023,3,24279,280,37,1.0,1.0,1.0,1.0,0.0,0.0,38.0,1.0
2023-04-30,Ulster,NY,Passenger,1.0,0.0,1.0,8.0,9.0,6.9025,2023,4,24280,280,38,1.0,1.0,1.0,1.0,0.0,0.0,39.0,1.0000000000000009
2023-05-31,Ulster,NY,Passenger,1.0,0.0,1.0,8.0,9.0,6.9025,2023,5,24281,280,39,1.0,1.0,1.0,1.0,0.0,0.0,40.0,1.0000000000000009
2023-06-30,Ulster,NY,Passenger,1.0,0.0,1.0,8.0,9.0,6.9025,2023,6,24282,280,40,1.0,1.0,1.0,1.0,0.0,0.0,41.0,1.0000000000000038
2023-07-31,Ulster,NY,Passenger,1.0,0.0,1.0,8.0,9.0,6.9025,2023,7,24283,280,41,1.0,1.0,1.0,1.0,0.0,0.0,42.0,1.0000000000000009
2023-08-31,Ulster,NY,Passenger,1.0,0.0,1.0,7.0,8.0,6.9025,2023,8,24284,280,42,1.0,1.0,1.0,1.0,0.0,0.0,43.0,1.0000000000000029
2023-09-30,Ulster,NY,Passenger,1.0,0.0,1.0,6.0,7.0,6.9025,2023,9,24285,280,43,1.0,1.0,1.0,1.0,0.0,0.0,44.0,1.0000000000000029
2023-10-31,Ulster,NY,Passenger,1.0,0.0,1.0,6.0,7.0,6.9025,2023,10,24286,280,44,1.0,1.0,1.0,1.0,0.0,0.0,45.0,1.0000000000000009
2023-11-30,Ulster,NY,Passenger,1.0,0.0,1.0,6.0,7.0,6.9025,2023,11,24287,280,45,1.0,1.0,1.0,1.0,0.0,0.0,46.0,1.0000000000000009
2023-12-31,Ulster,NY,Passenger,1.0,0.0,1.0,6.0,7.0,6.9025,2023,12,24288,280,46,1.0,1.0,1.0,1.0,0.0,0.0,47.0,1.0000000000000029
2024-01-31,Ulster,NY,Passenger,1.0,0.0,1.0,5.0,6.0,6.9025,2024,1,24289,280,47,1.0,1.0,1.0,1.0,0.0,0.0,48.0,1.0000000000000009
2017-06-30,Unknown,Unknown,Passenger,3.0,0.0,3.0,454.0,457.0,0.66,2017,6,24210,282,5,2.0,2.0,2.0,2.0,0.5,0.5,13.0,2.1428571428571423
2017-07-31,Unknown,Unknown,Passenger,3.0,0.0,3.0,449.0,452.0,0.66,2017,7,24211,282,6,3.0,2.0,2.0,2.3333333333333335,0.0,0.5,16.0,2.3714285714285714
2017-08-31,Unknown,Unknown,Passenger,3.0,0.0,3.0,443.0,446.0,0.67,2017,8,24212,282,7,3.0,3.0,2.0,2.6666666666666665,0.0,0.5,19.0,2.628571428571428
2017-09-30,Unknown,Unknown,Passenger,3.0,0.0,3.0,439.0,442.0,0.68,2017,9,24213,282,8,3.0,3.0,3.0,3.0,0.0,0.0,22.0,2.857142857142856
2017-10-31,Unknown,Unknown,Passenger,3.0,0.0,3.0,442.0,445.0,0.67,2017,10,24214,282,9,3.0,3.0,3.0,3.0,0.0,0.0,25.0,3.0000000000000004
2017-11-30,Unknown,Unknown,Passenger,3.0,0.0,3.0,444.0,447.0,0.67,2017,11,24215,282,10,3.0,3.0,3.0,3.0,0.0,0.0,28.0,2.999999999999999
2017-12-31,Unknown,Unknown,Passenger,3.0,0.0,3.0,441.0,444.0,0.68,2017,12,24216,282,11,3.0,3.0,3.0,3.0,0.0,0.0,31.0,3.0
2018-01-31,Unknown,Unknown,Passenger,3.0,1.0,4.0,438.0,442.0,0.9,2018,1,24217,282,12,3.0,3.0,3.0,3.0,0.33333333333333326,0.33333333333333326,35.0,3.1428571428571423
2018-02-28,Unknown,Unknown,Passenger,3.0,1.0,4.0,436.0,440.0,0.91,2018,2,24218,282,13,4.0,3.0,3.0,3.3333333333333335,0.0,0.33333333333333326,39.0,3.3714285714285728
2018-03-31,Unknown,Unknown,Passenger,2.0,2.0,4.0,438.0,442.0,0.9,2018,3,24219,282,14,4.0,4.0,3.0,3.6666666666666665,0.0,0.33333333333333326,43.0,3.628571428571428
2018-04-30,Unknown,Unknown,Passenger,4.0,2.0,6.0,434.0,440.0,1.36,2018,4,24220,282,15,4.0,4.0,4.0,4.0,0.5,0.5,49.0,4.142857142857144
2018-05-31,Unknown,Unknown,Passenger,4.0,2.0,6.0,427.0,433.0,1.39,2018,5,24221,282,16,6.0,4.0,4.0,4.666666666666667,0.0,0.5,55.0,4.742857142857143
2018-06-30,Unknown,Unknown,Passenger,3.0,2.0,5.0,428.0,433.0,1.15,2018,6,24222,282,17,6.0,6.0,4.0,5.333333333333333,-0.16666666666666663,0.25,60.0,5.114285714285714
2018-07-31,Unknown,Unknown,Passenger,3.0,2.0,5.0,431.0,436.0,1.15,2018,7,24223,282,18,5.0,6.0,6.0,5.666666666666667,0.0,-0.16666666666666663,65.0,5.342857142857143
2018-08-31,Unknown,Unknown,Passenger,3.0,2.0,5.0,430.0,435.0,1.15,2018,8,24224,282,19,5.0,5.0,6.0,5.333333333333333,0.0,-0.16666666666666663,70.0,5.371428571428574
2018-09-30,Unknown,Unknown,Passenger,3.0,2.0,5.0,425.0,430.0,1.16,2018,9,24225,282,20,5.0,5.0,5.0,5.0,0.0,0.0,75.0,5.142857142857145
2018-10-31,Unknown,Unknown,Passenger,4.0,2.0,6.0,427.0,433.0,1.39,2018,10,24226,282,21,5.0,5.0,5.0,5.0,0.19999999999999996,0.19999999999999996,81.0,5.142857142857147
2018-11-30,Unknown,Unknown,Passenger,4.0,2.0,6.0,427.0,433.0,1.39,2018,11,24227,282,22,6.0,5.0,5.0,5.333333333333333,0.0,0.19999999999999996,87.0,5.371428571428574
2018-12-31,Unknown,Unknown,Passenger,4.0,2.0,6.0,422.0,428.0,1.4,2018,12,24228,282,23,6.0,6.0,5.0,5.666666666666667,0.0,0.19999999999999996,93.0,5.6285714285714255
2019-01-31,Unknown,Unknown,Passenger,4.0,2.0,6.0,424.0,430.0,1.4,2019,1,24229,282,24,6.0,6.0,6.0,6.0,0.0,0.0,99.0,5.857142857142862
2019-02-28,Unknown,Unknown,Passenger,3.0,2.0,5.0,420.0,425.0,1.18,2019,2,24230,282,25,6.0,6.0,6.0,6.0,-0.16666666666666663,-0.16666666666666663,104.0,5.857142857142859
2019-03-31,Unknown,Unknown,Passenger,5.0,2.0,7.0,414.0,421.0,1.66,2019,3,24231,282,26,5.0,6.0,6.0,5.666666666666667,0.3999999999999999,0.16666666666666674,111.0,5.914285714285716
2019-04-30,Unknown,Unknown,Passenger,4.0,2.0,6.0,414.0,420.0,1.43,2019,4,24232,282,27,7.0,5.0,6.0,6.0,-0.1428571428571429,0.0,117.0,5.971428571428571
2019-05-31,Unknown,Unknown,Passenger,4.0,2.0,6.0,410.0,416.0,1.44,2019,5,24233,282,28,6.0,7.0,5.0,6.0,0.0,0.19999999999999996,123.0,6.028571428571433
2019-06-30,Unknown,Unknown,Passenger,4.0,2.0,6.0,411.0,417.0,1.44,2019,6,24234,282,29,6.0,6.0,7.0,6.333333333333333,0.0,-0.1428571428571429,129.0,6.085714285714293
2019-07-31,Unknown,Unknown,Passenger,5.0,2.0,7.0,409.0,416.0,1.68,2019,7,24235,282,30,6.0,6.0,6.0,6.0,0.16666666666666674,0.16666666666666674,136.0,6.285714285714282
2019-08-31,Unknown,Unknown,Passenger,5.0,2.0,7.0,416.0,423.0,1.65,2019,8,24236,282,31,7.0,6.0,6.0,6.333333333333333,0.0,0.16666666666666674,143.0,6.371428571428575
2019-09-30,Unknown,Unknown,Passenger,6.0,2.0,8.0,415.0,423.0,1.89,2019,9,24237,282,32,7.0,7.0,6.0,6.666666666666667,0.1428571428571428,0.33333333333333326,151.0,6.771428571428577
2019-10-31,Unknown,Unknown,Passenger,6.0,2.0,8.0,416.0,424.0,1.89,2019,10,24238,282,33,8.0,7.0,7.0,7.333333333333333,0.0,0.1428571428571428,159.0,7.228571428571433
2019-11-30,Unknown,Unknown,Passenger,6.0,2.0,8.0,416.0,424.0,1.89,2019,11,24239,282,34,8.0,8.0,7.0,7.666666666666667,0.0,0.1428571428571428,167.0,7.628571428571433
2019-12-31,Unknown,Unknown,Passenger,6.0,2.0,8.0,413.0,421.0,1.9,2019,12,24240,282,35,8.0,8.0,8.0,8.0,0.0,0.0,175.0,7.857142857142859
2020-01-31,Unknown,Unknown,Passenger,6.0,2.0,8.0,414.0,422.0,1.9,2020,1,24241,282,36,8.0,8.0,8.0,8.0,0.0,0.0,183.0,8.00000000000001
2020-02-29,Unknown,Unknown,Passenger,6.0,2.0,8.0,410.0,418.0,1.91,2020,2,24242,282,37,8.0,8.0,8.0,8.0,0.0,0.0,191.0,8.000000000000007
2020-03-31,Unknown,Unknown,Passenger,7.0,1.0,8.0,404.0,412.0,1.94,2020,3,24243,282,38,8.0,8.0,8.0,8.0,0.0,0.0,199.0,8.000000000000016
2020-04-30,Unknown,Unknown,Passenger,6.0,1.0,7.0,389.0,396.0,1.77,2020,4,24244,282,39,8.0,8.0,8.0,8.0,-0.125,-0.125,206.0,7.857142857142875
2020-05-31,Unknown,Unknown,Passenger,6.0,1.0,7.0,389.0,396.0,1.77,2020,5,24245,282,40,7.0,8.0,8.0,7.666666666666667,0.0,-0.125,213.0,7.628571428571441
2020-06-30,Unknown,Unknown,Passenger,6.0,1.0,7.0,387.0,394.0,1.78,2020,6,24246,282,41,7.0,7.0,8.0,7.333333333333333,0.0,-0.125,220.0,7.371428571428588
2020-07-31,Unknown,Unknown,Passenger,6.0,1.0,7.0,378.0,385.0,1.82,2020,7,24247,282,42,7.0,7.0,7.0,7.0,0.0,0.0,227.0,7.142857142857166
2020-08-31,Unknown,Unknown,Passenger,6.0,1.0,7.0,372.0,379.0,1.85,2020,8,24248,282,43,7.0,7.0,7.0,7.0,0.0,0.0,234.0,7.000000000000011
2020-09-30,Unknown,Unknown,Passenger,6.0,1.0,7.0,367.0,374.0,1.87,2020,9,24249,282,44,7.0,7.0,7.0,7.0,0.0,0.0,241.0,7.000000000000022
2020-10-31,Unknown,Unknown,Passenger,5.0,1.0,6.0,370.0,376.0,1.6,2020,10,24250,282,45,7.0,7.0,7.0,7.0,-0.1428571428571429,-0.1428571428571429,247.0,6.8571428571428665
2020-11-30,Unknown,Unknown,Passenger,5.0,1.0,6.0,368.0,374.0,1.6,2020,11,24251,282,46,6.0,7.0,7.0,6.666666666666667,0.0,-0.1428571428571429,253.0,6.628571428571421
2020-12-31,Unknown,Unknown,Passenger,5.0,1.0,6.0,363.0,369.0,1.63,2020,12,24252,282,47,6.0,6.0,7.0,6.333333333333333,0.0,-0.1428571428571429,259.0,6.371428571428575
2021-01-31,Unknown,Unknown,Passenger,5.0,1.0,6.0,364.0,370.0,1.62,2021,1,24253,282,48,6.0,6.0,6.0,6.0,0.0,0.0,265.0,6.142857142857169
2021-02-28,Unknown,Unknown,Passenger,4.0,1.0,5.0,355.0,360.0,1.39,2021,2,24254,282,49,6.0,6.0,6.0,6.0,-0.16666666666666663,-0.16666666666666663,270.0,5.857142857142866
2021-03-31,Unknown,Unknown,Passenger,4.0,1.0,5.0,352.0,357.0,1.4,2021,3,24255,282,50,5.0,6.0,6.0,5.666666666666667,0.0,-0.16666666666666663,275.0,5.628571428571448
2021-04-30,Unknown,Unknown,Passenger,4.0,2.0,6.0,353.0,359.0,1.67,2021,4,24256,282,51,5.0,5.0,6.0,5.333333333333333,0.19999999999999996,0.0,281.0,5.514285714285707
2021-05-31,Unknown,Unknown,Passenger,4.0,2.0,6.0,346.0,352.0,1.7,2021,5,24257,282,52,6.0,5.0,5.0,5.333333333333333,0.0,0.19999999999999996,287.0,5.514285714285738
2021-06-30,Unknown,Unknown,Passenger,4.0,2.0,6.0,345.0,351.0,1.71,2021,6,24258,282,53,6.0,6.0,5.0,5.666666666666667,0.0,0.19999999999999996,293.0,5.62857142857147
2021-07-31,Unknown,Unknown,Passenger,4.0,2.0,6.0,349.0,355.0,1.69,2021,7,24259,282,54,6.0,6.0,6.0,6.0,0.0,0.0,299.0,5.857142857142881
2021-08-31,Unknown,Unknown,Passenger,4.0,2.0,6.0,342.0,348.0,1.72,2021,8,24260,282,55,6.0,6.0,6.0,6.0,0.0,0.0,305.0,6.000000000000005
2021-09-30,Unknown,Unknown,Passenger,4.0,2.0,6.0,333.0,339.0,1.77,2021,9,24261,282,56,6.0,6.0,6.0,6.0,0.0,0.0,311.0,6.000000000000005
2021-10-31,Unknown,Unknown,Passenger,5.0,2.0,7.0,329.0,336.0,2.08,2021,10,24262,282,57,6.0,6.0,6.0,6.0,0.16666666666666674,0.16666666666666674,318.0,6.142857142857169
2021-11-30,Unknown,Unknown,Passenger,5.0,2.0,7.0,321.0,328.0,2.13,2021,11,24263,282,58,7.0,6.0,6.0,6.333333333333333,0.0,0.16666666666666674,325.0,6.371428571428572
2021-12-31,Unknown,Unknown,Passenger,5.0,2.0,7.0,318.0,325.0,2.15,2021,12,24264,282,59,7.0,7.0,6.0,6.666666666666667,0.0,0.16666666666666674,332.0,6.628571428571452
2022-01-31,Unknown,Unknown,Passenger,5.0,2.0,7.0,317.0,324.0,2.16,2022,1,24265,282,60,7.0,7.0,7.0,7.0,0.0,0.0,339.0,6.857142857142885
2022-02-28,Unknown,Unknown,Passenger,5.0,2.0,7.0,318.0,325.0,2.15,2022,2,24266,282,61,7.0,7.0,7.0,7.0,0.0,0.0,346.0,7.000000000000011
2022-03-31,Unknown,Unknown,Passenger,5.0,2.0,7.0,317.0,324.0,2.16,2022,3,24267,282,62,7.0,7.0,7.0,7.0,0.0,0.0,353.0,7.000000000000018
2022-04-30,Unknown,Unknown,Passenger,5.0,1.0,6.0,315.0,321.0,1.87,2022,4,24268,282,63,7.0,7.0,7.0,7.0,-0.1428571428571429,-0.1428571428571429,359.0,6.857142857142878
2022-05-31,Unknown,Unknown,Passenger,5.0,1.0,6.0,310.0,316.0,1.9,2022,5,24269,282,64,6.0,7.0,7.0,6.666666666666667,0.0,-0.1428571428571429,365.0,6.628571428571467
2022-06-30,Unknown,Unknown,Passenger,5.0,1.0,6.0,309.0,315.0,1.9,2022,6,24270,282,65,6.0,6.0,7.0,6.333333333333333,0.0,-0.1428571428571429,371.0,6.371428571428572
2022-07-31,Unknown,Unknown,Passenger,5.0,1.0,6.0,302.0,308.0,1.95,2022,7,24271,282,66,6.0,6.0,6.0,6.0,0.0,0.0,377.0,6.142857142857161
2022-08-31,Unknown,Unknown,Passenger,5.0,1.0,6.0,302.0,308.0,1.95,2022,8,24272,282,67,6.0,6.0,6.0,6.0,0.0,0.0,383.0,6.000000000000021
2022-09-30,Unknown,Unknown,Passenger,4.0,1.0,5.0,299.0,304.0,1.64,2022,9,24273,282,68,6.0,6.0,6.0,6.0,-0.16666666666666663,-0.16666666666666663,388.0,5.857142857142873
2022-10-31,Unknown,Unknown,Passenger,4.0,1.0,5.0,291.0,296.0,1.69,2022,10,24274,282,69,5.0,6.0,6.0,5.666666666666667,0.0,-0.16666666666666663,393.0,5.62857142857144
2022-11-30,Unknown,Unknown,Passenger,4.0,1.0,5.0,289.0,294.0,1.7,2022,11,24275,282,70,5.0,5.0,6.0,5.333333333333333,0.0,-0.16666666666666663,398.0,5.371428571428621
2022-12-31,Unknown,Unknown,Passenger,4.0,0.0,4.0,291.0,295.0,1.36,2022,12,24276,282,71,5.0,5.0,5.0,5.0,-0.19999999999999996,-0.19999999999999996,402.0,5.000000000000047
2023-01-31,Unknown,Unknown,Passenger,4.0,0.0,4.0,284.0,288.0,1.39,2023,1,24277,282,72,4.0,5.0,5.0,4.666666666666667,0.0,-0.19999999999999996,406.0,4.628571428571465
2023-02-28,Unknown,Unknown,Passenger,4.0,0.0,4.0,279.0,283.0,1.41,2023,2,24278,282,73,4.0,4.0,5.0,4.333333333333333,0.0,-0.19999999999999996,410.0,4.371428571428593
2023-03-31,Unknown,Unknown,Passenger,4.0,0.0,4.0,273.0,277.0,1.44,2023,3,24279,282,74,4.0,4.0,4.0,4.0,0.0,0.0,414.0,4.142857142857159
2023-04-30,Unknown,Unknown,Passenger,5.0,0.0,5.0,267.0,272.0,1.84,2023,4,24280,282,75,4.0,4.0,4.0,4.0,0.25,0.25,419.0,4.142857142857144
2023-05-31,Unknown,Unknown,Passenger,5.0,0.0,5.0,266.0,271.0,1.85,2023,5,24281,282,76,5.0,4.0,4.0,4.333333333333333,0.0,0.25,424.0,4.371428571428585
2023-06-30,Unknown,Unknown,Passenger,5.0,0.0,5.0,258.0,263.0,1.9,2023,6,24282,282,77,5.0,5.0,4.0,4.666666666666667,0.0,0.25,429.0,4.628571428571457
2023-07-31,Unknown,Unknown,Passenger,5.0,0.0,5.0,255.0,260.0,1.92,2023,7,24283,282,78,5.0,5.0,5.0,5.0,0.0,0.0,434.0,4.857142857142868
2023-08-31,Unknown,Unknown,Passenger,5.0,0.0,5.0,251.0,256.0,1.95,2023,8,24284,282,79,5.0,5.0,5.0,5.0,0.0,0.0,439.0,4.999999999999993
2023-09-30,Unknown,Unknown,Passenger,4.0,0.0,4.0,242.0,246.0,1.63,2023,9,24285,282,80,5.0,5.0,5.0,5.0,-0.19999999999999996,-0.19999999999999996,443.0,4.857142857142891
2023-10-31,Unknown,Unknown,Passenger,5.0,0.0,5.0,236.0,241.0,2.07,2023,10,24286,282,81,4.0,5.0,5.0,4.666666666666667,0.25,0.0,448.0,4.771428571428598
2023-11-30,Unknown,Unknown,Passenger,5.0,0.0,5.0,231.0,236.0,2.12,2023,11,24287,282,82,5.0,4.0,5.0,4.666666666666667,0.0,0.0,453.0,4.742857142857182
2023-12-31,Unknown,Unknown,Passenger,5.0,0.0,5.0,224.0,229.0,2.18,2023,12,24288,282,83,5.0,5.0,4.0,4.666666666666667,0.0,0.25,458.0,4.77142857142859
2024-01-31,Unknown,Unknown,Passenger,5.0,0.0,5.0,218.0,223.0,2.24,2024,1,24289,282,84,5.0,5.0,5.0,5.0,0.0,0.0,463.0,4.857142857142891
2024-02-29,Unknown,Unknown,Passenger,5.0,0.0,5.0,213.0,218.0,2.29,2024,2,24290,282,85,5.0,5.0,5.0,5.0,0.0,0.0,468.0,4.999999999999993
2017-06-30,Utah,UT,Passenger,0.0,1.0,1.0,162.0,163.0,0.61,2017,6,24210,283,5,1.0,1.0,1.0,1.0,0.0,0.0,6.0,0.9999999999999998
2017-07-31,Utah,UT,Passenger,0.0,1.0,1.0,159.0,160.0,0.62,2017,7,24211,283,6,1.0,1.0,1.0,1.0,0.0,0.0,7.0,0.9999999999999998
2017-08-31,Utah,UT,Passenger,0.0,1.0,1.0,153.0,154.0,0.65,2017,8,24212,283,7,1.0,1.0,1.0,1.0,0.0,0.0,8.0,0.9999999999999999
2017-09-30,Utah,UT,Passenger,0.0,1.0,1.0,151.0,152.0,0.66,2017,9,24213,283,8,1.0,1.0,1.0,1.0,0.0,0.0,9.0,1.0000000000000002
2017-10-31,Utah,UT,Passenger,0.0,1.0,1.0,148.0,149.0,0.67,2017,10,24214,283,9,1.0,1.0,1.0,1.0,0.0,0.0,10.0,1.0000000000000002
2017-11-30,Utah,UT,Passenger,0.0,1.0,1.0,143.0,144.0,0.69,2017,11,24215,283,10,1.0,1.0,1.0,1.0,0.0,0.0,11.0,1.0
2017-12-31,Utah,UT,Passenger,0.0,1.0,1.0,141.0,142.0,0.7,2017,12,24216,283,11,1.0,1.0,1.0,1.0,0.0,0.0,12.0,1.0000000000000002
2018-01-31,Utah,UT,Passenger,0.0,1.0,1.0,142.0,143.0,0.7,2018,1,24217,283,12,1.0,1.0,1.0,1.0,0.0,0.0,13.0,1.0000000000000002
2018-02-28,Utah,UT,Passenger,0.0,1.0,1.0,140.0,141.0,0.71,2018,2,24218,283,13,1.0,1.0,1.0,1.0,0.0,0.0,14.0,1.0000000000000009
2018-03-31,Utah,UT,Passenger,0.0,1.0,1.0,143.0,144.0,0.69,2018,3,24219,283,14,1.0,1.0,1.0,1.0,0.0,0.0,15.0,1.0000000000000007
2018-04-30,Utah,UT,Passenger,0.0,1.0,1.0,143.0,144.0,0.69,2018,4,24220,283,15,1.0,1.0,1.0,1.0,0.0,0.0,16.0,1.0000000000000009
2018-05-31,Utah,UT,Passenger,0.0,1.0,1.0,140.0,141.0,0.71,2018,5,24221,283,16,1.0,1.0,1.0,1.0,0.0,0.0,17.0,1.0
2018-06-30,Utah,UT,Passenger,0.0,1.0,1.0,139.0,140.0,0.71,2018,6,24222,283,17,1.0,1.0,1.0,1.0,0.0,0.0,18.0,1.0000000000000002
2018-07-31,Utah,UT,Passenger,0.0,1.0,1.0,140.0,141.0,0.71,2018,7,24223,283,18,1.0,1.0,1.0,1.0,0.0,0.0,19.0,1.000000000000002
2018-08-31,Utah,UT,Passenger,0.0,1.0,1.0,144.0,145.0,0.69,2018,8,24224,283,19,1.0,1.0,1.0,1.0,0.0,0.0,20.0,0.9999999999999998
2018-09-30,Utah,UT,Passenger,0.0,1.0,1.0,145.0,146.0,0.68,2018,9,24225,283,20,1.0,1.0,1.0,1.0,0.0,0.0,21.0,1.000000000000001
2018-10-31,Utah,UT,Passenger,0.0,1.0,1.0,144.0,145.0,0.69,2018,10,24226,283,21,1.0,1.0,1.0,1.0,0.0,0.0,22.0,1.0000000000000013
2020-05-31,Utah,UT,Passenger,0.0,1.0,1.0,139.0,140.0,0.71,2020,5,24245,283,22,1.0,1.0,1.0,1.0,0.0,0.0,23.0,1.0000000000000013
2020-06-30,Utah,UT,Passenger,0.0,1.0,1.0,136.0,137.0,0.73,2020,6,24246,283,23,1.0,1.0,1.0,1.0,0.0,0.0,24.0,1.0000000000000004
2020-07-31,Utah,UT,Passenger,0.0,1.0,1.0,138.0,139.0,0.72,2020,7,24247,283,24,1.0,1.0,1.0,1.0,0.0,0.0,25.0,1.0000000000000013
2020-08-31,Utah,UT,Passenger,0.0,1.0,1.0,133.0,134.0,0.75,2020,8,24248,283,25,1.0,1.0,1.0,1.0,0.0,0.0,26.0,1.0000000000000013
2020-09-30,Utah,UT,Passenger,0.0,1.0,1.0,135.0,136.0,0.74,2020,9,24249,283,26,1.0,1.0,1.0,1.0,0.0,0.0,27.0,1.0000000000000013
2020-10-31,Utah,UT,Passenger,0.0,1.0,1.0,134.0,135.0,0.74,2020,10,24250,283,27,1.0,1.0,1.0,1.0,0.0,0.0,28.0,1.0000000000000013
2020-11-30,Utah,UT,Passenger,0.0,1.0,1.0,133.0,134.0,0.75,2020,11,24251,283,28,1.0,1.0,1.0,1.0,0.0,0.0,29.0,1.0000000000000024
2020-12-31,Utah,UT,Passenger,0.0,1.0,1.0,131.0,132.0,0.76,2020,12,24252,283,29,1.0,1.0,1.0,1.0,0.0,0.0,30.0,1.000000000000002
2021-01-31,Utah,UT,Passenger,0.0,1.0,1.0,131.0,132.0,0.76,2021,1,24253,283,30,1.0,1.0,1.0,1.0,0.0,0.0,31.0,1.0000000000000009
2021-02-28,Utah,UT,Passenger,0.0,1.0,1.0,130.0,131.0,0.76,2021,2,24254,283,31,1.0,1.0,1.0,1.0,0.0,0.0,32.0,1.000000000000002
2021-03-31,Utah,UT,Passenger,0.0,1.0,1.0,126.0,127.0,0.79,2021,3,24255,283,32,1.0,1.0,1.0,1.0,0.0,0.0,33.0,1.0000000000000038
2021-04-30,Utah,UT,Passenger,0.0,1.0,1.0,126.0,127.0,0.79,2021,4,24256,283,33,1.0,1.0,1.0,1.0,0.0,0.0,34.0,1.0000000000000004
2019-03-31,Valencia,NM,Passenger,1.0,0.0,1.0,11.0,12.0,6.9025,2019,3,24231,284,5,1.0,1.0,1.0,1.0,0.0,0.0,6.0,0.9999999999999998
2019-04-30,Valencia,NM,Passenger,1.0,0.0,1.0,10.0,11.0,6.9025,2019,4,24232,284,6,1.0,1.0,1.0,1.0,0.0,0.0,7.0,0.9999999999999998
2019-05-31,Valencia,NM,Passenger,1.0,0.0,1.0,9.0,10.0,6.9025,2019,5,24233,284,7,1.0,1.0,1.0,1.0,0.0,0.0,8.0,0.9999999999999999
2019-06-30,Valencia,NM,Passenger,1.0,0.0,1.0,9.0,10.0,6.9025,2019,6,24234,284,8,1.0,1.0,1.0,1.0,0.0,0.0,9.0,1.0000000000000002
2019-07-31,Valencia,NM,Passenger,1.0,0.0,1.0,8.0,9.0,6.9025,2019,7,24235,284,9,1.0,1.0,1.0,1.0,0.0,0.0,10.0,1.0000000000000002
2019-08-31,Valencia,NM,Passenger,1.0,0.0,1.0,8.0,9.0,6.9025,2019,8,24236,284,10,1.0,1.0,1.0,1.0,0.0,0.0,11.0,1.0
2019-09-30,Valencia,NM,Passenger,1.0,0.0,1.0,8.0,9.0,6.9025,2019,9,24237,284,11,1.0,1.0,1.0,1.0,0.0,0.0,12.0,1.0000000000000002
2019-10-31,Valencia,NM,Passenger,1.0,0.0,1.0,8.0,9.0,6.9025,2019,10,24238,284,12,1.0,1.0,1.0,1.0,0.0,0.0,13.0,1.0000000000000002
2019-11-30,Valencia,NM,Passenger,1.0,0.0,1.0,7.0,8.0,6.9025,2019,11,24239,284,13,1.0,1.0,1.0,1.0,0.0,0.0,14.0,1.0000000000000009
2019-12-31,Valencia,NM,Passenger,1.0,0.0,1.0,7.0,8.0,6.9025,2019,12,24240,284,14,1.0,1.0,1.0,1.0,0.0,0.0,15.0,1.0000000000000007
2020-01-31,Valencia,NM,Passenger,1.0,0.0,1.0,7.0,8.0,6.9025,2020,1,24241,284,15,1.0,1.0,1.0,1.0,0.0,0.0,16.0,1.0000000000000009
2020-02-29,Valencia,NM,Passenger,1.0,0.0,1.0,7.0,8.0,6.9025,2020,2,24242,284,16,1.0,1.0,1.0,1.0,0.0,0.0,17.0,1.0
2020-03-31,Valencia,NM,Passenger,1.0,0.0,1.0,7.0,8.0,6.9025,2020,3,24243,284,17,1.0,1.0,1.0,1.0,0.0,0.0,18.0,1.0000000000000002
2020-04-30,Valencia,NM,Passenger,1.0,0.0,1.0,7.0,8.0,6.9025,2020,4,24244,284,18,1.0,1.0,1.0,1.0,0.0,0.0,19.0,1.000000000000002
2020-05-31,Valencia,NM,Passenger,1.0,0.0,1.0,7.0,8.0,6.9025,2020,5,24245,284,19,1.0,1.0,1.0,1.0,0.0,0.0,20.0,0.9999999999999998
2020-06-30,Valencia,NM,Passenger,1.0,0.0,1.0,7.0,8.0,6.9025,2020,6,24246,284,20,1.0,1.0,1.0,1.0,0.0,0.0,21.0,1.000000000000001
2020-07-31,Valencia,NM,Passenger,1.0,0.0,1.0,8.0,9.0,6.9025,2020,7,24247,284,21,1.0,1.0,1.0,1.0,0.0,0.0,22.0,1.0000000000000013
2020-08-31,Valencia,NM,Passenger,1.0,0.0,1.0,8.0,9.0,6.9025,2020,8,24248,284,22,1.0,1.0,1.0,1.0,0.0,0.0,23.0,1.0000000000000013
2017-06-30,Ventura,CA,Passenger,0.0,1.0,1.0,363.0,364.0,0.27,2017,6,24210,285,5,1.0,1.0,2.0,1.3333333333333333,0.0,-0.5,9.0,1.3714285714285714
2017-10-31,Ventura,CA,Passenger,0.0,1.0,1.0,342.0,343.0,0.29,2017,10,24214,285,6,1.0,1.0,1.0,1.0,0.0,0.0,10.0,1.1428571428571428
2017-11-30,Ventura,CA,Passenger,0.0,1.0,1.0,334.0,335.0,0.3,2017,11,24215,285,7,1.0,1.0,1.0,1.0,0.0,0.0,11.0,1.0
2017-12-31,Ventura,CA,Passenger,0.0,1.0,1.0,335.0,336.0,0.3,2017,12,24216,285,8,1.0,1.0,1.0,1.0,0.0,0.0,12.0,1.0000000000000002
2018-01-31,Ventura,CA,Passenger,0.0,1.0,1.0,334.0,335.0,0.3,2018,1,24217,285,9,1.0,1.0,1.0,1.0,0.0,0.0,13.0,1.0000000000000002
2018-02-28,Ventura,CA,Passenger,0.0,1.0,1.0,339.0,340.0,0.29,2018,2,24218,285,10,1.0,1.0,1.0,1.0,0.0,0.0,14.0,1.0000000000000009
2018-03-31,Ventura,CA,Passenger,0.0,1.0,1.0,333.0,334.0,0.3,2018,3,24219,285,11,1.0,1.0,1.0,1.0,0.0,0.0,15.0,1.0000000000000007
2018-04-30,Ventura,CA,Passenger,0.0,1.0,1.0,325.0,326.0,0.31,2018,4,24220,285,12,1.0,1.0,1.0,1.0,0.0,0.0,16.0,1.0000000000000009
2018-05-31,Ventura,CA,Passenger,0.0,1.0,1.0,321.0,322.0,0.31,2018,5,24221,285,13,1.0,1.0,1.0,1.0,0.0,0.0,17.0,1.0
2018-06-30,Ventura,CA,Passenger,0.0,2.0,2.0,327.0,329.0,0.61,2018,6,24222,285,14,1.0,1.0,1.0,1.0,1.0,1.0,19.0,1.1428571428571443
2018-07-31,Ventura,CA,Passenger,0.0,2.0,2.0,318.0,320.0,0.62,2018,7,24223,285,15,2.0,1.0,1.0,1.3333333333333333,0.0,1.0,21.0,1.371428571428572
2018-08-31,Ventura,CA,Passenger,0.0,2.0,2.0,322.0,324.0,0.62,2018,8,24224,285,16,2.0,2.0,1.0,1.6666666666666667,0.0,1.0,23.0,1.62857142857143
2018-09-30,Ventura,CA,Passenger,0.0,2.0,2.0,318.0,320.0,0.62,2018,9,24225,285,17,2.0,2.0,2.0,2.0,0.0,0.0,25.0,1.857142857142859
2018-10-31,Ventura,CA,Passenger,0.0,2.0,2.0,320.0,322.0,0.62,2018,10,24226,285,18,2.0,2.0,2.0,2.0,0.0,0.0,27.0,2.000000000000001
2018-11-30,Ventura,CA,Passenger,0.0,2.0,2.0,326.0,328.0,0.61,2018,11,24227,285,19,2.0,2.0,2.0,2.0,0.0,0.0,29.0,2.000000000000001
2018-12-31,Ventura,CA,Passenger,0.0,2.0,2.0,327.0,329.0,0.61,2018,12,24228,285,20,2.0,2.0,2.0,2.0,0.0,0.0,31.0,2.0000000000000004
2019-01-31,Ventura,CA,Passenger,0.0,2.0,2.0,322.0,324.0,0.62,2019,1,24229,285,21,2.0,2.0,2.0,2.0,0.0,0.0,33.0,2.0000000000000013
2019-02-28,Ventura,CA,Passenger,0.0,2.0,2.0,319.0,321.0,0.62,2019,2,24230,285,22,2.0,2.0,2.0,2.0,0.0,0.0,35.0,2.000000000000001
2019-03-31,Ventura,CA,Passenger,0.0,2.0,2.0,318.0,320.0,0.62,2019,3,24231,285,23,2.0,2.0,2.0,2.0,0.0,0.0,37.0,2.0000000000000004
2019-04-30,Ventura,CA,Passenger,0.0,2.0,2.0,318.0,320.0,0.62,2019,4,24232,285,24,2.0,2.0,2.0,2.0,0.0,0.0,39.0,1.9999999999999991
2019-05-31,Ventura,CA,Passenger,0.0,2.0,2.0,320.0,322.0,0.62,2019,5,24233,285,25,2.0,2.0,2.0,2.0,0.0,0.0,41.0,2.0000000000000027
2019-06-30,Ventura,CA,Passenger,0.0,2.0,2.0,320.0,322.0,0.62,2019,6,24234,285,26,2.0,2.0,2.0,2.0,0.0,0.0,43.0,2.0000000000000027
2019-07-31,Ventura,CA,Passenger,0.0,2.0,2.0,317.0,319.0,0.63,2019,7,24235,285,27,2.0,2.0,2.0,2.0,0.0,0.0,45.0,2.000000000000001
2019-08-31,Ventura,CA,Passenger,0.0,2.0,2.0,316.0,318.0,0.63,2019,8,24236,285,28,2.0,2.0,2.0,2.0,0.0,0.0,47.0,2.0000000000000027
2019-09-30,Ventura,CA,Passenger,0.0,2.0,2.0,312.0,314.0,0.64,2019,9,24237,285,29,2.0,2.0,2.0,2.0,0.0,0.0,49.0,2.000000000000001
2019-10-31,Ventura,CA,Passenger,0.0,2.0,2.0,312.0,314.0,0.64,2019,10,24238,285,30,2.0,2.0,2.0,2.0,0.0,0.0,51.0,2.0000000000000018
2019-11-30,Ventura,CA,Passenger,0.0,2.0,2.0,310.0,312.0,0.64,2019,11,24239,285,31,2.0,2.0,2.0,2.0,0.0,0.0,53.0,2.0000000000000027
2019-12-31,Ventura,CA,Passenger,0.0,2.0,2.0,308.0,310.0,0.65,2019,12,24240,285,32,2.0,2.0,2.0,2.0,0.0,0.0,55.0,2.000000000000001
2020-01-31,Ventura,CA,Passenger,0.0,2.0,2.0,309.0,311.0,0.64,2020,1,24241,285,33,2.0,2.0,2.0,2.0,0.0,0.0,57.0,2.000000000000001
2020-02-29,Ventura,CA,Passenger,0.0,2.0,2.0,303.0,305.0,0.66,2020,2,24242,285,34,2.0,2.0,2.0,2.0,0.0,0.0,59.0,2.0000000000000018
2020-03-31,Ventura,CA,Passenger,0.0,2.0,2.0,301.0,303.0,0.66,2020,3,24243,285,35,2.0,2.0,2.0,2.0,0.0,0.0,61.0,2.0000000000000018
2020-04-30,Ventura,CA,Passenger,0.0,2.0,2.0,297.0,299.0,0.67,2020,4,24244,285,36,2.0,2.0,2.0,2.0,0.0,0.0,63.0,2.0000000000000018
2020-05-31,Ventura,CA,Passenger,1.0,1.0,2.0,292.0,294.0,0.68,2020,5,24245,285,37,2.0,2.0,2.0,2.0,0.0,0.0,65.0,2.0
2020-06-30,Ventura,CA,Passenger,1.0,1.0,2.0,286.0,288.0,0.69,2020,6,24246,285,38,2.0,2.0,2.0,2.0,0.0,0.0,67.0,2.000000000000004
2020-07-31,Ventura,CA,Passenger,1.0,1.0,2.0,286.0,288.0,0.69,2020,7,24247,285,39,2.0,2.0,2.0,2.0,0.0,0.0,69.0,2.0
2020-08-31,Ventura,CA,Passenger,1.0,1.0,2.0,284.0,286.0,0.7,2020,8,24248,285,40,2.0,2.0,2.0,2.0,0.0,0.0,71.0,2.0
2020-09-30,Ventura,CA,Passenger,1.0,1.0,2.0,280.0,282.0,0.71,2020,9,24249,285,41,2.0,2.0,2.0,2.0,0.0,0.0,73.0,2.0000000000000018
2020-10-31,Ventura,CA,Passenger,1.0,1.0,2.0,280.0,282.0,0.71,2020,10,24250,285,42,2.0,2.0,2.0,2.0,0.0,0.0,75.0,2.0000000000000058
2020-11-30,Ventura,CA,Passenger,1.0,1.0,2.0,278.0,280.0,0.71,2020,11,24251,285,43,2.0,2.0,2.0,2.0,0.0,0.0,77.0,2.0000000000000058
2020-12-31,Ventura,CA,Passenger,1.0,1.0,2.0,282.0,284.0,0.7,2020,12,24252,285,44,2.0,2.0,2.0,2.0,0.0,0.0,79.0,2.0
2021-01-31,Ventura,CA,Passenger,1.0,2.0,3.0,279.0,282.0,1.06,2021,1,24253,285,45,2.0,2.0,2.0,2.0,0.5,0.5,82.0,2.142857142857148
2021-02-28,Ventura,CA,Passenger,1.0,2.0,3.0,279.0,282.0,1.06,2021,2,24254,285,46,3.0,2.0,2.0,2.3333333333333335,0.0,0.5,85.0,2.3714285714285737
2021-03-31,Ventura,CA,Passenger,1.0,2.0,3.0,276.0,279.0,1.08,2021,3,24255,285,47,3.0,3.0,2.0,2.6666666666666665,0.0,0.5,88.0,2.628571428571429
2021-04-30,Ventura,CA,Passenger,1.0,2.0,3.0,276.0,279.0,1.08,2021,4,24256,285,48,3.0,3.0,3.0,3.0,0.0,0.0,91.0,2.8571428571428665
2021-05-31,Ventura,CA,Passenger,1.0,2.0,3.0,274.0,277.0,1.08,2021,5,24257,285,49,3.0,3.0,3.0,3.0,0.0,0.0,94.0,3.0000000000000067
2021-06-30,Ventura,CA,Passenger,1.0,3.0,4.0,267.0,271.0,1.48,2021,6,24258,285,50,3.0,3.0,3.0,3.0,0.33333333333333326,0.33333333333333326,98.0,3.142857142857145
2021-07-31,Ventura,CA,Passenger,1.0,3.0,4.0,262.0,266.0,1.5,2021,7,24259,285,51,4.0,3.0,3.0,3.3333333333333335,0.0,0.33333333333333326,102.0,3.3714285714285825
2021-08-31,Ventura,CA,Passenger,1.0,3.0,4.0,263.0,267.0,1.5,2021,8,24260,285,52,4.0,4.0,3.0,3.6666666666666665,0.0,0.33333333333333326,106.0,3.6285714285714357
2021-09-30,Ventura,CA,Passenger,1.0,3.0,4.0,265.0,269.0,1.49,2021,9,24261,285,53,4.0,4.0,4.0,4.0,0.0,0.0,110.0,3.8571428571428616
2021-10-31,Ventura,CA,Passenger,2.0,2.0,4.0,260.0,264.0,1.52,2021,10,24262,285,54,4.0,4.0,4.0,4.0,0.0,0.0,114.0,4.000000000000002
2021-11-30,Ventura,CA,Passenger,2.0,2.0,4.0,261.0,265.0,1.51,2021,11,24263,285,55,4.0,4.0,4.0,4.0,0.0,0.0,118.0,4.0000000000000036
2021-12-31,Ventura,CA,Passenger,2.0,2.0,4.0,258.0,262.0,1.53,2021,12,24264,285,56,4.0,4.0,4.0,4.0,0.0,0.0,122.0,4.0000000000000036
2022-01-31,Ventura,CA,Passenger,2.0,2.0,4.0,253.0,257.0,1.56,2022,1,24265,285,57,4.0,4.0,4.0,4.0,0.0,0.0,126.0,4.0000000000000036
2022-02-28,Ventura,CA,Passenger,2.0,2.0,4.0,251.0,255.0,1.57,2022,2,24266,285,58,4.0,4.0,4.0,4.0,0.0,0.0,130.0,4.0
2022-03-31,Ventura,CA,Passenger,2.0,2.0,4.0,250.0,254.0,1.57,2022,3,24267,285,59,4.0,4.0,4.0,4.0,0.0,0.0,134.0,4.000000000000008
2022-04-30,Ventura,CA,Passenger,2.0,2.0,4.0,246.0,250.0,1.6,2022,4,24268,285,60,4.0,4.0,4.0,4.0,0.0,0.0,138.0,4.0
2022-05-31,Ventura,CA,Passenger,1.0,2.0,3.0,243.0,246.0,1.22,2022,5,24269,285,61,4.0,4.0,4.0,4.0,-0.25,-0.25,141.0,3.857142857142856
2022-06-30,Ventura,CA,Passenger,1.0,2.0,3.0,240.0,243.0,1.23,2022,6,24270,285,62,3.0,4.0,4.0,3.6666666666666665,0.0,-0.25,144.0,3.6285714285714374
2022-07-31,Ventura,CA,Passenger,3.0,2.0,5.0,237.0,242.0,2.07,2022,7,24271,285,63,3.0,3.0,4.0,3.3333333333333335,0.6666666666666667,0.25,149.0,3.6571428571428686
2022-08-31,Ventura,CA,Passenger,3.0,2.0,5.0,235.0,240.0,2.08,2022,8,24272,285,64,5.0,3.0,3.0,3.6666666666666665,0.0,0.6666666666666667,154.0,3.8857142857142946
2022-09-30,Ventura,CA,Passenger,3.0,2.0,5.0,231.0,236.0,2.12,2022,9,24273,285,65,5.0,5.0,3.0,4.333333333333333,0.0,0.6666666666666667,159.0,4.257142857142877
2022-10-31,Ventura,CA,Passenger,3.0,2.0,5.0,227.0,232.0,2.16,2022,10,24274,285,66,5.0,5.0,5.0,5.0,0.0,0.0,164.0,4.714285714285724
2022-11-30,Ventura,CA,Passenger,3.0,2.0,5.0,228.0,233.0,2.15,2022,11,24275,285,67,5.0,5.0,5.0,5.0,0.0,0.0,169.0,5.000000000000016
2022-12-31,Ventura,CA,Passenger,3.0,2.0,5.0,221.0,226.0,2.21,2022,12,24276,285,68,5.0,5.0,5.0,5.0,0.0,0.0,174.0,5.000000000000016
2023-01-31,Ventura,CA,Passenger,3.0,2.0,5.0,222.0,227.0,2.2,2023,1,24277,285,69,5.0,5.0,5.0,5.0,0.0,0.0,179.0,5.000000000000004
2023-02-28,Ventura,CA,Passenger,3.0,2.0,5.0,222.0,227.0,2.2,2023,2,24278,285,70,5.0,5.0,5.0,5.0,0.0,0.0,184.0,5.000000000000016
2023-03-31,Ventura,CA,Passenger,3.0,2.0,5.0,218.0,223.0,2.24,2023,3,24279,285,71,5.0,5.0,5.0,5.0,0.0,0.0,189.0,5.000000000000004
2023-04-30,Ventura,CA,Passenger,3.0,2.0,5.0,216.0,221.0,2.26,2023,4,24280,285,72,5.0,5.0,5.0,5.0,0.0,0.0,194.0,5.000000000000012
2023-05-31,Ventura,CA,Passenger,3.0,2.0,5.0,212.0,217.0,2.3,2023,5,24281,285,73,5.0,5.0,5.0,5.0,0.0,0.0,199.0,5.000000000000016
2023-06-30,Ventura,CA,Passenger,2.0,2.0,4.0,209.0,213.0,1.88,2023,6,24282,285,74,5.0,5.0,5.0,5.0,-0.19999999999999996,-0.19999999999999996,203.0,4.85714285714288
2023-07-31,Ventura,CA,Passenger,2.0,2.0,4.0,207.0,211.0,1.9,2023,7,24283,285,75,4.0,5.0,5.0,4.666666666666667,0.0,-0.19999999999999996,207.0,4.628571428571442
2023-08-31,Ventura,CA,Passenger,2.0,2.0,4.0,194.0,198.0,2.02,2023,8,24284,285,76,4.0,4.0,5.0,4.333333333333333,0.0,-0.19999999999999996,211.0,4.371428571428589
2023-09-30,Ventura,CA,Passenger,2.0,2.0,4.0,191.0,195.0,2.05,2023,9,24285,285,77,4.0,4.0,4.0,4.0,0.0,0.0,215.0,4.142857142857152
2023-10-31,Ventura,CA,Passenger,2.0,2.0,4.0,187.0,191.0,2.09,2023,10,24286,285,78,4.0,4.0,4.0,4.0,0.0,0.0,219.0,4.000000000000008
2023-11-30,Ventura,CA,Passenger,3.0,2.0,5.0,185.0,190.0,2.63,2023,11,24287,285,79,4.0,4.0,4.0,4.0,0.25,0.25,224.0,4.142857142857152
2023-12-31,Ventura,CA,Passenger,3.0,2.0,5.0,183.0,188.0,2.66,2023,12,24288,285,80,5.0,4.0,4.0,4.333333333333333,0.0,0.25,229.0,4.371428571428585
2024-01-31,Ventura,CA,Passenger,3.0,2.0,5.0,179.0,184.0,2.72,2024,1,24289,285,81,5.0,5.0,4.0,4.666666666666667,0.0,0.25,234.0,4.628571428571431
2024-02-29,Ventura,CA,Passenger,3.0,2.0,5.0,174.0,179.0,2.79,2024,2,24290,285,82,5.0,5.0,5.0,5.0,0.0,0.0,239.0,4.857142857142876
2019-08-31,Vigo,IN,Passenger,1.0,0.0,1.0,6.0,7.0,6.9025,2019,8,24236,286,5,1.0,1.0,1.0,1.0,0.0,0.0,6.0,0.9999999999999998
2019-09-30,Vigo,IN,Passenger,1.0,0.0,1.0,6.0,7.0,6.9025,2019,9,24237,286,6,1.0,1.0,1.0,1.0,0.0,0.0,7.0,0.9999999999999998
2019-10-31,Vigo,IN,Passenger,1.0,0.0,1.0,6.0,7.0,6.9025,2019,10,24238,286,7,1.0,1.0,1.0,1.0,0.0,0.0,8.0,0.9999999999999999
2019-11-30,Vigo,IN,Passenger,1.0,0.0,1.0,6.0,7.0,6.9025,2019,11,24239,286,8,1.0,1.0,1.0,1.0,0.0,0.0,9.0,1.0000000000000002
2019-12-31,Vigo,IN,Passenger,1.0,0.0,1.0,6.0,7.0,6.9025,2019,12,24240,286,9,1.0,1.0,1.0,1.0,0.0,0.0,10.0,1.0000000000000002
2020-01-31,Vigo,IN,Passenger,1.0,0.0,1.0,6.0,7.0,6.9025,2020,1,24241,286,10,1.0,1.0,1.0,1.0,0.0,0.0,11.0,1.0
2020-02-29,Vigo,IN,Passenger,1.0,0.0,1.0,5.0,6.0,6.9025,2020,2,24242,286,11,1.0,1.0,1.0,1.0,0.0,0.0,12.0,1.0000000000000002
2020-03-31,Vigo,IN,Passenger,1.0,0.0,1.0,5.0,6.0,6.9025,2020,3,24243,286,12,1.0,1.0,1.0,1.0,0.0,0.0,13.0,1.0000000000000002
2020-04-30,Vigo,IN,Passenger,1.0,0.0,1.0,5.0,6.0,6.9025,2020,4,24244,286,13,1.0,1.0,1.0,1.0,0.0,0.0,14.0,1.0000000000000009
2020-05-31,Vigo,IN,Passenger,1.0,0.0,1.0,5.0,6.0,6.9025,2020,5,24245,286,14,1.0,1.0,1.0,1.0,0.0,0.0,15.0,1.0000000000000007
2020-06-30,Vigo,IN,Passenger,1.0,0.0,1.0,5.0,6.0,6.9025,2020,6,24246,286,15,1.0,1.0,1.0,1.0,0.0,0.0,16.0,1.0000000000000009
2020-07-31,Vigo,IN,Passenger,1.0,0.0,1.0,5.0,6.0,6.9025,2020,7,24247,286,16,1.0,1.0,1.0,1.0,0.0,0.0,17.0,1.0
2020-08-31,Vigo,IN,Passenger,1.0,0.0,1.0,5.0,6.0,6.9025,2020,8,24248,286,17,1.0,1.0,1.0,1.0,0.0,0.0,18.0,1.0000000000000002
2020-09-30,Vigo,IN,Passenger,1.0,0.0,1.0,6.0,7.0,6.9025,2020,9,24249,286,18,1.0,1.0,1.0,1.0,0.0,0.0,19.0,1.000000000000002
2020-10-31,Vigo,IN,Passenger,1.0,0.0,1.0,6.0,7.0,6.9025,2020,10,24250,286,19,1.0,1.0,1.0,1.0,0.0,0.0,20.0,0.9999999999999998
2020-11-30,Vigo,IN,Passenger,1.0,0.0,1.0,6.0,7.0,6.9025,2020,11,24251,286,20,1.0,1.0,1.0,1.0,0.0,0.0,21.0,1.000000000000001
2020-12-31,Vigo,IN,Passenger,1.0,0.0,1.0,6.0,7.0,6.9025,2020,12,24252,286,21,1.0,1.0,1.0,1.0,0.0,0.0,22.0,1.0000000000000013
2021-01-31,Vigo,IN,Passenger,1.0,0.0,1.0,6.0,7.0,6.9025,2021,1,24253,286,22,1.0,1.0,1.0,1.0,0.0,0.0,23.0,1.0000000000000013
2021-02-28,Vigo,IN,Passenger,1.0,0.0,1.0,5.0,6.0,6.9025,2021,2,24254,286,23,1.0,1.0,1.0,1.0,0.0,0.0,24.0,1.0000000000000004
2021-03-31,Vigo,IN,Passenger,1.0,0.0,1.0,5.0,6.0,6.9025,2021,3,24255,286,24,1.0,1.0,1.0,1.0,0.0,0.0,25.0,1.0000000000000013
2021-04-30,Vigo,IN,Passenger,1.0,0.0,1.0,5.0,6.0,6.9025,2021,4,24256,286,25,1.0,1.0,1.0,1.0,0.0,0.0,26.0,1.0000000000000013
2021-05-31,Vigo,IN,Passenger,1.0,0.0,1.0,5.0,6.0,6.9025,2021,5,24257,286,26,1.0,1.0,1.0,1.0,0.0,0.0,27.0,1.0000000000000013
2021-06-30,Vigo,IN,Passenger,1.0,0.0,1.0,5.0,6.0,6.9025,2021,6,24258,286,27,1.0,1.0,1.0,1.0,0.0,0.0,28.0,1.0000000000000013
2021-07-31,Vigo,IN,Passenger,1.0,0.0,1.0,5.0,6.0,6.9025,2021,7,24259,286,28,1.0,1.0,1.0,1.0,0.0,0.0,29.0,1.0000000000000024
2021-08-31,Vigo,IN,Passenger,1.0,0.0,1.0,5.0,6.0,6.9025,2021,8,24260,286,29,1.0,1.0,1.0,1.0,0.0,0.0,30.0,1.000000000000002
2021-09-30,Vigo,IN,Passenger,1.0,0.0,1.0,5.0,6.0,6.9025,2021,9,24261,286,30,1.0,1.0,1.0,1.0,0.0,0.0,31.0,1.0000000000000009
2021-10-31,Vigo,IN,Passenger,1.0,0.0,1.0,5.0,6.0,6.9025,2021,10,24262,286,31,1.0,1.0,1.0,1.0,0.0,0.0,32.0,1.000000000000002
2021-11-30,Vigo,IN,Passenger,1.0,0.0,1.0,5.0,6.0,6.9025,2021,11,24263,286,32,1.0,1.0,1.0,1.0,0.0,0.0,33.0,1.0000000000000038
2021-12-31,Vigo,IN,Passenger,1.0,0.0,1.0,5.0,6.0,6.9025,2021,12,24264,286,33,1.0,1.0,1.0,1.0,0.0,0.0,34.0,1.0000000000000004
2022-01-31,Vigo,IN,Passenger,1.0,0.0,1.0,5.0,6.0,6.9025,2022,1,24265,286,34,1.0,1.0,1.0,1.0,0.0,0.0,35.0,1.000000000000002
2022-02-28,Vigo,IN,Passenger,1.0,0.0,1.0,5.0,6.0,6.9025,2022,2,24266,286,35,1.0,1.0,1.0,1.0,0.0,0.0,36.0,1.0000000000000029
2017-06-30,Virginia Beach,VA,Passenger,2.0,1.0,3.0,647.0,650.0,0.46,2017,6,24210,287,5,3.0,3.0,3.0,3.0,0.0,0.0,18.0,2.9999999999999996
2017-07-31,Virginia Beach,VA,Passenger,2.0,1.0,3.0,647.0,650.0,0.46,2017,7,24211,287,6,3.0,3.0,3.0,3.0,0.0,0.0,21.0,2.9999999999999996
2017-08-31,Virginia Beach,VA,Passenger,2.0,1.0,3.0,640.0,643.0,0.47,2017,8,24212,287,7,3.0,3.0,3.0,3.0,0.0,0.0,24.0,3.0
2017-09-30,Virginia Beach,VA,Passenger,2.0,1.0,3.0,651.0,654.0,0.46,2017,9,24213,287,8,3.0,3.0,3.0,3.0,0.0,0.0,27.0,2.9999999999999996
2017-10-31,Virginia Beach,VA,Passenger,2.0,1.0,3.0,651.0,654.0,0.46,2017,10,24214,287,9,3.0,3.0,3.0,3.0,0.0,0.0,30.0,3.0
2017-11-30,Virginia Beach,VA,Passenger,2.0,1.0,3.0,658.0,661.0,0.45,2017,11,24215,287,10,3.0,3.0,3.0,3.0,0.0,0.0,33.0,3.0000000000000018
2017-12-31,Virginia Beach,VA,Passenger,2.0,1.0,3.0,665.0,668.0,0.45,2017,12,24216,287,11,3.0,3.0,3.0,3.0,0.0,0.0,36.0,3.0000000000000004
2018-01-31,Virginia Beach,VA,Passenger,2.0,1.0,3.0,669.0,672.0,0.45,2018,1,24217,287,12,3.0,3.0,3.0,3.0,0.0,0.0,39.0,3.000000000000001
2018-02-28,Virginia Beach,VA,Passenger,2.0,1.0,3.0,675.0,678.0,0.44,2018,2,24218,287,13,3.0,3.0,3.0,3.0,0.0,0.0,42.0,3.0000000000000018
2018-03-31,Virginia Beach,VA,Passenger,2.0,1.0,3.0,675.0,678.0,0.44,2018,3,24219,287,14,3.0,3.0,3.0,3.0,0.0,0.0,45.0,3.0
2018-04-30,Virginia Beach,VA,Passenger,2.0,1.0,3.0,676.0,679.0,0.44,2018,4,24220,287,15,3.0,3.0,3.0,3.0,0.0,0.0,48.0,3.0
2018-05-31,Virginia Beach,VA,Passenger,2.0,1.0,3.0,681.0,684.0,0.44,2018,5,24221,287,16,3.0,3.0,3.0,3.0,0.0,0.0,51.0,3.0000000000000018
2018-06-30,Virginia Beach,VA,Passenger,2.0,1.0,3.0,682.0,685.0,0.44,2018,6,24222,287,17,3.0,3.0,3.0,3.0,0.0,0.0,54.0,3.000000000000004
2018-07-31,Virginia Beach,VA,Passenger,2.0,1.0,3.0,684.0,687.0,0.44,2018,7,24223,287,18,3.0,3.0,3.0,3.0,0.0,0.0,57.0,3.000000000000001
2018-08-31,Virginia Beach,VA,Passenger,2.0,1.0,3.0,691.0,694.0,0.43,2018,8,24224,287,19,3.0,3.0,3.0,3.0,0.0,0.0,60.0,3.0000000000000027
2018-09-30,Virginia Beach,VA,Passenger,2.0,1.0,3.0,692.0,695.0,0.43,2018,9,24225,287,20,3.0,3.0,3.0,3.0,0.0,0.0,63.0,3.0000000000000018
2018-10-31,Virginia Beach,VA,Passenger,2.0,1.0,3.0,691.0,694.0,0.43,2018,10,24226,287,21,3.0,3.0,3.0,3.0,0.0,0.0,66.0,3.0000000000000027
2018-11-30,Virginia Beach,VA,Passenger,2.0,1.0,3.0,691.0,694.0,0.43,2018,11,24227,287,22,3.0,3.0,3.0,3.0,0.0,0.0,69.0,3.0000000000000058
2018-12-31,Virginia Beach,VA,Passenger,2.0,1.0,3.0,689.0,692.0,0.43,2018,12,24228,287,23,3.0,3.0,3.0,3.0,0.0,0.0,72.0,3.0000000000000058
2019-01-31,Virginia Beach,VA,Passenger,2.0,1.0,3.0,690.0,693.0,0.43,2019,1,24229,287,24,3.0,3.0,3.0,3.0,0.0,0.0,75.0,3.000000000000001
2019-02-28,Virginia Beach,VA,Passenger,2.0,1.0,3.0,690.0,693.0,0.43,2019,2,24230,287,25,3.0,3.0,3.0,3.0,0.0,0.0,78.0,3.0000000000000067
2019-03-31,Virginia Beach,VA,Passenger,1.0,1.0,2.0,690.0,692.0,0.29,2019,3,24231,287,26,3.0,3.0,3.0,3.0,-0.33333333333333337,-0.33333333333333337,80.0,2.857142857142859
2019-04-30,Virginia Beach,VA,Passenger,1.0,1.0,2.0,696.0,698.0,0.29,2019,4,24232,287,27,2.0,3.0,3.0,2.6666666666666665,0.0,-0.33333333333333337,82.0,2.628571428571431
2019-05-31,Virginia Beach,VA,Passenger,1.0,1.0,2.0,702.0,704.0,0.28,2019,5,24233,287,28,2.0,2.0,3.0,2.3333333333333335,0.0,-0.33333333333333337,84.0,2.3714285714285777
2019-06-30,Virginia Beach,VA,Passenger,1.0,0.0,1.0,706.0,707.0,0.14,2019,6,24234,287,29,2.0,2.0,2.0,2.0,-0.5,-0.5,85.0,2.0000000000000058
2019-07-31,Virginia Beach,VA,Passenger,1.0,0.0,1.0,704.0,705.0,0.14,2019,7,24235,287,30,1.0,2.0,2.0,1.6666666666666667,0.0,-0.5,86.0,1.6285714285714357
2019-08-31,Virginia Beach,VA,Passenger,1.0,0.0,1.0,697.0,698.0,0.14,2019,8,24236,287,31,1.0,1.0,2.0,1.3333333333333333,0.0,-0.5,87.0,1.3714285714285785
2019-09-30,Virginia Beach,VA,Passenger,1.0,0.0,1.0,697.0,698.0,0.14,2019,9,24237,287,32,1.0,1.0,1.0,1.0,0.0,0.0,88.0,1.1428571428571488
2019-10-31,Virginia Beach,VA,Passenger,1.0,0.0,1.0,694.0,695.0,0.14,2019,10,24238,287,33,1.0,1.0,1.0,1.0,0.0,0.0,89.0,1.0000000000000009
2019-11-30,Virginia Beach,VA,Passenger,1.0,0.0,1.0,699.0,700.0,0.14,2019,11,24239,287,34,1.0,1.0,1.0,1.0,0.0,0.0,90.0,1.0000000000000049
2019-12-31,Virginia Beach,VA,Passenger,1.0,0.0,1.0,692.0,693.0,0.14,2019,12,24240,287,35,1.0,1.0,1.0,1.0,0.0,0.0,91.0,1.0000000000000049
2020-01-31,Virginia Beach,VA,Passenger,1.0,0.0,1.0,691.0,692.0,0.14,2020,1,24241,287,36,1.0,1.0,1.0,1.0,0.0,0.0,92.0,1.0000000000000029
2020-02-29,Virginia Beach,VA,Passenger,1.0,0.0,1.0,687.0,688.0,0.15,2020,2,24242,287,37,1.0,1.0,1.0,1.0,0.0,0.0,93.0,1.0000000000000067
2020-03-31,Virginia Beach,VA,Passenger,1.0,0.0,1.0,679.0,680.0,0.15,2020,3,24243,287,38,1.0,1.0,1.0,1.0,0.0,0.0,94.0,1.0000000000000049
2020-04-30,Virginia Beach,VA,Passenger,1.0,0.0,1.0,670.0,671.0,0.15,2020,4,24244,287,39,1.0,1.0,1.0,1.0,0.0,0.0,95.0,1.0000000000000049
2020-05-31,Virginia Beach,VA,Passenger,1.0,0.0,1.0,668.0,669.0,0.15,2020,5,24245,287,40,1.0,1.0,1.0,1.0,0.0,0.0,96.0,1.0000000000000029
2020-06-30,Virginia Beach,VA,Passenger,1.0,0.0,1.0,665.0,666.0,0.15,2020,6,24246,287,41,1.0,1.0,1.0,1.0,0.0,0.0,97.0,1.0000000000000049
2020-07-31,Virginia Beach,VA,Passenger,1.0,0.0,1.0,665.0,666.0,0.15,2020,7,24247,287,42,1.0,1.0,1.0,1.0,0.0,0.0,98.0,1.0000000000000049
2020-08-31,Virginia Beach,VA,Passenger,1.0,0.0,1.0,660.0,661.0,0.15,2020,8,24248,287,43,1.0,1.0,1.0,1.0,0.0,0.0,99.0,1.0000000000000009
2020-09-30,Virginia Beach,VA,Passenger,1.0,0.0,1.0,656.0,657.0,0.15,2020,9,24249,287,44,1.0,1.0,1.0,1.0,0.0,0.0,100.0,1.0000000000000029
2020-10-31,Virginia Beach,VA,Passenger,1.0,0.0,1.0,646.0,647.0,0.15,2020,10,24250,287,45,1.0,1.0,1.0,1.0,0.0,0.0,101.0,1.0000000000000087
2020-11-30,Virginia Beach,VA,Passenger,1.0,0.0,1.0,644.0,645.0,0.16,2020,11,24251,287,46,1.0,1.0,1.0,1.0,0.0,0.0,102.0,1.0000000000000009
2020-12-31,Virginia Beach,VA,Passenger,2.0,0.0,2.0,639.0,641.0,0.31,2020,12,24252,287,47,1.0,1.0,1.0,1.0,1.0,1.0,104.0,1.1428571428571528
2021-01-31,Virginia Beach,VA,Passenger,2.0,0.0,2.0,629.0,631.0,0.32,2021,1,24253,287,48,2.0,1.0,1.0,1.3333333333333333,0.0,1.0,106.0,1.3714285714285785
2021-02-28,Virginia Beach,VA,Passenger,2.0,0.0,2.0,627.0,629.0,0.32,2021,2,24254,287,49,2.0,2.0,1.0,1.6666666666666667,0.0,1.0,108.0,1.6285714285714377
2021-03-31,Virginia Beach,VA,Passenger,2.0,0.0,2.0,630.0,632.0,0.32,2021,3,24255,287,50,2.0,2.0,2.0,2.0,0.0,0.0,110.0,1.8571428571428596
2021-04-30,Virginia Beach,VA,Passenger,2.0,0.0,2.0,626.0,628.0,0.32,2021,4,24256,287,51,2.0,2.0,2.0,2.0,0.0,0.0,112.0,2.0
2021-05-31,Virginia Beach,VA,Passenger,2.0,0.0,2.0,624.0,626.0,0.32,2021,5,24257,287,52,2.0,2.0,2.0,2.0,0.0,0.0,114.0,2.000000000000004
2021-06-30,Virginia Beach,VA,Passenger,2.0,0.0,2.0,621.0,623.0,0.32,2021,6,24258,287,53,2.0,2.0,2.0,2.0,0.0,0.0,116.0,2.0000000000000075
2021-07-31,Virginia Beach,VA,Passenger,1.0,0.0,1.0,617.0,618.0,0.16,2021,7,24259,287,54,2.0,2.0,2.0,2.0,-0.5,-0.5,117.0,1.8571428571428712
2021-08-31,Virginia Beach,VA,Passenger,1.0,0.0,1.0,607.0,608.0,0.16,2021,8,24260,287,55,1.0,2.0,2.0,1.6666666666666667,0.0,-0.5,118.0,1.6285714285714394
2021-09-30,Virginia Beach,VA,Passenger,2.0,0.0,2.0,597.0,599.0,0.33,2021,9,24261,287,56,1.0,1.0,2.0,1.3333333333333333,1.0,0.0,120.0,1.5142857142857113
2021-10-31,Virginia Beach,VA,Passenger,2.0,0.0,2.0,584.0,586.0,0.34,2021,10,24262,287,57,2.0,1.0,1.0,1.3333333333333333,0.0,1.0,122.0,1.514285714285719
2021-11-30,Virginia Beach,VA,Passenger,2.0,0.0,2.0,579.0,581.0,0.34,2021,11,24263,287,58,2.0,2.0,1.0,1.6666666666666667,0.0,1.0,124.0,1.6285714285714394
2021-12-31,Virginia Beach,VA,Passenger,2.0,0.0,2.0,570.0,572.0,0.35,2021,12,24264,287,59,2.0,2.0,2.0,2.0,0.0,0.0,126.0,1.8571428571428654
2022-01-31,Virginia Beach,VA,Passenger,2.0,0.0,2.0,569.0,571.0,0.35,2022,1,24265,287,60,2.0,2.0,2.0,2.0,0.0,0.0,128.0,1.999999999999998
2022-02-28,Virginia Beach,VA,Passenger,2.0,0.0,2.0,562.0,564.0,0.35,2022,2,24266,287,61,2.0,2.0,2.0,2.0,0.0,0.0,130.0,2.0000000000000098
2022-03-31,Virginia Beach,VA,Passenger,2.0,0.0,2.0,549.0,551.0,0.36,2022,3,24267,287,62,2.0,2.0,2.0,2.0,0.0,0.0,132.0,2.0000000000000058
2022-04-30,Virginia Beach,VA,Passenger,2.0,0.0,2.0,532.0,534.0,0.37,2022,4,24268,287,63,2.0,2.0,2.0,2.0,0.0,0.0,134.0,2.0000000000000098
2022-05-31,Virginia Beach,VA,Passenger,2.0,0.0,2.0,517.0,519.0,0.39,2022,5,24269,287,64,2.0,2.0,2.0,2.0,0.0,0.0,136.0,2.0000000000000173
2022-06-30,Virginia Beach,VA,Passenger,2.0,0.0,2.0,510.0,512.0,0.39,2022,6,24270,287,65,2.0,2.0,2.0,2.0,0.0,0.0,138.0,2.0000000000000133
2022-07-31,Virginia Beach,VA,Passenger,2.0,0.0,2.0,507.0,509.0,0.39,2022,7,24271,287,66,2.0,2.0,2.0,2.0,0.0,0.0,140.0,2.0000000000000098
2022-08-31,Virginia Beach,VA,Passenger,2.0,1.0,3.0,505.0,508.0,0.59,2022,8,24272,287,67,2.0,2.0,2.0,2.0,0.5,0.5,143.0,2.1428571428571574
2022-09-30,Virginia Beach,VA,Passenger,2.0,1.0,3.0,496.0,499.0,0.6,2022,9,24273,287,68,3.0,2.0,2.0,2.3333333333333335,0.0,0.5,146.0,2.3714285714285683
2022-10-31,Virginia Beach,VA,Passenger,2.0,1.0,3.0,488.0,491.0,0.61,2022,10,24274,287,69,3.0,3.0,2.0,2.6666666666666665,0.0,0.5,149.0,2.6285714285714405
2022-11-30,Virginia Beach,VA,Truck,1.0,0.0,1.0,114.0,115.0,0.87,2022,11,24275,287,70,3.0,3.0,3.0,3.0,-0.6666666666666667,-0.6666666666666667,150.0,2.5714285714285743
2022-11-30,Virginia Beach,VA,Passenger,2.0,1.0,3.0,482.0,485.0,0.62,2022,11,24275,287,71,1.0,3.0,3.0,2.3333333333333335,2.0,0.0,153.0,2.5428571428571587
2022-12-31,Virginia Beach,VA,Passenger,3.0,1.0,4.0,479.0,483.0,0.83,2022,12,24276,287,72,3.0,1.0,3.0,2.3333333333333335,0.33333333333333326,0.33333333333333326,157.0,2.628571428571429
2022-12-31,Virginia Beach,VA,Truck,1.0,0.0,1.0,113.0,114.0,0.88,2022,12,24276,287,73,4.0,3.0,1.0,2.6666666666666665,-0.75,0.0,158.0,2.4857142857143004
2023-01-31,Virginia Beach,VA,Passenger,3.0,1.0,4.0,475.0,479.0,0.84,2023,1,24277,287,74,1.0,4.0,3.0,2.6666666666666665,3.0,0.33333333333333326,162.0,2.6571428571428677
2023-01-31,Virginia Beach,VA,Truck,1.0,0.0,1.0,112.0,113.0,0.88,2023,1,24277,287,75,4.0,1.0,4.0,3.0,-0.75,-0.75,163.0,2.6571428571428717
2023-02-28,Virginia Beach,VA,Passenger,3.0,1.0,4.0,467.0,471.0,0.85,2023,2,24278,287,76,1.0,4.0,1.0,2.0,3.0,3.0,167.0,2.6285714285714405
2023-02-28,Virginia Beach,VA,Truck,1.0,0.0,1.0,111.0,112.0,0.89,2023,2,24278,287,77,4.0,1.0,4.0,3.0,-0.75,-0.75,168.0,2.371428571428576
2023-03-31,Virginia Beach,VA,Passenger,3.0,1.0,4.0,461.0,465.0,0.86,2023,3,24279,287,78,1.0,4.0,1.0,2.0,3.0,3.0,172.0,2.628571428571429
2023-03-31,Virginia Beach,VA,Truck,1.0,0.0,1.0,110.0,111.0,0.9,2023,3,24279,287,79,4.0,1.0,4.0,3.0,-0.75,-0.75,173.0,2.371428571428591
2023-04-30,Virginia Beach,VA,Truck,1.0,0.0,1.0,110.0,111.0,0.9,2023,4,24280,287,80,1.0,4.0,1.0,2.0,0.0,0.0,174.0,2.200000000000012
2023-04-30,Virginia Beach,VA,Passenger,3.0,1.0,4.0,452.0,456.0,0.88,2023,4,24280,287,81,1.0,1.0,4.0,2.0,3.0,0.0,178.0,2.1142857142857303
2023-05-31,Virginia Beach,VA,Passenger,3.0,1.0,4.0,444.0,448.0,0.89,2023,5,24281,287,82,4.0,1.0,1.0,2.0,0.0,3.0,182.0,2.5428571428571547
2023-05-31,Virginia Beach,VA,Truck,1.0,0.0,1.0,107.0,108.0,0.93,2023,5,24281,287,83,4.0,4.0,1.0,3.0,-0.75,0.0,183.0,2.457142857142877
2023-06-30,Virginia Beach,VA,Truck,1.0,0.0,1.0,105.0,106.0,0.94,2023,6,24282,287,84,1.0,4.0,4.0,3.0,0.0,-0.75,184.0,2.457142857142873
2023-06-30,Virginia Beach,VA,Passenger,3.0,1.0,4.0,435.0,439.0,0.91,2023,6,24282,287,85,1.0,1.0,4.0,2.0,3.0,0.0,188.0,2.5428571428571547
2023-07-31,Virginia Beach,VA,Passenger,3.0,2.0,5.0,432.0,437.0,1.14,2023,7,24283,287,86,4.0,1.0,1.0,2.0,0.25,4.0,193.0,2.6857142857142913
2023-07-31,Virginia Beach,VA,Truck,1.0,0.0,1.0,101.0,102.0,0.98,2023,7,24283,287,87,5.0,4.0,1.0,3.3333333333333335,-0.8,0.0,194.0,2.6857142857142913
2023-08-31,Virginia Beach,VA,Passenger,3.0,2.0,5.0,423.0,428.0,1.17,2023,8,24284,287,88,1.0,5.0,4.0,3.3333333333333335,4.0,0.25,199.0,3.2857142857143025
2023-08-31,Virginia Beach,VA,Truck,1.0,0.0,1.0,99.0,100.0,1.0,2023,8,24284,287,89,5.0,1.0,5.0,3.6666666666666665,-0.8,-0.8,200.0,3.2571428571428678
2023-09-30,Virginia Beach,VA,Passenger,3.0,2.0,5.0,418.0,423.0,1.18,2023,9,24285,287,90,1.0,5.0,1.0,2.3333333333333335,4.0,4.0,205.0,3.171428571428578
2023-09-30,Virginia Beach,VA,Truck,1.0,0.0,1.0,98.0,99.0,1.01,2023,9,24285,287,91,5.0,1.0,5.0,3.6666666666666665,-0.8,-0.8,206.0,2.828571428571447
2023-10-31,Virginia Beach,VA,Passenger,3.0,2.0,5.0,414.0,419.0,1.19,2023,10,24286,287,92,1.0,5.0,1.0,2.3333333333333335,4.0,4.0,211.0,3.171428571428586
2023-10-31,Virginia Beach,VA,Truck,1.0,0.0,1.0,97.0,98.0,1.02,2023,10,24286,287,93,5.0,1.0,5.0,3.6666666666666665,-0.8,-0.8,212.0,2.828571428571439
2023-11-30,Virginia Beach,VA,Truck,1.0,0.0,1.0,95.0,96.0,1.04,2023,11,24287,287,94,1.0,5.0,1.0,2.3333333333333335,0.0,0.0,213.0,2.6000000000000054
2023-11-30,Virginia Beach,VA,Passenger,3.0,2.0,5.0,404.0,409.0,1.22,2023,11,24287,287,95,1.0,1.0,5.0,2.3333333333333335,4.0,0.0,218.0,2.4857142857143004
2023-12-31,Virginia Beach,VA,Truck,1.0,0.0,1.0,93.0,94.0,1.06,2023,12,24288,287,96,5.0,1.0,1.0,2.3333333333333335,-0.8,0.0,219.0,2.4857142857143155
2023-12-31,Virginia Beach,VA,Passenger,3.0,2.0,5.0,398.0,403.0,1.24,2023,12,24288,287,97,1.0,5.0,1.0,2.3333333333333335,4.0,4.0,224.0,2.600000000000017
2024-01-31,Virginia Beach,VA,Passenger,3.0,2.0,5.0,390.0,395.0,1.27,2024,1,24289,287,98,5.0,1.0,5.0,3.6666666666666665,0.0,0.0,229.0,3.400000000000023
2024-01-31,Virginia Beach,VA,Truck,1.0,0.0,1.0,91.0,92.0,1.09,2024,1,24289,287,99,5.0,5.0,1.0,3.6666666666666665,-0.8,0.0,230.0,3.5142857142857133
2024-02-29,Virginia Beach,VA,Passenger,3.0,2.0,5.0,376.0,381.0,1.31,2024,2,24290,287,100,1.0,5.0,5.0,3.6666666666666665,4.0,0.0,235.0,3.5142857142857244
2024-02-29,Virginia Beach,VA,Truck,1.0,0.0,1.0,89.0,90.0,1.11,2024,2,24290,287,101,5.0,1.0,5.0,3.6666666666666665,-0.8,-0.8,236.0,3.400000000000004
2017-06-30,Volusia,FL,Passenger,0.0,1.0,1.0,49.0,50.0,2.0,2017,6,24210,288,5,1.0,1.0,1.0,1.0,0.0,0.0,6.0,0.9999999999999998
2017-07-31,Volusia,FL,Passenger,0.0,1.0,1.0,47.0,48.0,2.08,2017,7,24211,288,6,1.0,1.0,1.0,1.0,0.0,0.0,7.0,0.9999999999999998
2017-08-31,Volusia,FL,Passenger,0.0,1.0,1.0,48.0,49.0,2.04,2017,8,24212,288,7,1.0,1.0,1.0,1.0,0.0,0.0,8.0,0.9999999999999999
2017-09-30,Volusia,FL,Passenger,0.0,1.0,1.0,45.0,46.0,2.17,2017,9,24213,288,8,1.0,1.0,1.0,1.0,0.0,0.0,9.0,1.0000000000000002
2017-10-31,Volusia,FL,Passenger,0.0,1.0,1.0,43.0,44.0,2.27,2017,10,24214,288,9,1.0,1.0,1.0,1.0,0.0,0.0,10.0,1.0000000000000002
2017-11-30,Volusia,FL,Passenger,0.0,1.0,1.0,41.0,42.0,2.38,2017,11,24215,288,10,1.0,1.0,1.0,1.0,0.0,0.0,11.0,1.0
2017-12-31,Volusia,FL,Passenger,0.0,1.0,1.0,40.0,41.0,2.44,2017,12,24216,288,11,1.0,1.0,1.0,1.0,0.0,0.0,12.0,1.0000000000000002
2018-01-31,Volusia,FL,Passenger,0.0,1.0,1.0,37.0,38.0,2.63,2018,1,24217,288,12,1.0,1.0,1.0,1.0,0.0,0.0,13.0,1.0000000000000002
2018-02-28,Volusia,FL,Passenger,0.0,1.0,1.0,37.0,38.0,2.63,2018,2,24218,288,13,1.0,1.0,1.0,1.0,0.0,0.0,14.0,1.0000000000000009
2018-03-31,Volusia,FL,Passenger,0.0,1.0,1.0,36.0,37.0,2.7,2018,3,24219,288,14,1.0,1.0,1.0,1.0,0.0,0.0,15.0,1.0000000000000007
2018-04-30,Volusia,FL,Passenger,0.0,1.0,1.0,35.0,36.0,2.78,2018,4,24220,288,15,1.0,1.0,1.0,1.0,0.0,0.0,16.0,1.0000000000000009
2018-05-31,Volusia,FL,Passenger,0.0,1.0,1.0,36.0,37.0,2.7,2018,5,24221,288,16,1.0,1.0,1.0,1.0,0.0,0.0,17.0,1.0
2018-06-30,Volusia,FL,Passenger,0.0,1.0,1.0,36.0,37.0,2.7,2018,6,24222,288,17,1.0,1.0,1.0,1.0,0.0,0.0,18.0,1.0000000000000002
2018-07-31,Volusia,FL,Passenger,0.0,1.0,1.0,35.0,36.0,2.78,2018,7,24223,288,18,1.0,1.0,1.0,1.0,0.0,0.0,19.0,1.000000000000002
2018-08-31,Volusia,FL,Passenger,0.0,1.0,1.0,37.0,38.0,2.63,2018,8,24224,288,19,1.0,1.0,1.0,1.0,0.0,0.0,20.0,0.9999999999999998
2018-09-30,Volusia,FL,Passenger,0.0,1.0,1.0,41.0,42.0,2.38,2018,9,24225,288,20,1.0,1.0,1.0,1.0,0.0,0.0,21.0,1.000000000000001
2018-10-31,Volusia,FL,Passenger,0.0,1.0,1.0,40.0,41.0,2.44,2018,10,24226,288,21,1.0,1.0,1.0,1.0,0.0,0.0,22.0,1.0000000000000013
2018-11-30,Volusia,FL,Passenger,0.0,1.0,1.0,39.0,40.0,2.5,2018,11,24227,288,22,1.0,1.0,1.0,1.0,0.0,0.0,23.0,1.0000000000000013
2018-12-31,Volusia,FL,Passenger,0.0,1.0,1.0,40.0,41.0,2.44,2018,12,24228,288,23,1.0,1.0,1.0,1.0,0.0,0.0,24.0,1.0000000000000004
2019-01-31,Volusia,FL,Passenger,0.0,1.0,1.0,40.0,41.0,2.44,2019,1,24229,288,24,1.0,1.0,1.0,1.0,0.0,0.0,25.0,1.0000000000000013
2019-02-28,Volusia,FL,Passenger,0.0,1.0,1.0,40.0,41.0,2.44,2019,2,24230,288,25,1.0,1.0,1.0,1.0,0.0,0.0,26.0,1.0000000000000013
2019-03-31,Volusia,FL,Passenger,0.0,1.0,1.0,39.0,40.0,2.5,2019,3,24231,288,26,1.0,1.0,1.0,1.0,0.0,0.0,27.0,1.0000000000000013
2019-04-30,Volusia,FL,Passenger,0.0,1.0,1.0,39.0,40.0,2.5,2019,4,24232,288,27,1.0,1.0,1.0,1.0,0.0,0.0,28.0,1.0000000000000013
2019-05-31,Volusia,FL,Passenger,0.0,1.0,1.0,41.0,42.0,2.38,2019,5,24233,288,28,1.0,1.0,1.0,1.0,0.0,0.0,29.0,1.0000000000000024
2019-06-30,Volusia,FL,Passenger,0.0,1.0,1.0,41.0,42.0,2.38,2019,6,24234,288,29,1.0,1.0,1.0,1.0,0.0,0.0,30.0,1.000000000000002
2019-07-31,Volusia,FL,Passenger,0.0,1.0,1.0,41.0,42.0,2.38,2019,7,24235,288,30,1.0,1.0,1.0,1.0,0.0,0.0,31.0,1.0000000000000009
2019-08-31,Volusia,FL,Passenger,0.0,1.0,1.0,41.0,42.0,2.38,2019,8,24236,288,31,1.0,1.0,1.0,1.0,0.0,0.0,32.0,1.000000000000002
2019-09-30,Volusia,FL,Passenger,0.0,1.0,1.0,41.0,42.0,2.38,2019,9,24237,288,32,1.0,1.0,1.0,1.0,0.0,0.0,33.0,1.0000000000000038
2019-10-31,Volusia,FL,Passenger,0.0,1.0,1.0,44.0,45.0,2.22,2019,10,24238,288,33,1.0,1.0,1.0,1.0,0.0,0.0,34.0,1.0000000000000004
2019-11-30,Volusia,FL,Passenger,0.0,1.0,1.0,44.0,45.0,2.22,2019,11,24239,288,34,1.0,1.0,1.0,1.0,0.0,0.0,35.0,1.000000000000002
2022-01-31,Wake,NC,Passenger,1.0,0.0,1.0,118.0,119.0,0.84,2022,1,24265,290,5,1.0,1.0,1.0,1.0,0.0,0.0,6.0,0.9999999999999998
2022-02-28,Wake,NC,Passenger,1.0,0.0,1.0,115.0,116.0,0.86,2022,2,24266,290,6,1.0,1.0,1.0,1.0,0.0,0.0,7.0,0.9999999999999998
2022-03-31,Wake,NC,Passenger,1.0,0.0,1.0,107.0,108.0,0.93,2022,3,24267,290,7,1.0,1.0,1.0,1.0,0.0,0.0,8.0,0.9999999999999999
2022-04-30,Wake,NC,Passenger,1.0,0.0,1.0,104.0,105.0,0.95,2022,4,24268,290,8,1.0,1.0,1.0,1.0,0.0,0.0,9.0,1.0000000000000002
2022-05-31,Wake,NC,Passenger,1.0,0.0,1.0,100.0,101.0,0.99,2022,5,24269,290,9,1.0,1.0,1.0,1.0,0.0,0.0,10.0,1.0000000000000002
2022-06-30,Wake,NC,Passenger,1.0,0.0,1.0,94.0,95.0,1.05,2022,6,24270,290,10,1.0,1.0,1.0,1.0,0.0,0.0,11.0,1.0
2022-07-31,Wake,NC,Passenger,1.0,0.0,1.0,92.0,93.0,1.08,2022,7,24271,290,11,1.0,1.0,1.0,1.0,0.0,0.0,12.0,1.0000000000000002
2023-01-31,Wake,NC,Passenger,1.0,0.0,1.0,85.0,86.0,1.16,2023,1,24277,290,12,1.0,1.0,1.0,1.0,0.0,0.0,13.0,1.0000000000000002
2023-02-28,Wake,NC,Passenger,1.0,0.0,1.0,86.0,87.0,1.15,2023,2,24278,290,13,1.0,1.0,1.0,1.0,0.0,0.0,14.0,1.0000000000000009
2023-03-31,Wake,NC,Passenger,1.0,0.0,1.0,82.0,83.0,1.2,2023,3,24279,290,14,1.0,1.0,1.0,1.0,0.0,0.0,15.0,1.0000000000000007
2023-04-30,Wake,NC,Passenger,1.0,0.0,1.0,81.0,82.0,1.22,2023,4,24280,290,15,1.0,1.0,1.0,1.0,0.0,0.0,16.0,1.0000000000000009
2023-05-31,Wake,NC,Passenger,1.0,0.0,1.0,79.0,80.0,1.25,2023,5,24281,290,16,1.0,1.0,1.0,1.0,0.0,0.0,17.0,1.0
2023-06-30,Wake,NC,Passenger,2.0,0.0,2.0,78.0,80.0,2.5,2023,6,24282,290,17,1.0,1.0,1.0,1.0,1.0,1.0,19.0,1.1428571428571443
2023-07-31,Wake,NC,Passenger,2.0,0.0,2.0,78.0,80.0,2.5,2023,7,24283,290,18,2.0,1.0,1.0,1.3333333333333333,0.0,1.0,21.0,1.371428571428572
2023-08-31,Wake,NC,Passenger,2.0,0.0,2.0,75.0,77.0,2.6,2023,8,24284,290,19,2.0,2.0,1.0,1.6666666666666667,0.0,1.0,23.0,1.62857142857143
2023-09-30,Wake,NC,Passenger,2.0,0.0,2.0,73.0,75.0,2.67,2023,9,24285,290,20,2.0,2.0,2.0,2.0,0.0,0.0,25.0,1.857142857142859
2023-10-31,Wake,NC,Passenger,2.0,0.0,2.0,71.0,73.0,2.74,2023,10,24286,290,21,2.0,2.0,2.0,2.0,0.0,0.0,27.0,2.000000000000001
2023-11-30,Wake,NC,Passenger,2.0,0.0,2.0,69.0,71.0,2.82,2023,11,24287,290,22,2.0,2.0,2.0,2.0,0.0,0.0,29.0,2.000000000000001
2023-12-31,Wake,NC,Passenger,2.0,0.0,2.0,67.0,69.0,2.9,2023,12,24288,290,23,2.0,2.0,2.0,2.0,0.0,0.0,31.0,2.0000000000000004
2024-01-31,Wake,NC,Passenger,2.0,0.0,2.0,63.0,65.0,3.08,2024,1,24289,290,24,2.0,2.0,2.0,2.0,0.0,0.0,33.0,2.0000000000000013
2024-02-29,Wake,NC,Passenger,2.0,0.0,2.0,61.0,63.0,3.17,2024,2,24290,290,25,2.0,2.0,2.0,2.0,0.0,0.0,35.0,2.000000000000001
2018-10-31,Washington,OR,Passenger,0.0,1.0,1.0,479.0,480.0,0.21,2018,10,24226,292,5,1.0,1.0,1.0,1.0,0.0,0.0,6.0,0.9999999999999998
2018-11-30,Washington,OR,Passenger,0.0,1.0,1.0,475.0,476.0,0.21,2018,11,24227,292,6,1.0,1.0,1.0,1.0,0.0,0.0,7.0,0.9999999999999998
2018-12-31,Washington,OR,Passenger,0.0,1.0,1.0,477.0,478.0,0.21,2018,12,24228,292,7,1.0,1.0,1.0,1.0,0.0,0.0,8.0,0.9999999999999999
2019-01-31,Washington,OR,Passenger,0.0,1.0,1.0,477.0,478.0,0.21,2019,1,24229,292,8,1.0,1.0,1.0,1.0,0.0,0.0,9.0,1.0000000000000002
2019-02-28,Washington,OR,Passenger,0.0,1.0,1.0,474.0,475.0,0.21,2019,2,24230,292,9,1.0,1.0,1.0,1.0,0.0,0.0,10.0,1.0000000000000002
2019-03-31,Washington,OR,Passenger,0.0,1.0,1.0,469.0,470.0,0.21,2019,3,24231,292,10,1.0,1.0,1.0,1.0,0.0,0.0,11.0,1.0
2019-12-31,Washington,OR,Passenger,1.0,0.0,1.0,464.0,465.0,0.22,2019,12,24240,292,11,1.0,1.0,1.0,1.0,0.0,0.0,12.0,1.0000000000000002
2020-01-31,Washington,OR,Passenger,1.0,0.0,1.0,467.0,468.0,0.21,2020,1,24241,292,12,1.0,1.0,1.0,1.0,0.0,0.0,13.0,1.0000000000000002
2020-02-29,Washington,OR,Passenger,1.0,0.0,1.0,470.0,471.0,0.21,2020,2,24242,292,13,1.0,1.0,1.0,1.0,0.0,0.0,14.0,1.0000000000000009
2020-03-31,Washington,OR,Passenger,1.0,0.0,1.0,465.0,466.0,0.21,2020,3,24243,292,14,1.0,1.0,1.0,1.0,0.0,0.0,15.0,1.0000000000000007
2020-04-30,Washington,OR,Passenger,1.0,0.0,1.0,458.0,459.0,0.22,2020,4,24244,292,15,1.0,1.0,1.0,1.0,0.0,0.0,16.0,1.0000000000000009
2020-05-31,Washington,OR,Passenger,1.0,0.0,1.0,455.0,456.0,0.22,2020,5,24245,292,16,1.0,1.0,1.0,1.0,0.0,0.0,17.0,1.0
2020-06-30,Washington,OR,Passenger,1.0,0.0,1.0,449.0,450.0,0.22,2020,6,24246,292,17,1.0,1.0,1.0,1.0,0.0,0.0,18.0,1.0000000000000002
2020-07-31,Washington,OR,Passenger,1.0,0.0,1.0,443.0,444.0,0.23,2020,7,24247,292,18,1.0,1.0,1.0,1.0,0.0,0.0,19.0,1.000000000000002
2020-08-31,Washington,OR,Passenger,1.0,0.0,1.0,443.0,444.0,0.23,2020,8,24248,292,19,1.0,1.0,1.0,1.0,0.0,0.0,20.0,0.9999999999999998
2020-09-30,Washington,OR,Passenger,1.0,0.0,1.0,436.0,437.0,0.23,2020,9,24249,292,20,1.0,1.0,1.0,1.0,0.0,0.0,21.0,1.000000000000001
2020-10-31,Washington,OR,Passenger,1.0,0.0,1.0,434.0,435.0,0.23,2020,10,24250,292,21,1.0,1.0,1.0,1.0,0.0,0.0,22.0,1.0000000000000013
2020-11-30,Washington,OR,Passenger,1.0,0.0,1.0,430.0,431.0,0.23,2020,11,24251,292,22,1.0,1.0,1.0,1.0,0.0,0.0,23.0,1.0000000000000013
2020-12-31,Washington,OR,Passenger,1.0,0.0,1.0,423.0,424.0,0.24,2020,12,24252,292,23,1.0,1.0,1.0,1.0,0.0,0.0,24.0,1.0000000000000004
2021-01-31,Washington,OR,Passenger,1.0,0.0,1.0,415.0,416.0,0.24,2021,1,24253,292,24,1.0,1.0,1.0,1.0,0.0,0.0,25.0,1.0000000000000013
2021-02-28,Washington,MD,Passenger,1.0,0.0,1.0,9.0,10.0,6.9025,2021,2,24254,292,25,1.0,1.0,1.0,1.0,0.0,0.0,26.0,1.0000000000000013
2021-02-28,Washington,OR,Passenger,1.0,0.0,1.0,413.0,414.0,0.24,2021,2,24254,292,26,1.0,1.0,1.0,1.0,0.0,0.0,27.0,1.0000000000000013
2021-03-31,Washington,MD,Passenger,1.0,0.0,1.0,10.0,11.0,6.9025,2021,3,24255,292,27,1.0,1.0,1.0,1.0,0.0,0.0,28.0,1.0000000000000013
2021-03-31,Washington,OR,Passenger,1.0,0.0,1.0,408.0,409.0,0.24,2021,3,24255,292,28,1.0,1.0,1.0,1.0,0.0,0.0,29.0,1.0000000000000024
2021-04-30,Washington,OR,Passenger,1.0,0.0,1.0,408.0,409.0,0.24,2021,4,24256,292,29,1.0,1.0,1.0,1.0,0.0,0.0,30.0,1.000000000000002
2021-04-30,Washington,MD,Passenger,1.0,0.0,1.0,10.0,11.0,6.9025,2021,4,24256,292,30,1.0,1.0,1.0,1.0,0.0,0.0,31.0,1.0000000000000009
2021-05-31,Washington,OR,Passenger,1.0,0.0,1.0,401.0,402.0,0.25,2021,5,24257,292,31,1.0,1.0,1.0,1.0,0.0,0.0,32.0,1.000000000000002
2021-05-31,Washington,MD,Passenger,1.0,0.0,1.0,11.0,12.0,6.9025,2021,5,24257,292,32,1.0,1.0,1.0,1.0,0.0,0.0,33.0,1.0000000000000038
2021-06-30,Washington,MD,Passenger,1.0,0.0,1.0,11.0,12.0,6.9025,2021,6,24258,292,33,1.0,1.0,1.0,1.0,0.0,0.0,34.0,1.0000000000000004
2021-06-30,Washington,OR,Passenger,1.0,0.0,1.0,398.0,399.0,0.25,2021,6,24258,292,34,1.0,1.0,1.0,1.0,0.0,0.0,35.0,1.000000000000002
2021-07-31,Washington,OR,Passenger,1.0,0.0,1.0,394.0,395.0,0.25,2021,7,24259,292,35,1.0,1.0,1.0,1.0,0.0,0.0,36.0,1.0000000000000029
2021-07-31,Washington,MD,Passenger,2.0,0.0,2.0,11.0,13.0,6.9025,2021,7,24259,292,36,1.0,1.0,1.0,1.0,1.0,1.0,38.0,1.1428571428571421
2021-08-31,Washington,MD,Passenger,2.0,0.0,2.0,11.0,13.0,6.9025,2021,8,24260,292,37,2.0,1.0,1.0,1.3333333333333333,0.0,1.0,40.0,1.3714285714285748
2021-08-31,Washington,OR,Passenger,1.0,0.0,1.0,385.0,386.0,0.26,2021,8,24260,292,38,2.0,2.0,1.0,1.6666666666666667,-0.5,0.0,41.0,1.4857142857142878
2021-09-30,Washington,MD,Passenger,2.0,0.0,2.0,11.0,13.0,6.9025,2021,9,24261,292,39,1.0,2.0,2.0,1.6666666666666667,1.0,0.0,43.0,1.62857142857143
2021-09-30,Washington,OR,Passenger,1.0,0.0,1.0,380.0,381.0,0.26,2021,9,24261,292,40,2.0,1.0,2.0,1.6666666666666667,-0.5,-0.5,44.0,1.6000000000000016
2021-10-31,Washington,OR,Passenger,1.0,0.0,1.0,373.0,374.0,0.27,2021,10,24262,292,41,1.0,2.0,1.0,1.3333333333333333,0.0,0.0,45.0,1.400000000000003
2021-10-31,Washington,MD,Passenger,2.0,0.0,2.0,11.0,13.0,6.9025,2021,10,24262,292,42,1.0,1.0,2.0,1.3333333333333333,1.0,0.0,47.0,1.371428571428573
2021-11-30,Washington,OR,Passenger,1.0,0.0,1.0,366.0,367.0,0.27,2021,11,24263,292,43,2.0,1.0,1.0,1.3333333333333333,-0.5,0.0,48.0,1.3714285714285739
2021-11-30,Washington,MD,Passenger,2.0,0.0,2.0,12.0,14.0,6.9025,2021,11,24263,292,44,1.0,2.0,1.0,1.3333333333333333,1.0,1.0,50.0,1.400000000000003
2021-12-31,Washington,MD,Passenger,2.0,0.0,2.0,12.0,14.0,6.9025,2021,12,24264,292,45,2.0,1.0,2.0,1.6666666666666667,0.0,0.0,52.0,1.6000000000000028
2022-01-31,Washington,MD,Passenger,2.0,0.0,2.0,12.0,14.0,6.9025,2022,1,24265,292,46,2.0,2.0,1.0,1.6666666666666667,0.0,1.0,54.0,1.771428571428574
2022-02-28,Washington,MD,Passenger,2.0,0.0,2.0,12.0,14.0,6.9025,2022,2,24266,292,47,2.0,2.0,2.0,2.0,0.0,0.0,56.0,1.8571428571428588
2022-03-31,Washington,MD,Passenger,2.0,0.0,2.0,12.0,14.0,6.9025,2022,3,24267,292,48,2.0,2.0,2.0,2.0,0.0,0.0,58.0,2.000000000000005
2022-04-30,Washington,MD,Passenger,2.0,0.0,2.0,12.0,14.0,6.9025,2022,4,24268,292,49,2.0,2.0,2.0,2.0,0.0,0.0,60.0,2.000000000000004
2022-05-31,Washington,MD,Passenger,2.0,0.0,2.0,12.0,14.0,6.9025,2022,5,24269,292,50,2.0,2.0,2.0,2.0,0.0,0.0,62.0,2.0000000000000018
2022-06-30,Washington,MD,Passenger,2.0,0.0,2.0,13.0,15.0,6.9025,2022,6,24270,292,51,2.0,2.0,2.0,2.0,0.0,0.0,64.0,2.000000000000004
2022-07-31,Washington,MD,Passenger,2.0,0.0,2.0,13.0,15.0,6.9025,2022,7,24271,292,52,2.0,2.0,2.0,2.0,0.0,0.0,66.0,2.0000000000000075
2022-08-31,Washington,MD,Passenger,2.0,0.0,2.0,13.0,15.0,6.9025,2022,8,24272,292,53,2.0,2.0,2.0,2.0,0.0,0.0,68.0,2.000000000000001
2022-09-30,Washington,MD,Passenger,2.0,0.0,2.0,13.0,15.0,6.9025,2022,9,24273,292,54,2.0,2.0,2.0,2.0,0.0,0.0,70.0,2.000000000000004
2022-09-30,Washington,OR,Passenger,1.0,0.0,1.0,306.0,307.0,0.33,2022,9,24273,292,55,2.0,2.0,2.0,2.0,-0.5,-0.5,71.0,1.8571428571428616
2022-10-31,Washington,OR,Passenger,1.0,0.0,1.0,296.0,297.0,0.34,2022,10,24274,292,56,1.0,2.0,2.0,1.6666666666666667,0.0,-0.5,72.0,1.6285714285714281
2022-10-31,Washington,MD,Passenger,2.0,0.0,2.0,12.0,14.0,6.9025,2022,10,24274,292,57,1.0,1.0,2.0,1.3333333333333333,1.0,0.0,74.0,1.5142857142857151
2022-11-30,Washington,OR,Passenger,1.0,0.0,1.0,290.0,291.0,0.34,2022,11,24275,292,58,2.0,1.0,1.0,1.3333333333333333,-0.5,0.0,75.0,1.3714285714285768
2022-11-30,Washington,MD,Passenger,2.0,0.0,2.0,12.0,14.0,6.9025,2022,11,24275,292,59,1.0,2.0,1.0,1.3333333333333333,1.0,1.0,77.0,1.400000000000006
2022-12-31,Washington,MD,Passenger,2.0,0.0,2.0,12.0,14.0,6.9025,2022,12,24276,292,60,2.0,1.0,2.0,1.6666666666666667,0.0,0.0,79.0,1.6000000000000008
2022-12-31,Washington,OR,Passenger,1.0,0.0,1.0,287.0,288.0,0.35,2022,12,24276,292,61,2.0,2.0,1.0,1.6666666666666667,-0.5,0.0,80.0,1.6285714285714377
2023-01-31,Washington,OR,Passenger,1.0,0.0,1.0,279.0,280.0,0.36,2023,1,24277,292,62,1.0,2.0,2.0,1.6666666666666667,0.0,-0.5,81.0,1.4857142857142915
2023-01-31,Washington,MD,Passenger,2.0,0.0,2.0,12.0,14.0,6.9025,2023,1,24277,292,63,1.0,1.0,2.0,1.3333333333333333,1.0,0.0,83.0,1.514285714285721
2023-02-28,Washington,OR,Passenger,1.0,0.0,1.0,276.0,277.0,0.36,2023,2,24278,292,64,2.0,1.0,1.0,1.3333333333333333,-0.5,0.0,84.0,1.3714285714285748
2023-02-28,Washington,MD,Passenger,2.0,0.0,2.0,12.0,14.0,6.9025,2023,2,24278,292,65,1.0,2.0,1.0,1.3333333333333333,1.0,1.0,86.0,1.4000000000000021
2023-03-31,Washington,MD,Passenger,2.0,0.0,2.0,11.0,13.0,6.9025,2023,3,24279,292,66,2.0,1.0,2.0,1.6666666666666667,0.0,0.0,88.0,1.6000000000000065
2023-03-31,Washington,OR,Passenger,1.0,0.0,1.0,265.0,266.0,0.38,2023,3,24279,292,67,2.0,2.0,1.0,1.6666666666666667,-0.5,0.0,89.0,1.6285714285714357
2023-04-30,Washington,OR,Passenger,1.0,0.0,1.0,247.0,248.0,0.4,2023,4,24280,292,68,1.0,2.0,2.0,1.6666666666666667,0.0,-0.5,90.0,1.4857142857142915
2023-04-30,Washington,MD,Passenger,2.0,0.0,2.0,11.0,13.0,6.9025,2023,4,24280,292,69,1.0,1.0,2.0,1.3333333333333333,1.0,0.0,92.0,1.514285714285721
2023-05-31,Washington,OR,Passenger,1.0,0.0,1.0,242.0,243.0,0.41,2023,5,24281,292,70,2.0,1.0,1.0,1.3333333333333333,-0.5,0.0,93.0,1.3714285714285768
2023-05-31,Washington,MD,Passenger,2.0,0.0,2.0,11.0,13.0,6.9025,2023,5,24281,292,71,1.0,2.0,1.0,1.3333333333333333,1.0,1.0,95.0,1.4000000000000001
2023-06-30,Washington,OR,Passenger,1.0,0.0,1.0,235.0,236.0,0.42,2023,6,24282,292,72,2.0,1.0,2.0,1.6666666666666667,-0.5,-0.5,96.0,1.4571428571428644
2023-06-30,Washington,MD,Passenger,1.0,0.0,1.0,11.0,12.0,6.9025,2023,6,24282,292,73,1.0,2.0,1.0,1.3333333333333333,0.0,0.0,97.0,1.400000000000006
2023-07-31,Washington,MD,Passenger,1.0,0.0,1.0,11.0,12.0,6.9025,2023,7,24283,292,74,1.0,1.0,2.0,1.3333333333333333,0.0,-0.5,98.0,1.2285714285714364
2023-07-31,Washington,OR,Passenger,1.0,0.0,1.0,232.0,233.0,0.43,2023,7,24283,292,75,1.0,1.0,1.0,1.0,0.0,0.0,99.0,1.1428571428571508
2023-08-31,Washington,MD,Passenger,1.0,0.0,1.0,11.0,12.0,6.9025,2023,8,24284,292,76,1.0,1.0,1.0,1.0,0.0,0.0,100.0,1.0000000000000029
2023-09-30,Washington,MD,Passenger,1.0,0.0,1.0,11.0,12.0,6.9025,2023,9,24285,292,77,1.0,1.0,1.0,1.0,0.0,0.0,101.0,1.0000000000000087
2023-10-31,Washington,MD,Passenger,1.0,0.0,1.0,10.0,11.0,6.9025,2023,10,24286,292,78,1.0,1.0,1.0,1.0,0.0,0.0,102.0,1.0000000000000009
2023-11-30,Washington,MD,Passenger,1.0,0.0,1.0,11.0,12.0,6.9025,2023,11,24287,292,79,1.0,1.0,1.0,1.0,0.0,0.0,103.0,1.0000000000000087
2023-12-31,Washington,MD,Passenger,1.0,0.0,1.0,11.0,12.0,6.9025,2023,12,24288,292,80,1.0,1.0,1.0,1.0,0.0,0.0,104.0,1.0000000000000067
2018-11-30,Washoe,NV,Passenger,1.0,0.0,1.0,112.0,113.0,0.88,2018,11,24227,293,5,1.0,1.0,1.0,1.0,0.0,0.0,6.0,0.9999999999999998
2018-12-31,Washoe,NV,Passenger,2.0,0.0,2.0,115.0,117.0,1.71,2018,12,24228,293,6,1.0,1.0,1.0,1.0,1.0,1.0,8.0,1.1428571428571426
2019-01-31,Washoe,NV,Passenger,2.0,0.0,2.0,111.0,113.0,1.77,2019,1,24229,293,7,2.0,1.0,1.0,1.3333333333333333,0.0,1.0,10.0,1.3714285714285712
2019-02-28,Washoe,NV,Passenger,2.0,0.0,2.0,109.0,111.0,1.8,2019,2,24230,293,8,2.0,2.0,1.0,1.6666666666666667,0.0,1.0,12.0,1.6285714285714283
2019-03-31,Washoe,NV,Passenger,2.0,0.0,2.0,110.0,112.0,1.79,2019,3,24231,293,9,2.0,2.0,2.0,2.0,0.0,0.0,14.0,1.8571428571428572
2019-04-30,Washoe,NV,Passenger,2.0,0.0,2.0,113.0,115.0,1.74,2019,4,24232,293,10,2.0,2.0,2.0,2.0,0.0,0.0,16.0,1.9999999999999998
2019-05-31,Washoe,NV,Passenger,2.0,0.0,2.0,113.0,115.0,1.74,2019,5,24233,293,11,2.0,2.0,2.0,2.0,0.0,0.0,18.0,2.0000000000000004
2019-06-30,Washoe,NV,Passenger,2.0,0.0,2.0,118.0,120.0,1.67,2019,6,24234,293,12,2.0,2.0,2.0,2.0,0.0,0.0,20.0,2.0000000000000004
2019-07-31,Washoe,NV,Passenger,2.0,0.0,2.0,115.0,117.0,1.71,2019,7,24235,293,13,2.0,2.0,2.0,2.0,0.0,0.0,22.0,2.0
2019-08-31,Washoe,NV,Passenger,2.0,0.0,2.0,114.0,116.0,1.72,2019,8,24236,293,14,2.0,2.0,2.0,2.0,0.0,0.0,24.0,2.0000000000000004
2019-09-30,Washoe,NV,Passenger,2.0,0.0,2.0,112.0,114.0,1.75,2019,9,24237,293,15,2.0,2.0,2.0,2.0,0.0,0.0,26.0,2.0000000000000004
2019-10-31,Washoe,NV,Passenger,2.0,0.0,2.0,113.0,115.0,1.74,2019,10,24238,293,16,2.0,2.0,2.0,2.0,0.0,0.0,28.0,2.0000000000000018
2019-11-30,Washoe,NV,Passenger,1.0,0.0,1.0,114.0,115.0,0.87,2019,11,24239,293,17,2.0,2.0,2.0,2.0,-0.5,-0.5,29.0,1.8571428571428583
2019-12-31,Washoe,NV,Passenger,1.0,0.0,1.0,114.0,115.0,0.87,2019,12,24240,293,18,1.0,2.0,2.0,1.6666666666666667,0.0,-0.5,30.0,1.62857142857143
2020-01-31,Washoe,NV,Passenger,1.0,0.0,1.0,113.0,114.0,0.88,2020,1,24241,293,19,1.0,1.0,2.0,1.3333333333333333,0.0,-0.5,31.0,1.3714285714285734
2020-02-29,Washoe,NV,Passenger,1.0,0.0,1.0,115.0,116.0,0.86,2020,2,24242,293,20,1.0,1.0,1.0,1.0,0.0,0.0,32.0,1.1428571428571421
2020-03-31,Washoe,NV,Passenger,1.0,0.0,1.0,115.0,116.0,0.86,2020,3,24243,293,21,1.0,1.0,1.0,1.0,0.0,0.0,33.0,1.0000000000000038
2020-04-30,Washoe,NV,Passenger,1.0,0.0,1.0,112.0,113.0,0.88,2020,4,24244,293,22,1.0,1.0,1.0,1.0,0.0,0.0,34.0,1.0000000000000004
2020-05-31,Washoe,NV,Passenger,1.0,0.0,1.0,111.0,112.0,0.89,2020,5,24245,293,23,1.0,1.0,1.0,1.0,0.0,0.0,35.0,1.000000000000002
2020-06-30,Washoe,NV,Passenger,1.0,0.0,1.0,109.0,110.0,0.91,2020,6,24246,293,24,1.0,1.0,1.0,1.0,0.0,0.0,36.0,1.0000000000000029
2020-07-31,Washoe,NV,Passenger,1.0,0.0,1.0,106.0,107.0,0.93,2020,7,24247,293,25,1.0,1.0,1.0,1.0,0.0,0.0,37.0,1.0000000000000038
2020-08-31,Washoe,NV,Passenger,1.0,0.0,1.0,105.0,106.0,0.94,2020,8,24248,293,26,1.0,1.0,1.0,1.0,0.0,0.0,38.0,1.0
2020-09-30,Washoe,NV,Passenger,1.0,0.0,1.0,104.0,105.0,0.95,2020,9,24249,293,27,1.0,1.0,1.0,1.0,0.0,0.0,39.0,1.0000000000000009
2020-10-31,Washoe,NV,Passenger,1.0,0.0,1.0,105.0,106.0,0.94,2020,10,24250,293,28,1.0,1.0,1.0,1.0,0.0,0.0,40.0,1.0000000000000009
2020-11-30,Washoe,NV,Passenger,1.0,0.0,1.0,108.0,109.0,0.92,2020,11,24251,293,29,1.0,1.0,1.0,1.0,0.0,0.0,41.0,1.0000000000000038
2020-12-31,Washoe,NV,Passenger,1.0,0.0,1.0,106.0,107.0,0.93,2020,12,24252,293,30,1.0,1.0,1.0,1.0,0.0,0.0,42.0,1.0000000000000009
2021-01-31,Washoe,NV,Passenger,1.0,0.0,1.0,104.0,105.0,0.95,2021,1,24253,293,31,1.0,1.0,1.0,1.0,0.0,0.0,43.0,1.0000000000000029
2021-02-28,Washoe,NV,Passenger,1.0,0.0,1.0,102.0,103.0,0.97,2021,2,24254,293,32,1.0,1.0,1.0,1.0,0.0,0.0,44.0,1.0000000000000029
2021-03-31,Washoe,NV,Passenger,1.0,0.0,1.0,101.0,102.0,0.98,2021,3,24255,293,33,1.0,1.0,1.0,1.0,0.0,0.0,45.0,1.0000000000000009
2023-02-28,Washoe,NV,Passenger,1.0,0.0,1.0,58.0,59.0,1.69,2023,2,24278,293,34,1.0,1.0,1.0,1.0,0.0,0.0,46.0,1.0000000000000009
2023-03-31,Washoe,NV,Passenger,1.0,0.0,1.0,58.0,59.0,1.69,2023,3,24279,293,35,1.0,1.0,1.0,1.0,0.0,0.0,47.0,1.0000000000000029
2023-04-30,Washoe,NV,Passenger,1.0,0.0,1.0,56.0,57.0,1.75,2023,4,24280,293,36,1.0,1.0,1.0,1.0,0.0,0.0,48.0,1.0000000000000009
2023-05-31,Washoe,NV,Passenger,1.0,0.0,1.0,54.0,55.0,1.82,2023,5,24281,293,37,1.0,1.0,1.0,1.0,0.0,0.0,49.0,1.000000000000002
2023-06-30,Washoe,NV,Passenger,1.0,0.0,1.0,53.0,54.0,1.85,2023,6,24282,293,38,1.0,1.0,1.0,1.0,0.0,0.0,50.0,1.000000000000002
2023-07-31,Washoe,NV,Passenger,1.0,0.0,1.0,53.0,54.0,1.85,2023,7,24283,293,39,1.0,1.0,1.0,1.0,0.0,0.0,51.0,1.000000000000002
2023-08-31,Washoe,NV,Passenger,1.0,0.0,1.0,51.0,52.0,1.92,2023,8,24284,293,40,1.0,1.0,1.0,1.0,0.0,0.0,52.0,1.0000000000000009
2023-09-30,Washoe,NV,Passenger,1.0,0.0,1.0,49.0,50.0,2.0,2023,9,24285,293,41,1.0,1.0,1.0,1.0,0.0,0.0,53.0,1.0000000000000029
2023-10-31,Washoe,NV,Passenger,1.0,0.0,1.0,47.0,48.0,2.08,2023,10,24286,293,42,1.0,1.0,1.0,1.0,0.0,0.0,54.0,1.0000000000000049
2023-11-30,Washoe,NV,Passenger,1.0,0.0,1.0,45.0,46.0,2.17,2023,11,24287,293,43,1.0,1.0,1.0,1.0,0.0,0.0,55.0,1.0000000000000038
2023-12-31,Washoe,NV,Passenger,1.0,0.0,1.0,45.0,46.0,2.17,2023,12,24288,293,44,1.0,1.0,1.0,1.0,0.0,0.0,56.0,1.0
2024-01-31,Washoe,NV,Passenger,1.0,0.0,1.0,44.0,45.0,2.22,2024,1,24289,293,45,1.0,1.0,1.0,1.0,0.0,0.0,57.0,1.000000000000002
2024-02-29,Washoe,NV,Passenger,1.0,0.0,1.0,44.0,45.0,2.22,2024,2,24290,293,46,1.0,1.0,1.0,1.0,0.0,0.0,58.0,1.0000000000000038
2018-08-31,Washtenaw,MI,Passenger,1.0,0.0,1.0,38.0,39.0,2.56,2018,8,24224,294,5,1.0,1.0,1.0,1.0,0.0,0.0,6.0,0.9999999999999998
2018-09-30,Washtenaw,MI,Passenger,1.0,0.0,1.0,38.0,39.0,2.56,2018,9,24225,294,6,1.0,1.0,1.0,1.0,0.0,0.0,7.0,0.9999999999999998
2018-10-31,Washtenaw,MI,Passenger,1.0,0.0,1.0,38.0,39.0,2.56,2018,10,24226,294,7,1.0,1.0,1.0,1.0,0.0,0.0,8.0,0.9999999999999999
2018-11-30,Washtenaw,MI,Passenger,1.0,0.0,1.0,39.0,40.0,2.5,2018,11,24227,294,8,1.0,1.0,1.0,1.0,0.0,0.0,9.0,1.0000000000000002
2018-12-31,Washtenaw,MI,Passenger,1.0,0.0,1.0,40.0,41.0,2.44,2018,12,24228,294,9,1.0,1.0,1.0,1.0,0.0,0.0,10.0,1.0000000000000002
2019-01-31,Washtenaw,MI,Passenger,1.0,0.0,1.0,39.0,40.0,2.5,2019,1,24229,294,10,1.0,1.0,1.0,1.0,0.0,0.0,11.0,1.0
2019-02-28,Washtenaw,MI,Passenger,1.0,0.0,1.0,38.0,39.0,2.56,2019,2,24230,294,11,1.0,1.0,1.0,1.0,0.0,0.0,12.0,1.0000000000000002
2019-03-31,Washtenaw,MI,Passenger,1.0,0.0,1.0,37.0,38.0,2.63,2019,3,24231,294,12,1.0,1.0,1.0,1.0,0.0,0.0,13.0,1.0000000000000002
2019-04-30,Washtenaw,MI,Passenger,1.0,0.0,1.0,37.0,38.0,2.63,2019,4,24232,294,13,1.0,1.0,1.0,1.0,0.0,0.0,14.0,1.0000000000000009
2019-05-31,Washtenaw,MI,Passenger,1.0,0.0,1.0,38.0,39.0,2.56,2019,5,24233,294,14,1.0,1.0,1.0,1.0,0.0,0.0,15.0,1.0000000000000007
2019-06-30,Washtenaw,MI,Passenger,1.0,0.0,1.0,40.0,41.0,2.44,2019,6,24234,294,15,1.0,1.0,1.0,1.0,0.0,0.0,16.0,1.0000000000000009
2019-07-31,Washtenaw,MI,Passenger,1.0,0.0,1.0,41.0,42.0,2.38,2019,7,24235,294,16,1.0,1.0,1.0,1.0,0.0,0.0,17.0,1.0
2019-08-31,Washtenaw,MI,Passenger,1.0,0.0,1.0,41.0,42.0,2.38,2019,8,24236,294,17,1.0,1.0,1.0,1.0,0.0,0.0,18.0,1.0000000000000002
2019-09-30,Washtenaw,MI,Passenger,1.0,0.0,1.0,41.0,42.0,2.38,2019,9,24237,294,18,1.0,1.0,1.0,1.0,0.0,0.0,19.0,1.000000000000002
2019-10-31,Washtenaw,MI,Passenger,1.0,0.0,1.0,40.0,41.0,2.44,2019,10,24238,294,19,1.0,1.0,1.0,1.0,0.0,0.0,20.0,0.9999999999999998
2019-11-30,Washtenaw,MI,Passenger,1.0,0.0,1.0,41.0,42.0,2.38,2019,11,24239,294,20,1.0,1.0,1.0,1.0,0.0,0.0,21.0,1.000000000000001
2019-12-31,Washtenaw,MI,Passenger,1.0,0.0,1.0,41.0,42.0,2.38,2019,12,24240,294,21,1.0,1.0,1.0,1.0,0.0,0.0,22.0,1.0000000000000013
2020-01-31,Washtenaw,MI,Passenger,1.0,0.0,1.0,40.0,41.0,2.44,2020,1,24241,294,22,1.0,1.0,1.0,1.0,0.0,0.0,23.0,1.0000000000000013
2020-02-29,Washtenaw,MI,Passenger,1.0,0.0,1.0,39.0,40.0,2.5,2020,2,24242,294,23,1.0,1.0,1.0,1.0,0.0,0.0,24.0,1.0000000000000004
2020-03-31,Washtenaw,MI,Passenger,1.0,0.0,1.0,36.0,37.0,2.7,2020,3,24243,294,24,1.0,1.0,1.0,1.0,0.0,0.0,25.0,1.0000000000000013
2020-04-30,Washtenaw,MI,Passenger,1.0,0.0,1.0,36.0,37.0,2.7,2020,4,24244,294,25,1.0,1.0,1.0,1.0,0.0,0.0,26.0,1.0000000000000013
2020-05-31,Washtenaw,MI,Passenger,1.0,0.0,1.0,34.0,35.0,2.86,2020,5,24245,294,26,1.0,1.0,1.0,1.0,0.0,0.0,27.0,1.0000000000000013
2020-06-30,Washtenaw,MI,Passenger,1.0,0.0,1.0,36.0,37.0,2.7,2020,6,24246,294,27,1.0,1.0,1.0,1.0,0.0,0.0,28.0,1.0000000000000013
2020-07-31,Washtenaw,MI,Passenger,1.0,0.0,1.0,36.0,37.0,2.7,2020,7,24247,294,28,1.0,1.0,1.0,1.0,0.0,0.0,29.0,1.0000000000000024
2020-08-31,Washtenaw,MI,Passenger,1.0,1.0,2.0,37.0,39.0,5.13,2020,8,24248,294,29,1.0,1.0,1.0,1.0,1.0,1.0,31.0,1.1428571428571455
2020-09-30,Washtenaw,MI,Passenger,1.0,1.0,2.0,35.0,37.0,5.41,2020,9,24249,294,30,2.0,1.0,1.0,1.3333333333333333,0.0,1.0,33.0,1.3714285714285714
2020-10-31,Washtenaw,MI,Passenger,1.0,1.0,2.0,32.0,34.0,5.88,2020,10,24250,294,31,2.0,2.0,1.0,1.6666666666666667,0.0,1.0,35.0,1.628571428571429
2020-11-30,Washtenaw,MI,Passenger,1.0,1.0,2.0,33.0,35.0,5.71,2020,11,24251,294,32,2.0,2.0,2.0,2.0,0.0,0.0,37.0,1.8571428571428596
2020-12-31,Washtenaw,MI,Passenger,1.0,1.0,2.0,33.0,35.0,5.71,2020,12,24252,294,33,2.0,2.0,2.0,2.0,0.0,0.0,39.0,1.9999999999999991
2021-01-31,Washtenaw,MI,Passenger,1.0,1.0,2.0,33.0,35.0,5.71,2021,1,24253,294,34,2.0,2.0,2.0,2.0,0.0,0.0,41.0,2.0000000000000027
2021-02-28,Washtenaw,MI,Passenger,1.0,1.0,2.0,32.0,34.0,5.88,2021,2,24254,294,35,2.0,2.0,2.0,2.0,0.0,0.0,43.0,2.0000000000000027
2021-03-31,Washtenaw,MI,Passenger,0.0,1.0,1.0,32.0,33.0,3.03,2021,3,24255,294,36,2.0,2.0,2.0,2.0,-0.5,-0.5,44.0,1.8571428571428568
2021-04-30,Washtenaw,MI,Passenger,0.0,1.0,1.0,32.0,33.0,3.03,2021,4,24256,294,37,1.0,2.0,2.0,1.6666666666666667,0.0,-0.5,45.0,1.62857142857143
2021-05-31,Washtenaw,MI,Passenger,0.0,1.0,1.0,30.0,31.0,3.23,2021,5,24257,294,38,1.0,1.0,2.0,1.3333333333333333,0.0,-0.5,46.0,1.3714285714285759
2021-06-30,Washtenaw,MI,Passenger,0.0,1.0,1.0,29.0,30.0,3.33,2021,6,24258,294,39,1.0,1.0,1.0,1.0,0.0,0.0,47.0,1.142857142857148
2021-07-31,Washtenaw,MI,Passenger,0.0,1.0,1.0,30.0,31.0,3.23,2021,7,24259,294,40,1.0,1.0,1.0,1.0,0.0,0.0,48.0,1.0000000000000009
2021-08-31,Washtenaw,MI,Passenger,0.0,1.0,1.0,30.0,31.0,3.23,2021,8,24260,294,41,1.0,1.0,1.0,1.0,0.0,0.0,49.0,1.000000000000002
2021-09-30,Washtenaw,MI,Passenger,0.0,1.0,1.0,30.0,31.0,3.23,2021,9,24261,294,42,1.0,1.0,1.0,1.0,0.0,0.0,50.0,1.000000000000002
2021-10-31,Washtenaw,MI,Passenger,0.0,1.0,1.0,30.0,31.0,3.23,2021,10,24262,294,43,1.0,1.0,1.0,1.0,0.0,0.0,51.0,1.000000000000002
2021-11-30,Washtenaw,MI,Passenger,0.0,1.0,1.0,31.0,32.0,3.12,2021,11,24263,294,44,1.0,1.0,1.0,1.0,0.0,0.0,52.0,1.0000000000000009
2021-12-31,Washtenaw,MI,Passenger,0.0,1.0,1.0,31.0,32.0,3.12,2021,12,24264,294,45,1.0,1.0,1.0,1.0,0.0,0.0,53.0,1.0000000000000029
2022-01-31,Washtenaw,MI,Passenger,0.0,1.0,1.0,30.0,31.0,3.23,2022,1,24265,294,46,1.0,1.0,1.0,1.0,0.0,0.0,54.0,1.0000000000000049
2022-02-28,Washtenaw,MI,Passenger,0.0,1.0,1.0,31.0,32.0,3.12,2022,2,24266,294,47,1.0,1.0,1.0,1.0,0.0,0.0,55.0,1.0000000000000038
2022-03-31,Washtenaw,MI,Passenger,0.0,1.0,1.0,30.0,31.0,3.23,2022,3,24267,294,48,1.0,1.0,1.0,1.0,0.0,0.0,56.0,1.0
2022-04-30,Washtenaw,MI,Passenger,0.0,1.0,1.0,29.0,30.0,3.33,2022,4,24268,294,49,1.0,1.0,1.0,1.0,0.0,0.0,57.0,1.000000000000002
2022-05-31,Washtenaw,MI,Passenger,0.0,1.0,1.0,29.0,30.0,3.33,2022,5,24269,294,50,1.0,1.0,1.0,1.0,0.0,0.0,58.0,1.0000000000000038
2022-06-30,Washtenaw,MI,Passenger,0.0,1.0,1.0,28.0,29.0,3.45,2022,6,24270,294,51,1.0,1.0,1.0,1.0,0.0,0.0,59.0,1.0000000000000038
2022-07-31,Washtenaw,MI,Passenger,0.0,1.0,1.0,28.0,29.0,3.45,2022,7,24271,294,52,1.0,1.0,1.0,1.0,0.0,0.0,60.0,1.0000000000000038
2022-08-31,Washtenaw,MI,Passenger,0.0,1.0,1.0,28.0,29.0,3.45,2022,8,24272,294,53,1.0,1.0,1.0,1.0,0.0,0.0,61.0,1.0000000000000049
2022-09-30,Washtenaw,MI,Passenger,0.0,1.0,1.0,28.0,29.0,3.45,2022,9,24273,294,54,1.0,1.0,1.0,1.0,0.0,0.0,62.0,1.0000000000000067
2022-10-31,Washtenaw,MI,Passenger,0.0,1.0,1.0,26.0,27.0,3.7,2022,10,24274,294,55,1.0,1.0,1.0,1.0,0.0,0.0,63.0,1.0000000000000009
2022-11-30,Washtenaw,MI,Passenger,0.0,1.0,1.0,24.0,25.0,4.0,2022,11,24275,294,56,1.0,1.0,1.0,1.0,0.0,0.0,64.0,0.999999999999999
2022-12-31,Washtenaw,MI,Passenger,0.0,1.0,1.0,24.0,25.0,4.0,2022,12,24276,294,57,1.0,1.0,1.0,1.0,0.0,0.0,65.0,1.0000000000000049
2023-01-31,Washtenaw,MI,Passenger,0.0,2.0,2.0,23.0,25.0,6.9025,2023,1,24277,294,58,1.0,1.0,1.0,1.0,1.0,1.0,67.0,1.142857142857147
2023-02-28,Washtenaw,MI,Passenger,0.0,2.0,2.0,23.0,25.0,6.9025,2023,2,24278,294,59,2.0,1.0,1.0,1.3333333333333333,0.0,1.0,69.0,1.371428571428573
2023-03-31,Washtenaw,MI,Passenger,0.0,2.0,2.0,23.0,25.0,6.9025,2023,3,24279,294,60,2.0,2.0,1.0,1.6666666666666667,0.0,1.0,71.0,1.628571428571432
2023-04-30,Washtenaw,MI,Passenger,0.0,2.0,2.0,23.0,25.0,6.9025,2023,4,24280,294,61,2.0,2.0,2.0,2.0,0.0,0.0,73.0,1.8571428571428559
2023-05-31,Washtenaw,MI,Passenger,0.0,2.0,2.0,22.0,24.0,6.9025,2023,5,24281,294,62,2.0,2.0,2.0,2.0,0.0,0.0,75.0,2.0000000000000058
2023-06-30,Washtenaw,MI,Passenger,0.0,2.0,2.0,21.0,23.0,6.9025,2023,6,24282,294,63,2.0,2.0,2.0,2.0,0.0,0.0,77.0,2.0000000000000058
2023-07-31,Washtenaw,MI,Passenger,0.0,2.0,2.0,20.0,22.0,6.9025,2023,7,24283,294,64,2.0,2.0,2.0,2.0,0.0,0.0,79.0,2.0
2023-08-31,Washtenaw,MI,Passenger,0.0,2.0,2.0,18.0,20.0,6.9025,2023,8,24284,294,65,2.0,2.0,2.0,2.0,0.0,0.0,81.0,2.0000000000000075
2023-09-30,Washtenaw,MI,Passenger,0.0,2.0,2.0,18.0,20.0,6.9025,2023,9,24285,294,66,2.0,2.0,2.0,2.0,0.0,0.0,83.0,2.0000000000000075
2023-10-31,Washtenaw,MI,Passenger,0.0,2.0,2.0,17.0,19.0,6.9025,2023,10,24286,294,67,2.0,2.0,2.0,2.0,0.0,0.0,85.0,2.0000000000000098
2023-11-30,Washtenaw,MI,Passenger,0.0,2.0,2.0,16.0,18.0,6.9025,2023,11,24287,294,68,2.0,2.0,2.0,2.0,0.0,0.0,87.0,2.0000000000000075
2023-12-31,Washtenaw,MI,Passenger,0.0,2.0,2.0,15.0,17.0,6.9025,2023,12,24288,294,69,2.0,2.0,2.0,2.0,0.0,0.0,89.0,2.0000000000000058
2024-01-31,Washtenaw,MI,Passenger,0.0,2.0,2.0,15.0,17.0,6.9025,2024,1,24289,294,70,2.0,2.0,2.0,2.0,0.0,0.0,91.0,2.0000000000000098
2024-02-29,Washtenaw,MI,Passenger,0.0,2.0,2.0,15.0,17.0,6.9025,2024,2,24290,294,71,2.0,2.0,2.0,2.0,0.0,0.0,93.0,2.0000000000000058
2017-06-30,Wayne,MI,Passenger,0.0,1.0,1.0,72.0,73.0,1.37,2017,6,24210,295,5,1.0,1.0,1.0,1.0,0.0,0.0,8.0,1.1428571428571426
2017-07-31,Wayne,MI,Passenger,0.0,1.0,1.0,72.0,73.0,1.37,2017,7,24211,295,6,1.0,1.0,1.0,1.0,0.0,0.0,9.0,1.0000000000000002
2017-08-31,Wayne,MI,Passenger,0.0,1.0,1.0,70.0,71.0,1.41,2017,8,24212,295,7,1.0,1.0,1.0,1.0,0.0,0.0,10.0,1.0000000000000002
2017-09-30,Wayne,MI,Passenger,0.0,1.0,1.0,70.0,71.0,1.41,2017,9,24213,295,8,1.0,1.0,1.0,1.0,0.0,0.0,11.0,1.0
2017-10-31,Wayne,MI,Passenger,0.0,1.0,1.0,71.0,72.0,1.39,2017,10,24214,295,9,1.0,1.0,1.0,1.0,0.0,0.0,12.0,1.0000000000000002
2019-03-31,Wayne,MI,Passenger,0.0,1.0,1.0,70.0,71.0,1.41,2019,3,24231,295,10,1.0,1.0,1.0,1.0,0.0,0.0,13.0,1.0000000000000002
2019-04-30,Wayne,MI,Passenger,0.0,1.0,1.0,71.0,72.0,1.39,2019,4,24232,295,11,1.0,1.0,1.0,1.0,0.0,0.0,14.0,1.0000000000000009
2019-05-31,Wayne,MI,Passenger,0.0,1.0,1.0,69.0,70.0,1.43,2019,5,24233,295,12,1.0,1.0,1.0,1.0,0.0,0.0,15.0,1.0000000000000007
2019-06-30,Wayne,MI,Passenger,0.0,1.0,1.0,67.0,68.0,1.47,2019,6,24234,295,13,1.0,1.0,1.0,1.0,0.0,0.0,16.0,1.0000000000000009
2019-07-31,Wayne,MI,Passenger,0.0,1.0,1.0,67.0,68.0,1.47,2019,7,24235,295,14,1.0,1.0,1.0,1.0,0.0,0.0,17.0,1.0
2019-08-31,Wayne,MI,Passenger,0.0,1.0,1.0,65.0,66.0,1.52,2019,8,24236,295,15,1.0,1.0,1.0,1.0,0.0,0.0,18.0,1.0000000000000002
2019-09-30,Wayne,MI,Passenger,0.0,1.0,1.0,64.0,65.0,1.54,2019,9,24237,295,16,1.0,1.0,1.0,1.0,0.0,0.0,19.0,1.000000000000002
2019-10-31,Wayne,MI,Passenger,0.0,1.0,1.0,63.0,64.0,1.56,2019,10,24238,295,17,1.0,1.0,1.0,1.0,0.0,0.0,20.0,0.9999999999999998
2019-11-30,Wayne,MI,Passenger,0.0,1.0,1.0,62.0,63.0,1.59,2019,11,24239,295,18,1.0,1.0,1.0,1.0,0.0,0.0,21.0,1.000000000000001
2019-12-31,Wayne,MI,Passenger,0.0,1.0,1.0,60.0,61.0,1.64,2019,12,24240,295,19,1.0,1.0,1.0,1.0,0.0,0.0,22.0,1.0000000000000013
2020-01-31,Wayne,MI,Passenger,0.0,1.0,1.0,59.0,60.0,1.67,2020,1,24241,295,20,1.0,1.0,1.0,1.0,0.0,0.0,23.0,1.0000000000000013
2020-02-29,Wayne,MI,Passenger,0.0,1.0,1.0,59.0,60.0,1.67,2020,2,24242,295,21,1.0,1.0,1.0,1.0,0.0,0.0,24.0,1.0000000000000004
2021-04-30,Wichita,TX,Passenger,1.0,0.0,1.0,43.0,44.0,2.27,2021,4,24256,298,5,1.0,1.0,1.0,1.0,0.0,0.0,6.0,0.9999999999999998
2021-05-31,Wichita,TX,Passenger,1.0,0.0,1.0,41.0,42.0,2.38,2021,5,24257,298,6,1.0,1.0,1.0,1.0,0.0,0.0,7.0,0.9999999999999998
2021-06-30,Wichita,TX,Passenger,1.0,0.0,1.0,42.0,43.0,2.33,2021,6,24258,298,7,1.0,1.0,1.0,1.0,0.0,0.0,8.0,0.9999999999999999
2021-07-31,Wichita,TX,Passenger,1.0,0.0,1.0,42.0,43.0,2.33,2021,7,24259,298,8,1.0,1.0,1.0,1.0,0.0,0.0,9.0,1.0000000000000002
2021-08-31,Wichita,TX,Passenger,1.0,0.0,1.0,43.0,44.0,2.27,2021,8,24260,298,9,1.0,1.0,1.0,1.0,0.0,0.0,10.0,1.0000000000000002
2021-09-30,Wichita,TX,Passenger,1.0,0.0,1.0,43.0,44.0,2.27,2021,9,24261,298,10,1.0,1.0,1.0,1.0,0.0,0.0,11.0,1.0
2021-10-31,Wichita,TX,Passenger,1.0,0.0,1.0,45.0,46.0,2.17,2021,10,24262,298,11,1.0,1.0,1.0,1.0,0.0,0.0,12.0,1.0000000000000002
2021-11-30,Wichita,TX,Passenger,1.0,0.0,1.0,44.0,45.0,2.22,2021,11,24263,298,12,1.0,1.0,1.0,1.0,0.0,0.0,13.0,1.0000000000000002
2021-12-31,Wichita,TX,Passenger,1.0,0.0,1.0,44.0,45.0,2.22,2021,12,24264,298,13,1.0,1.0,1.0,1.0,0.0,0.0,14.0,1.0000000000000009
2022-01-31,Wichita,TX,Passenger,1.0,0.0,1.0,44.0,45.0,2.22,2022,1,24265,298,14,1.0,1.0,1.0,1.0,0.0,0.0,15.0,1.0000000000000007
2022-02-28,Wichita,TX,Passenger,1.0,0.0,1.0,44.0,45.0,2.22,2022,2,24266,298,15,1.0,1.0,1.0,1.0,0.0,0.0,16.0,1.0000000000000009
2022-03-31,Wichita,TX,Passenger,1.0,0.0,1.0,42.0,43.0,2.33,2022,3,24267,298,16,1.0,1.0,1.0,1.0,0.0,0.0,17.0,1.0
2022-04-30,Wichita,TX,Passenger,1.0,0.0,1.0,42.0,43.0,2.33,2022,4,24268,298,17,1.0,1.0,1.0,1.0,0.0,0.0,18.0,1.0000000000000002
2022-05-31,Wichita,TX,Passenger,1.0,0.0,1.0,41.0,42.0,2.38,2022,5,24269,298,18,1.0,1.0,1.0,1.0,0.0,0.0,19.0,1.000000000000002
2022-06-30,Wichita,TX,Passenger,1.0,0.0,1.0,41.0,42.0,2.38,2022,6,24270,298,19,1.0,1.0,1.0,1.0,0.0,0.0,20.0,0.9999999999999998
2022-07-31,Wichita,TX,Passenger,1.0,0.0,1.0,41.0,42.0,2.38,2022,7,24271,298,20,1.0,1.0,1.0,1.0,0.0,0.0,21.0,1.000000000000001
2022-08-31,Wichita,TX,Passenger,2.0,0.0,2.0,40.0,42.0,4.76,2022,8,24272,298,21,1.0,1.0,1.0,1.0,1.0,1.0,23.0,1.1428571428571426
2022-09-30,Wichita,TX,Passenger,2.0,0.0,2.0,38.0,40.0,5.0,2022,9,24273,298,22,2.0,1.0,1.0,1.3333333333333333,0.0,1.0,25.0,1.371428571428573
2022-10-31,Wichita,TX,Passenger,2.0,0.0,2.0,39.0,41.0,4.88,2022,10,24274,298,23,2.0,2.0,1.0,1.6666666666666667,0.0,1.0,27.0,1.62857142857143
2022-11-30,Wichita,TX,Passenger,2.0,0.0,2.0,39.0,41.0,4.88,2022,11,24275,298,24,2.0,2.0,2.0,2.0,0.0,0.0,29.0,1.8571428571428588
2022-12-31,Wichita,TX,Passenger,2.0,0.0,2.0,40.0,42.0,4.76,2022,12,24276,298,25,2.0,2.0,2.0,2.0,0.0,0.0,31.0,2.0000000000000004
2023-01-31,Wichita,TX,Passenger,2.0,0.0,2.0,37.0,39.0,5.13,2023,1,24277,298,26,2.0,2.0,2.0,2.0,0.0,0.0,33.0,2.0000000000000013
2023-02-28,Wichita,TX,Passenger,2.0,0.0,2.0,37.0,39.0,5.13,2023,2,24278,298,27,2.0,2.0,2.0,2.0,0.0,0.0,35.0,2.000000000000001
2023-03-31,Wichita,TX,Passenger,2.0,0.0,2.0,36.0,38.0,5.26,2023,3,24279,298,28,2.0,2.0,2.0,2.0,0.0,0.0,37.0,2.0000000000000004
2023-04-30,Wichita,TX,Passenger,2.0,0.0,2.0,33.0,35.0,5.71,2023,4,24280,298,29,2.0,2.0,2.0,2.0,0.0,0.0,39.0,1.9999999999999991
2023-05-31,Wichita,TX,Passenger,2.0,0.0,2.0,32.0,34.0,5.88,2023,5,24281,298,30,2.0,2.0,2.0,2.0,0.0,0.0,41.0,2.0000000000000027
2023-06-30,Wichita,TX,Passenger,2.0,0.0,2.0,33.0,35.0,5.71,2023,6,24282,298,31,2.0,2.0,2.0,2.0,0.0,0.0,43.0,2.0000000000000027
2023-07-31,Wichita,TX,Passenger,2.0,0.0,2.0,33.0,35.0,5.71,2023,7,24283,298,32,2.0,2.0,2.0,2.0,0.0,0.0,45.0,2.000000000000001
2023-08-31,Wichita,TX,Passenger,2.0,0.0,2.0,33.0,35.0,5.71,2023,8,24284,298,33,2.0,2.0,2.0,2.0,0.0,0.0,47.0,2.0000000000000027
2023-09-30,Wichita,TX,Passenger,2.0,0.0,2.0,32.0,34.0,5.88,2023,9,24285,298,34,2.0,2.0,2.0,2.0,0.0,0.0,49.0,2.000000000000001
2023-10-31,Wichita,TX,Passenger,2.0,0.0,2.0,32.0,34.0,5.88,2023,10,24286,298,35,2.0,2.0,2.0,2.0,0.0,0.0,51.0,2.0000000000000018
2023-11-30,Wichita,TX,Passenger,2.0,0.0,2.0,31.0,33.0,6.06,2023,11,24287,298,36,2.0,2.0,2.0,2.0,0.0,0.0,53.0,2.0000000000000027
2023-12-31,Wichita,TX,Passenger,2.0,0.0,2.0,30.0,32.0,6.25,2023,12,24288,298,37,2.0,2.0,2.0,2.0,0.0,0.0,55.0,2.000000000000001
2024-01-31,Wichita,TX,Passenger,2.0,0.0,2.0,30.0,32.0,6.25,2024,1,24289,298,38,2.0,2.0,2.0,2.0,0.0,0.0,57.0,2.000000000000001
2024-02-29,Wichita,TX,Passenger,2.0,0.0,2.0,29.0,31.0,6.45,2024,2,24290,298,39,2.0,2.0,2.0,2.0,0.0,0.0,59.0,2.0000000000000018
2020-07-31,Williams,ND,Passenger,0.0,1.0,1.0,11.0,12.0,6.9025,2020,7,24247,299,5,1.0,1.0,1.0,1.0,0.0,0.0,6.0,0.9999999999999998
2020-08-31,Williams,ND,Passenger,0.0,1.0,1.0,11.0,12.0,6.9025,2020,8,24248,299,6,1.0,1.0,1.0,1.0,0.0,0.0,7.0,0.9999999999999998
2020-09-30,Williams,ND,Passenger,0.0,1.0,1.0,11.0,12.0,6.9025,2020,9,24249,299,7,1.0,1.0,1.0,1.0,0.0,0.0,8.0,0.9999999999999999
2020-10-31,Williams,ND,Passenger,0.0,1.0,1.0,11.0,12.0,6.9025,2020,10,24250,299,8,1.0,1.0,1.0,1.0,0.0,0.0,9.0,1.0000000000000002
2020-11-30,Williams,ND,Passenger,0.0,1.0,1.0,10.0,11.0,6.9025,2020,11,24251,299,9,1.0,1.0,1.0,1.0,0.0,0.0,10.0,1.0000000000000002
2020-12-31,Williams,ND,Passenger,0.0,1.0,1.0,10.0,11.0,6.9025,2020,12,24252,299,10,1.0,1.0,1.0,1.0,0.0,0.0,11.0,1.0
2021-01-31,Williams,ND,Passenger,0.0,1.0,1.0,10.0,11.0,6.9025,2021,1,24253,299,11,1.0,1.0,1.0,1.0,0.0,0.0,12.0,1.0000000000000002
2021-02-28,Williams,ND,Passenger,0.0,1.0,1.0,10.0,11.0,6.9025,2021,2,24254,299,12,1.0,1.0,1.0,1.0,0.0,0.0,13.0,1.0000000000000002
2021-03-31,Williams,ND,Passenger,0.0,1.0,1.0,10.0,11.0,6.9025,2021,3,24255,299,13,1.0,1.0,1.0,1.0,0.0,0.0,14.0,1.0000000000000009
2021-04-30,Williams,ND,Passenger,0.0,1.0,1.0,9.0,10.0,6.9025,2021,4,24256,299,14,1.0,1.0,1.0,1.0,0.0,0.0,15.0,1.0000000000000007
2021-05-31,Williams,ND,Passenger,0.0,1.0,1.0,7.0,8.0,6.9025,2021,5,24257,299,15,1.0,1.0,1.0,1.0,0.0,0.0,16.0,1.0000000000000009
2021-06-30,Williams,ND,Passenger,0.0,1.0,1.0,7.0,8.0,6.9025,2021,6,24258,299,16,1.0,1.0,1.0,1.0,0.0,0.0,17.0,1.0
2021-07-31,Williams,ND,Passenger,0.0,1.0,1.0,7.0,8.0,6.9025,2021,7,24259,299,17,1.0,1.0,1.0,1.0,0.0,0.0,18.0,1.0000000000000002
2021-08-31,Williams,ND,Passenger,0.0,1.0,1.0,7.0,8.0,6.9025,2021,8,24260,299,18,1.0,1.0,1.0,1.0,0.0,0.0,19.0,1.000000000000002
2021-09-30,Williams,ND,Passenger,0.0,1.0,1.0,8.0,9.0,6.9025,2021,9,24261,299,19,1.0,1.0,1.0,1.0,0.0,0.0,20.0,0.9999999999999998
2021-10-31,Williams,ND,Passenger,0.0,1.0,1.0,8.0,9.0,6.9025,2021,10,24262,299,20,1.0,1.0,1.0,1.0,0.0,0.0,21.0,1.000000000000001
2021-11-30,Williams,ND,Passenger,0.0,1.0,1.0,8.0,9.0,6.9025,2021,11,24263,299,21,1.0,1.0,1.0,1.0,0.0,0.0,22.0,1.0000000000000013
2021-12-31,Williams,ND,Passenger,0.0,1.0,1.0,8.0,9.0,6.9025,2021,12,24264,299,22,1.0,1.0,1.0,1.0,0.0,0.0,23.0,1.0000000000000013
2022-01-31,Williams,ND,Passenger,0.0,1.0,1.0,8.0,9.0,6.9025,2022,1,24265,299,23,1.0,1.0,1.0,1.0,0.0,0.0,24.0,1.0000000000000004
2022-02-28,Williams,ND,Passenger,0.0,1.0,1.0,8.0,9.0,6.9025,2022,2,24266,299,24,1.0,1.0,1.0,1.0,0.0,0.0,25.0,1.0000000000000013
2022-03-31,Williams,ND,Passenger,0.0,1.0,1.0,8.0,9.0,6.9025,2022,3,24267,299,25,1.0,1.0,1.0,1.0,0.0,0.0,26.0,1.0000000000000013
2022-04-30,Williams,ND,Passenger,0.0,1.0,1.0,8.0,9.0,6.9025,2022,4,24268,299,26,1.0,1.0,1.0,1.0,0.0,0.0,27.0,1.0000000000000013
2022-05-31,Williams,ND,Passenger,0.0,1.0,1.0,7.0,8.0,6.9025,2022,5,24269,299,27,1.0,1.0,1.0,1.0,0.0,0.0,28.0,1.0000000000000013
2022-06-30,Williams,ND,Passenger,0.0,1.0,1.0,7.0,8.0,6.9025,2022,6,24270,299,28,1.0,1.0,1.0,1.0,0.0,0.0,29.0,1.0000000000000024
2022-07-31,Williams,ND,Passenger,0.0,1.0,1.0,6.0,7.0,6.9025,2022,7,24271,299,29,1.0,1.0,1.0,1.0,0.0,0.0,30.0,1.000000000000002
2022-08-31,Williams,ND,Passenger,0.0,1.0,1.0,6.0,7.0,6.9025,2022,8,24272,299,30,1.0,1.0,1.0,1.0,0.0,0.0,31.0,1.0000000000000009
2022-09-30,Williams,ND,Passenger,0.0,1.0,1.0,6.0,7.0,6.9025,2022,9,24273,299,31,1.0,1.0,1.0,1.0,0.0,0.0,32.0,1.000000000000002
2022-10-31,Williams,ND,Passenger,0.0,1.0,1.0,6.0,7.0,6.9025,2022,10,24274,299,32,1.0,1.0,1.0,1.0,0.0,0.0,33.0,1.0000000000000038
2022-11-30,Williams,ND,Passenger,0.0,1.0,1.0,6.0,7.0,6.9025,2022,11,24275,299,33,1.0,1.0,1.0,1.0,0.0,0.0,34.0,1.0000000000000004
2022-02-28,Williamsburg,VA,Passenger,0.0,1.0,1.0,6.0,7.0,6.9025,2022,2,24266,300,5,1.0,1.0,1.0,1.0,0.0,0.0,6.0,0.9999999999999998
2022-03-31,Williamsburg,VA,Passenger,0.0,1.0,1.0,6.0,7.0,6.9025,2022,3,24267,300,6,1.0,1.0,1.0,1.0,0.0,0.0,7.0,0.9999999999999998
2022-04-30,Williamsburg,VA,Passenger,0.0,1.0,1.0,6.0,7.0,6.9025,2022,4,24268,300,7,1.0,1.0,1.0,1.0,0.0,0.0,8.0,0.9999999999999999
2022-05-31,Williamsburg,VA,Passenger,0.0,1.0,1.0,6.0,7.0,6.9025,2022,5,24269,300,8,1.0,1.0,1.0,1.0,0.0,0.0,9.0,1.0000000000000002
2022-06-30,Williamsburg,VA,Passenger,0.0,1.0,1.0,7.0,8.0,6.9025,2022,6,24270,300,9,1.0,1.0,1.0,1.0,0.0,0.0,10.0,1.0000000000000002
2022-07-31,Williamsburg,VA,Passenger,0.0,1.0,1.0,7.0,8.0,6.9025,2022,7,24271,300,10,1.0,1.0,1.0,1.0,0.0,0.0,11.0,1.0
2022-08-31,Williamsburg,VA,Passenger,0.0,1.0,1.0,7.0,8.0,6.9025,2022,8,24272,300,11,1.0,1.0,1.0,1.0,0.0,0.0,12.0,1.0000000000000002
2022-09-30,Williamsburg,VA,Passenger,0.0,1.0,1.0,7.0,8.0,6.9025,2022,9,24273,300,12,1.0,1.0,1.0,1.0,0.0,0.0,13.0,1.0000000000000002
2022-10-31,Williamsburg,VA,Passenger,0.0,1.0,1.0,7.0,8.0,6.9025,2022,10,24274,300,13,1.0,1.0,1.0,1.0,0.0,0.0,14.0,1.0000000000000009
2022-11-30,Williamsburg,VA,Passenger,0.0,1.0,1.0,7.0,8.0,6.9025,2022,11,24275,300,14,1.0,1.0,1.0,1.0,0.0,0.0,15.0,1.0000000000000007
2022-12-31,Williamsburg,VA,Passenger,0.0,1.0,1.0,7.0,8.0,6.9025,2022,12,24276,300,15,1.0,1.0,1.0,1.0,0.0,0.0,16.0,1.0000000000000009
2023-01-31,Williamsburg,VA,Passenger,0.0,1.0,1.0,7.0,8.0,6.9025,2023,1,24277,300,16,1.0,1.0,1.0,1.0,0.0,0.0,17.0,1.0
2023-02-28,Williamsburg,VA,Passenger,0.0,1.0,1.0,7.0,8.0,6.9025,2023,2,24278,300,17,1.0,1.0,1.0,1.0,0.0,0.0,18.0,1.0000000000000002
2023-03-31,Williamsburg,VA,Passenger,0.0,1.0,1.0,7.0,8.0,6.9025,2023,3,24279,300,18,1.0,1.0,1.0,1.0,0.0,0.0,19.0,1.000000000000002
2023-04-30,Williamsburg,VA,Passenger,0.0,1.0,1.0,7.0,8.0,6.9025,2023,4,24280,300,19,1.0,1.0,1.0,1.0,0.0,0.0,20.0,0.9999999999999998
2023-05-31,Williamsburg,VA,Passenger,0.0,1.0,1.0,5.0,6.0,6.9025,2023,5,24281,300,20,1.0,1.0,1.0,1.0,0.0,0.0,21.0,1.000000000000001
2023-06-30,Williamsburg,VA,Passenger,0.0,1.0,1.0,5.0,6.0,6.9025,2023,6,24282,300,21,1.0,1.0,1.0,1.0,0.0,0.0,22.0,1.0000000000000013
2023-07-31,Williamsburg,VA,Passenger,0.0,1.0,1.0,5.0,6.0,6.9025,2023,7,24283,300,22,1.0,1.0,1.0,1.0,0.0,0.0,23.0,1.0000000000000013
2023-08-31,Williamsburg,VA,Passenger,0.0,1.0,1.0,5.0,6.0,6.9025,2023,8,24284,300,23,1.0,1.0,1.0,1.0,0.0,0.0,24.0,1.0000000000000004
2023-09-30,Williamsburg,VA,Passenger,0.0,1.0,1.0,4.0,5.0,6.9025,2023,9,24285,300,24,1.0,1.0,1.0,1.0,0.0,0.0,25.0,1.0000000000000013
2023-10-31,Williamsburg,VA,Passenger,0.0,1.0,1.0,4.0,5.0,6.9025,2023,10,24286,300,25,1.0,1.0,1.0,1.0,0.0,0.0,26.0,1.0000000000000013
2023-11-30,Williamsburg,VA,Passenger,0.0,1.0,1.0,4.0,5.0,6.9025,2023,11,24287,300,26,1.0,1.0,1.0,1.0,0.0,0.0,27.0,1.0000000000000013
2023-12-31,Williamsburg,VA,Passenger,0.0,1.0,1.0,4.0,5.0,6.9025,2023,12,24288,300,27,1.0,1.0,1.0,1.0,0.0,0.0,28.0,1.0000000000000013
2024-01-31,Williamsburg,VA,Passenger,0.0,1.0,1.0,4.0,5.0,6.9025,2024,1,24289,300,28,1.0,1.0,1.0,1.0,0.0,0.0,29.0,1.0000000000000024
2024-02-29,Williamsburg,VA,Passenger,0.0,1.0,1.0,3.0,4.0,6.9025,2024,2,24290,300,29,1.0,1.0,1.0,1.0,0.0,0.0,30.0,1.000000000000002
2018-08-31,Williamson,TX,Passenger,0.0,1.0,1.0,166.0,167.0,0.6,2018,8,24224,301,5,1.0,1.0,1.0,1.0,0.0,0.0,6.0,0.9999999999999998
2018-09-30,Williamson,TX,Passenger,0.0,1.0,1.0,165.0,166.0,0.6,2018,9,24225,301,6,1.0,1.0,1.0,1.0,0.0,0.0,7.0,0.9999999999999998
2018-10-31,Williamson,TX,Passenger,0.0,1.0,1.0,164.0,165.0,0.61,2018,10,24226,301,7,1.0,1.0,1.0,1.0,0.0,0.0,8.0,0.9999999999999999
2018-11-30,Williamson,TX,Passenger,0.0,1.0,1.0,154.0,155.0,0.65,2018,11,24227,301,8,1.0,1.0,1.0,1.0,0.0,0.0,9.0,1.0000000000000002
2018-12-31,Williamson,TX,Passenger,0.0,1.0,1.0,153.0,154.0,0.65,2018,12,24228,301,9,1.0,1.0,1.0,1.0,0.0,0.0,10.0,1.0000000000000002
2019-01-31,Williamson,TX,Passenger,0.0,1.0,1.0,154.0,155.0,0.65,2019,1,24229,301,10,1.0,1.0,1.0,1.0,0.0,0.0,11.0,1.0
2019-02-28,Williamson,TX,Passenger,0.0,1.0,1.0,155.0,156.0,0.64,2019,2,24230,301,11,1.0,1.0,1.0,1.0,0.0,0.0,12.0,1.0000000000000002
2019-03-31,Williamson,TX,Passenger,0.0,1.0,1.0,151.0,152.0,0.66,2019,3,24231,301,12,1.0,1.0,1.0,1.0,0.0,0.0,13.0,1.0000000000000002
2019-04-30,Williamson,TX,Passenger,0.0,1.0,1.0,148.0,149.0,0.67,2019,4,24232,301,13,1.0,1.0,1.0,1.0,0.0,0.0,14.0,1.0000000000000009
2019-05-31,Williamson,TX,Passenger,0.0,1.0,1.0,146.0,147.0,0.68,2019,5,24233,301,14,1.0,1.0,1.0,1.0,0.0,0.0,15.0,1.0000000000000007
2019-06-30,Williamson,TX,Passenger,0.0,1.0,1.0,148.0,149.0,0.67,2019,6,24234,301,15,1.0,1.0,1.0,1.0,0.0,0.0,16.0,1.0000000000000009
2019-07-31,Williamson,TX,Passenger,0.0,2.0,2.0,150.0,152.0,1.32,2019,7,24235,301,16,1.0,1.0,1.0,1.0,1.0,1.0,18.0,1.1428571428571426
2019-08-31,Williamson,TX,Passenger,0.0,2.0,2.0,151.0,153.0,1.31,2019,8,24236,301,17,2.0,1.0,1.0,1.3333333333333333,0.0,1.0,20.0,1.3714285714285714
2019-09-30,Williamson,TX,Passenger,0.0,2.0,2.0,150.0,152.0,1.32,2019,9,24237,301,18,2.0,2.0,1.0,1.6666666666666667,0.0,1.0,22.0,1.6285714285714288
2019-10-31,Williamson,TX,Passenger,0.0,2.0,2.0,148.0,150.0,1.33,2019,10,24238,301,19,2.0,2.0,2.0,2.0,0.0,0.0,24.0,1.8571428571428574
2019-11-30,Williamson,TX,Passenger,0.0,2.0,2.0,150.0,152.0,1.32,2019,11,24239,301,20,2.0,2.0,2.0,2.0,0.0,0.0,26.0,2.0000000000000004
2019-12-31,Williamson,TX,Passenger,0.0,2.0,2.0,148.0,150.0,1.33,2019,12,24240,301,21,2.0,2.0,2.0,2.0,0.0,0.0,28.0,2.0000000000000018
2020-01-31,Williamson,TX,Passenger,0.0,2.0,2.0,149.0,151.0,1.32,2020,1,24241,301,22,2.0,2.0,2.0,2.0,0.0,0.0,30.0,2.0000000000000013
2020-02-29,Williamson,TX,Passenger,0.0,2.0,2.0,145.0,147.0,1.36,2020,2,24242,301,23,2.0,2.0,2.0,2.0,0.0,0.0,32.0,2.0000000000000018
2020-03-31,Williamson,TX,Passenger,0.0,2.0,2.0,145.0,147.0,1.36,2020,3,24243,301,24,2.0,2.0,2.0,2.0,0.0,0.0,34.0,2.0
2020-04-30,Williamson,TX,Passenger,0.0,2.0,2.0,142.0,144.0,1.39,2020,4,24244,301,25,2.0,2.0,2.0,2.0,0.0,0.0,36.0,2.0000000000000004
2020-05-31,Williamson,TX,Passenger,0.0,2.0,2.0,140.0,142.0,1.41,2020,5,24245,301,26,2.0,2.0,2.0,2.0,0.0,0.0,38.0,2.000000000000004
2020-06-30,Williamson,TX,Passenger,0.0,2.0,2.0,141.0,143.0,1.4,2020,6,24246,301,27,2.0,2.0,2.0,2.0,0.0,0.0,40.0,1.9999999999999996
2020-07-31,Williamson,TX,Passenger,0.0,2.0,2.0,140.0,142.0,1.41,2020,7,24247,301,28,2.0,2.0,2.0,2.0,0.0,0.0,42.0,2.000000000000002
2020-08-31,Williamson,TX,Passenger,0.0,2.0,2.0,134.0,136.0,1.47,2020,8,24248,301,29,2.0,2.0,2.0,2.0,0.0,0.0,44.0,2.0000000000000027
2020-09-30,Williamson,TX,Passenger,0.0,2.0,2.0,135.0,137.0,1.46,2020,9,24249,301,30,2.0,2.0,2.0,2.0,0.0,0.0,46.0,2.0000000000000027
2020-10-31,Williamson,TX,Passenger,0.0,2.0,2.0,134.0,136.0,1.47,2020,10,24250,301,31,2.0,2.0,2.0,2.0,0.0,0.0,48.0,2.000000000000001
2020-11-30,Williamson,TX,Passenger,0.0,2.0,2.0,129.0,131.0,1.53,2020,11,24251,301,32,2.0,2.0,2.0,2.0,0.0,0.0,50.0,2.0000000000000027
2020-12-31,Williamson,TX,Passenger,0.0,2.0,2.0,129.0,131.0,1.53,2020,12,24252,301,33,2.0,2.0,2.0,2.0,0.0,0.0,52.0,2.0000000000000027
2021-01-31,Williamson,TX,Passenger,0.0,2.0,2.0,128.0,130.0,1.54,2021,1,24253,301,34,2.0,2.0,2.0,2.0,0.0,0.0,54.0,2.0000000000000027
2021-02-28,Williamson,TX,Passenger,0.0,2.0,2.0,123.0,125.0,1.6,2021,2,24254,301,35,2.0,2.0,2.0,2.0,0.0,0.0,56.0,2.0000000000000027
2021-03-31,Williamson,TX,Passenger,0.0,2.0,2.0,121.0,123.0,1.63,2021,3,24255,301,36,2.0,2.0,2.0,2.0,0.0,0.0,58.0,2.000000000000005
2021-04-30,Williamson,TX,Passenger,0.0,2.0,2.0,119.0,121.0,1.65,2021,4,24256,301,37,2.0,2.0,2.0,2.0,0.0,0.0,60.0,2.000000000000004
2021-05-31,Williamson,TX,Passenger,0.0,2.0,2.0,114.0,116.0,1.72,2021,5,24257,301,38,2.0,2.0,2.0,2.0,0.0,0.0,62.0,2.0000000000000018
2021-06-30,Williamson,TX,Passenger,0.0,2.0,2.0,113.0,115.0,1.74,2021,6,24258,301,39,2.0,2.0,2.0,2.0,0.0,0.0,64.0,2.000000000000004
2021-07-31,Williamson,TX,Passenger,0.0,2.0,2.0,110.0,112.0,1.79,2021,7,24259,301,40,2.0,2.0,2.0,2.0,0.0,0.0,66.0,2.0000000000000075
2021-08-31,Williamson,TX,Passenger,0.0,2.0,2.0,107.0,109.0,1.83,2021,8,24260,301,41,2.0,2.0,2.0,2.0,0.0,0.0,68.0,2.000000000000001
2021-09-30,Williamson,TX,Passenger,1.0,2.0,3.0,107.0,110.0,2.73,2021,9,24261,301,42,2.0,2.0,2.0,2.0,0.5,0.5,71.0,2.14285714285715
2021-10-31,Williamson,TX,Passenger,1.0,2.0,3.0,104.0,107.0,2.8,2021,10,24262,301,43,3.0,2.0,2.0,2.3333333333333335,0.0,0.5,74.0,2.3714285714285737
2021-11-30,Williamson,TX,Passenger,1.0,2.0,3.0,100.0,103.0,2.91,2021,11,24263,301,44,3.0,3.0,2.0,2.6666666666666665,0.0,0.5,77.0,2.628571428571431
2021-12-31,Williamson,TX,Passenger,1.0,2.0,3.0,97.0,100.0,3.0,2021,12,24264,301,45,3.0,3.0,3.0,3.0,0.0,0.0,80.0,2.8571428571428625
2022-01-31,Williamson,TX,Passenger,1.0,2.0,3.0,95.0,98.0,3.06,2022,1,24265,301,46,3.0,3.0,3.0,3.0,0.0,0.0,83.0,3.000000000000005
2022-02-28,Williamson,TX,Passenger,1.0,2.0,3.0,94.0,97.0,3.09,2022,2,24266,301,47,3.0,3.0,3.0,3.0,0.0,0.0,86.0,3.0000000000000027
2022-03-31,Williamson,TX,Passenger,1.0,2.0,3.0,91.0,94.0,3.19,2022,3,24267,301,48,3.0,3.0,3.0,3.0,0.0,0.0,89.0,3.000000000000005
2022-04-30,Williamson,TX,Passenger,1.0,2.0,3.0,88.0,91.0,3.3,2022,4,24268,301,49,3.0,3.0,3.0,3.0,0.0,0.0,92.0,2.999999999999999
2022-05-31,Williamson,TX,Passenger,1.0,2.0,3.0,88.0,91.0,3.3,2022,5,24269,301,50,3.0,3.0,3.0,3.0,0.0,0.0,95.0,3.0000000000000067
2022-06-30,Williamson,TX,Passenger,1.0,2.0,3.0,86.0,89.0,3.37,2022,6,24270,301,51,3.0,3.0,3.0,3.0,0.0,0.0,98.0,3.000000000000005
2022-07-31,Williamson,TX,Passenger,1.0,2.0,3.0,84.0,87.0,3.45,2022,7,24271,301,52,3.0,3.0,3.0,3.0,0.0,0.0,101.0,3.0000000000000067
2022-08-31,Williamson,TX,Passenger,0.0,2.0,2.0,82.0,84.0,2.38,2022,8,24272,301,53,3.0,3.0,3.0,3.0,-0.33333333333333337,-0.33333333333333337,103.0,2.8571428571428568
2022-09-30,Williamson,TX,Passenger,0.0,2.0,2.0,76.0,78.0,2.56,2022,9,24273,301,54,2.0,3.0,3.0,2.6666666666666665,0.0,-0.33333333333333337,105.0,2.6285714285714348
2022-10-31,Williamson,TX,Passenger,0.0,2.0,2.0,71.0,73.0,2.74,2022,10,24274,301,55,2.0,2.0,3.0,2.3333333333333335,0.0,-0.33333333333333337,107.0,2.3714285714285794
2022-11-30,Williamson,TX,Passenger,0.0,2.0,2.0,68.0,70.0,2.86,2022,11,24275,301,56,2.0,2.0,2.0,2.0,0.0,0.0,109.0,2.142857142857146
2022-12-31,Williamson,TX,Passenger,0.0,2.0,2.0,65.0,67.0,2.99,2022,12,24276,301,57,2.0,2.0,2.0,2.0,0.0,0.0,111.0,2.0000000000000173
2023-01-31,Williamson,TX,Passenger,0.0,2.0,2.0,61.0,63.0,3.17,2023,1,24277,301,58,2.0,2.0,2.0,2.0,0.0,0.0,113.0,2.000000000000004
2023-02-28,Williamson,TX,Passenger,0.0,2.0,2.0,60.0,62.0,3.23,2023,2,24278,301,59,2.0,2.0,2.0,2.0,0.0,0.0,115.0,2.0000000000000098
2023-03-31,Williamson,TX,Passenger,0.0,1.0,1.0,59.0,60.0,1.67,2023,3,24279,301,60,2.0,2.0,2.0,2.0,-0.5,-0.5,116.0,1.8571428571428636
2023-04-30,Williamson,TX,Passenger,0.0,1.0,1.0,56.0,57.0,1.75,2023,4,24280,301,61,1.0,2.0,2.0,1.6666666666666667,0.0,-0.5,117.0,1.6285714285714414
2023-05-31,Williamson,TX,Passenger,0.0,1.0,1.0,53.0,54.0,1.85,2023,5,24281,301,62,1.0,1.0,2.0,1.3333333333333333,0.0,-0.5,118.0,1.37142857142859
2023-06-30,Williamson,TX,Passenger,0.0,1.0,1.0,51.0,52.0,1.92,2023,6,24282,301,63,1.0,1.0,1.0,1.0,0.0,0.0,119.0,1.1428571428571566
2023-07-31,Williamson,TX,Passenger,0.0,1.0,1.0,47.0,48.0,2.08,2023,7,24283,301,64,1.0,1.0,1.0,1.0,0.0,0.0,120.0,1.0000000000000162
2023-08-31,Williamson,TX,Passenger,0.0,1.0,1.0,46.0,47.0,2.13,2023,8,24284,301,65,1.0,1.0,1.0,1.0,0.0,0.0,121.0,1.0000000000000049
2023-09-30,Williamson,TX,Passenger,0.0,1.0,1.0,41.0,42.0,2.38,2023,9,24285,301,66,1.0,1.0,1.0,1.0,0.0,0.0,122.0,1.0000000000000049
2023-10-31,Williamson,TX,Passenger,0.0,1.0,1.0,41.0,42.0,2.38,2023,10,24286,301,67,1.0,1.0,1.0,1.0,0.0,0.0,123.0,1.0000000000000009
2023-11-30,Williamson,TX,Passenger,0.0,1.0,1.0,40.0,41.0,2.44,2023,11,24287,301,68,1.0,1.0,1.0,1.0,0.0,0.0,124.0,1.0000000000000124
2023-12-31,Williamson,TX,Passenger,0.0,1.0,1.0,38.0,39.0,2.56,2023,12,24288,301,69,1.0,1.0,1.0,1.0,0.0,0.0,125.0,1.0000000000000124
2024-01-31,Williamson,TX,Passenger,0.0,1.0,1.0,37.0,38.0,2.63,2024,1,24289,301,70,1.0,1.0,1.0,1.0,0.0,0.0,126.0,1.0000000000000162
2024-02-29,Williamson,TX,Passenger,0.0,1.0,1.0,35.0,36.0,2.78,2024,2,24290,301,71,1.0,1.0,1.0,1.0,0.0,0.0,127.0,1.0000000000000049
2019-10-31,Wilson,TX,Passenger,0.0,1.0,1.0,8.0,9.0,6.9025,2019,10,24238,302,5,1.0,1.0,1.0,1.0,0.0,0.0,6.0,0.9999999999999998
2019-11-30,Wilson,TX,Passenger,0.0,1.0,1.0,9.0,10.0,6.9025,2019,11,24239,302,6,1.0,1.0,1.0,1.0,0.0,0.0,7.0,0.9999999999999998
2019-12-31,Wilson,TX,Passenger,0.0,1.0,1.0,9.0,10.0,6.9025,2019,12,24240,302,7,1.0,1.0,1.0,1.0,0.0,0.0,8.0,0.9999999999999999
2020-01-31,Wilson,TX,Passenger,0.0,1.0,1.0,8.0,9.0,6.9025,2020,1,24241,302,8,1.0,1.0,1.0,1.0,0.0,0.0,9.0,1.0000000000000002
2020-02-29,Wilson,TX,Passenger,0.0,1.0,1.0,8.0,9.0,6.9025,2020,2,24242,302,9,1.0,1.0,1.0,1.0,0.0,0.0,10.0,1.0000000000000002
2020-03-31,Wilson,TX,Passenger,0.0,1.0,1.0,8.0,9.0,6.9025,2020,3,24243,302,10,1.0,1.0,1.0,1.0,0.0,0.0,11.0,1.0
2020-04-30,Wilson,TX,Passenger,0.0,1.0,1.0,8.0,9.0,6.9025,2020,4,24244,302,11,1.0,1.0,1.0,1.0,0.0,0.0,12.0,1.0000000000000002
2020-05-31,Wilson,TX,Passenger,0.0,1.0,1.0,7.0,8.0,6.9025,2020,5,24245,302,12,1.0,1.0,1.0,1.0,0.0,0.0,13.0,1.0000000000000002
2020-06-30,Wilson,TX,Passenger,0.0,1.0,1.0,6.0,7.0,6.9025,2020,6,24246,302,13,1.0,1.0,1.0,1.0,0.0,0.0,14.0,1.0000000000000009
2020-07-31,Wilson,TX,Passenger,0.0,1.0,1.0,6.0,7.0,6.9025,2020,7,24247,302,14,1.0,1.0,1.0,1.0,0.0,0.0,15.0,1.0000000000000007
2020-08-31,Wilson,TX,Passenger,0.0,1.0,1.0,6.0,7.0,6.9025,2020,8,24248,302,15,1.0,1.0,1.0,1.0,0.0,0.0,16.0,1.0000000000000009
2020-09-30,Wilson,TX,Passenger,0.0,1.0,1.0,6.0,7.0,6.9025,2020,9,24249,302,16,1.0,1.0,1.0,1.0,0.0,0.0,17.0,1.0
2020-10-31,Wilson,TX,Passenger,0.0,1.0,1.0,6.0,7.0,6.9025,2020,10,24250,302,17,1.0,1.0,1.0,1.0,0.0,0.0,18.0,1.0000000000000002
2020-11-30,Wilson,TX,Passenger,0.0,1.0,1.0,6.0,7.0,6.9025,2020,11,24251,302,18,1.0,1.0,1.0,1.0,0.0,0.0,19.0,1.000000000000002
2020-12-31,Wilson,TX,Passenger,0.0,1.0,1.0,6.0,7.0,6.9025,2020,12,24252,302,19,1.0,1.0,1.0,1.0,0.0,0.0,20.0,0.9999999999999998
2021-01-31,Wilson,TX,Passenger,0.0,1.0,1.0,6.0,7.0,6.9025,2021,1,24253,302,20,1.0,1.0,1.0,1.0,0.0,0.0,21.0,1.000000000000001
2021-02-28,Wilson,TX,Passenger,0.0,1.0,1.0,6.0,7.0,6.9025,2021,2,24254,302,21,1.0,1.0,1.0,1.0,0.0,0.0,22.0,1.0000000000000013
2021-03-31,Wilson,TX,Passenger,0.0,1.0,1.0,5.0,6.0,6.9025,2021,3,24255,302,22,1.0,1.0,1.0,1.0,0.0,0.0,23.0,1.0000000000000013
2021-04-30,Wilson,TX,Passenger,0.0,1.0,1.0,4.0,5.0,6.9025,2021,4,24256,302,23,1.0,1.0,1.0,1.0,0.0,0.0,24.0,1.0000000000000004
2021-05-31,Wilson,TX,Passenger,0.0,1.0,1.0,4.0,5.0,6.9025,2021,5,24257,302,24,1.0,1.0,1.0,1.0,0.0,0.0,25.0,1.0000000000000013
2021-05-31,Wilson,NC,Passenger,1.0,0.0,1.0,0.0,1.0,6.9025,2021,5,24257,302,25,1.0,1.0,1.0,1.0,0.0,0.0,26.0,1.0000000000000013
2021-06-30,Wilson,TX,Passenger,0.0,1.0,1.0,4.0,5.0,6.9025,2021,6,24258,302,26,1.0,1.0,1.0,1.0,0.0,0.0,27.0,1.0000000000000013
2021-06-30,Wilson,NC,Passenger,1.0,0.0,1.0,0.0,1.0,6.9025,2021,6,24258,302,27,1.0,1.0,1.0,1.0,0.0,0.0,28.0,1.0000000000000013
2021-07-31,Wilson,NC,Passenger,1.0,0.0,1.0,0.0,1.0,6.9025,2021,7,24259,302,28,1.0,1.0,1.0,1.0,0.0,0.0,29.0,1.0000000000000024
2021-07-31,Wilson,TX,Passenger,0.0,1.0,1.0,4.0,5.0,6.9025,2021,7,24259,302,29,1.0,1.0,1.0,1.0,0.0,0.0,30.0,1.000000000000002
2021-08-31,Wilson,NC,Passenger,1.0,0.0,1.0,0.0,1.0,6.9025,2021,8,24260,302,30,1.0,1.0,1.0,1.0,0.0,0.0,31.0,1.0000000000000009
2021-08-31,Wilson,TX,Passenger,0.0,1.0,1.0,4.0,5.0,6.9025,2021,8,24260,302,31,1.0,1.0,1.0,1.0,0.0,0.0,32.0,1.000000000000002
2021-09-30,Wilson,TX,Passenger,0.0,1.0,1.0,3.0,4.0,6.9025,2021,9,24261,302,32,1.0,1.0,1.0,1.0,0.0,0.0,33.0,1.0000000000000038
2021-09-30,Wilson,NC,Passenger,1.0,0.0,1.0,0.0,1.0,6.9025,2021,9,24261,302,33,1.0,1.0,1.0,1.0,0.0,0.0,34.0,1.0000000000000004
2021-10-31,Wilson,NC,Passenger,1.0,0.0,1.0,0.0,1.0,6.9025,2021,10,24262,302,34,1.0,1.0,1.0,1.0,0.0,0.0,35.0,1.000000000000002
2021-10-31,Wilson,TX,Passenger,0.0,1.0,1.0,3.0,4.0,6.9025,2021,10,24262,302,35,1.0,1.0,1.0,1.0,0.0,0.0,36.0,1.0000000000000029
2021-11-30,Wilson,NC,Passenger,1.0,0.0,1.0,0.0,1.0,6.9025,2021,11,24263,302,36,1.0,1.0,1.0,1.0,0.0,0.0,37.0,1.0000000000000038
2021-11-30,Wilson,TX,Passenger,0.0,1.0,1.0,3.0,4.0,6.9025,2021,11,24263,302,37,1.0,1.0,1.0,1.0,0.0,0.0,38.0,1.0
2021-12-31,Wilson,NC,Passenger,1.0,0.0,1.0,0.0,1.0,6.9025,2021,12,24264,302,38,1.0,1.0,1.0,1.0,0.0,0.0,39.0,1.0000000000000009
2021-12-31,Wilson,TX,Passenger,0.0,1.0,1.0,3.0,4.0,6.9025,2021,12,24264,302,39,1.0,1.0,1.0,1.0,0.0,0.0,40.0,1.0000000000000009
2022-01-31,Wilson,NC,Passenger,1.0,0.0,1.0,0.0,1.0,6.9025,2022,1,24265,302,40,1.0,1.0,1.0,1.0,0.0,0.0,41.0,1.0000000000000038
2022-01-31,Wilson,TX,Passenger,0.0,1.0,1.0,3.0,4.0,6.9025,2022,1,24265,302,41,1.0,1.0,1.0,1.0,0.0,0.0,42.0,1.0000000000000009
2022-02-28,Wilson,NC,Passenger,1.0,0.0,1.0,0.0,1.0,6.9025,2022,2,24266,302,42,1.0,1.0,1.0,1.0,0.0,0.0,43.0,1.0000000000000029
2022-02-28,Wilson,TX,Passenger,0.0,1.0,1.0,3.0,4.0,6.9025,2022,2,24266,302,43,1.0,1.0,1.0,1.0,0.0,0.0,44.0,1.0000000000000029
2022-03-31,Wilson,NC,Passenger,1.0,0.0,1.0,0.0,1.0,6.9025,2022,3,24267,302,44,1.0,1.0,1.0,1.0,0.0,0.0,45.0,1.0000000000000009
2022-03-31,Wilson,TX,Passenger,0.0,1.0,1.0,3.0,4.0,6.9025,2022,3,24267,302,45,1.0,1.0,1.0,1.0,0.0,0.0,46.0,1.0000000000000009
2022-04-30,Wilson,TX,Passenger,0.0,1.0,1.0,3.0,4.0,6.9025,2022,4,24268,302,46,1.0,1.0,1.0,1.0,0.0,0.0,47.0,1.0000000000000029
2022-04-30,Wilson,NC,Passenger,1.0,0.0,1.0,0.0,1.0,6.9025,2022,4,24268,302,47,1.0,1.0,1.0,1.0,0.0,0.0,48.0,1.0000000000000009
2022-05-31,Wilson,TX,Passenger,0.0,1.0,1.0,3.0,4.0,6.9025,2022,5,24269,302,48,1.0,1.0,1.0,1.0,0.0,0.0,49.0,1.000000000000002
2022-06-30,Wilson,TX,Passenger,0.0,1.0,1.0,3.0,4.0,6.9025,2022,6,24270,302,49,1.0,1.0,1.0,1.0,0.0,0.0,50.0,1.000000000000002
2022-07-31,Wilson,TX,Passenger,0.0,1.0,1.0,3.0,4.0,6.9025,2022,7,24271,302,50,1.0,1.0,1.0,1.0,0.0,0.0,51.0,1.000000000000002
2022-08-31,Wilson,TX,Passenger,0.0,1.0,1.0,3.0,4.0,6.9025,2022,8,24272,302,51,1.0,1.0,1.0,1.0,0.0,0.0,52.0,1.0000000000000009
2022-09-30,Wilson,TX,Passenger,0.0,1.0,1.0,3.0,4.0,6.9025,2022,9,24273,302,52,1.0,1.0,1.0,1.0,0.0,0.0,53.0,1.0000000000000029
2022-10-31,Wilson,TX,Passenger,0.0,1.0,1.0,3.0,4.0,6.9025,2022,10,24274,302,53,1.0,1.0,1.0,1.0,0.0,0.0,54.0,1.0000000000000049
2022-11-30,Wilson,TX,Passenger,0.0,1.0,1.0,3.0,4.0,6.9025,2022,11,24275,302,54,1.0,1.0,1.0,1.0,0.0,0.0,55.0,1.0000000000000038
2022-12-31,Wilson,TX,Passenger,0.0,1.0,1.0,3.0,4.0,6.9025,2022,12,24276,302,55,1.0,1.0,1.0,1.0,0.0,0.0,56.0,1.0
2023-01-31,Wilson,TX,Passenger,0.0,1.0,1.0,3.0,4.0,6.9025,2023,1,24277,302,56,1.0,1.0,1.0,1.0,0.0,0.0,57.0,1.000000000000002
2023-02-28,Wilson,TX,Passenger,0.0,1.0,1.0,3.0,4.0,6.9025,2023,2,24278,302,57,1.0,1.0,1.0,1.0,0.0,0.0,58.0,1.0000000000000038
2023-03-31,Wilson,TX,Passenger,0.0,1.0,1.0,3.0,4.0,6.9025,2023,3,24279,302,58,1.0,1.0,1.0,1.0,0.0,0.0,59.0,1.0000000000000038
2023-04-30,Wilson,TX,Passenger,0.0,1.0,1.0,3.0,4.0,6.9025,2023,4,24280,302,59,1.0,1.0,1.0,1.0,0.0,0.0,60.0,1.0000000000000038
2023-06-30,Wilson,TX,Passenger,0.0,1.0,1.0,3.0,4.0,6.9025,2023,6,24282,302,60,1.0,1.0,1.0,1.0,0.0,0.0,61.0,1.0000000000000049
2023-07-31,Wilson,TX,Passenger,0.0,1.0,1.0,3.0,4.0,6.9025,2023,7,24283,302,61,1.0,1.0,1.0,1.0,0.0,0.0,62.0,1.0000000000000067
2023-08-31,Wilson,TX,Passenger,0.0,1.0,1.0,3.0,4.0,6.9025,2023,8,24284,302,62,1.0,1.0,1.0,1.0,0.0,0.0,63.0,1.0000000000000009
2023-09-30,Wilson,TX,Passenger,0.0,1.0,1.0,3.0,4.0,6.9025,2023,9,24285,302,63,1.0,1.0,1.0,1.0,0.0,0.0,64.0,0.999999999999999
2023-10-31,Wilson,TX,Passenger,0.0,1.0,1.0,3.0,4.0,6.9025,2023,10,24286,302,64,1.0,1.0,1.0,1.0,0.0,0.0,65.0,1.0000000000000049
2023-11-30,Wilson,TX,Passenger,0.0,1.0,1.0,3.0,4.0,6.9025,2023,11,24287,302,65,1.0,1.0,1.0,1.0,0.0,0.0,66.0,1.0000000000000029
2023-12-31,Wilson,TX,Passenger,0.0,1.0,1.0,3.0,4.0,6.9025,2023,12,24288,302,66,1.0,1.0,1.0,1.0,0.0,0.0,67.0,1.0000000000000049
2024-01-31,Wilson,TX,Passenger,0.0,1.0,1.0,3.0,4.0,6.9025,2024,1,24289,302,67,1.0,1.0,1.0,1.0,0.0,0.0,68.0,1.0000000000000087
2024-02-29,Wilson,TX,Passenger,0.0,1.0,1.0,3.0,4.0,6.9025,2024,2,24290,302,68,1.0,1.0,1.0,1.0,0.0,0.0,69.0,1.0000000000000067
2022-04-30,Wood,OH,Passenger,0.0,1.0,1.0,5.0,6.0,6.9025,2022,4,24268,303,5,1.0,1.0,1.0,1.0,0.0,0.0,6.0,0.9999999999999998
2022-05-31,Wood,OH,Passenger,0.0,1.0,1.0,5.0,6.0,6.9025,2022,5,24269,303,6,1.0,1.0,1.0,1.0,0.0,0.0,7.0,0.9999999999999998
2022-06-30,Wood,OH,Passenger,0.0,1.0,1.0,5.0,6.0,6.9025,2022,6,24270,303,7,1.0,1.0,1.0,1.0,0.0,0.0,8.0,0.9999999999999999
2022-07-31,Wood,OH,Passenger,0.0,1.0,1.0,4.0,5.0,6.9025,2022,7,24271,303,8,1.0,1.0,1.0,1.0,0.0,0.0,9.0,1.0000000000000002
2022-08-31,Wood,OH,Passenger,0.0,1.0,1.0,4.0,5.0,6.9025,2022,8,24272,303,9,1.0,1.0,1.0,1.0,0.0,0.0,10.0,1.0000000000000002
2022-09-30,Wood,OH,Passenger,0.0,1.0,1.0,4.0,5.0,6.9025,2022,9,24273,303,10,1.0,1.0,1.0,1.0,0.0,0.0,11.0,1.0
2022-10-31,Wood,OH,Passenger,0.0,1.0,1.0,4.0,5.0,6.9025,2022,10,24274,303,11,1.0,1.0,1.0,1.0,0.0,0.0,12.0,1.0000000000000002
2021-08-31,Yamhill,OR,Passenger,1.0,0.0,1.0,39.0,40.0,2.5,2021,8,24260,306,5,1.0,1.0,1.0,1.0,0.0,0.0,6.0,0.9999999999999998
2021-09-30,Yamhill,OR,Passenger,1.0,0.0,1.0,36.0,37.0,2.7,2021,9,24261,306,6,1.0,1.0,1.0,1.0,0.0,0.0,7.0,0.9999999999999998
2021-10-31,Yamhill,OR,Passenger,1.0,0.0,1.0,38.0,39.0,2.56,2021,10,24262,306,7,1.0,1.0,1.0,1.0,0.0,0.0,8.0,0.9999999999999999
2021-11-30,Yamhill,OR,Passenger,1.0,0.0,1.0,38.0,39.0,2.56,2021,11,24263,306,8,1.0,1.0,1.0,1.0,0.0,0.0,9.0,1.0000000000000002
2021-12-31,Yamhill,OR,Passenger,1.0,0.0,1.0,37.0,38.0,2.63,2021,12,24264,306,9,1.0,1.0,1.0,1.0,0.0,0.0,10.0,1.0000000000000002
2022-01-31,Yamhill,OR,Passenger,1.0,0.0,1.0,36.0,37.0,2.7,2022,1,24265,306,10,1.0,1.0,1.0,1.0,0.0,0.0,11.0,1.0
2022-02-28,Yamhill,OR,Passenger,1.0,0.0,1.0,38.0,39.0,2.56,2022,2,24266,306,11,1.0,1.0,1.0,1.0,0.0,0.0,12.0,1.0000000000000002
2022-01-31,Yavapai,AZ,Passenger,0.0,1.0,1.0,36.0,37.0,2.7,2022,1,24265,307,5,1.0,1.0,1.0,1.0,0.0,0.0,6.0,0.9999999999999998
2022-02-28,Yavapai,AZ,Passenger,0.0,1.0,1.0,34.0,35.0,2.86,2022,2,24266,307,6,1.0,1.0,1.0,1.0,0.0,0.0,7.0,0.9999999999999998
2022-03-31,Yavapai,AZ,Passenger,0.0,1.0,1.0,33.0,34.0,2.94,2022,3,24267,307,7,1.0,1.0,1.0,1.0,0.0,0.0,8.0,0.9999999999999999
2022-04-30,Yavapai,AZ,Passenger,0.0,1.0,1.0,32.0,33.0,3.03,2022,4,24268,307,8,1.0,1.0,1.0,1.0,0.0,0.0,9.0,1.0000000000000002
2022-05-31,Yavapai,AZ,Passenger,0.0,1.0,1.0,30.0,31.0,3.23,2022,5,24269,307,9,1.0,1.0,1.0,1.0,0.0,0.0,10.0,1.0000000000000002
2022-06-30,Yavapai,AZ,Passenger,0.0,1.0,1.0,28.0,29.0,3.45,2022,6,24270,307,10,1.0,1.0,1.0,1.0,0.0,0.0,11.0,1.0
2022-07-31,Yavapai,AZ,Passenger,0.0,1.0,1.0,28.0,29.0,3.45,2022,7,24271,307,11,1.0,1.0,1.0,1.0,0.0,0.0,12.0,1.0000000000000002
2022-08-31,Yavapai,AZ,Passenger,0.0,1.0,1.0,25.0,26.0,3.85,2022,8,24272,307,12,1.0,1.0,1.0,1.0,0.0,0.0,13.0,1.0000000000000002
2022-09-30,Yavapai,AZ,Passenger,0.0,1.0,1.0,23.0,24.0,4.17,2022,9,24273,307,13,1.0,1.0,1.0,1.0,0.0,0.0,14.0,1.0000000000000009
2022-10-31,Yavapai,AZ,Passenger,0.0,1.0,1.0,23.0,24.0,4.17,2022,10,24274,307,14,1.0,1.0,1.0,1.0,0.0,0.0,15.0,1.0000000000000007
2022-11-30,Yavapai,AZ,Passenger,0.0,1.0,1.0,22.0,23.0,4.35,2022,11,24275,307,15,1.0,1.0,1.0,1.0,0.0,0.0,16.0,1.0000000000000009
2022-12-31,Yavapai,AZ,Passenger,0.0,1.0,1.0,22.0,23.0,4.35,2022,12,24276,307,16,1.0,1.0,1.0,1.0,0.0,0.0,17.0,1.0
2023-01-31,Yavapai,AZ,Passenger,0.0,1.0,1.0,22.0,23.0,4.35,2023,1,24277,307,17,1.0,1.0,1.0,1.0,0.0,0.0,18.0,1.0000000000000002
2023-02-28,Yavapai,AZ,Passenger,0.0,1.0,1.0,22.0,23.0,4.35,2023,2,24278,307,18,1.0,1.0,1.0,1.0,0.0,0.0,19.0,1.000000000000002
2023-03-31,Yavapai,AZ,Passenger,0.0,1.0,1.0,22.0,23.0,4.35,2023,3,24279,307,19,1.0,1.0,1.0,1.0,0.0,0.0,20.0,0.9999999999999998
2023-04-30,Yavapai,AZ,Passenger,0.0,1.0,1.0,20.0,21.0,4.76,2023,4,24280,307,20,1.0,1.0,1.0,1.0,0.0,0.0,21.0,1.000000000000001
2023-05-31,Yavapai,AZ,Passenger,0.0,1.0,1.0,19.0,20.0,5.0,2023,5,24281,307,21,1.0,1.0,1.0,1.0,0.0,0.0,22.0,1.0000000000000013
2023-06-30,Yavapai,AZ,Passenger,0.0,1.0,1.0,18.0,19.0,5.26,2023,6,24282,307,22,1.0,1.0,1.0,1.0,0.0,0.0,23.0,1.0000000000000013
2023-07-31,Yavapai,AZ,Passenger,0.0,1.0,1.0,19.0,20.0,5.0,2023,7,24283,307,23,1.0,1.0,1.0,1.0,0.0,0.0,24.0,1.0000000000000004
2023-08-31,Yavapai,AZ,Passenger,0.0,1.0,1.0,18.0,19.0,5.26,2023,8,24284,307,24,1.0,1.0,1.0,1.0,0.0,0.0,25.0,1.0000000000000013
2022-06-30,Yellowstone,MT,Passenger,0.0,1.0,1.0,21.0,22.0,4.55,2022,6,24270,308,5,1.0,1.0,1.0,1.0,0.0,0.0,6.0,0.9999999999999998
2022-07-31,Yellowstone,MT,Passenger,0.0,1.0,1.0,20.0,21.0,4.76,2022,7,24271,308,6,1.0,1.0,1.0,1.0,0.0,0.0,7.0,0.9999999999999998
2022-08-31,Yellowstone,MT,Passenger,0.0,1.0,1.0,19.0,20.0,5.0,2022,8,24272,308,7,1.0,1.0,1.0,1.0,0.0,0.0,8.0,0.9999999999999999
2022-09-30,Yellowstone,MT,Passenger,0.0,1.0,1.0,18.0,19.0,5.26,2022,9,24273,308,8,1.0,1.0,1.0,1.0,0.0,0.0,9.0,1.0000000000000002
2022-10-31,Yellowstone,MT,Passenger,0.0,1.0,1.0,17.0,18.0,5.56,2022,10,24274,308,9,1.0,1.0,1.0,1.0,0.0,0.0,10.0,1.0000000000000002
2022-11-30,Yellowstone,MT,Passenger,0.0,1.0,1.0,16.0,17.0,5.88,2022,11,24275,308,10,1.0,1.0,1.0,1.0,0.0,0.0,11.0,1.0
2022-12-31,Yellowstone,MT,Passenger,0.0,1.0,1.0,16.0,17.0,5.88,2022,12,24276,308,11,1.0,1.0,1.0,1.0,0.0,0.0,12.0,1.0000000000000002
2023-01-31,Yellowstone,MT,Passenger,0.0,1.0,1.0,15.0,16.0,6.25,2023,1,24277,308,12,1.0,1.0,1.0,1.0,0.0,0.0,13.0,1.0000000000000002
2023-02-28,Yellowstone,MT,Passenger,0.0,1.0,1.0,14.0,15.0,6.67,2023,2,24278,308,13,1.0,1.0,1.0,1.0,0.0,0.0,14.0,1.0000000000000009
2023-03-31,Yellowstone,MT,Passenger,0.0,1.0,1.0,14.0,15.0,6.67,2023,3,24279,308,14,1.0,1.0,1.0,1.0,0.0,0.0,15.0,1.0000000000000007
2023-04-30,Yellowstone,MT,Passenger,0.0,1.0,1.0,15.0,16.0,6.25,2023,4,24280,308,15,1.0,1.0,1.0,1.0,0.0,0.0,16.0,1.0000000000000009
2023-05-31,Yellowstone,MT,Passenger,0.0,1.0,1.0,15.0,16.0,6.25,2023,5,24281,308,16,1.0,1.0,1.0,1.0,0.0,0.0,17.0,1.0
2023-06-30,Yellowstone,MT,Passenger,0.0,1.0,1.0,12.0,13.0,6.9025,2023,6,24282,308,17,1.0,1.0,1.0,1.0,0.0,0.0,18.0,1.0000000000000002
2023-07-31,Yellowstone,MT,Passenger,0.0,1.0,1.0,12.0,13.0,6.9025,2023,7,24283,308,18,1.0,1.0,1.0,1.0,0.0,0.0,19.0,1.000000000000002
2023-08-31,Yellowstone,MT,Passenger,0.0,1.0,1.0,11.0,12.0,6.9025,2023,8,24284,308,19,1.0,1.0,1.0,1.0,0.0,0.0,20.0,0.9999999999999998
2023-09-30,Yellowstone,MT,Passenger,0.0,1.0,1.0,10.0,11.0,6.9025,2023,9,24285,308,20,1.0,1.0,1.0,1.0,0.0,0.0,21.0,1.000000000000001
2023-10-31,Yellowstone,MT,Passenger,0.0,1.0,1.0,9.0,10.0,6.9025,2023,10,24286,308,21,1.0,1.0,1.0,1.0,0.0,0.0,22.0,1.0000000000000013
2023-11-30,Yellowstone,MT,Passenger,0.0,1.0,1.0,8.0,9.0,6.9025,2023,11,24287,308,22,1.0,1.0,1.0,1.0,0.0,0.0,23.0,1.0000000000000013
2023-12-31,Yellowstone,MT,Passenger,0.0,1.0,1.0,8.0,9.0,6.9025,2023,12,24288,308,23,1.0,1.0,1.0,1.0,0.0,0.0,24.0,1.0000000000000004
2023-08-31,Yolo,CA,Passenger,1.0,0.0,1.0,22.0,23.0,4.35,2023,8,24284,309,5,1.0,1.0,1.0,1.0,0.0,0.0,6.0,0.9999999999999998
2023-09-30,Yolo,CA,Passenger,1.0,0.0,1.0,18.0,19.0,5.26,2023,9,24285,309,6,1.0,1.0,1.0,1.0,0.0,0.0,7.0,0.9999999999999998
2023-10-31,Yolo,CA,Passenger,1.0,0.0,1.0,18.0,19.0,5.26,2023,10,24286,309,7,1.0,1.0,1.0,1.0,0.0,0.0,8.0,0.9999999999999999
2023-11-30,Yolo,CA,Passenger,1.0,0.0,1.0,18.0,19.0,5.26,2023,11,24287,309,8,1.0,1.0,1.0,1.0,0.0,0.0,9.0,1.0000000000000002
2023-12-31,Yolo,CA,Passenger,1.0,0.0,1.0,17.0,18.0,5.56,2023,12,24288,309,9,1.0,1.0,1.0,1.0,0.0,0.0,10.0,1.0000000000000002
2024-01-31,Yolo,CA,Passenger,1.0,0.0,1.0,17.0,18.0,5.56,2024,1,24289,309,10,1.0,1.0,1.0,1.0,0.0,0.0,11.0,1.0
2024-02-29,Yolo,CA,Passenger,1.0,0.0,1.0,17.0,18.0,5.56,2024,2,24290,309,11,1.0,1.0,1.0,1.0,0.0,0.0,12.0,1.0000000000000002
2022-05-31,York,VA,Passenger,1.0,0.0,1.0,90.0,91.0,1.1,2022,5,24269,310,5,1.0,1.0,1.0,1.0,0.0,0.0,6.0,0.9999999999999998
2022-06-30,York,VA,Passenger,1.0,0.0,1.0,89.0,90.0,1.11,2022,6,24270,310,6,1.0,1.0,1.0,1.0,0.0,0.0,7.0,0.9999999999999998
2022-07-31,York,VA,Passenger,1.0,0.0,1.0,89.0,90.0,1.11,2022,7,24271,310,7,1.0,1.0,1.0,1.0,0.0,0.0,8.0,0.9999999999999999
2022-08-31,York,VA,Passenger,1.0,0.0,1.0,84.0,85.0,1.18,2022,8,24272,310,8,1.0,1.0,1.0,1.0,0.0,0.0,9.0,1.0000000000000002
2022-09-30,York,VA,Passenger,1.0,0.0,1.0,84.0,85.0,1.18,2022,9,24273,310,9,1.0,1.0,1.0,1.0,0.0,0.0,10.0,1.0000000000000002
2022-10-31,York,VA,Passenger,1.0,0.0,1.0,83.0,84.0,1.19,2022,10,24274,310,10,1.0,1.0,1.0,1.0,0.0,0.0,11.0,1.0
2022-11-30,York,VA,Passenger,1.0,0.0,1.0,81.0,82.0,1.22,2022,11,24275,310,11,1.0,1.0,1.0,1.0,0.0,0.0,12.0,1.0000000000000002
2022-12-31,York,VA,Passenger,1.0,0.0,1.0,79.0,80.0,1.25,2022,12,24276,310,12,1.0,1.0,1.0,1.0,0.0,0.0,13.0,1.0000000000000002
2023-01-31,York,VA,Passenger,1.0,0.0,1.0,79.0,80.0,1.25,2023,1,24277,310,13,1.0,1.0,1.0,1.0,0.0,0.0,14.0,1.0000000000000009
2023-02-28,York,VA,Passenger,1.0,0.0,1.0,77.0,78.0,1.28,2023,2,24278,310,14,1.0,1.0,1.0,1.0,0.0,0.0,15.0,1.0000000000000007
2023-03-31,York,VA,Passenger,1.0,0.0,1.0,78.0,79.0,1.27,2023,3,24279,310,15,1.0,1.0,1.0,1.0,0.0,0.0,16.0,1.0000000000000009
2023-04-30,York,VA,Passenger,1.0,0.0,1.0,77.0,78.0,1.28,2023,4,24280,310,16,1.0,1.0,1.0,1.0,0.0,0.0,17.0,1.0
2023-05-31,York,VA,Passenger,1.0,0.0,1.0,76.0,77.0,1.3,2023,5,24281,310,17,1.0,1.0,1.0,1.0,0.0,0.0,18.0,1.0000000000000002
2023-06-30,York,VA,Passenger,1.0,0.0,1.0,75.0,76.0,1.32,2023,6,24282,310,18,1.0,1.0,1.0,1.0,0.0,0.0,19.0,1.000000000000002
2023-07-31,York,VA,Passenger,1.0,0.0,1.0,73.0,74.0,1.35,2023,7,24283,310,19,1.0,1.0,1.0,1.0,0.0,0.0,20.0,0.9999999999999998
2023-08-31,York,VA,Passenger,1.0,0.0,1.0,68.0,69.0,1.45,2023,8,24284,310,20,1.0,1.0,1.0,1.0,0.0,0.0,21.0,1.000000000000001
2023-09-30,York,VA,Passenger,1.0,0.0,1.0,67.0,68.0,1.47,2023,9,24285,310,21,1.0,1.0,1.0,1.0,0.0,0.0,22.0,1.0000000000000013
2023-10-31,York,VA,Passenger,1.0,0.0,1.0,64.0,65.0,1.54,2023,10,24286,310,22,1.0,1.0,1.0,1.0,0.0,0.0,23.0,1.0000000000000013
2023-11-30,York,VA,Passenger,1.0,0.0,1.0,63.0,64.0,1.56,2023,11,24287,310,23,1.0,1.0,1.0,1.0,0.0,0.0,24.0,1.0000000000000004
2023-12-31,York,VA,Passenger,1.0,0.0,1.0,62.0,63.0,1.59,2023,12,24288,310,24,1.0,1.0,1.0,1.0,0.0,0.0,25.0,1.0000000000000013
2024-01-31,York,VA,Passenger,1.0,0.0,1.0,62.0,63.0,1.59,2024,1,24289,310,25,1.0,1.0,1.0,1.0,0.0,0.0,26.0,1.0000000000000013
2024-02-29,York,VA,Passenger,1.0,0.0,1.0,60.0,61.0,1.64,2024,2,24290,310,26,1.0,1.0,1.0,1.0,0.0,0.0,27.0,1.0000000000000013
2023-06-30,Yuba,CA,Passenger,1.0,0.0,1.0,50.0,51.0,1.96,2023,6,24282,311,5,1.0,1.0,1.0,1.0,0.0,0.0,6.0,0.9999999999999998
2023-07-31,Yuba,CA,Passenger,1.0,0.0,1.0,50.0,51.0,1.96,2023,7,24283,311,6,1.0,1.0,1.0,1.0,0.0,0.0,7.0,0.9999999999999998
2023-08-31,Yuba,CA,Passenger,1.0,0.0,1.0,49.0,50.0,2.0,2023,8,24284,311,7,1.0,1.0,1.0,1.0,0.0,0.0,8.0,0.9999999999999999
2023-09-30,Yuba,CA,Passenger,1.0,0.0,1.0,48.0,49.0,2.04,2023,9,24285,311,8,1.0,1.0,1.0,1.0,0.0,0.0,9.0,1.0000000000000002
2023-10-31,Yuba,CA,Passenger,1.0,0.0,1.0,47.0,48.0,2.08,2023,10,24286,311,9,1.0,1.0,1.0,1.0,0.0,0.0,10.0,1.0000000000000002
2023-11-30,Yuba,CA,Passenger,1.0,0.0,1.0,47.0,48.0,2.08,2023,11,24287,311,10,1.0,1.0,1.0,1.0,0.0,0.0,11.0,1.0
2023-12-31,Yuba,CA,Passenger,1.0,0.0,1.0,44.0,45.0,2.22,2023,12,24288,311,11,1.0,1.0,1.0,1.0,0.0,0.0,12.0,1.0000000000000002
2024-01-31,Yuba,CA,Passenger,1.0,0.0,1.0,43.0,44.0,2.27,2024,1,24289,311,12,1.0,1.0,1.0,1.0,0.0,0.0,13.0,1.0000000000000002
2024-02-29,Yuba,CA,Passenger,1.0,0.0,1.0,40.0,41.0,2.44,2024,2,24290,311,13,1.0,1.0,1.0,1.0,0.0,0.0,14.0,1.0000000000000009
